address_id,client_id,address_type,line1,line2,city,country,state,postcode,is_current
1,1,REGISTERED,863 Lawrence Valleys,,Lake Roberto,AU,Hessen,44019,TRUE
2,2,REGISTERED,1316 Chavez Village,,Ponte Di Masino,ES,Castellón,46994,TRUE
3,3,REGISTERED,56413 Lewis Parks,,横浜市瀬谷区,TR,Cagliari,10150,TRUE
4,4,REGISTERED,697 松田 Street,,Jemmamouth,CA,Las Palmas,04828,TRUE
5,5,REGISTERED,Urbanización Selena Bermúdez 8,,East Katy,DE,Ceará,35581,TRUE
6,6,REGISTERED,301 Jeremy Bypass,,Staturano,DE,Niedersachsen,82997376,TRUE
7,7,REGISTERED,"72, chemin Pinto",,Sainte SusanBourg,ZA,Ohio,12725,TRUE
8,8,REGISTERED,"Vila Mariah Cassiano, 44",,Lake Leeton,RU,Padova,21136,TRUE
9,9,REGISTERED,353 加藤 Street,,Sá de Minas,FR,Reggio Calabria,L8 2QD,TRUE
10,10,REGISTERED,49 Glenn Ford,,Córdoba,DE,South Dakota,849-4533,TRUE
11,11,REGISTERED,Säuberlichstr. 162,,Zamora,KY,Castellón,85205,TRUE
12,12,REGISTERED,563 高橋 Street,,横浜市旭区,GB,Cremona,58458,TRUE
13,13,REGISTERED,Elias-Schenk-Straße 95/26,,横浜市泉区,TR,Niedersachsen,93402,TRUE
14,14,REGISTERED,C. de Josefina Marqués 723 Puerta 6 ,,Luckenwalde,CH,Maryland,14774,TRUE
15,15,REGISTERED,"10, avenue Bourdon",,Carrollshire,US,Vermont,506-6547,TRUE
16,16,REGISTERED,Wendestraße 9-8,,Meppen,RU,Niedersachsen,64018,TRUE
17,17,REGISTERED,Ramazan-Täsche-Platz 6166,,زهرانton,NL,Lodi,75957,TRUE
18,18,REGISTERED,Plaza de Roque Navarrete 82 Apt. 98 ,,Vargastown,NL,Nevada,20465,TRUE
19,19,REGISTERED,3 Michael Road,,Cuxhaven,ZA,Delaware,59816,TRUE
20,20,REGISTERED,rue de Henry,,Zamora,FR,Minnesota,56649,TRUE
21,21,REGISTERED,987 吉田 Street,,Livinallongo Del Col Di Lana,GB,León,97169,TRUE
22,22,REGISTERED,313 عنز بن وائل Point,,Imbertdan,US,Colorado,15522,TRUE
23,23,REGISTERED,Glorieta Maximiano Carreras 423,,Silveira Verde,CA,Maranhão,M35 4AX,TRUE
24,24,REGISTERED,Pasaje de Noé Espinosa 5 Piso 1 ,,Hughesshire,GB,Arkansas,94131,TRUE
25,25,REGISTERED,34123 Andrea Estate,,Hayesfort,KY,Iowa,47331,TRUE
26,26,REGISTERED,4 Williams Mountain,,Cuenca,SE,Paraná,90659401,TRUE
27,27,REGISTERED,"Rotonda Campano, 875 Appartamento 7",,Pozzomaggiore,JP,Wyoming,885-8431,TRUE
28,28,REGISTERED,Via de Ambrosio Heras 94 Apt. 86 ,,Port Geoffrey,MM,Tennessee,48467,TRUE
29,29,REGISTERED,499 Grimes Mission Suite 558,,طوطحmouth,SE,Kansas,239-6730,TRUE
30,30,REGISTERED,26217 بني هاجر Road Suite 158,,川崎市多摩区,IT,Virginia,91343161,TRUE
31,31,REGISTERED,Damian-Schmidt-Straße 4792,,Marques Paulista,TR,New Jersey,45407,TRUE
32,32,REGISTERED,C. Leonardo Aguiló 809 Piso 3 ,,Vallerotonda,GB,Niedersachsen,04709,TRUE
33,33,REGISTERED,Pasaje Carlos Chico 96 Piso 1 ,,我孫子市,IR,Amazonas,49651-370,TRUE
34,34,REGISTERED,"86, boulevard Astrid Coste",,Starnberg,CA,Ravenna,961-4583,TRUE
35,35,REGISTERED,900 Smith Crossroad,,Saint Jacqueline-sur-Mer,NL,Vizcaya,42284,TRUE
36,36,REGISTERED,177 قرش Ramp,,Heathton,GB,North Dakota,31018,TRUE
37,37,REGISTERED,92 Malcolm Harbor,,قيسhaven,ES,Padova,101-1874,TRUE
38,38,REGISTERED,6 Christine Valleys,,Rottweil,SE,Mato Grosso,HU60 9NQ,TRUE
39,39,REGISTERED,402 بنو فراس Junction,,Vignale Monferrato,GB,Sachsen,B18 6ST,TRUE
40,40,REGISTERED,"Favela Olivia Camargo, 26",,Melilla,ZA,Alicante,50713,TRUE
41,41,REGISTERED,Reichmannweg 2885,,横浜市港南区,CH,Nevada,60761,TRUE
42,42,REGISTERED,"Strada Gonzaga, 99",,横浜市旭区,US,Michigan,42897,TRUE
43,43,REGISTERED,779 Davies Port,,Roccavaldina,GB,Bari,44905-814,TRUE
44,44,REGISTERED,"378, avenue Henry",,San Martino Spino,GB,Idaho,32973,TRUE
45,45,REGISTERED,"Strada Monicelli, 538",,Castagnola,ES,Georgia,61032,TRUE
46,46,REGISTERED,542 中村 Street,,Dos Santos,DE,Maine,B5U 9RF,TRUE
47,47,REGISTERED,"Feira de das Neves, 63",,Vargas de da Paz,CA,Pernambuco,989-2655,TRUE
48,48,REGISTERED,"Praça Borges, 67",,Brownhaven,RU,Sachsen,DT0 1PF,TRUE
49,49,REGISTERED,43410 محجوب Route Suite 117,,Lake نجم الدّينshire,KY,Georgia,29130,TRUE
50,50,REGISTERED,4051 Allen Shoals Apt. 952,,Amyburgh,SG,Siena,21704303,TRUE
51,51,REGISTERED,527 小林 Street,,Fergusonburgh,ES,Guadalajara,N4 7ZS,TRUE
52,52,REGISTERED,Campo da Costa,,Cava Tigozzi,AU,Alagoas,55719,TRUE
53,53,REGISTERED,"Lago de Sales, 23",,Merseburg,NL,New Hampshire,WD5X 1XX,TRUE
54,54,REGISTERED,67 Hilton View,,West Jemma,KY,Napoli,45657,TRUE
55,55,REGISTERED,Vial de Eufemia Mateo 981,,Eilenburg,IT,Santa Catarina,37017,TRUE
56,56,REGISTERED,7 Jones Ford,,Sambuchi,DE,Massachusetts,73028,TRUE
57,57,REGISTERED,"69, rue Didier",,غطفانport,GB,Colorado,517-7491,TRUE
58,58,REGISTERED,"Piazza Piccio, 99 Piano 1",,三鷹市,DE,Goiás,E65 8QF,TRUE
59,59,REGISTERED,"Distrito Olívia Carvalho, 69",,Schwandorf,CA,Palencia,38019,TRUE
60,60,REGISTERED,"8, boulevard Lombard",,大網白里市,US,Bayern,B75 2SH,TRUE
61,61,REGISTERED,"Vicolo Sorrentino, 943 Piano 4",,Prévostdan,SE,Sergipe,19860,TRUE
62,62,REGISTERED,"548, rue Chauvet",,Girard,JP,Espírito Santo,07202,TRUE
63,63,REGISTERED,026 Alan Villages,,横浜市鶴見区,DE,Nordrhein-Westfalen,01715,TRUE
64,64,REGISTERED,"Canale Guarneri, 50",,Main-Höchst,PA,Ávila,685-1562,TRUE
65,65,REGISTERED,"Contrada Fiamma, 3 Piano 4",,Torgau,CH,Wyoming,46238,TRUE
66,66,REGISTERED,91878 الحلاق Port,,Port Lorrainehaven,BS,Piauí,58713,TRUE
67,67,REGISTERED,106 Graves Plains,,South Anthonychester,US,Sachsen-Anhalt,13043,TRUE
68,68,REGISTERED,8686 John Key Apt. 431,,Mendeztown,KY,Berlin,B7K 3BR,TRUE
69,69,REGISTERED,4408 بنان Springs,,小平市,AU,Minnesota,804-8592,TRUE
70,70,REGISTERED,Caren-Lehmann-Straße 563,,Jourdan,NL,Vicenza,40033,TRUE
71,71,REGISTERED,"Borgo Franco, 7 Piano 3",,عبد القادرfurt,US,Rio Grande do Sul,61010,TRUE
72,72,REGISTERED,2353 هندية Village Apt. 785,,Toledo,TR,New York,52287280,TRUE
73,73,REGISTERED,"Alameda Anthony Gabriel Nascimento, 160",,نوحport,DE,Tocantins,825-2937,TRUE
74,74,REGISTERED,"24, rue de Morin",,大田区,GB,Paraná,83960,TRUE
75,75,REGISTERED,"Campo Rodrigues, 18",,Apolda,FR,Bahia,951-1260,TRUE
76,76,REGISTERED,"Piazza Leblanc, 97 Piano 6",,Borna,FR,Zaragoza,91175,TRUE
77,77,REGISTERED,"Colônia João Borges, 86",,الدواسرtown,IT,Navarra,N6A 6RD,TRUE
78,78,REGISTERED,"Flat 37M
Clare Coves",,Altötting,NL,Salamanca,823-5399,TRUE
79,79,REGISTERED,Via de Cintia Folch 982 Apt. 73 ,,Sales de Minas,CA,New York,34266,TRUE
80,80,REGISTERED,101 伊藤 Street,,Gonçalves dos Dourados,SG,Roraima,20259,TRUE
81,81,REGISTERED,"Viale Licia, 15 Appartamento 20",,Osterode am Harz,IT,Ceará,36050,TRUE
82,82,REGISTERED,341 小川 Street,,Urio,US,Bologna,44955,TRUE
83,83,REGISTERED,Gudrun-Eimer-Ring 53,,West Annette,DE,Minas Gerais,610-2258,TRUE
84,84,REGISTERED,36887 Cohen Mall Suite 721,,West Antonio,PA,Maranhão,97881,TRUE
85,85,REGISTERED,9 Taylor Ridge,,印旛郡本埜村,NL,Hessen,08683,TRUE
86,86,REGISTERED,Gabor-Trub-Ring 5672,,大田区,GB,South Dakota,ML45 7PY,TRUE
87,87,REGISTERED,Camino Reyes Toro 10 Apt. 70 ,,South Caroline,SG,Chieti,24154,TRUE
88,88,REGISTERED,Vila Fernandes,,Garnerfort,KY,Sachsen,TS1B 5NF,TRUE
89,89,REGISTERED,112 林 Street,,Orneta,NL,Mecklenburg-Vorpommern,43245,TRUE
90,90,REGISTERED,"14, avenue Collin",,South Kim,US,North Dakota,47830,TRUE
91,91,REGISTERED,C. de Celestino Corominas 51 Apt. 83 ,,Kötzting,ZA,Wisconsin,SN6 0JD,TRUE
92,92,REGISTERED,"Rotonda Dino, 71 Piano 8",,Melissaland,ZA,Palermo,83031,TRUE
93,93,REGISTERED,086 中村 Street,,Sant'Agnello,GB,Mato Grosso do Sul,B2D 6DT,TRUE
94,94,REGISTERED,"7, rue Allard",,Rotondi,GB,Wisconsin,869-5038,TRUE
95,95,REGISTERED,"85, rue de Blin",,Lake Lisa,ES,Rio de Janeiro,57515,TRUE
96,96,REGISTERED,"Condomínio Stella Fogaça, 57",,Campos de Minas,ES,Maryland,28684,TRUE
97,97,REGISTERED,171 鈴木 Street,,Philippe,GB,Soria,M1A 3TF,TRUE
98,98,REGISTERED,662 伊藤 Street,,León,FR,South Carolina,82402,TRUE
99,99,REGISTERED,806 عرموني Plains,,Nunes do Galho,CH,Firenze,59304,TRUE
100,100,REGISTERED,239 岡田 Street,,Staceyshire,DE,Distrito Federal,27010-393,TRUE
101,101,REGISTERED,"Canale Petrassi, 65",,Soltau,IR,Massachusetts,39264,TRUE
102,102,REGISTERED,"Rotonda Lucio, 81",,Ciudad,JP,Minnesota,08080,TRUE
103,103,REGISTERED,"Via de Teixeira, 82",,West Michaelmouth,FR,California,00176,TRUE
104,104,REGISTERED,"Flat 36
Benson Hills",,Saint Anaïsdan,ZA,Mississippi,56548,TRUE
105,105,REGISTERED,Rambla de Raimundo Pizarro 82,,Scottview,DE,Ourense,20309,TRUE
106,106,REGISTERED,"Recanto da Rosa, 7",,North Stacy,ES,Hamburg,24229,TRUE
107,107,REGISTERED,99861 العسلي Drive Apt. 191,,La Rioja,US,Roma,02462-996,TRUE
108,108,REGISTERED,Cuesta de Rosa Cabello 52 Puerta 7 ,,Sant'Ermete,SE,Ragusa,W36 8QB,TRUE
109,109,REGISTERED,rue Pineau,,Janetview,AU,Padova,650-2029,TRUE
110,110,REGISTERED,Frieda-Hecker-Allee 1468,,Buckburgh,SG,Iowa,40868,TRUE
111,111,REGISTERED,"Canale Cannizzaro, 551 Piano 4",,Blondel,US,Rhode Island,676-5236,TRUE
112,112,REGISTERED,"88, chemin de Guillou",,Sevilla,RU,Nordrhein-Westfalen,CO48 5DJ,TRUE
113,113,REGISTERED,"Studio 46
Derek Dam",,Lejeune,FR,Cagliari,16046,TRUE
114,114,REGISTERED,666 Arnold Lights,,New Jamesstad,CH,Valladolid,25480,TRUE
115,115,REGISTERED,Pasadizo de Débora Zamora 36 Piso 7 ,,Vigolzone,TR,Ancona,28844,TRUE
116,116,REGISTERED,1 Williams Crossing,,مهيبberg,SG,Utah,39968,TRUE
117,117,REGISTERED,Ronda de Manolo Cueto 9,,Sales,US,Ciudad,02172,TRUE
118,118,REGISTERED,Calle de Cornelio Díaz 5 Piso 5 ,,神津島村,BS,Wisconsin,01768,TRUE
119,119,REGISTERED,69797 Cheryl Tunnel,,Monterubbiano,US,Florida,16701-450,TRUE
120,120,REGISTERED,"Viela de Ramos, 92",,Lake Sarahhaven,SE,Carbonia-Iglesias,HG35 0WJ,TRUE
121,121,REGISTERED,6088 Margaret Turnpike,,Segovia,US,La Spezia,83021,TRUE
122,122,REGISTERED,Calle Teófila Córdoba 72 Apt. 49 ,,Mathieu,NG,Schleswig-Holstein,91446,TRUE
123,123,REGISTERED,"Vila Pacheco, 22",,羽村市,ZA,Mato Grosso,50919,TRUE
124,124,REGISTERED,Rambla Anita Mora 6 Puerta 7 ,,西東京市,ES,Maranhão,827-0209,TRUE
125,125,REGISTERED,Acceso Odalys Santamaria 9,,Perrier-sur-Mer,IT,Maine,50515,TRUE
126,126,REGISTERED,"84, rue Lemoine",,Koblenz,US,Foggia,35135,TRUE
127,127,REGISTERED,"Stretto Galtarossa, 8",,町田市,GB,Benevento,22024,TRUE
128,128,REGISTERED,"Canale Diana, 70 Piano 4",,جلاءhaven,ZA,Sergipe,58901,TRUE
129,129,REGISTERED,"41, avenue de Jourdan",,North Kelly,FR,Alicante,B2 8DY,TRUE
130,130,REGISTERED,"Canale Manzoni, 714",,Nascimento,GB,Sachsen,39164,TRUE
131,131,REGISTERED,"Canale Toscani, 2",,Baleares,TR,Oregon,98941,TRUE
132,132,REGISTERED,Kasimir-Scholl-Gasse 6577,,Ourense,BS,Zaragoza,93016,TRUE
133,133,REGISTERED,Rambla Flavia Bilbao 92 Apt. 41 ,,Port Kathleentown,SE,Minas Gerais,05664,TRUE
134,134,REGISTERED,Freudenbergerplatz 175,,GrondinBourg,US,Ceuta,88133,TRUE
135,135,REGISTERED,C. Francisca Pinedo 29 Puerta 4 ,,横浜市青葉区,DE,Minas Gerais,12030,TRUE
136,136,REGISTERED,51 Davies Neck,,Renard-sur-Jourdan,SE,Kansas,17263,TRUE
137,137,REGISTERED,37977 Jeffrey Loop Apt. 929,,سهلmouth,SE,Rio de Janeiro,S62 0HW,TRUE
138,138,REGISTERED,086 福田 Street,,墨田区,FR,Wisconsin,CR47 1NZ,TRUE
139,139,REGISTERED,"66, rue Launay",,Murcia,CA,Mato Grosso do Sul,45604,TRUE
140,140,REGISTERED,"Canale Danilo, 7 Appartamento 68",,East كبيرtown,GB,Thüringen,090-1049,TRUE
141,141,REGISTERED,09883 ريم Camp Suite 302,,Traceystad,AU,Macerata,66115,TRUE
142,142,REGISTERED,"Aeroporto de da Luz, 96",,New Billymouth,NL,Goiás,75853,TRUE
143,143,REGISTERED,434 加藤 Street,,South Terry,US,Niedersachsen,73334,TRUE
144,144,REGISTERED,"Viale Fagotto, 6 Appartamento 88",,New فالحfurt,ES,Schleswig-Holstein,NE7N 0HR,TRUE
145,145,REGISTERED,"75, avenue Jules Masse",,Burgdorf,ZA,Zaragoza,71542,TRUE
146,146,REGISTERED,4489 كنعان Courts Apt. 034,,Machado,FR,Córdoba,10044,TRUE
147,147,REGISTERED,Vale Allana Martins,,Soltau,TR,Reggio Emilia,869-1168,TRUE
148,148,REGISTERED,Jacqueline-Heinz-Allee 2/4,,Burglengenfeld,ES,New Mexico,07556,TRUE
149,149,REGISTERED,05577 مضر Mills,,Saarbrücken,TR,Reggio Emilia,536-8745,TRUE
150,150,REGISTERED,4780 Arroyo Neck,,Vizcaya,CH,Pontevedra,01661,TRUE
151,151,REGISTERED,"944, avenue Laurent Muller",,Hainichen,GB,New Jersey,97350-208,TRUE
152,152,REGISTERED,"Vila Benício Farias, 3",,Kimberlyland,US,Catania,32936,TRUE
153,153,REGISTERED,"Lagoa de Duarte, 90",,West ميّادport,DE,Almería,15341,TRUE
154,154,REGISTERED,Heide-Marie-Schönland-Ring 0,,Lesna,SG,Sergipe,W35 7HA,TRUE
155,155,REGISTERED,82744 طه Alley,,الكثيريtown,IT,Vizcaya,41838,TRUE
156,156,REGISTERED,2 Reece Coves,,Brito,TR,Rio Grande do Sul,673-8026,TRUE
157,157,REGISTERED,014 Shirley Path Apt. 138,,香取郡多古町,CH,Rondônia,72740,TRUE
158,158,REGISTERED,"Rotonda Pometta, 5 Piano 8",,León,NG,Agrigento,37788,TRUE
159,159,REGISTERED,"Contrada Mirko, 53",,日野市,NL,California,55022,TRUE
160,160,REGISTERED,"Incrocio Casellati, 19 Piano 8",,Amberberg,FR,Roraima,20151,TRUE
161,161,REGISTERED,1686 Kathleen Orchard Apt. 769,,Chauvet-sur-Mer,GB,Louisiana,331-9437,TRUE
162,162,REGISTERED,52110 Stacy Drive,,Guipúzcoa,NG,Maryland,05383-388,TRUE
163,163,REGISTERED,Plaza Luís Pomares 96 Puerta 1 ,,Vigo Di Fassa,PA,Amapá,87800,TRUE
164,164,REGISTERED,25621 Meyer Springs Apt. 639,,Heinsberg,DE,León,17772,TRUE
165,165,REGISTERED,52056 بنو عجل Mills,,Vizcaya,BS,Florida,99499,TRUE
166,166,REGISTERED,"7, chemin Pasquier",,Boulay,GB,Idaho,57366-096,TRUE
167,167,REGISTERED,034 درويش Hollow Suite 726,,Tarragona,US,Schleswig-Holstein,81298266,TRUE
168,168,REGISTERED,"Stretto Curatoli, 18",,Bascape',AU,Hamburg,55496,TRUE
169,169,REGISTERED,"Trevo Monteiro, 83",,Macedo de Minas,MM,Acre,70384,TRUE
170,170,REGISTERED,Camino de Plácido Araujo 5,,Montalbano,ES,Wisconsin,863-9018,TRUE
171,171,REGISTERED,Callejón de Begoña Otero 89 Puerta 7 ,,Pimenta,MM,Maine,01221,TRUE
172,172,REGISTERED,Cañada Marcelo Velázquez 250 Puerta 5 ,,Nesima Inferiore,FR,Rio Grande do Norte,23521,TRUE
173,173,REGISTERED,588 صخر Ports Suite 512,,Guipúzcoa,GB,Ohio,29145,TRUE
174,174,REGISTERED,235 Oconnor Pine Suite 521,,East نغم,US,Lodi,15683,TRUE
175,175,REGISTERED,"68, rue Richard Gérard",,Celle,US,Piauí,13919,TRUE
176,176,REGISTERED,"Colônia Gomes, 2",,渋谷区,SG,Rhode Island,45381-792,TRUE
177,177,REGISTERED,Metzstraße 1,,Ferreira,SY,Vicenza,59928,TRUE
178,178,REGISTERED,"Incrocio Zola, 8",,Clarkmouth,IT,Amazonas,46191965,TRUE
179,179,REGISTERED,354 西村 Street,,Marozzo,BS,South Carolina,53479,TRUE
180,180,REGISTERED,666 阿部 Street,,Rathenow,IT,La Rioja,22010,TRUE
181,181,REGISTERED,5326 ياقوت Parks Apt. 846,,حارثton,AU,Siracusa,29029,TRUE
182,182,REGISTERED,"Studio 05
Pauline Motorway",,وهبةmouth,IR,Zaragoza,19953,TRUE
183,183,REGISTERED,"Flat 29r
Taylor Bridge",,New Derek,FR,Lecco,37280,TRUE
184,184,REGISTERED,"Strada Bernardi, 887",,South سديم,FR,Novara,10512,TRUE
185,185,REGISTERED,"Studio 96D
Ellie Radial",,Marques-les-Bains,KY,Acre,09407,TRUE
186,186,REGISTERED,"2, boulevard Dumont",,羽村市,FR,Sergipe,24471,TRUE
187,187,REGISTERED,Estrada Isabel Cavalcanti,,Casa Grande,BS,Cosenza,SP41 1DY,TRUE
188,188,REGISTERED,"Passarela Davi Miguel Nogueira, 70",,Nunes,US,Guipúzcoa,27254,TRUE
189,189,REGISTERED,"61, rue Louise Navarro",,Da Silva,SY,Washington,62498,TRUE
190,190,REGISTERED,878 Rosemary Fort,,Lake Patrickfort,AU,New Mexico,32309,TRUE
191,191,REGISTERED,avenue Marques,,新宿区,IT,Oregon,18501,TRUE
192,192,REGISTERED,96207 Adam Fall,,Helenfort,IT,Hessen,87632,TRUE
193,193,REGISTERED,3403 سراج الدّين Spur,,Cavalcanti de Castro,US,Arkansas,21010,TRUE
194,194,REGISTERED,"69, rue Océane Labbé",,San Vincenzo Valle Roveto,GB,Ceuta,S36 1UY,TRUE
195,195,REGISTERED,"Rotonda Dionigi, 39 Appartamento 77",,Füssen,TR,Ceará,16873,TRUE
196,196,REGISTERED,07806 Mendoza Union Apt. 773,,Lake Janeborough,SE,Girona,82192,TRUE
197,197,REGISTERED,"Canale Benedetto, 75 Piano 9",,Port سلسبيل,PA,Mato Grosso,67968,TRUE
198,198,REGISTERED,"8, boulevard de Boutin",,Lebrun,PA,Málaga,283-0892,TRUE
199,199,REGISTERED,11 Bartlett Heights,,East Martynville,RU,Thüringen,80468,TRUE
200,200,REGISTERED,"Viale Marenzio, 44 Piano 5",,Burgos,NG,Lleida,84222,TRUE
201,201,REGISTERED,"Setor da Rosa, 1",,川崎市幸区,NG,Schleswig-Holstein,00012,TRUE
202,202,REGISTERED,"Flat 2
Mohammad Burg",,清瀬市,KY,Latina,BN9 9WJ,TRUE
203,203,REGISTERED,562 جعفر Lights,,Furore,AU,Huelva,30201,TRUE
204,204,REGISTERED,96106 زهران Extensions Suite 923,,Hainichen,JP,Ascoli Piceno,39352,TRUE
205,205,REGISTERED,chemin Teixeira,,Kimberleyfort,SG,Ferrara,58904290,TRUE
206,206,REGISTERED,"31, chemin de Gomes",,Soria,NL,Mississippi,N2A 8NQ,TRUE
207,207,REGISTERED,0 Godfrey Spurs,,Monteforte Cilento,IT,Pernambuco,00195,TRUE
208,208,REGISTERED,7 Thomas Coves,,South Davidview,ES,Maryland,99401,TRUE
209,209,REGISTERED,"111, rue de Auger",,Picard,GB,Washington,W59 7EG,TRUE
210,210,REGISTERED,Alameda Ana Carlos 84,,Ceuta,JP,Frosinone,193-1140,TRUE
211,211,REGISTERED,"Flat 53
Lees Villages",,利島村,US,Valladolid,50565,TRUE
212,212,REGISTERED,7 Antony Light,,Prelo,JP,Rio Grande do Norte,W7 4UU,TRUE
213,213,REGISTERED,Adolfine-Losekann-Platz 7/8,,Knowlesside,NL,Novara,20988,TRUE
214,214,REGISTERED,025 Pacheco Prairie,,Oscarchester,BS,La Rioja,83040,TRUE
215,215,REGISTERED,790 小林 Street,,Olivarella,FR,Vermont,43608,TRUE
216,216,REGISTERED,541 Pugh Key,,Leanneport,GB,Ohio,24014,TRUE
217,217,REGISTERED,7232 Richard Loop,,Fumane,IT,Sachsen-Anhalt,19811,TRUE
218,218,REGISTERED,Paseo de Tristán Roca 4 Apt. 42 ,,Kristineview,US,Ceará,95197,TRUE
219,219,REGISTERED,1391 بنو ياس Village Suite 363,,Eisenach,US,León,260-9658,TRUE
220,220,REGISTERED,8645 Amanda Freeway,,Albuquerque das Flores,NG,Ávila,38315,TRUE
221,221,REGISTERED,Ronda de Eligia Morillo 10,,Sondershausen,ZA,Montana,80412,TRUE
222,222,REGISTERED,"Conjunto de da Luz, 69",,Ávila,KY,Cádiz,897-6182,TRUE
223,223,REGISTERED,"Flat 91
Kerry Mews",,Campos de Câmara,FR,Hessen,19871,TRUE
224,224,REGISTERED,Urbanización de Rafael Sedano 1,,Duarte,PA,Sassari,91492,TRUE
225,225,REGISTERED,6528 يزيد Fall Suite 287,,Sumirago,GB,Massachusetts,57245,TRUE
226,226,REGISTERED,Wielochplatz 30-13,,Da Silva,US,Cáceres,17075-877,TRUE
227,227,REGISTERED,939 نصر الدّين Trafficway Apt. 613,,Farias,SE,Soria,IG91 2AD,TRUE
228,228,REGISTERED,64236 جرير Walk Apt. 266,,Baleares,DE,Varese,753-5080,TRUE
229,229,REGISTERED,592 清水 Street,,Teresabury,GB,Virginia,88147,TRUE
230,230,REGISTERED,1794 بلغازي Prairie Apt. 801,,Viana,GB,Ascoli Piceno,WS45 7ZL,TRUE
231,231,REGISTERED,"Passarela de Ribeiro, 674",,横浜市西区,ES,Florida,31030,TRUE
232,232,REGISTERED,27770 Richards Flats,,Almería,NL,Connecticut,425-8121,TRUE
233,233,REGISTERED,"Studio 67h
Johnson Rue",,Pompeiana,AU,Ancona,37573,TRUE
234,234,REGISTERED,"Vicolo Giacinto, 31 Appartamento 22",,川崎市中原区,GB,Ciudad,71148,TRUE
235,235,REGISTERED,"Morro Caleb Vargas, 942",,South Clareville,GB,Rio Grande do Norte,B8B 1HQ,TRUE
236,236,REGISTERED,Theobald-Liebelt-Gasse 9754,,Groß-Gerau,US,Wisconsin,369-4021,TRUE
237,237,REGISTERED,72081 فؤاد Island Suite 260,,八丈島八丈町,ES,Tennessee,84668,TRUE
238,238,REGISTERED,"Via Jade Vasconcelos, 24",,Peterberg,CA,Maranhão,12623,TRUE
239,239,REGISTERED,8510 Shane Ports Apt. 753,,West عثمان,DE,Virginia,83158,TRUE
240,240,REGISTERED,Tilo-Buchholz-Ring 9-9,,横浜市旭区,DE,Paraná,450-8020,TRUE
241,241,REGISTERED,Dorothea-Lange-Gasse 55,,North Nathan,GB,Girona,22960443,TRUE
242,242,REGISTERED,C. de Aitana Cazorla 88 Piso 7 ,,Brandenburg,KY,South Carolina,396-3814,TRUE
243,243,REGISTERED,"901, rue Paris",,Munoz,IR,Belluno,80042,TRUE
244,244,REGISTERED,22 Read Drives,,Soria,PA,South Carolina,16125,TRUE
245,245,REGISTERED,40578 الجبشة Orchard Apt. 630,,Ciudad,NL,Florida,38240,TRUE
246,246,REGISTERED,07942 خالد Orchard Suite 946,,Torre Normanna,NG,Maranhão,21658,TRUE
247,247,REGISTERED,Alameda de Humberto Segura 350,,Smithtown,TR,Sachsen-Anhalt,91791,TRUE
248,248,REGISTERED,5370 Julia Trace,,Cantabria,NL,Rio Grande do Sul,48042,TRUE
249,249,REGISTERED,"399, boulevard Rodriguez",,West Shirley,DE,Santa Catarina,13573,TRUE
250,250,REGISTERED,"Área de Silveira, 50",,調布市,PA,Álava,199-5483,TRUE
251,251,REGISTERED,"Trecho Pires, 44",,Smithmouth,TR,Melilla,10894,TRUE
252,252,REGISTERED,7 Josh Ridge,,袖ケ浦市,US,Arkansas,07343,TRUE
253,253,REGISTERED,311 أزهار Station Apt. 939,,Jülich,FR,Taranto,32002496,TRUE
254,254,REGISTERED,Amelie-Römer-Gasse 6-4,,Muller,ZA,Thüringen,99594-652,TRUE
255,255,REGISTERED,15081 Kelly Fields Suite 003,,Roger,US,Toledo,83230,TRUE
256,256,REGISTERED,"Strada Casale, 2",,جودةmouth,GB,Rieti,06881,TRUE
257,257,REGISTERED,"Vale de Azevedo, 78",,ناجحhaven,FR,Rheinland-Pfalz,05014,TRUE
258,258,REGISTERED,669 福田 Street,,Barcelona,DE,León,46582,TRUE
259,259,REGISTERED,"Via Dom Fogaça, 5",,Port عبد الصّمدbury,DE,California,88812,TRUE
260,260,REGISTERED,826 伊藤 Street,,Moreira,SE,São Paulo,51536-637,TRUE
261,261,REGISTERED,909 西村 Street,,Santa Maria In Fabriago,GB,Sachsen,S3H 5YT,TRUE
262,262,REGISTERED,"Rotonda Sonia, 6",,Neu-Ulm,NG,Missouri,17991,TRUE
263,263,REGISTERED,1693 Kent Overpass,,Oliveira de Aparecida,FR,Maine,46926-329,TRUE
264,264,REGISTERED,68 Laura Club,,Michellemouth,FR,Castellón,06351,TRUE
265,265,REGISTERED,"Campo Enzo Novaes, 37",,Castro da Serra,RU,Amazonas,18621,TRUE
266,266,REGISTERED,Plaza Atilio Pi 63 Apt. 31 ,,Johnsontown,ZA,Berlin,13916,TRUE
267,267,REGISTERED,"Piazza Pasquale, 440 Appartamento 14",,South Josh,JP,Biella,75107,TRUE
268,268,REGISTERED,903 باهرة Trace,,Frankchester,US,Amapá,18530,TRUE
269,269,REGISTERED,403 Cooper Ford Apt. 339,,府中市,ES,Schleswig-Holstein,08970,TRUE
270,270,REGISTERED,"Studio 74k
Duncan Manors",,Hansestadttralsund,BS,Paraíba,34983,TRUE
271,271,REGISTERED,982 渡辺 Street,,Girona,NL,Rio Grande do Norte,52732300,TRUE
272,272,REGISTERED,"Studio 23
Andrews Trail",,Gavasseto,PA,Mississippi,85816,TRUE
273,273,REGISTERED,Käte-Davids-Allee 7-2,,South سنام,RU,Tarragona,33810,TRUE
274,274,REGISTERED,Cuesta Abel Caballero 7,,بنو سعد بن ليث بن بكرchester,JP,Saarland,37281,TRUE
275,275,REGISTERED,150 佐々木 Street,,West Karentown,FR,Sergipe,13194,TRUE
276,276,REGISTERED,"Rotonda Mozart, 713 Piano 5",,South Ameliafurt,CA,Baden-Württemberg,M3F 9UW,TRUE
277,277,REGISTERED,"Studio 7
Emma Hill",,Dijoux,ZA,North Carolina,17260,TRUE
278,278,REGISTERED,"22, avenue Auger",,West Raven,GB,Niedersachsen,28715399,TRUE
279,279,REGISTERED,"Incrocio Abbagnale, 70",,San Massimo,DE,Mecklenburg-Vorpommern,AL87 2NJ,TRUE
280,280,REGISTERED,"Residencial da Rocha, 60",,Wismar,FR,West Virginia,23965,TRUE
281,281,REGISTERED,Paseo Rufino Cabanillas 15 Puerta 4 ,,Oliveira,GB,Siena,23330-591,TRUE
282,282,REGISTERED,"Canale Licia, 3 Appartamento 56",,Ueckermünde,BS,Colorado,47501-111,TRUE
283,283,REGISTERED,Bolnbachweg 760,,الجاعونيhaven,DE,Roraima,E29 0XT,TRUE
284,284,REGISTERED,84582 Rowland Shoals,,West Brandon,ES,Sevilla,58817,TRUE
285,285,REGISTERED,32432 Brittany Harbors,,Biedenkopf,KY,Córdoba,665-2675,TRUE
286,286,REGISTERED,2566 إخلاص Gateway,,Harryside,GB,Oklahoma,067-5396,TRUE
287,287,REGISTERED,Morro de Sampaio,,Pontevedra,DE,Hawaii,72022,TRUE
288,288,REGISTERED,Rosenowweg 1/6,,Humbert-sur-Munoz,KY,Schleswig-Holstein,50037,TRUE
289,289,REGISTERED,312 Graham Summit,,Zaragoza,SE,Medio Campidano,96288,TRUE
290,290,REGISTERED,83215 Willie Center Suite 762,,Paradigna,FR,Kansas,15949,TRUE
291,291,REGISTERED,4510 Zamora Ferry Suite 501,,立川市,GB,North Dakota,20648,TRUE
292,292,REGISTERED,Pasaje de Felix Chaves 16,,Mottella,US,Nordrhein-Westfalen,18022,TRUE
293,293,REGISTERED,Ottoweg 3-2,,East Deanstad,BS,Wyoming,07794,TRUE
294,294,REGISTERED,41436 مهيب Squares,,East Marie,AU,Georgia,16235,TRUE
295,295,REGISTERED,"Piazza Toninelli, 260 Piano 5",,長生郡長生村,RU,Idaho,00571,TRUE
296,296,REGISTERED,"Canale Guido, 29 Appartamento 9",,East Janet,DE,Ohio,63822,TRUE
297,297,REGISTERED,688 高橋 Street,,Bad Mergentheim,DE,Vermont,94934,TRUE
298,298,REGISTERED,Plaza Feliciano Gibert 808,,عذبbury,NG,Louisiana,16112,TRUE
299,299,REGISTERED,955 Stacey Plaza Suite 269,,Almería,TR,Minnesota,93386,TRUE
300,300,REGISTERED,"Vicolo Elisa, 462 Appartamento 7",,Marques,YE,Hessen,40422693,TRUE
301,301,REGISTERED,"Studio 0
James Track",,East Kayla,RU,Baden-Württemberg,14439,TRUE
302,302,REGISTERED,Calle Cristian Martin 9,,大網白里市,SG,Baden-Württemberg,54494,TRUE
303,303,REGISTERED,"Flat 5
Samuel Rapids",,Mainburg,JP,Pontevedra,24945,TRUE
304,304,REGISTERED,152 藤田 Street,,Tschengel,IT,Savona,616-5463,TRUE
305,305,REGISTERED,"Piazza Milo, 2",,Reitano,US,Lleida,33302,TRUE
306,306,REGISTERED,Paolo-Faust-Gasse 7109,,München,CA,Nordrhein-Westfalen,57041-200,TRUE
307,307,REGISTERED,690 加藤 Street,,Dias de Rezende,US,Vercelli,168-0895,TRUE
308,308,REGISTERED,83034 Tiffany Port Apt. 970,,Christopherport,GB,Valladolid,27092,TRUE
309,309,REGISTERED,9042 Faith Common Apt. 332,,Melsungen,IT,Girona,95028,TRUE
310,310,REGISTERED,"Lago Castro, 5",,San Vigilio,IR,Idaho,74721-970,TRUE
311,311,REGISTERED,"Área de Pinto, 4",,East رحيبport,JP,Sachsen,S71 7TX,TRUE
312,312,REGISTERED,"Recanto de Camargo, 17",,South ساهر,US,Rheinland-Pfalz,79285,TRUE
313,313,REGISTERED,Cañada Samanta Sanmiguel 48 Puerta 4 ,,Bremervörde,PA,Valladolid,11782,TRUE
314,314,REGISTERED,Austermühleplatz 62-27,,長生郡長柄町,SE,Alabama,79103368,TRUE
315,315,REGISTERED,586 鈴木 Street,,Freitas da Serra,NL,Ceará,57632,TRUE
316,316,REGISTERED,786 田中 Street,,Gillianchester,IR,West Virginia,007-6138,TRUE
317,317,REGISTERED,"Vicolo Puccio, 418 Piano 2",,新島村,DE,Grosseto,21268,TRUE
318,318,REGISTERED,6 Teresa Trail,,Schwarzenberg,ES,Amapá,025-2138,TRUE
319,319,REGISTERED,Emmerich-Mies-Weg 31,,Cádiz,NG,New York,24129,TRUE
320,320,REGISTERED,Camino Evangelina Angulo 6,,Trinquelli,GB,Piauí,21261,TRUE
321,321,REGISTERED,rue Matthieu Perez,,Gunzenhausen,IT,Berlin,30020,TRUE
322,322,REGISTERED,945 斎藤 Street,,Benard-sur-Besson,ES,New Hampshire,84964,TRUE
323,323,REGISTERED,05 Natalie Port,,San Martino In Rio,BS,Missouri,40439,TRUE
324,324,REGISTERED,"Vicolo Alessandro, 50 Appartamento 6",,West جهراءtown,IT,Bergamo,740-4931,TRUE
325,325,REGISTERED,rue Duval,,Platamona,IT,Berlin,92931,TRUE
326,326,REGISTERED,Largo Casa Grande,,武蔵村山市,MM,Delaware,69653,TRUE
327,327,REGISTERED,03 Vanessa Forge,,Correia do Amparo,US,Castellón,67862,TRUE
328,328,REGISTERED,Gaetano-Misicher-Gasse 13,,da Mata,KY,Rovigo,59829,TRUE
329,329,REGISTERED,634 Richard Ranch Suite 897,,الرباطابton,IR,Brandenburg,15154,TRUE
330,330,REGISTERED,"Piazza Caccioppoli, 58 Appartamento 5",,Holzminden,DE,Baden-Württemberg,50241-209,TRUE
331,331,REGISTERED,Vial Matilde Burgos 5,,Tarsia,GB,Minnesota,34231,TRUE
332,332,REGISTERED,63257 ظريف Ports,,品川区,NL,Colorado,48754,TRUE
333,333,REGISTERED,"Viale Zito, 4",,Martins,IT,Nordrhein-Westfalen,87574,TRUE
334,334,REGISTERED,0650 John Keys Suite 882,,Garethborough,NL,Amapá,15343,TRUE
335,335,REGISTERED,Sagerplatz 9426,,Schneider,FR,Ourense,66128758,TRUE
336,336,REGISTERED,29439 Martinez Plains Suite 062,,あきる野市,JP,Venezia,60823,TRUE
337,337,REGISTERED,382 Khan Spring,,Sebnitz,CH,Alabama,11029181,TRUE
338,338,REGISTERED,Ronda Esteban Almeida 42 Apt. 88 ,,Voisin-la-Forêt,GB,Connecticut,46617-662,TRUE
339,339,REGISTERED,8681 حياة Drive,,Vigliatore,US,Florida,50978,TRUE
340,340,REGISTERED,"Piazza Amadeo, 3 Piano 7",,Montepescali,GB,Brandenburg,61094,TRUE
341,341,REGISTERED,347 森 Street,,Gay,KY,Berlin,82960,TRUE
342,342,REGISTERED,"Morro João Guilherme Azevedo, 76",,East Georgiaport,IR,New York,07715,TRUE
343,343,REGISTERED,740 فؤاد Manor,,Guipúzcoa,ES,Hessen,96691,TRUE
344,344,REGISTERED,78356 Turner Vista,,Saint André,FR,Rio Grande do Norte,698-0296,TRUE
345,345,REGISTERED,19036 Vicki Bridge,,Saint Bertrand,IT,Catania,03865,TRUE
346,346,REGISTERED,"Stretto Vincenza, 5 Piano 6",,Barros do Oeste,GB,Espírito Santo,49621,TRUE
347,347,REGISTERED,Residencial Andrade,,Palencia,FR,Ávila,37082,TRUE
348,348,REGISTERED,85095 Patrick Ramp Apt. 059,,横浜市港南区,IT,West Virginia,14815,TRUE
349,349,REGISTERED,9609 جذام Grove Suite 901,,Córdoba,JP,Napoli,58160,TRUE
350,350,REGISTERED,"Flat 44
Taylor Crossroad",,Caron,CA,Arkansas,15770,TRUE
351,351,REGISTERED,Paseo de Lina Arribas 235,,Clarkland,KY,Rheinland-Pfalz,09082,TRUE
352,352,REGISTERED,0429 Daniel Forest,,Quinzano,SY,Verona,86623,TRUE
353,353,REGISTERED,788 Saunders Fields,,Guipúzcoa,BS,Ceuta,13765-158,TRUE
354,354,REGISTERED,Alameda de Desiderio Bertrán 96 Apt. 97 ,,De Sousa,YE,Brandenburg,269-9086,TRUE
355,355,REGISTERED,415 الرباطاب Stravenue,,Lake Samanthamouth,RU,New Hampshire,296-7816,TRUE
356,356,REGISTERED,Cañada Ana Nogueira 9,,بنو سعد بن بكرmouth,FR,Valladolid,03684,TRUE
357,357,REGISTERED,421 Lynn Villages,,North أغاريد,CA,Piauí,01600,TRUE
358,358,REGISTERED,Avenida de Marcela Girón 6,,Göppingen,US,West Virginia,88592,TRUE
359,359,REGISTERED,"84, avenue Lemoine",,Cardoso do Oeste,BS,North Dakota,01544,TRUE
360,360,REGISTERED,"Contrada Rosalia, 864 Piano 4",,North Gerard,IT,Imperia,84535,TRUE
361,361,REGISTERED,0854 زحيكة Lock,,Guerra Paulista,JP,Madrid,43751,TRUE
362,362,REGISTERED,"Piazza Nina, 61",,West Amanda,NL,Minas Gerais,37920,TRUE
363,363,REGISTERED,Urbanización Anastasio Lladó 7,,山武市,BS,Ávila,S0 8ZF,TRUE
364,364,REGISTERED,84 Kirby Squares,,South جابر,DE,Montana,31026,TRUE
365,365,REGISTERED,79312 عجرمة (العجارمة) Pike,,Sainte Philippe,SG,Valencia,04023,TRUE
366,366,REGISTERED,"Viale Soranzo, 231",,New Kaitlin,NL,Schleswig-Holstein,S7 8UF,TRUE
367,367,REGISTERED,Preißweg 5958,,Costela de Farias,DE,Florida,05622,TRUE
368,368,REGISTERED,"Campo Ferreira, 135",,Jacquet,GB,Santa Catarina,25069,TRUE
369,369,REGISTERED,965 Morgan Street,,Cavalcante,NL,Hessen,G2C 0PD,TRUE
370,370,REGISTERED,485 斉藤 Street,,Waren,US,Piacenza,41865-205,TRUE
371,371,REGISTERED,1548 Catherine Bypass Suite 760,,Santa Cruz de Tenerife,US,Tocantins,94614,TRUE
372,372,REGISTERED,Siegfried-Dussen van-Gasse 20-95,,Segovia,JP,Alaska,86042,TRUE
373,373,REGISTERED,82412 Williams Rest,,Lejeune-les-Bains,SY,Alabama,18941,TRUE
374,374,REGISTERED,Krista-Geisler-Gasse 4571,,Valencia,YE,Nordrhein-Westfalen,50217,TRUE
375,375,REGISTERED,"Residencial Fogaça, 955",,Andrade,US,Caltanissetta,75043,TRUE
376,376,REGISTERED,Volker-Schaaf-Ring 19/66,,Johnburgh,SE,Isernia,47025,TRUE
377,377,REGISTERED,"Jardim Silveira, 69",,da Rosa do Norte,ES,Amazonas,436-4413,TRUE
378,378,REGISTERED,Distrito de Costa,,Hechingen,US,Mecklenburg-Vorpommern,55192,TRUE
379,379,REGISTERED,"Colônia Gomes, 35",,青ヶ島村,FR,Soria,611-6452,TRUE
380,380,REGISTERED,32730 Kevin Course Suite 626,,Heinsberg,ES,New Mexico,34713,TRUE
381,381,REGISTERED,Christiane-Patberg-Straße 70-77,,Ronaldville,CA,Padova,50142,TRUE
382,382,REGISTERED,401 山田 Street,,Castel Raniero,IT,Soria,51255,TRUE
383,383,REGISTERED,276 Ward Mount,,Colasdan,US,Massachusetts,88812,TRUE
384,384,REGISTERED,"94, rue de Lemonnier",,Ashleyborough,GB,Valencia,80962,TRUE
385,385,REGISTERED,"Vicolo Ivo, 689",,West فاتحmouth,DE,Caltanissetta,38264-609,TRUE
386,386,REGISTERED,"Piazza Loredan, 93 Piano 9",,South Charlieborough,GB,Maranhão,68653,TRUE
387,387,REGISTERED,"Esplanada Luiz Gustavo Guerra, 90",,Paesana,PA,Brandenburg,594-6850,TRUE
388,388,REGISTERED,"Flat 9
Fisher Way",,Albert,FR,Kansas,35241,TRUE
389,389,REGISTERED,"Flat 37
Thomas Summit",,Camachofort,DE,Nebraska,47922,TRUE
390,390,REGISTERED,249 山下 Street,,羽村市,US,Mecklenburg-Vorpommern,41517734,TRUE
391,391,REGISTERED,Cañada de Fabián Castells 59 Piso 4 ,,Saint Isabelle,IT,Baden-Württemberg,24865,TRUE
392,392,REGISTERED,Austermühleweg 45,,Ceuta,FR,Pontevedra,DH5R 9AW,TRUE
393,393,REGISTERED,79833 الكبابيش Spurs,,Blot,GB,Caserta,80341,TRUE
394,394,REGISTERED,137 Scott Mountains Apt. 189,,Coulon-sur-Ribeiro,FR,Pennsylvania,881-1827,TRUE
395,395,REGISTERED,Alameda Leonardo Vaquero 27 Apt. 70 ,,Lixius,RU,Hamburg,SK41 5XG,TRUE
396,396,REGISTERED,Alameda Faustino Fernandez 32,,Osterode am Harz,FR,Rhode Island,798-4413,TRUE
397,397,REGISTERED,2740 Jason Stravenue Suite 450,,Pocenia,CA,Navarra,97365,TRUE
398,398,REGISTERED,054 吉田 Street,,Macdonaldland,RU,Nebraska,94938,TRUE
399,399,REGISTERED,Heidrichstraße 55/53,,North Dawn,JP,Venezia,80850960,TRUE
400,400,REGISTERED,"Estrada de Sá, 7",,León,RU,Rheinland-Pfalz,N78 0RY,TRUE
401,401,REGISTERED,Harri-Jäntsch-Platz 90,,New Michael,RU,Guadalajara,84313,TRUE
402,402,REGISTERED,"8, avenue Louis Leclerc",,国立市,US,Idaho,76300,TRUE
403,403,REGISTERED,"Studio 4
Caroline Brook",,Larafurt,ES,Huesca,05279,TRUE
404,404,REGISTERED,Henrike-Möchlichen-Gasse 9,,Guichard,IT,Vercelli,22822,TRUE
405,405,REGISTERED,26086 Eric Bridge Suite 316,,South Gillianchester,RU,Brindisi,41320,TRUE
406,406,REGISTERED,"2, avenue de Carre",,East Tony,GB,Texas,22536,TRUE
407,407,REGISTERED,032 Morris Ports,,Ferreira de Correia,FR,Minas Gerais,79487148,TRUE
408,408,REGISTERED,"Stretto Dino, 23 Piano 2",,Blufi,GB,Pescara,G6W 2JA,TRUE
409,409,REGISTERED,"78, chemin Girard",,安房郡鋸南町,GB,Pará,52401-484,TRUE
410,410,REGISTERED,"Contrada Elladio, 1",,Rocha,PA,Álava,M8B 3TN,TRUE
411,411,REGISTERED,"Fazenda Rebeca Caldeira, 6",,Boutinnec,US,South Dakota,WC4 8PS,TRUE
412,412,REGISTERED,919 鈴木 Street,,Fabrica Di Roma,GB,West Virginia,46022,TRUE
413,413,REGISTERED,"Morro Catarina Fogaça, 84",,Stephenview,PA,Rheinland-Pfalz,771-5710,TRUE
414,414,REGISTERED,"Praia Eloá Sá, 62",,East Bonniehaven,US,Oklahoma,50595,TRUE
415,415,REGISTERED,"Studio 91
Watkins Mills",,New Eric,IT,New York,88324,TRUE
416,416,REGISTERED,"78, boulevard de Chevallier",,Zaragoza,CA,Lecco,23838,TRUE
417,417,REGISTERED,583 Phillips Villages,,Montgomeryfort,TR,Bari,87805,TRUE
418,418,REGISTERED,"Vila de Rocha, 45",,الظفيرside,US,Mato Grosso,80401,TRUE
419,419,REGISTERED,"Loteamento Borges, 7",,横浜市中区,IT,Siena,52145264,TRUE
420,420,REGISTERED,512 نصور Bridge,,Paultown,NL,Mato Grosso do Sul,L97 8HQ,TRUE
421,421,REGISTERED,Rambla de Dominga Villegas 81,,Meyer-sur-Raymond,GB,Rovigo,51467,TRUE
422,422,REGISTERED,"6, avenue Delmas",,Lake Abbiemouth,DE,Rio de Janeiro,68877,TRUE
423,423,REGISTERED,"Contrada Tanzini, 0 Appartamento 4",,Petrella Salto,GB,Arkansas,26224,TRUE
424,424,REGISTERED,"Flat 35
Dennis Park",,Riou-sur-Raymond,KY,Missouri,88219,TRUE
425,425,REGISTERED,"56, chemin Lejeune",,Colonfurt,DE,Thüringen,40330,TRUE
426,426,REGISTERED,46484 هندية Green Apt. 163,,Thorpehaven,BS,Nuoro,L0 2DD,TRUE
427,427,REGISTERED,Gertzring 73-70,,Oberviechtach,FR,Hamburg,42773,TRUE
428,428,REGISTERED,255 سامر Cove,,Sainte Adrien,IT,Missouri,B98 0UY,TRUE
429,429,REGISTERED,"72, rue Alexandrie Rousset",,Trujilloberg,FR,Mantova,30252,TRUE
430,430,REGISTERED,333 太田 Street,,Freitas da Mata,GB,Cagliari,87496033,TRUE
431,431,REGISTERED,657 遠藤 Street,,Pimenta do Galho,IT,Arizona,E0 0PD,TRUE
432,432,REGISTERED,288 橋本 Street,,Saint CapucineBourg,KY,Sachsen,72095-799,TRUE
433,433,REGISTERED,"24, boulevard Susanne Costa",,Freystad,US,Niedersachsen,03573,TRUE
434,434,REGISTERED,90904 المغربي Mountains,,世田谷区,TR,Utah,46669,TRUE
435,435,REGISTERED,Avenida de Noa Montalbán 310,,North Edward,US,Georgia,97421,TRUE
436,436,REGISTERED,1 Ann Turnpike,,Girard,DE,Missouri,11022,TRUE
437,437,REGISTERED,Hubertine-Wesack-Gasse 3253,,武蔵村山市,US,Pontevedra,518-4676,TRUE
438,438,REGISTERED,5096 Emily Stravenue,,Souza,FR,Massachusetts,81044,TRUE
439,439,REGISTERED,"620, avenue Célina Germain",,葛飾区,SY,Caltanissetta,60256,TRUE
440,440,REGISTERED,avenue Georges,,Husum,SY,New York,162-4972,TRUE
441,441,REGISTERED,"Distrito Ravy Moreira, 73",,das Neves,IT,Rheinland-Pfalz,45830,TRUE
442,442,REGISTERED,"Borgo Marcantonio, 565 Appartamento 42",,Camus,GB,Ancona,38050,TRUE
443,443,REGISTERED,30559 Hoffman Tunnel Suite 575,,Port جوان,IT,Rio Grande do Norte,SS0 8WN,TRUE
444,444,REGISTERED,"Studio 2
Johnson Point",,Zerbst,JP,Louisiana,39742-925,TRUE
445,445,REGISTERED,562 Austin Trace Apt. 459,,Lake Jenniferberg,SE,California,18231,TRUE
446,446,REGISTERED,"51, rue Lefèvre",,North جميلةbury,IR,Arizona,97239,TRUE
447,447,REGISTERED,"670, rue de Blin",,Curinga,SE,Bremen,01464,TRUE
448,448,REGISTERED,707 田中 Street,,Ballardborough,NG,Santa Catarina,46203,TRUE
449,449,REGISTERED,Rambla Rosalinda Múgica 77,,Flagogna,US,São Paulo,78943,TRUE
450,450,REGISTERED,"66, chemin Delattre",,Kayleeville,JP,Niedersachsen,10720113,TRUE
451,451,REGISTERED,avenue Antoine Morel,,Martins das Pedras,TR,Oregon,86564,TRUE
452,452,REGISTERED,045 斎藤 Street,,Freitas,DE,Toledo,71380,TRUE
453,453,REGISTERED,"Flat 55
Price Plains",,Illertissen,US,Georgia,35133,TRUE
454,454,REGISTERED,"Rotonda Lisa, 948 Piano 6",,Lake Carly,TR,Hessen,66628,TRUE
455,455,REGISTERED,Rambla Pastora Bellido 5,,Lima,GB,Montana,91965,TRUE
456,456,REGISTERED,"Studio 99w
Turner Light",,Blakeland,RU,Murcia,L1 6PJ,TRUE
457,457,REGISTERED,82749 Solis Plain Apt. 491,,القطبmouth,CA,Bayern,40395,TRUE
458,458,REGISTERED,Lars-Gnatz-Platz 49/87,,East Bradleyberg,JP,Rio de Janeiro,57923,TRUE
459,459,REGISTERED,11457 فهم Gardens Apt. 102,,Lake Dominic,IT,Ohio,36022,TRUE
460,460,REGISTERED,Vial de Miguel Hervás 43,,Mendes de Cunha,AU,Sachsen,83521,TRUE
461,461,REGISTERED,56035 Cole Villages Apt. 279,,العوازمbury,RU,Maranhão,69061812,TRUE
462,462,REGISTERED,"Flat 88N
Tony Roads",,Girona,NL,Espírito Santo,15036,TRUE
463,463,REGISTERED,Heidemarie-Striebitz-Ring 93/37,,Kimbury,ZA,Sergipe,16139,TRUE
464,464,REGISTERED,"Flat 6
Harper Field",,Lleida,CA,Tocantins,34496,TRUE
465,465,REGISTERED,"Flat 0
Ricky Coves",,زغلولville,IT,Nevada,06776,TRUE
466,466,REGISTERED,"Incrocio Gastone, 82",,East Janebury,KY,Ravenna,34103,TRUE
467,467,REGISTERED,Ronda de Montserrat Zamora 15,,Macedo do Oeste,AU,Berlin,172-6619,TRUE
468,468,REGISTERED,607 石川 Street,,Smithbury,FR,Córdoba,23989830,TRUE
469,469,REGISTERED,2426 الكلغاصي Forks Suite 428,,Port Colin,NL,Oregon,87623,TRUE
470,470,REGISTERED,228 ظهير Turnpike Apt. 524,,New ناصيفton,FR,Hamburg,61982,TRUE
471,471,REGISTERED,688 كمال Mountain Suite 996,,Cáceres,US,Brescia,27618,TRUE
472,472,REGISTERED,3036 Shannon Ramp Apt. 463,,Geithain,ES,Madrid,477-7621,TRUE
473,473,REGISTERED,588 佐藤 Street,,Mohamedborough,GB,Ceará,13778,TRUE
474,474,REGISTERED,"Incrocio Montessori, 515",,South مُخيمرchester,ES,Texas,96008,TRUE
475,475,REGISTERED,300 佐藤 Street,,Colas-sur-Mer,DE,Sachsen-Anhalt,74974,TRUE
476,476,REGISTERED,"Flat 95E
Mellor Plaza",,San Pellegrino,CA,Niedersachsen,28934,TRUE
477,477,REGISTERED,"22, boulevard de Bodin",,Salsomaggiore Terme,IT,Massa-Carrara,63084,TRUE
478,478,REGISTERED,"Borgo Spinelli, 76",,Berger,FR,Rheinland-Pfalz,96111,TRUE
479,479,REGISTERED,"Piazza Ezio, 5 Appartamento 0",,Michaud,NG,Louisiana,41333,TRUE
480,480,REGISTERED,"70, rue Marine Reynaud",,Moraes da Mata,FR,Virginia,428-3852,TRUE
481,481,REGISTERED,Karl-Werner-Winkler-Ring 89/73,,香取市,DE,Texas,96102,TRUE
482,482,REGISTERED,"Largo Manuella Carvalho, 66",,Eckernförde,US,Benevento,20238-974,TRUE
483,483,REGISTERED,"Viale Martina, 93",,Melilla,GB,Rio Grande do Norte,55888,TRUE
484,484,REGISTERED,"Fazenda de Dias, 537",,Ceuta,GB,Goiás,271-0070,TRUE
485,485,REGISTERED,Camino de Ignacio Madrigal 4,,小平市,RU,Cádiz,86497,TRUE
486,486,REGISTERED,Ronda Herminio Céspedes 51 Piso 8 ,,North سعيدville,FR,Berlin,12729,TRUE
487,487,REGISTERED,091 高橋 Street,,Neubrandenburg,KP,Albacete,72019,TRUE
488,488,REGISTERED,"Via Emilly Costa, 1",,Abreu,ZA,Albacete,13862,TRUE
489,489,REGISTERED,90534 بنو شيبان Camp Apt. 042,,Burgos,SE,La Rioja,N1H 4SA,TRUE
490,490,REGISTERED,4 Gray Plaza,,Port ماذىside,US,Ohio,37199,TRUE
491,491,REGISTERED,0756 Joseph Ramp,,North غزوان,RU,Brandenburg,62146,TRUE
492,492,REGISTERED,"93, chemin Grégoire Lebon",,横浜市青葉区,DE,Cuenca,78976,TRUE
493,493,REGISTERED,Franjo-Trub-Gasse 7301,,Göppingen,SE,Acre,91213,TRUE
494,494,REGISTERED,"43, avenue Robert Nguyen",,Aaronmouth,BS,Arkansas,36142-442,TRUE
495,495,REGISTERED,Urbanización de Urbano Cañellas 4,,Câmara da Prata,GB,Georgia,SR5 1LW,TRUE
496,496,REGISTERED,05869 أشجع Orchard,,Nicolas,CA,Toledo,257-4455,TRUE
497,497,REGISTERED,119 طامح Loop,,South Robert,ES,Connecticut,58340,TRUE
498,498,REGISTERED,Avenida Noé Guzmán 511 Puerta 8 ,,Sainte Marie,US,Ceará,64667,TRUE
499,499,REGISTERED,"Piazza Loretta, 49 Appartamento 2",,East Margaret,NG,Nordrhein-Westfalen,73920135,TRUE
500,500,REGISTERED,Gerhart-Liebelt-Gasse 4-3,,León,FR,Piauí,57535,TRUE
501,501,REGISTERED,3 Yvonne Neck,,横浜市青葉区,ZA,Roraima,82832,TRUE
502,502,REGISTERED,4582 حفيظ Meadow,,Carvalho,CA,South Dakota,G9H 6XD,TRUE
503,503,REGISTERED,001 Martin Summit,,Lake Karlfort,BS,Trieste,85376,TRUE
504,504,REGISTERED,7812 عبد المحيي Parkway Apt. 567,,Mcdonaldton,FR,Alabama,17096,TRUE
505,505,REGISTERED,835 阿部 Street,,Zamora,US,Teramo,72923,TRUE
506,506,REGISTERED,Callejón Eufemia Jordán 88,,Moreira,US,Sondrio,67763,TRUE
507,507,REGISTERED,2586 Dalton Tunnel,,Lleida,GB,Frosinone,160-5811,TRUE
508,508,REGISTERED,"Pátio Alana da Rocha, 998",,Lake Daniel,US,Roraima,68494,TRUE
509,509,REGISTERED,"45, chemin de Coste",,Sant'Ambrogio Di Valpolicella,US,Iowa,11978,TRUE
510,510,REGISTERED,98756 Steven Parkway,,小笠原村,TR,North Dakota,01899,TRUE
511,511,REGISTERED,"Lago de Peixoto, 7",,South Micheal,CA,Bayern,PL1 8YN,TRUE
512,512,REGISTERED,37455 الحلاق Course,,Tarragona,JP,Maine,05053,TRUE
513,513,REGISTERED,27 Danny Summit,,Saint Pauline-sur-Mer,GB,Huelva,56834,TRUE
514,514,REGISTERED,"808, chemin Léger",,Martineau-les-Bains,GB,Indiana,82483,TRUE
515,515,REGISTERED,Hermighausenstr. 769,,横浜市旭区,FR,Navarra,84285969,TRUE
516,516,REGISTERED,4 Sharon Lodge,,South بلسمtown,CH,Caltanissetta,655-1928,TRUE
517,517,REGISTERED,"18, rue Adélaïde Cordier",,Lake Anna,PA,La Spezia,72492,TRUE
518,518,REGISTERED,130 岡田 Street,,Pegnitz,DE,Mato Grosso,WC3 6XF,TRUE
519,519,REGISTERED,869 Solomon Loaf,,North Charlottehaven,RU,Colorado,78442,TRUE
520,520,REGISTERED,"14, avenue Capucine Joseph",,Cáceres,DE,New Hampshire,62925,TRUE
521,521,REGISTERED,33373 زهير Island Suite 235,,南房総市,US,Amapá,32119206,TRUE
522,522,REGISTERED,4902 البشيتي Divide Suite 480,,Whiteton,CA,Como,07659,TRUE
523,523,REGISTERED,Schachtstr. 513,,القزازshire,TR,Valencia,36383-182,TRUE
524,524,REGISTERED,1770 غامد Freeway Suite 820,,Roma,US,Bahia,WC2E 5PG,TRUE
525,525,REGISTERED,Meyerallee 8,,طلالchester,JP,Piauí,36830,TRUE
526,526,REGISTERED,Alameda de Raquel Vigil 511,,Montabone,AU,Pernambuco,71523867,TRUE
527,527,REGISTERED,Truppallee 925,,BouvetVille,RU,Mato Grosso,00586,TRUE
528,528,REGISTERED,"Alameda Rocha, 3",,Vizcaya,ES,Huesca,17463,TRUE
529,529,REGISTERED,Hartungallee 6891,,印旛郡本埜村,TR,Utah,18013,TRUE
530,530,REGISTERED,"295, boulevard Gautier",,جعفرstad,BS,New York,34953,TRUE
531,531,REGISTERED,"Esplanada Calebe Costa, 459",,Ávila,US,Sachsen,06780,TRUE
532,532,REGISTERED,75 Andrew River,,Tarragona,MM,Maine,N2 6ZW,TRUE
533,533,REGISTERED,"Piazza Mocenigo, 537 Appartamento 97",,Trinita',US,Michigan,987-5959,TRUE
534,534,REGISTERED,45393 Susan Curve,,Elliottland,ZA,Massachusetts,57124,TRUE
535,535,REGISTERED,"Vila Pedro Miguel Lima, 57",,印旛郡酒々井町,GB,Florida,38091,TRUE
536,536,REGISTERED,106 Nicole Pike Apt. 647,,Weißenfels,US,L'Aquila,70298,TRUE
537,537,REGISTERED,Cuesta de Elpidio Pinilla 19 Piso 2 ,,Palmerside,SG,Connecticut,054-9000,TRUE
538,538,REGISTERED,"Via Aurora, 6",,横浜市西区,NL,Pennsylvania,GU3V 3GP,TRUE
539,539,REGISTERED,"Passarela da Rocha, 60",,Ourense,GB,Roraima,W99 0GY,TRUE
540,540,REGISTERED,20125 البيسار القعقور Plaza,,Morel,GB,Valladolid,64588,TRUE
541,541,REGISTERED,304 伊藤 Street,,Jamiemouth,RU,Cáceres,93684,TRUE
542,542,REGISTERED,93096 الحويطات Fords,,Pereira,TR,Sachsen,83507,TRUE
543,543,REGISTERED,0 Marian Stravenue,,Taylormouth,RU,North Dakota,39304936,TRUE
544,544,REGISTERED,Karsten-Barkholz-Weg 9-3,,Toano,GB,Massachusetts,94620,TRUE
545,545,REGISTERED,71243 Mcconnell Plaza,,Pianello Di Petralia Sottana,ES,Valladolid,04120,TRUE
546,546,REGISTERED,632 石井 Street,,Villamontagna,PA,Baden-Württemberg,89827,TRUE
547,547,REGISTERED,"Studio 9
Patel Manors",,Gransee,US,Florida,31260,TRUE
548,548,REGISTERED,Rambla de Teo Villalonga 9,,Port Jessicastad,TR,Georgia,94845,TRUE
549,549,REGISTERED,"Contrada Filippelli, 2 Appartamento 30",,Spino D'Adda,IT,Siracusa,610-4157,TRUE
550,550,REGISTERED,"Passarela Luiza Cassiano, 6",,Port Ashley,ZA,Ancona,08048,TRUE
551,551,REGISTERED,97 Harvey Glen,,Lake Dianashire,NG,São Paulo,09406,TRUE
552,552,REGISTERED,313 صيام Spur Apt. 669,,رجاءchester,GB,Georgia,62393,TRUE
553,553,REGISTERED,Andres-Hamann-Straße 8,,Caldeira,ES,Avellino,41813,TRUE
554,554,REGISTERED,"Flat 48i
Trevor Mission",,Portico Di Romagna,FR,Padova,98033,TRUE
555,555,REGISTERED,"Studio 61
Charles Pass",,Vieira da Serra,BS,Nevada,66651,TRUE
556,556,REGISTERED,"Flat 9
Clark Meadow",,Lambury,GB,Forlì-Cesena,73663,TRUE
557,557,REGISTERED,Paseo de Jose Ramón Landa 560 Piso 8 ,,Asturias,AU,Georgia,44805,TRUE
558,558,REGISTERED,062 خولان Neck,,Scheinfeld,ES,Nevada,82190,TRUE
559,559,REGISTERED,230 山本 Street,,文京区,DE,Hawaii,27036,TRUE
560,560,REGISTERED,771 橋本 Street,,Port لبيدmouth,CA,Brandenburg,06217,TRUE
561,561,REGISTERED,Camino Ruy Sacristán 78 Puerta 4 ,,Mauriceshire,NG,Zaragoza,15003,TRUE
562,562,REGISTERED,Viela Davi da Conceição,,المهرةchester,YE,Sachsen-Anhalt,89455,TRUE
563,563,REGISTERED,896 佐々木 Street,,Marcallo Con Casone,GB,Baden-Württemberg,21627,TRUE
564,564,REGISTERED,"Incrocio Ceschi, 56 Appartamento 66",,Saint Marine,IT,Campobasso,22427,TRUE
565,565,REGISTERED,Dittmar-Köhler-Weg 9/9,,四街道市,GB,Acre,PE86 7XF,TRUE
566,566,REGISTERED,120 Debra Glen,,Le Goff-sur-Mer,DE,Tarragona,887-8721,TRUE
567,567,REGISTERED,"64, rue Arthur Labbé",,長生郡白子町,DE,Mississippi,43743,TRUE
568,568,REGISTERED,427 佐藤 Street,,Nauen,ES,Alabama,08467,TRUE
569,569,REGISTERED,"582, rue de Rémy",,Richard,NL,South Dakota,E6H 8NW,TRUE
570,570,REGISTERED,"610, boulevard Denis",,Nürtingen,US,Kentucky,96883,TRUE
571,571,REGISTERED,Heintzegasse 99,,西多摩郡奥多摩町,IT,Niedersachsen,83972,TRUE
572,572,REGISTERED,983 ساهر Crossing,,North Jacobburgh,PA,California,51086,TRUE
573,573,REGISTERED,C. de Natividad Buendía 40,,علاء الدّينbury,US,Pennsylvania,99475,TRUE
574,574,REGISTERED,"Estação André Freitas, 75",,Farias,ZA,Arizona,443-6388,TRUE
575,575,REGISTERED,Paseo de Moisés Cabrera 59,,Moreira,SE,Mississippi,26013,TRUE
576,576,REGISTERED,889 مهران Pines Suite 915,,Leahchester,CA,Lleida,W6A 2AD,TRUE
577,577,REGISTERED,"Strada Scaduto, 27 Piano 4",,狛江市,NL,Connecticut,88709,TRUE
578,578,REGISTERED,"Piazza Iannucci, 4",,سجاport,SY,Verona,42307,TRUE
579,579,REGISTERED,"Piazza Sauro, 83 Appartamento 8",,ناردينview,AU,Colorado,24731261,TRUE
580,580,REGISTERED,"Viaduto Borges, 72",,Lake Lindabury,BS,Oregon,00716,TRUE
581,581,REGISTERED,Mudeallee 26,,South صامد,MM,Amapá,97319,TRUE
582,582,REGISTERED,"96, avenue Maillard",,الأيوبيchester,RU,Mecklenburg-Vorpommern,20632,TRUE
583,583,REGISTERED,550 長谷川 Street,,Wardmouth,ES,Mississippi,163-3374,TRUE
584,584,REGISTERED,86 Grace Spur,,West Linda,BS,Sassari,055-2902,TRUE
585,585,REGISTERED,"Piazza Ermenegildo, 20 Piano 3",,Starnberg,GB,Pennsylvania,29845,TRUE
586,586,REGISTERED,"Canale Luisa, 50",,Leleu,DE,Indiana,M5 0HS,TRUE
587,587,REGISTERED,"Rotonda Osvaldo, 80",,South Ashleyside,GB,Ohio,734-7196,TRUE
588,588,REGISTERED,Urbanización de Alfonso Acedo 87 Piso 2 ,,Roncole Verdi,NG,Hamburg,66100,TRUE
589,589,REGISTERED,Rambla Gisela Conde 53,,Lama Polesine,YE,West Virginia,75384,TRUE
590,590,REGISTERED,67 Barry Ridges,,Peggymouth,RU,Valladolid,71677,TRUE
591,591,REGISTERED,Misicherstraße 9,,Melle,ES,Minnesota,80236,TRUE
592,592,REGISTERED,"Flat 85
Walton Common",,Bovo,ZA,Carbonia-Iglesias,NW80 5JU,TRUE
593,593,REGISTERED,"Canale Cipriano, 32 Appartamento 2",,Santa Cruz de Tenerife,PA,Bremen,33526,TRUE
594,594,REGISTERED,30423 David Mill,,Cardoso do Campo,YE,Teruel,06895,TRUE
595,595,REGISTERED,210 中川 Street,,西多摩郡瑞穂町,CA,California,69029-831,TRUE
596,596,REGISTERED,6706 لاما Lock Apt. 198,,品川区,ZA,Maryland,52039,TRUE
597,597,REGISTERED,322 高橋 Street,,Seanview,DE,Salerno,85421,TRUE
598,598,REGISTERED,"Contrada Romeo, 95",,Moulin,PA,Bayern,10180,TRUE
599,599,REGISTERED,"Ladeira de Silveira, 63",,Lemaîtredan,RU,Lodi,50610,TRUE
600,600,REGISTERED,Mark-Zimmer-Ring 7-5,,Camargo,US,New Jersey,09959,TRUE
601,601,REGISTERED,543 山田 Street,,JeanBourg,IR,Alaska,85123,TRUE
602,602,REGISTERED,"Incrocio Veronica, 84 Appartamento 7",,Ueckermünde,CA,Udine,03040,TRUE
603,603,REGISTERED,"Flat 0
Sharp Via",,Alves,FR,Segovia,86783,TRUE
604,604,REGISTERED,91368 Troy Expressway Apt. 313,,清瀬市,IR,Teruel,20929,TRUE
605,605,REGISTERED,"Rotonda Gianluca, 73 Piano 0",,Borges do Norte,SG,Ascoli Piceno,25068,TRUE
606,606,REGISTERED,821 شهران Station,,Vizcaya,SE,Chieti,98074,TRUE
607,607,REGISTERED,Jasmina-Klapp-Straße 6,,Freudenstadt,IT,Arkansas,248-7844,TRUE
608,608,REGISTERED,"Fazenda Ana Laura Vargas, 9",,Baranello,GB,California,97459,TRUE
609,609,REGISTERED,"Via Elena, 55 Appartamento 61",,長生郡長南町,ES,Rondônia,S9D 7XU,TRUE
610,610,REGISTERED,Theda-Gutknecht-Weg 8696,,رصاصton,US,Paraná,10268,TRUE
611,611,REGISTERED,"Canale Giulietta, 3",,文京区,IT,Baden-Württemberg,88596,TRUE
612,612,REGISTERED,974 佐藤 Street,,South Tammy,SE,Gorizia,36701,TRUE
613,613,REGISTERED,"Contrada Sole, 40 Piano 5",,PhilippeVille,CA,Missouri,38030,TRUE
614,614,REGISTERED,"Estação Freitas, 31",,South ماجد,BS,Sachsen-Anhalt,16385,TRUE
615,615,REGISTERED,Cañada Leire Jiménez 5 Puerta 1 ,,日野市,ES,Espírito Santo,90978,TRUE
616,616,REGISTERED,629 Cummings Forge Suite 132,,Port Alexandramouth,DE,Vermont,70754,TRUE
617,617,REGISTERED,C. de Úrsula Baró 49 Puerta 0 ,,Lake Nancy,US,Brandenburg,93984,TRUE
618,618,REGISTERED,chemin Françoise Léger,,Grenier,ZA,Lodi,11174,TRUE
619,619,REGISTERED,Via Alejo Mascaró 77 Puerta 6 ,,North هيثمmouth,CA,Georgia,25997,TRUE
620,620,REGISTERED,Biggenplatz 589,,渋谷区,IT,Schleswig-Holstein,00042,TRUE
621,621,REGISTERED,rue Fleury,,葛飾区,PA,Washington,ZE6R 0TS,TRUE
622,622,REGISTERED,2303 الشايقية Cape Apt. 847,,North Sandraburgh,US,Florida,04415,TRUE
623,623,REGISTERED,"Pátio Heitor Pinto, 124",,品川区,CA,Espírito Santo,58265,TRUE
624,624,REGISTERED,Heringweg 3791,,North Nicholas,IT,North Dakota,35869017,TRUE
625,625,REGISTERED,Saskia-Nohlmans-Straße 4/4,,الكبابيشburgh,NG,Girona,16265,TRUE
626,626,REGISTERED,995 عبد الرّحيم Mountain Apt. 205,,青ヶ島村,AU,Minnesota,N3U 7LZ,TRUE
627,627,REGISTERED,Mühlering 325,,Millerfurt,SE,Amapá,05922,TRUE
628,628,REGISTERED,Marika-Scholtz-Allee 3/1,,大田区,DE,Sevilla,41861,TRUE
629,629,REGISTERED,"21, rue Gauthier",,Kitzingen,NL,Málaga,IG8E 8SX,TRUE
630,630,REGISTERED,200 田中 Street,,da Cruz de Dias,FR,Vizcaya,653-6581,TRUE
631,631,REGISTERED,Stumpfgasse 4,,Perleberg,KY,Maine,17972699,TRUE
632,632,REGISTERED,"Stretto Martino, 48",,Crystalmouth,AU,Ciudad,31295,TRUE
633,633,REGISTERED,283 森 Street,,CordierBourg,FR,Santa Cruz de Tenerife,NP6E 7EJ,TRUE
634,634,REGISTERED,Nicolaus-Gotthard-Straße 88,,Alzano Lombardo,CA,Oristano,097-0711,TRUE
635,635,REGISTERED,815 林 Street,,فتوحfort,GB,Utah,94373,TRUE
636,636,REGISTERED,Haufferstr. 7/1,,Carvalho Verde,NL,New Hampshire,42117,TRUE
637,637,REGISTERED,Avenida de Araceli Ferrer 284 Piso 7 ,,Albert,FR,Michigan,51850,TRUE
638,638,REGISTERED,Gottlob-Kuhl-Platz 70-56,,North هاديburgh,US,Tocantins,24499,TRUE
639,639,REGISTERED,Ronda de Rosenda Guzmán 3,,Albuquerque do Norte,NL,Bayern,72028,TRUE
640,640,REGISTERED,Camino de Baldomero Valverde 20 Puerta 7 ,,Sonneberg,FR,Delaware,54481,TRUE
641,641,REGISTERED,Paseo de Vanesa Pérez 52 Apt. 62 ,,Hildburghausen,RU,Rio Grande do Norte,893-7826,TRUE
642,642,REGISTERED,"Parque Ana Júlia Nogueira, 65",,Nguyen-sur-Millet,IT,Iowa,30021,TRUE
643,643,REGISTERED,362 Stacey Ways,,Smithberg,TR,Oristano,48839,TRUE
644,644,REGISTERED,5917 حنفي Junction Apt. 805,,Córdoba,US,Gorizia,31907,TRUE
645,645,REGISTERED,"Borgo Guinizzelli, 9 Piano 3",,Câmara,DE,North Dakota,53185,TRUE
646,646,REGISTERED,"Estrada Antony da Paz, 662",,Jeremyville,TR,Maryland,334-3484,TRUE
647,647,REGISTERED,"Studio 6
Jenna Valleys",,国立市,US,Ceuta,50239,TRUE
648,648,REGISTERED,521 Amber Lodge,,عبد المجيدburgh,IR,Jaén,49242,TRUE
649,649,REGISTERED,"Vicolo Arnaldo, 82",,Port سائدport,BS,Distrito Federal,70598445,TRUE
650,650,REGISTERED,856 Kimberly Ports,,Marin-sur-Tanguy,ES,Guipúzcoa,03471,TRUE
651,651,REGISTERED,705 زبير Spring,,鴨川市,DE,Delaware,L9B 3XF,TRUE
652,652,REGISTERED,50 Clifford Forest,,Guerra,NL,Tarragona,65537,TRUE
653,653,REGISTERED,585 Davis Roads,,Sevilla,GB,Tennessee,70029,TRUE
654,654,REGISTERED,"82, rue Devaux",,青ヶ島村,GB,Mantova,45473,TRUE
655,655,REGISTERED,Via de Anselmo Fabregat 380,,Albuquerque,DE,Thüringen,213-6917,TRUE
656,656,REGISTERED,88498 Hubbard Well,,Valsanzibio,YE,Kansas,35040,TRUE
657,657,REGISTERED,343 山口 Street,,صيداويstad,US,Mecklenburg-Vorpommern,51390,TRUE
658,658,REGISTERED,2542 عبد الجليل Cliff,,Borna,GB,Washington,90022,TRUE
659,659,REGISTERED,Rambla Kike Pera 28,,Kleinport,BS,Georgia,87098,TRUE
660,660,REGISTERED,Ronda Cornelio Campos 190,,Weber,GB,Bergamo,220-0823,TRUE
661,661,REGISTERED,Gunpfstraße 0,,Borgata Borghesiana,RU,Mato Grosso,08356,TRUE
662,662,REGISTERED,690 Young Shoal,,武蔵野市,US,Brandenburg,33778,TRUE
663,663,REGISTERED,Ronda Baltasar Coca 54 Apt. 25 ,,Stade,KP,Georgia,16122,TRUE
664,664,REGISTERED,"Borgo Domenico, 56 Appartamento 62",,Madonna Delle Bozzole,US,Arezzo,19158,TRUE
665,665,REGISTERED,37600 بنو كلب Motorway Suite 083,,Nunes,SE,Alagoas,99216-400,TRUE
666,666,REGISTERED,Esplanada de Campos,,Evrard-sur-Bouchet,NG,Las Palmas,02123,TRUE
667,667,REGISTERED,Urbanización de Dorita Cantero 900 Puerta 9 ,,West Terencefurt,NL,Pennsylvania,OL23 7HT,TRUE
668,668,REGISTERED,984 John Crest,,South Jake,GB,Amapá,40033,TRUE
669,669,REGISTERED,"74, rue Caroline Lebrun",,川崎市中原区,IT,Rio Grande do Norte,19571,TRUE
670,670,REGISTERED,818 Samantha Shoal,,Cohen-la-Forêt,KP,Sachsen,85817,TRUE
671,671,REGISTERED,Via María Pilar Chaparro 951,,Singhburgh,ZA,Huelva,38100,TRUE
672,672,REGISTERED,012 松本 Street,,North Cliveborough,US,Santa Catarina,070-5748,TRUE
673,673,REGISTERED,Calle de Sara Mayoral 82 Piso 3 ,,Albacete,NL,Amapá,23862,TRUE
674,674,REGISTERED,512 森 Street,,練馬区,NL,Minas Gerais,720-6347,TRUE
675,675,REGISTERED,"1, rue Susan Gros",,Granada,FR,Mecklenburg-Vorpommern,46024,TRUE
676,676,REGISTERED,Sorgatzweg 5/2,,Lake Carolynfort,NL,Piauí,G7D 6JN,TRUE
677,677,REGISTERED,10212 Collins Shoals Suite 123,,Lake Richardport,SE,North Dakota,004-3927,TRUE
678,678,REGISTERED,14003 عدوان Via,,North Hollie,RU,Connecticut,01625-908,TRUE
679,679,REGISTERED,Wigbert-Geisel-Weg 88-30,,Silva,US,Bologna,108-6991,TRUE
680,680,REGISTERED,"Setor Costa, 45",,Johnsside,RU,Idaho,36850,TRUE
681,681,REGISTERED,"22, boulevard Auguste Jacob",,小金井市,CA,Ferrara,682-7735,TRUE
682,682,REGISTERED,610 西村 Street,,Lambert,US,São Paulo,11259,TRUE
683,683,REGISTERED,"Studio 10
Taylor Cape",,Kelheim,IR,Novara,31055,TRUE
684,684,REGISTERED,"Contrada Telemaco, 94",,横浜市戸塚区,US,Lugo,70445,TRUE
685,685,REGISTERED,"Via Paoletti, 39 Piano 0",,Halberstadt,GB,Mississippi,28711,TRUE
686,686,REGISTERED,837 伊藤 Street,,Le Grazie Varignano,RU,Acre,41485,TRUE
687,687,REGISTERED,Tobias-Lindau-Straße 3/1,,Rodrigues do Oeste,US,Bari,43313,TRUE
688,688,REGISTERED,869 Gregory Square Suite 534,,Kristinahaven,RU,Thüringen,73528,TRUE
689,689,REGISTERED,"Quadra de Monteiro, 55",,Bischofswerda,BS,Alaska,97677,TRUE
690,690,REGISTERED,Campo Martins,,Rezzonico,CA,Amazonas,62042985,TRUE
691,691,REGISTERED,Justine-Lehmann-Weg 1,,Soria,ZA,Madrid,S8 1TT,TRUE
692,692,REGISTERED,446 石井 Street,,Melle,ES,Baden-Württemberg,29637,TRUE
693,693,REGISTERED,"Residencial Cirino, 212",,山武郡横芝光町,GB,Arkansas,51620,TRUE
694,694,REGISTERED,Pasaje Loreto Abascal 586 Apt. 67 ,,Moncestino,IT,Bayern,01841,TRUE
695,695,REGISTERED,322 الماني Gateway,,Robert,US,Saarland,G5 5BE,TRUE
696,696,REGISTERED,"52, avenue Goncalves",,山武市,JP,Acre,37022,TRUE
697,697,REGISTERED,012 藤原 Street,,Sainte Céline-la-Forêt,US,Cuenca,06294,TRUE
698,698,REGISTERED,7 Barnes Locks,,Gunzenhausen,DE,Burgos,83018,TRUE
699,699,REGISTERED,11535 Smith Court,,Toledo,US,Pennsylvania,EC0 7YT,TRUE
700,700,REGISTERED,"Piazza Leone, 87",,横浜市磯子区,BS,Hessen,97131,TRUE
701,701,REGISTERED,883 علوان Squares Suite 726,,Wittstock,SY,La Coruña,92543551,TRUE
702,702,REGISTERED,Paseo Sergio Fabregat 142 Apt. 22 ,,Fernandez,US,Rio de Janeiro,09662,TRUE
703,703,REGISTERED,"8, rue Alfred Wagner",,Sanchez-sur-Girard,FR,Oregon,31479,TRUE
704,704,REGISTERED,82770 Ross Locks Apt. 607,,横浜市旭区,SE,Forlì-Cesena,90638,TRUE
705,705,REGISTERED,623 田中 Street,,匝瑳市,FR,South Carolina,19554,TRUE
706,706,REGISTERED,Sorgatzstraße 17/76,,Texier,MM,Bayern,29086,TRUE
707,707,REGISTERED,Cañada de Juanito Lastra 8,,Großenhain,PA,Treviso,17030,TRUE
708,708,REGISTERED,723 Gross Grove Apt. 009,,Capriati A Volturno,SE,Santa Cruz de Tenerife,55015,TRUE
709,709,REGISTERED,761 伊藤 Street,,Lleida,KY,Teramo,084-8883,TRUE
710,710,REGISTERED,"Studio 41H
Warren Summit",,East Shawnburgh,CA,Alabama,40879,TRUE
711,711,REGISTERED,"96, rue Michel",,八王子市,ES,Salerno,03937,TRUE
712,712,REGISTERED,865 ناصر Trace Suite 906,,Oliveira,BS,Nordrhein-Westfalen,60550,TRUE
713,713,REGISTERED,"2, rue Hortense Labbé",,Leeshire,GB,Berlin,21438,TRUE
714,714,REGISTERED,039 松田 Street,,Hernandez,SG,Rhode Island,15306,TRUE
715,715,REGISTERED,"Contrada Gianni, 3 Appartamento 7",,江戸川区,NL,Missouri,976-4441,TRUE
716,716,REGISTERED,"2, rue Joséphine Meyer",,東久留米市,FR,New Hampshire,27185,TRUE
717,717,REGISTERED,"Viale Enrico, 59",,South Sheilatown,DE,Rondônia,PH6B 7RR,TRUE
718,718,REGISTERED,Glorieta de Máximo Pizarro 64 Puerta 7 ,,East Alexport,DE,Georgia,11636,TRUE
719,719,REGISTERED,670 Samantha Hill,,Prévost-les-Bains,KP,Alicante,28068,TRUE
720,720,REGISTERED,159 中川 Street,,عبد الصّمدfurt,IT,Hessen,60667,TRUE
721,721,REGISTERED,Rosestr. 706,,八街市,ZA,Rio de Janeiro,181-3098,TRUE
722,722,REGISTERED,792 藤井 Street,,Davidview,DE,Bayern,33461,TRUE
723,723,REGISTERED,"Vale Silveira, 5",,Sainte Nath,FR,Indiana,08746,TRUE
724,724,REGISTERED,564 روعة Square Apt. 405,,Paderborn,ES,Rheinland-Pfalz,04683,TRUE
725,725,REGISTERED,568 تحسين Corner,,da Cruz do Sul,DE,Pará,102-8621,TRUE
726,726,REGISTERED,"Largo de Guerra, 1",,Henryborough,TR,Berlin,03619-202,TRUE
727,727,REGISTERED,Cañada de Carmelita Abad 77 Apt. 78 ,,横浜市港南区,YE,Rheinland-Pfalz,W6 1ZD,TRUE
728,728,REGISTERED,091 山口 Street,,Maranzana,ZA,Connecticut,90035,TRUE
729,729,REGISTERED,Via de Calista Llorente 4 Puerta 8 ,,Bogen,US,Utah,75491,TRUE
730,730,REGISTERED,802 Morris Rest Suite 164,,西多摩郡奥多摩町,FR,Hessen,43838,TRUE
731,731,REGISTERED,92019 Amber Stream Suite 311,,Perrier,BS,Connecticut,35035,TRUE
732,732,REGISTERED,97077 Cox Harbors Suite 708,,Bitterfeld,NL,Maine,763-1203,TRUE
733,733,REGISTERED,Johanna-Reinhardt-Ring 2,,Alfonsine,BS,Agrigento,49629,TRUE
734,734,REGISTERED,"Flat 09I
Mark Wall",,Bertrand-sur-Allain,NG,Bayern,81129,TRUE
735,735,REGISTERED,Benno-Scholz-Allee 1-3,,Monteiro da Mata,ES,Córdoba,42298,TRUE
736,736,REGISTERED,5834 بنو يعلى Locks Suite 229,,Rivanazzano,NG,Ravenna,56603616,TRUE
737,737,REGISTERED,"Studio 50
Karen Flat",,South Jerryland,CA,Venezia,KW0 8TY,TRUE
738,738,REGISTERED,"Studio 79d
Wood Crossing",,Williamsport,PA,Pordenone,54438,TRUE
739,739,REGISTERED,"27, chemin de Moulin",,New Jacobtown,PA,Las Palmas,33297323,TRUE
740,740,REGISTERED,Theobald-Mühle-Platz 638,,Demmin,ES,Idaho,75897,TRUE
741,741,REGISTERED,075 الخالدي Isle,,Barcelona,ES,New Hampshire,98022,TRUE
742,742,REGISTERED,Sigrun-Eckbauer-Straße 47-47,,Shahhaven,JP,Montana,950-4894,TRUE
743,743,REGISTERED,Eugenia-Hövel-Gasse 7,,Barcelona,DE,Albacete,484-6010,TRUE
744,744,REGISTERED,638 Walters Underpass,,横浜市瀬谷区,IT,Teramo,OX7 5ZU,TRUE
745,745,REGISTERED,"56, rue Payet",,Boucher-sur-Weber,PA,Brandenburg,15948,TRUE
746,746,REGISTERED,Trubinstraße 91-98,,Forchheim,MM,Rio Grande do Sul,85557,TRUE
747,747,REGISTERED,"Viale Valguarnera, 96 Piano 7",,Cantabria,DE,Espírito Santo,81883,TRUE
748,748,REGISTERED,"Viale Toldo, 864 Piano 5",,Brito da Serra,US,Messina,01374,TRUE
749,749,REGISTERED,Avenida de María Luisa Vila 597 Apt. 23 ,,Cordiernec,FR,São Paulo,40940,TRUE
750,750,REGISTERED,089 Anthony Rest Suite 134,,Littlefort,NL,Vicenza,45284135,TRUE
751,751,REGISTERED,"Vicolo Giorgio, 5 Piano 0",,Gräfenhainichen,RU,Arizona,12462,TRUE
752,752,REGISTERED,5951 الجعليين Passage Suite 482,,Saint Virginie,SE,Zamora,52462,TRUE
753,753,REGISTERED,"Via Sauro, 97 Appartamento 7",,Powellshire,FR,Tennessee,CA8 7XW,TRUE
754,754,REGISTERED,Heinz-Walter-Söding-Straße 97,,East Jeremy,US,Alagoas,93356,TRUE
755,755,REGISTERED,"Estrada Sabrina Barbosa, 189",,Martins,NL,Minnesota,ME9 8YN,TRUE
756,756,REGISTERED,Kuhlgasse 739,,North Julia,US,Acre,84100,TRUE
757,757,REGISTERED,Parque Brayan Campos,,Willisbury,US,Bremen,566-9940,TRUE
758,758,REGISTERED,557 小川 Street,,Saint Zoé-sur-Mer,US,Guipúzcoa,89023,TRUE
759,759,REGISTERED,14147 جوليا Squares,,East Eileen,ES,Illinois,548-7273,TRUE
760,760,REGISTERED,Pasadizo de Lupe Lago 57 Apt. 36 ,,川崎市多摩区,US,California,223-2207,TRUE
761,761,REGISTERED,avenue de Vaillant,,Saint Geneviève,DE,Navarra,63848,TRUE
762,762,REGISTERED,"86, chemin de Perrier",,Ilmenau,YE,Oregon,31010,TRUE
763,763,REGISTERED,98 Leah Village,,Ceuta,US,Sevilla,09483-774,TRUE
764,764,REGISTERED,"Via Carullo, 826",,豊島区,GB,Barletta-Andria-Trani,18792,TRUE
765,765,REGISTERED,"Fazenda de Leão, 15",,Taylorland,US,Nordrhein-Westfalen,27450,TRUE
766,766,REGISTERED,863 前田 Street,,Sainte Nathalienec,PA,Michigan,00029,TRUE
767,767,REGISTERED,"30, chemin de Le Goff",,Port Mathew,IT,Kentucky,52842,TRUE
768,768,REGISTERED,C. de Lupe Blanes 57 Puerta 3 ,,Bremervörde,JP,Tarragona,95312-040,TRUE
769,769,REGISTERED,"Lagoa Costela, 215",,Bernardchester,FR,Pará,07818,TRUE
770,770,REGISTERED,"Incrocio Eva, 42 Appartamento 35",,Sainte Arthur,JP,Hessen,24751,TRUE
771,771,REGISTERED,Largo Barbosa,,Valencia,MM,Bahia,13011,TRUE
772,772,REGISTERED,"32, chemin Hoareau",,Brilon,NG,South Carolina,10400,TRUE
773,773,REGISTERED,32394 زحيكة Springs Suite 523,,Málaga,NL,Vizcaya,40938,TRUE
774,774,REGISTERED,Camino Pepe Huertas 87,,Peltier,ES,Rio Grande do Sul,16020,TRUE
775,775,REGISTERED,"Vicolo Piermaria, 84",,Canicossa,ES,Vicenza,00040,TRUE
776,776,REGISTERED,"37, rue Yves Ollivier",,Lake Clare,JP,Nebraska,95740,TRUE
777,777,REGISTERED,Paseo Mirta Berenguer 61 Apt. 81 ,,Wheelerhaven,IT,Schleswig-Holstein,L0 3UF,TRUE
778,778,REGISTERED,4931 Tiffany Heights,,横浜市鶴見区,GB,São Paulo,51676,TRUE
779,779,REGISTERED,"Borgo Caterina, 17 Appartamento 96",,East Jemmachester,ZA,Sondrio,38169,TRUE
780,780,REGISTERED,90 Joanne Trail,,Marion-sur-Maillard,TR,Alagoas,L34 3US,TRUE
781,781,REGISTERED,"Studio 11
Boyle Haven",,North Graemeburgh,IR,Sachsen-Anhalt,948-1950,TRUE
782,782,REGISTERED,3160 Cunningham Skyway,,Smartshire,FR,Sachsen,10965,TRUE
783,783,REGISTERED,"Flat 2
Walker Skyway",,New Angela,US,Maine,G8 4PF,TRUE
784,784,REGISTERED,749 Sylvia Light,,Lesliebury,JP,Brandenburg,23031,TRUE
785,785,REGISTERED,5252 بنو كلب Club Apt. 254,,Santos,AU,Piauí,35117,TRUE
786,786,REGISTERED,27172 ربيعة Dale Suite 650,,Álava,IT,Texas,11380,TRUE
787,787,REGISTERED,6 Henderson Circle,,Madrid,FR,Bahia,62329,TRUE
788,788,REGISTERED,0847 العلمي Pine,,Seguin,US,Maranhão,00669,TRUE
789,789,REGISTERED,Lissy-Mälzer-Ring 85,,New منافhaven,DE,Florida,02754,TRUE
790,790,REGISTERED,Paseo de Sebastián Santos 92 Apt. 21 ,,North كاظم,PA,Madrid,84711,TRUE
791,791,REGISTERED,7599 ابو عيد Plains Suite 290,,狛江市,NG,Rio Grande do Sul,90871,TRUE
792,792,REGISTERED,"85, rue Alexandre",,Castellafiume,SE,Benevento,53779,TRUE
793,793,REGISTERED,Heuserring 67-12,,ريماburgh,GB,Georgia,12410,TRUE
794,794,REGISTERED,"Vicolo Bacosi, 72 Appartamento 4",,San Giovanni Di San Giorgio Del Sannio,NG,Hessen,84247,TRUE
795,795,REGISTERED,Gorlitzweg 37,,Harrisburgh,JP,Bremen,40089,TRUE
796,796,REGISTERED,25031 Brenda Parkway Apt. 485,,East Brandon,BS,Pennsylvania,14426,TRUE
797,797,REGISTERED,"Incrocio Ennio, 525 Piano 5",,Toledo,DE,Rio Grande do Norte,04532,TRUE
798,798,REGISTERED,Plaza de Micaela Carrasco 445,,Lake Alisonfort,FR,Sondrio,348-0957,TRUE
799,799,REGISTERED,223 森 Street,,Alves de Gomes,TR,Reggio Emilia,209-5493,TRUE
800,800,REGISTERED,114 斎藤 Street,,North Sheilabury,ES,Vizcaya,72870,TRUE
801,801,REGISTERED,78376 هندية Cliffs Suite 382,,North Kimberlytown,TR,Cáceres,402-4797,TRUE
802,802,REGISTERED,976 松本 Street,,印旛郡印旛村,IT,Zaragoza,47409,TRUE
803,803,REGISTERED,672 中島 Street,,da Cunha,TR,Barcelona,E46 0GF,TRUE
804,804,REGISTERED,47823 مشفق Rue,,Reutlingen,FR,Louisiana,81028,TRUE
805,805,REGISTERED,Marica-Binner-Allee 9/5,,Greifswald,DE,Hessen,54969,TRUE
806,806,REGISTERED,05 Jenkins Heights,,横浜市緑区,US,Baden-Württemberg,49059,TRUE
807,807,REGISTERED,"Flat 61E
Greenwood Pines",,East Stephaniehaven,PA,Wisconsin,37966,TRUE
808,808,REGISTERED,Cañada de Álvaro Montenegro 18,,Saint François,SE,Mato Grosso,288-7329,TRUE
809,809,REGISTERED,1611 قضاعة Loaf,,横浜市西区,US,Bologna,W6H 9WH,TRUE
810,810,REGISTERED,565 العسلي Plains,,Vialfre',US,Mecklenburg-Vorpommern,21878,TRUE
811,811,REGISTERED,"Aeroporto Vasconcelos, 30",,صبحيburgh,SG,Thüringen,440-9707,TRUE
812,812,REGISTERED,"Aeroporto Nascimento, 172",,Novais,US,Thüringen,71184-252,TRUE
813,813,REGISTERED,Hans-Jürgen-Hübel-Allee 8/4,,Joannefort,SE,New Hampshire,96199716,TRUE
814,814,REGISTERED,"Contrada Edoardo, 45",,Brandenburg,IT,Wisconsin,16982,TRUE
815,815,REGISTERED,"Flat 1
Brian Locks",,Amberg,GB,Alagoas,58934,TRUE
816,816,REGISTERED,463 岡本 Street,,Zaragoza,ES,Indiana,SM26 5FW,TRUE
817,817,REGISTERED,Stadelmanngasse 74,,Christophertown,PA,Cuenca,19607,TRUE
818,818,REGISTERED,"230, rue Mace",,New Lorishire,ZA,Oklahoma,04802835,TRUE
819,819,REGISTERED,812 森 Street,,West وفائيport,KP,Kentucky,53110583,TRUE
820,820,REGISTERED,650 加藤 Street,,八王子市,TR,North Carolina,62883-636,TRUE
821,821,REGISTERED,Silvio-Löwer-Straße 18-48,,Barros das Flores,CA,Hamburg,84495,TRUE
822,822,REGISTERED,"Praça Duarte, 576",,New Mike,KY,Acre,87027,TRUE
823,823,REGISTERED,Killerallee 98,,Ramos,ES,Melilla,040-0918,TRUE
824,824,REGISTERED,Fazenda de Ramos,,New James,FR,Washington,01860,TRUE
825,825,REGISTERED,"49, boulevard Durand",,印旛郡本埜村,IR,New York,03239,TRUE
826,826,REGISTERED,"Flat 69x
Davies Park",,Toledo,PA,Paraná,46761,TRUE
827,827,REGISTERED,8358 العوالق Walk,,横浜市磯子区,CA,Sachsen-Anhalt,849-4910,TRUE
828,828,REGISTERED,Ronda María Manuela Gil 44,,福生市,US,Murcia,47166,TRUE
829,829,REGISTERED,"Estação Matteo Nunes, 8",,Sousa,ZA,Rheinland-Pfalz,42611,TRUE
830,830,REGISTERED,Rambla Chita Burgos 63 Apt. 12 ,,Vargas de Goiás,NG,Reggio Calabria,18025,TRUE
831,831,REGISTERED,"Distrito Luara Rocha, 62",,New Juliefort,US,Distrito Federal,94205,TRUE
832,832,REGISTERED,"Morro Elisa Dias, 17",,いすみ市,JP,Brandenburg,466-3273,TRUE
833,833,REGISTERED,"Esplanada Laís da Cunha, 3",,鎌ケ谷市,CH,Melilla,W6C 9ZB,TRUE
834,834,REGISTERED,"Studio 70t
Higgins Isle",,Port زايد,ZA,Washington,451-3728,TRUE
835,835,REGISTERED,"Contrada Ottino, 2",,West Wayne,CA,Vizcaya,98066,TRUE
836,836,REGISTERED,436 الوعري Underpass,,Lake Hilaryburgh,DE,Paraná,15062917,TRUE
837,837,REGISTERED,"22, boulevard de Hoarau",,日野市,JP,León,86571,TRUE
838,838,REGISTERED,"Flat 04
Stephens Branch",,Deggendorf,RU,Torino,32487,TRUE
839,839,REGISTERED,93467 Evans Cliff Apt. 368,,North دليلbury,GB,Florida,10513346,TRUE
840,840,REGISTERED,360 松本 Street,,Sousa,BS,Acre,76720-005,TRUE
841,841,REGISTERED,"Borgo Roman, 28",,Carlyport,CA,Huesca,620-7743,TRUE
842,842,REGISTERED,"26, avenue Salmon",,川崎市川崎区,RU,Espírito Santo,49293,TRUE
843,843,REGISTERED,Cañada Manuel Portillo 82 Piso 3 ,,Sainte Maggie,MM,New Jersey,797-1585,TRUE
844,844,REGISTERED,Callejón Román Millán 78 Puerta 8 ,,Cunha,NG,Piauí,01128,TRUE
845,845,REGISTERED,Ramon-Jüttner-Weg 5410,,Newtonberg,RU,Colorado,59701,TRUE
846,846,REGISTERED,"Studio 96P
Catherine Isle",,Oliveira do Amparo,US,Rio Grande do Norte,52217114,TRUE
847,847,REGISTERED,356 鈴木 Street,,Saint Jeanninedan,TR,León,16949,TRUE
848,848,REGISTERED,071 Scott Keys,,Noël,KP,Hessen,943-1974,TRUE
849,849,REGISTERED,2954 Black Isle,,West فرات,PA,Brandenburg,43922,TRUE
850,850,REGISTERED,Bendergasse 4-5,,Migliarina,US,Niedersachsen,23829,TRUE
851,851,REGISTERED,"Canale Gustavo, 8 Piano 7",,Gilles,GB,Macerata,08938,TRUE
852,852,REGISTERED,"Lago Albuquerque, 34",,Wittenberg,ES,Vermont,95114,TRUE
853,853,REGISTERED,Paseo de Salud Lillo 30,,Zaragoza,RU,Vermont,29784,TRUE
854,854,REGISTERED,Cuesta de Pascual Fernández 289,,Morelboeuf,PA,Florida,22285,TRUE
855,855,REGISTERED,299 佐藤 Street,,Webernec,DE,Rondônia,614-2838,TRUE
856,856,REGISTERED,"34, rue Alexandria Lamy",,Gräfenhainichen,DE,Hessen,45207,TRUE
857,857,REGISTERED,Acceso de Octavia Maestre 44,,South بدرالدّجى,FR,Mato Grosso,75025,TRUE
858,858,REGISTERED,"79, chemin Marc Breton",,Gibbonston,DE,Bolzano,69056,TRUE
859,859,REGISTERED,Pasadizo de Toño Ropero 99 Puerta 9 ,,Albacete,NG,Connecticut,69014971,TRUE
860,860,REGISTERED,"Pátio Luana Siqueira, 60",,Curtisville,BS,Rovigo,18089,TRUE
861,861,REGISTERED,6937 Collins Dale Suite 286,,Holdenside,ES,Rheinland-Pfalz,40250385,TRUE
862,862,REGISTERED,635 النمري Brook,,Port Jasonberg,CA,Rio de Janeiro,615-5463,TRUE
863,863,REGISTERED,"Piazza Fulvio, 543 Piano 6",,بديريةbury,FR,Amapá,35761,TRUE
864,864,REGISTERED,Therese-Krein-Straße 90/88,,Viana do Amparo,SE,Goiás,43602,TRUE
865,865,REGISTERED,042 三浦 Street,,葛飾区,PA,Maryland,34115-733,TRUE
866,866,REGISTERED,344 伊藤 Street,,品川区,CA,Cádiz,86233,TRUE
867,867,REGISTERED,989 Lee Common,,Lake Elliotthaven,BS,New Hampshire,27331,TRUE
868,868,REGISTERED,829 中島 Street,,Camerana,US,Rio de Janeiro,64031,TRUE
869,869,REGISTERED,"Vale Nascimento, 32",,Williamstad,US,Berlin,51428,TRUE
870,870,REGISTERED,Plaza Godofredo Morán 244 Apt. 23 ,,الوعريstad,GB,Santa Catarina,423-5080,TRUE
871,871,REGISTERED,Paseo de Ofelia Bermudez 93 Puerta 5 ,,Neustadtner Waldnaab,FR,Mato Grosso,83052,TRUE
872,872,REGISTERED,rue de Langlois,,New ميراton,BS,Illinois,09024,TRUE
873,873,REGISTERED,8 Nash Fields,,Ávila,PA,Montana,L15 5HB,TRUE
874,874,REGISTERED,"Praça de da Costa, 55",,New Marie,PA,Sachsen-Anhalt,23363,TRUE
875,875,REGISTERED,42168 مجاهد Views,,East شهد,SE,New York,73056,TRUE
876,876,REGISTERED,"Via Amanda, 0 Appartamento 0",,Novais Alegre,US,Terni,38712,TRUE
877,877,REGISTERED,048 田中 Street,,La Rioja,CA,Lugo,30566,TRUE
878,878,REGISTERED,623 松本 Street,,墨田区,US,South Carolina,10310,TRUE
879,879,REGISTERED,"Ladeira de Rios, 11",,Durand-sur-Mer,ES,Wisconsin,35147,TRUE
880,880,REGISTERED,"Viale Gabrieli, 49",,武蔵野市,GB,Goiás,68274,TRUE
881,881,REGISTERED,Paola-Freudenberger-Weg 280,,East ظهير,PA,Bayern,919-8355,TRUE
882,882,REGISTERED,Alameda de Eugenio Bernad 45 Apt. 75 ,,Velletri,ZA,Hawaii,92254,TRUE
883,883,REGISTERED,976 Shepherd Grove,,江東区,SY,Wyoming,94018,TRUE
884,884,REGISTERED,16301 يافع Mountains,,Göttingen,JP,Niedersachsen,98163,TRUE
885,885,REGISTERED,0180 أنمار Underpass Apt. 348,,Port Melissabury,DE,Kansas,05029,TRUE
886,886,REGISTERED,627 佐藤 Street,,Grenier-la-Forêt,MM,Amapá,G8W 6TF,TRUE
887,887,REGISTERED,26264 ابتكار Land,,八王子市,US,Goiás,50046,TRUE
888,888,REGISTERED,441 Butler Expressway,,Meina,CA,Nevada,41626,TRUE
889,889,REGISTERED,"Vicolo Iannelli, 94 Piano 7",,Victoriashire,ZA,Baden-Württemberg,51310,TRUE
890,890,REGISTERED,011 Graham Mountain,,Vargas,US,Goiás,84173,TRUE
891,891,REGISTERED,"Studio 55
Stevens Shores",,Villassio,ES,Saarland,12070,TRUE
892,892,REGISTERED,136 طيّب Forest Suite 704,,Garciafurt,ES,Rieti,SS7 3NE,TRUE
893,893,REGISTERED,"11, avenue Lévêque",,Port Danielton,GB,Pistoia,38658,TRUE
894,894,REGISTERED,"86, chemin Maillet",,Carlino,US,Avellino,28834133,TRUE
895,895,REGISTERED,"79, rue Marine Royer",,East لوجينtown,ES,New Jersey,46892,TRUE
896,896,REGISTERED,9112 صابر Underpass Apt. 142,,Intermesoli,ZA,Connecticut,59465744,TRUE
897,897,REGISTERED,"Alameda de Rodrigues, 12",,JourdanBourg,TR,Distrito Federal,84184-714,TRUE
898,898,REGISTERED,28 Janet Branch,,Sainte Renée,DE,Lleida,90676183,TRUE
899,899,REGISTERED,Finkegasse 9/9,,نهدton,GB,Badajoz,51610,TRUE
900,900,REGISTERED,390 Mueller Glen Apt. 970,,Dumont,US,Delaware,18158913,TRUE
901,901,REGISTERED,"Piazza Cimarosa, 161",,Burgos,IR,Hessen,31014,TRUE
902,902,REGISTERED,102 山本 Street,,Erfurt,ES,Mato Grosso,38070,TRUE
903,903,REGISTERED,Callejón Virginia Piña 6,,Smithbury,US,Oklahoma,25016,TRUE
904,904,REGISTERED,643 中村 Street,,Sainte Patricia-sur-Mer,SE,Mecklenburg-Vorpommern,96757,TRUE
905,905,REGISTERED,6054 مُتعب Center,,Pacheco da Mata,GB,Verona,E0 9UR,TRUE
906,906,REGISTERED,098 Frye Light,,ماهرtown,TR,Taranto,13826,TRUE
907,907,REGISTERED,"762, avenue Bigot",,Berlin,ZA,Arkansas,51289622,TRUE
908,908,REGISTERED,"16, rue Victoire Hoareau",,Soria,ZA,Ravenna,33070,TRUE
909,909,REGISTERED,"Piazza Balla, 954",,بو مدينbury,RU,Pennsylvania,01786,TRUE
910,910,REGISTERED,688 Stephens Burgs Apt. 039,,Cottbus,JP,New Mexico,12694,TRUE
911,911,REGISTERED,"Flat 49
Roberts Extensions",,Chadwickshire,FR,Granada,AL33 8XW,TRUE
912,912,REGISTERED,754 Valentine Cliff,,夷隅郡大多喜町,BS,Reggio Calabria,04662,TRUE
913,913,REGISTERED,"Lago Vitória Correia, 60",,الطحانbury,YE,Distrito Federal,547-0171,TRUE
914,914,REGISTERED,Núcleo Aparecida,,Hughesfort,US,Baden-Württemberg,19201,TRUE
915,915,REGISTERED,"Studio 55
Martin Meadow",,Imbert-sur-Hebert,ES,Pontevedra,75741,TRUE
916,916,REGISTERED,"Feira Luara Santos, 37",,Cantabria,KY,Cantabria,63848,TRUE
917,917,REGISTERED,"304, avenue Inès Humbert",,Lake Brendanport,GB,Amapá,715-5805,TRUE
918,918,REGISTERED,Samuel-Zänker-Weg 5091,,Lake Martinmouth,ES,Virginia,DE26 1LU,TRUE
919,919,REGISTERED,"884, rue Hugues Bruneau",,Port جوانا,NL,Pará,933-7885,TRUE
920,920,REGISTERED,"Borgo Emilio, 9",,千代田区,DE,Bari,20733,TRUE
921,921,REGISTERED,5493 Kevin Fort Suite 904,,Carbonate,CA,Pennsylvania,28783,TRUE
922,922,REGISTERED,64122 Chang Glen,,Jamesmouth,NG,Kansas,44145,TRUE
923,923,REGISTERED,"Flat 58F
Kate Grove",,Edwinport,RU,Gorizia,G5 1FP,TRUE
924,924,REGISTERED,"59, boulevard Delannoy",,Farias,FR,Viterbo,10023,TRUE
925,925,REGISTERED,Trubinstraße 1520,,Barbosa Alegre,KY,Burgos,41709,TRUE
926,926,REGISTERED,01461 Jessica Rapid,,Oschatz,IT,Piauí,L0E 1RJ,TRUE
927,927,REGISTERED,6882 Mendoza Pine Apt. 072,,Abreu,JP,Oklahoma,SG4R 3TH,TRUE
928,928,REGISTERED,"Rotonda Loredan, 276",,Nunes do Norte,KY,Pavia,95294,TRUE
929,929,REGISTERED,Pasadizo Atilio Ródenas 39,,East Michaelstad,TR,Valladolid,30889,TRUE
930,930,REGISTERED,15 French Spring,,Burglengenfeld,BS,Sevilla,18653,TRUE
931,931,REGISTERED,887 山本 Street,,山武郡芝山町,SG,Nordrhein-Westfalen,67325,TRUE
932,932,REGISTERED,Camino de Clarisa Rey 74,,印旛郡酒々井町,GB,Paraná,45202,TRUE
933,933,REGISTERED,Arne-Ehlert-Platz 1/6,,三宅島三宅村,ZA,Viterbo,N15 4EW,TRUE
934,934,REGISTERED,Zoran-Putz-Weg 5/8,,Marshchester,IT,Barcelona,95844-420,TRUE
935,935,REGISTERED,37 Clifford Lakes,,North Mary,CA,Alagoas,69141,TRUE
936,936,REGISTERED,768 山本 Street,,Chevalier,NG,Illinois,E1W 4AP,TRUE
937,937,REGISTERED,Pasaje de Cornelio Marti 478,,East Stuartview,CA,Firenze,50144,TRUE
938,938,REGISTERED,Urbanización Jose Manuel Campillo 56 Apt. 26 ,,Álava,PA,Iowa,75318,TRUE
939,939,REGISTERED,400 吉田 Street,,Novais das Flores,NL,Pennsylvania,77956,TRUE
940,940,REGISTERED,"Studio 3
Webster Inlet",,Da Silva,FR,Amazonas,W1 0BL,TRUE
941,941,REGISTERED,"Fazenda da Conceição, 749",,Villa Motta,KY,Brandenburg,33530049,TRUE
942,942,REGISTERED,"36, boulevard Clémence Wagner",,Wolfratshausen,IT,Melilla,878-5399,TRUE
943,943,REGISTERED,605 井上 Street,,Dias,IT,Bahia,CM6E 0RY,TRUE
944,944,REGISTERED,Via de Lourdes Prats 39,,Paladina,US,Tocantins,43658,TRUE
945,945,REGISTERED,197 木村 Street,,East راجحbury,IR,Utah,67609,TRUE
946,946,REGISTERED,Cuesta Inmaculada Solano 66 Piso 6 ,,East Steven,BS,Bahia,63186,TRUE
947,947,REGISTERED,"Viale Rizzo, 0",,Martineau-sur-Mercier,GB,Santa Catarina,84283,TRUE
948,948,REGISTERED,Heserring 4/7,,فهمville,US,Maryland,28147,TRUE
949,949,REGISTERED,"Via Sommaruga, 9",,Casaprota,US,Baden-Württemberg,26570,TRUE
950,950,REGISTERED,Pechelring 18,,Ilmenau,TR,Rio de Janeiro,37939-579,TRUE
951,951,REGISTERED,"40, boulevard de Lamy",,Leipziger Land,SE,Messina,G5 2HH,TRUE
952,952,REGISTERED,Schweitzerstr. 487,,Bad Kreuznach,BS,Virginia,69282,TRUE
953,953,REGISTERED,"Campo Pimenta, 90",,Murcia,ES,Soria,SL27 3RP,TRUE
954,954,REGISTERED,484 David Wells,,Tübingen,CA,Indiana,010-7402,TRUE
955,955,REGISTERED,"23, boulevard Guy Vaillant",,Port Robertfurt,NL,Nevada,626-6316,TRUE
956,956,REGISTERED,Viela Nogueira,,Zamora,YE,Navarra,13588,TRUE
957,957,REGISTERED,961 David Villages Apt. 552,,Lucas,FR,Alagoas,39036,TRUE
958,958,REGISTERED,"Piazza Canetta, 361",,الكالوتيmouth,DE,Ohio,71057,TRUE
959,959,REGISTERED,Camino Adriana Carranza 561 Apt. 29 ,,Boutin,GB,Wyoming,44302,TRUE
960,960,REGISTERED,45762 بكر بن وائل Islands,,South Davidside,US,Melilla,15221336,TRUE
961,961,REGISTERED,74611 هناء Villages,,Martins,NL,Michigan,957-0796,TRUE
962,962,REGISTERED,184 ياسر Mountain Suite 309,,South Johnshire,JP,Rio de Janeiro,19133,TRUE
963,963,REGISTERED,"Travessa Henrique Sales, 50",,Delorme,CA,Distrito Federal,43674,TRUE
964,964,REGISTERED,340 近藤 Street,,Pearsonville,DE,Napoli,096-3167,TRUE
965,965,REGISTERED,"699, boulevard Le Roux",,East Christopher,CA,Montana,17023,TRUE
966,966,REGISTERED,Calle de Delfina Herrero 65 Piso 7 ,,North Blake,JP,Fermo,S44 9LU,TRUE
967,967,REGISTERED,"Aeroporto de Leão, 80",,南房総市,NL,Bremen,85580,TRUE
968,968,REGISTERED,"16, avenue Claire Lecoq",,صلاح الدّينbury,SE,Thüringen,878-3140,TRUE
969,969,REGISTERED,5061 Mejia Camp Suite 701,,Riva Del Sole,MM,Arkansas,74968,TRUE
970,970,REGISTERED,"23, boulevard de Barbier",,横浜市鶴見区,MM,Bahia,N3 7DG,TRUE
971,971,REGISTERED,"Estação Maria Vasconcelos, 6",,Madrid,JP,Piauí,82063228,TRUE
972,972,REGISTERED,064 高橋 Street,,Rubiana,PA,Cosenza,47788-407,TRUE
973,973,REGISTERED,Pasadizo de Benjamín Cerezo 226,,長生郡白子町,KY,Aosta,45275,TRUE
974,974,REGISTERED,16647 الجاعوني Divide,,Campos,NL,Barcelona,90247,TRUE
975,975,REGISTERED,0867 Michael Canyon,,Rezende de Caldeira,YE,New Mexico,04815,TRUE
976,976,REGISTERED,007 Kenneth Parks,,جليلburgh,PA,Almería,49723,TRUE
977,977,REGISTERED,"Contrada Desio, 52 Appartamento 4",,夷隅郡御宿町,ES,Vizcaya,56398,TRUE
978,978,REGISTERED,571 山本 Street,,Aquila Di Arroscia,FR,Montana,67234,TRUE
979,979,REGISTERED,24535 Terri Street Apt. 111,,Laurenland,IT,La Rioja,918-8383,TRUE
980,980,REGISTERED,348 Natalie Canyon Apt. 264,,Schwandorf,CH,Florida,44403,TRUE
981,981,REGISTERED,93717 Fleming Underpass Apt. 146,,Akhtarmouth,DE,Louisiana,03010,TRUE
982,982,REGISTERED,Callejón Adalberto Carlos 429,,横浜市瀬谷区,JP,Michigan,186-7433,TRUE
983,983,REGISTERED,"26, chemin Lejeune",,الشرفاءberg,KY,Bayern,65948053,TRUE
984,984,REGISTERED,244 تنوخ Manor Apt. 112,,New Amelia,US,Pesaro e Urbino,80661,TRUE
985,985,REGISTERED,2128 شمران Prairie,,Maryview,US,Roraima,41154,TRUE
986,986,REGISTERED,Sina-Bachmann-Platz 7-9,,安房郡鋸南町,GB,Torino,26852-728,TRUE
987,987,REGISTERED,83345 Castillo Junctions Suite 232,,Ramos de Silva,ES,Kentucky,25050,TRUE
988,988,REGISTERED,Konstanze-Vogt-Platz 55/75,,New مظهر,PA,Arizona,07832,TRUE
989,989,REGISTERED,8467 Jared Station Apt. 912,,Huelva,ZA,Savona,06239459,TRUE
990,990,REGISTERED,"280, boulevard Didier",,Connorbury,GB,Las Palmas,82362,TRUE
991,991,REGISTERED,Vereda Rezende,,Cavalcante de Moraes,DE,Massachusetts,374-9963,TRUE
992,992,REGISTERED,Drewesring 94/41,,Luciana,JP,Barcelona,33056,TRUE
993,993,REGISTERED,Kösterstraße 5/6,,Forchheim,SY,Florida,94730-882,TRUE
994,994,REGISTERED,Heintzering 9,,Cádiz,GB,Oklahoma,47909,TRUE
995,995,REGISTERED,"Piazza Brichese, 41 Piano 8",,Lauria Inferiore,DE,Hessen,708-2881,TRUE
996,996,REGISTERED,2 Bethan Station,,Perez-sur-Mer,NL,Maine,37731,TRUE
997,997,REGISTERED,231 森 Street,,North ريتاج,NG,Rheinland-Pfalz,987-9201,TRUE
998,998,REGISTERED,389 Marian Crescent,,بنو شعبةton,KP,Delaware,92310,TRUE
999,999,REGISTERED,"Canale Sauro, 43",,Payneborough,GB,Rimini,95933,TRUE
1000,1000,REGISTERED,667 佐藤 Street,,横浜市青葉区,US,Lucca,91240,TRUE
1001,1001,REGISTERED,Glorieta de Josep Esparza 44,,Morganside,DE,Girona,91398,TRUE
1002,1002,REGISTERED,"Stretto Moresi, 25",,Gillborough,DE,Ceará,54607,TRUE
1003,1003,REGISTERED,Callejón de Asunción Rosa 24 Piso 3 ,,Cardoso,FR,Crotone,HP52 7RB,TRUE
1004,1004,REGISTERED,Avenida de Camilo Ribas 261,,Albacete,GB,Barletta-Andria-Trani,G6T 5PP,TRUE
1005,1005,REGISTERED,Alameda de Rebeca Pablo 16 Apt. 30 ,,New Amyberg,FR,Treviso,86974,TRUE
1006,1006,REGISTERED,"2, chemin Arthur Devaux",,East Victoriaview,GB,Niedersachsen,82862,TRUE
1007,1007,REGISTERED,Hölzenbecherstr. 7-6,,Ávila,ZA,New Mexico,94012,TRUE
1008,1008,REGISTERED,"Lago de Sampaio, 39",,Parent,NG,Sondrio,70333,TRUE
1009,1009,REGISTERED,94576 يارا Streets,,Sainte Renée,FR,Navarra,06889,TRUE
1010,1010,REGISTERED,"Condomínio de Ribeiro, 30",,横浜市瀬谷区,CA,Foggia,11588-218,TRUE
1011,1011,REGISTERED,97542 عنز بن وائل Forest,,ليناburgh,TR,Taranto,87700-788,TRUE
1012,1012,REGISTERED,660 Amber Lake Apt. 839,,Rodi Garganico,GB,Gorizia,776-8677,TRUE
1013,1013,REGISTERED,693 حامد Parks Apt. 983,,Pontevedra,CA,Vermont,503-4988,TRUE
1014,1014,REGISTERED,"Viela Yuri Borges, 982",,Turnerview,TR,Pistoia,67041,TRUE
1015,1015,REGISTERED,257 伊藤 Street,,Vasconcelos do Norte,FR,Crotone,84082,TRUE
1016,1016,REGISTERED,"49, rue Teixeira",,長生郡一宮町,TR,Barcelona,62837,TRUE
1017,1017,REGISTERED,Beerplatz 40-44,,Normand,ES,South Dakota,67955,TRUE
1018,1018,REGISTERED,7371 الساحلي Neck,,東村山市,SY,Pesaro e Urbino,86031,TRUE
1019,1019,REGISTERED,"526, chemin Leclerc",,Feuchtwangen,RU,Pará,69879,TRUE
1020,1020,REGISTERED,315 طه Expressway,,Kimberleychester,DE,Vizcaya,SL0E 0RS,TRUE
1021,1021,REGISTERED,910 نصوح Isle Apt. 427,,印旛郡本埜村,NG,Massachusetts,37041,TRUE
1022,1022,REGISTERED,"Incrocio Orengo, 5 Piano 0",,النقيبton,NG,Berlin,87295,TRUE
1023,1023,REGISTERED,"474, rue de Launay",,八千代市,CH,Amazonas,79564,TRUE
1024,1024,REGISTERED,"Strada Sorrentino, 0 Piano 1",,安房郡鋸南町,DE,Texas,36042,TRUE
1025,1025,REGISTERED,Glorieta de Jennifer Guillen 178 Puerta 5 ,,Steinfurt,US,Messina,84096,TRUE
1026,1026,REGISTERED,C. Apolonia Montaña 138 Piso 2 ,,Pralormo,NG,Bayern,75297,TRUE
1027,1027,REGISTERED,"Via Pierina, 15",,الجاعونيtown,FR,Alagoas,42988,TRUE
1028,1028,REGISTERED,12 Connor Valleys,,Valestra,AU,Oregon,715-5128,TRUE
1029,1029,REGISTERED,Ackermanngasse 1855,,New Matthew,DE,Baden-Württemberg,E2 5TE,TRUE
1030,1030,REGISTERED,"Rotonda Casini, 99",,Montenegro,GB,New York,AB80 9FZ,TRUE
1031,1031,REGISTERED,"41, boulevard Adrienne Goncalves",,Regensburg,US,Texas,28445,TRUE
1032,1032,REGISTERED,6112 الشايقية Stravenue,,North Virginia,JP,Asturias,325-8034,TRUE
1033,1033,REGISTERED,Säuberlichallee 19-72,,Celle,SE,Michigan,568-8272,TRUE
1034,1034,REGISTERED,0816 Parsons Spurs,,West عالمchester,BS,Roraima,PO7B 0XJ,TRUE
1035,1035,REGISTERED,Kargestraße 9-4,,وفائيton,RU,Burgos,06123,TRUE
1036,1036,REGISTERED,"Flat 01
Singh Heights",,Moura,US,Bolzano,68590-262,TRUE
1037,1037,REGISTERED,Cuesta de Florina Arteaga 7 Piso 6 ,,Wolfenbüttel,KP,Maine,21228,TRUE
1038,1038,REGISTERED,617 رستم Lake Apt. 520,,Ortomatera,IT,Berlin,92221,TRUE
1039,1039,REGISTERED,129 Bell Summit,,Sainte MartheBourg,ES,Ohio,43779824,TRUE
1040,1040,REGISTERED,100 العفيفي Wall,,La Rioja,TR,Parma,830-3556,TRUE
1041,1041,REGISTERED,"Distrito de Dias, 34",,Flöha,IT,California,80503455,TRUE
1042,1042,REGISTERED,5871 حنفي Road Suite 531,,Berthelotboeuf,GB,Brandenburg,34136,TRUE
1043,1043,REGISTERED,44529 Velazquez Knoll Suite 443,,Sainte ÉtienneBourg,GB,Ceuta,31383,TRUE
1044,1044,REGISTERED,"Setor de Sampaio, 78",,Port Alicehaven,BS,Virginia,59927,TRUE
1045,1045,REGISTERED,2 Mandy Islands,,León,DE,León,87220,TRUE
1046,1046,REGISTERED,600 小林 Street,,Coburg,BS,Tennessee,17154,TRUE
1047,1047,REGISTERED,Glorieta Remedios Alba 75,,Lobenstein,DE,Montana,36305,TRUE
1048,1048,REGISTERED,Via de Fabio Jurado 11 Piso 3 ,,Melo,KY,Maryland,93604,TRUE
1049,1049,REGISTERED,421 ناجي Ports Apt. 136,,Marquesdan,ZA,Macerata,87775-935,TRUE
1050,1050,REGISTERED,Edith-auch Schlauchin-Gasse 66-11,,North Christopherville,NL,Melilla,40847,TRUE
1051,1051,REGISTERED,904 中村 Street,,PeltierVille,ZA,Ravenna,472-3787,TRUE
1052,1052,REGISTERED,205 木村 Street,,Karlsruhe,FR,Biella,10059,TRUE
1053,1053,REGISTERED,Margot-Schaaf-Straße 96/98,,الجاعونيton,KY,Soria,58679433,TRUE
1054,1054,REGISTERED,"Incrocio Guidotti, 67 Appartamento 54",,Cellere,BS,Florida,02541,TRUE
1055,1055,REGISTERED,945 伊藤 Street,,Vizcaya,SE,Acre,26040,TRUE
1056,1056,REGISTERED,"Favela Daniel da Mota, 6",,Robinsonview,CA,Badajoz,97244,TRUE
1057,1057,REGISTERED,332 田中 Street,,Guipúzcoa,NG,Bayern,05575,TRUE
1058,1058,REGISTERED,977 田中 Street,,Sainte Emmanuel,GB,Castellón,98155,TRUE
1059,1059,REGISTERED,6707 ترانيم Vista Apt. 292,,Gauthier-sur-Mer,IT,Florida,62572,TRUE
1060,1060,REGISTERED,9106 السادة الراويون Burgs,,長生郡長南町,TR,Arezzo,84784830,TRUE
1061,1061,REGISTERED,Rambla de Aroa Barco 203,,Vieira,TR,Varese,17102,TRUE
1062,1062,REGISTERED,Schomberring 1-6,,Schweinfurt,DE,Delaware,00038,TRUE
1063,1063,REGISTERED,915 Trujillo Ville Apt. 273,,Cloppenburg,DE,Rhode Island,25069,TRUE
1064,1064,REGISTERED,305 Hill Station,,Moreira,JP,Ogliastra,39824-553,TRUE
1065,1065,REGISTERED,"Via Orlando, 97",,Gschnon,SE,Kansas,67780,TRUE
1066,1066,REGISTERED,"Stretto Vismara, 19",,Lake عالم,FR,Sondrio,03691,TRUE
1067,1067,REGISTERED,82277 بنو ضمرة Mission,,Monteiro de da Mata,GB,Ceará,23030,TRUE
1068,1068,REGISTERED,"Stretto Mastroianni, 277 Appartamento 73",,Cassiano,DE,Palencia,43130,TRUE
1069,1069,REGISTERED,"Estrada Davi Lucas da Paz, 41",,Madrid,SY,Arkansas,23021,TRUE
1070,1070,REGISTERED,"Pátio Nicole Aragão, 195",,Albacete,GB,Trapani,38997,TRUE
1071,1071,REGISTERED,160 山崎 Street,,West Christineside,US,Amapá,N3 0GR,TRUE
1072,1072,REGISTERED,"378, rue de Vaillant",,New عتيد,SG,Parma,TD76 3LF,TRUE
1073,1073,REGISTERED,Callejón Abigaíl Ferrera 77 Piso 3 ,,Moreira de Minas,KP,Oklahoma,44992-468,TRUE
1074,1074,REGISTERED,690 Adams Radial,,世田谷区,IT,North Dakota,G2 3FL,TRUE
1075,1075,REGISTERED,61386 بنو عبس Squares Suite 783,,Kristinmouth,US,Sassari,90015,TRUE
1076,1076,REGISTERED,Sieringstraße 5/5,,Hubert-les-Bains,NG,Mississippi,109-4183,TRUE
1077,1077,REGISTERED,4715 حمزة Gateway Suite 191,,ريتاجtown,KP,Lecco,L58 0XD,TRUE
1078,1078,REGISTERED,"19, rue Marc Martins",,North لطفيton,IR,Rio Grande do Norte,UB7A 5FF,TRUE
1079,1079,REGISTERED,35 Samuel Inlet,,Mendozastad,FR,Bayern,078-0177,TRUE
1080,1080,REGISTERED,19274 Lauren Fall Suite 665,,横浜市戸塚区,DE,Mecklenburg-Vorpommern,51188,TRUE
1081,1081,REGISTERED,275 佐藤 Street,,小金井市,DE,Nevada,42340,TRUE
1082,1082,REGISTERED,"45, rue de Samson",,Sainte Richard,IT,Toledo,84037,TRUE
1083,1083,REGISTERED,Lehmannweg 15/31,,Caseyland,ZA,Maryland,66616,TRUE
1084,1084,REGISTERED,"Contrada Ferrante, 20 Piano 4",,PonsVille,US,Georgia,AL47 1GP,TRUE
1085,1085,REGISTERED,"Praia de Freitas, 6",,Watsonbury,DE,Espírito Santo,92440,TRUE
1086,1086,REGISTERED,Trevo de Silva,,Alicante,BS,Teruel,24261,TRUE
1087,1087,REGISTERED,"Núcleo Anthony Gabriel Oliveira, 36",,Medinamouth,JP,Hamburg,92602611,TRUE
1088,1088,REGISTERED,Estrada Carvalho,,Rios da Serra,GB,Minnesota,61034,TRUE
1089,1089,REGISTERED,"Contrada Ritacca, 467 Piano 9",,East Alan,NL,Indiana,73049,TRUE
1090,1090,REGISTERED,735 همام Curve Apt. 774,,بنو ذي أصبحfort,ES,Espírito Santo,14042,TRUE
1091,1091,REGISTERED,Eleonora-Gute-Gasse 5-7,,South Abigail,GB,Amapá,985-9589,TRUE
1092,1092,REGISTERED,3355 محمّد Spurs Apt. 029,,Córdoba,AU,Amazonas,G69 4QE,TRUE
1093,1093,REGISTERED,"Loteamento Antony Vieira, 59",,Teixeira do Norte,IR,Lugo,91743-124,TRUE
1094,1094,REGISTERED,C. Domitila Perea 75,,Fallingbostel,US,Amazonas,548-6186,TRUE
1095,1095,REGISTERED,"24, rue Durand",,Madrid,GB,Paraná,41778,TRUE
1096,1096,REGISTERED,293 山田 Street,,Le GallBourg,IR,Massachusetts,34756016,TRUE
1097,1097,REGISTERED,46 Gareth Shore,,Jacquet-sur-Thomas,GB,Wisconsin,43466095,TRUE
1098,1098,REGISTERED,"Contrada Elvira, 2",,Siegen,KY,La Spezia,068-6274,TRUE
1099,1099,REGISTERED,"15, boulevard Leblanc",,Sharonmouth,FR,New Hampshire,IG7V 9BP,TRUE
1100,1100,REGISTERED,Glorieta Olalla Vilanova 46,,Lesliechester,CH,Baden-Württemberg,B17 0FB,TRUE
1101,1101,REGISTERED,29 Louis Shore,,足立区,US,Pontevedra,HA49 5HF,TRUE
1102,1102,REGISTERED,Gnatzstr. 1/3,,Lemgo,US,Nuoro,EH2A 5JL,TRUE
1103,1103,REGISTERED,408 佐々木 Street,,South Francescamouth,ZA,Tarragona,03183,TRUE
1104,1104,REGISTERED,"Incrocio Mattia, 91 Appartamento 47",,لاراburgh,US,Rondônia,G8K 6HG,TRUE
1105,1105,REGISTERED,boulevard de Marion,,Orti' Inferiore,FR,Washington,698-9479,TRUE
1106,1106,REGISTERED,"Vicolo Lombroso, 893",,西多摩郡奥多摩町,GB,Berlin,69111,TRUE
1107,1107,REGISTERED,"Contrada Caffarelli, 23",,Jimenezmouth,CA,Iowa,234-6584,TRUE
1108,1108,REGISTERED,"93, rue Blondel",,Collinshaven,ES,Washington,45981,TRUE
1109,1109,REGISTERED,311 斎藤 Street,,Saint Élisabethnec,FR,Bayern,749-5477,TRUE
1110,1110,REGISTERED,18241 Johnson Corners,,Carvalho,US,Las Palmas,RH87 3GD,TRUE
1111,1111,REGISTERED,Sami-Klingelhöfer-Gasse 0,,Álava,DE,South Dakota,08243,TRUE
1112,1112,REGISTERED,"Via Bresciani, 96 Piano 7",,江戸川区,GB,Lecco,W71 3ZX,TRUE
1113,1113,REGISTERED,"Canale Loredana, 23 Piano 9",,小笠原村,DE,Utah,33003,TRUE
1114,1114,REGISTERED,Urbanización Dalila España 61 Piso 0 ,,長生郡一宮町,IT,La Rioja,20715378,TRUE
1115,1115,REGISTERED,210 معين Tunnel,,Göppingen,CA,Maranhão,12461757,TRUE
1116,1116,REGISTERED,Calle de Josefa Jordán 886 Apt. 10 ,,Halltown,US,Hamburg,52018,TRUE
1117,1117,REGISTERED,903 渡辺 Street,,Port منافmouth,NL,Santa Catarina,77818,TRUE
1118,1118,REGISTERED,231 西村 Street,,Noragugume,US,Hawaii,91700-343,TRUE
1119,1119,REGISTERED,Claus-Kallert-Ring 21,,North Nicholas,DE,Kansas,665-9552,TRUE
1120,1120,REGISTERED,"93, rue Thomas Becker",,香取市,GB,Biella,37135,TRUE
1121,1121,REGISTERED,"Contrada Serafina, 0",,Ingolstadt,RU,Palencia,44623,TRUE
1122,1122,REGISTERED,"Residencial Silva, 819",,Poirier,KY,Saarland,77774,TRUE
1123,1123,REGISTERED,4862 جرهم Valley,,Piombino,US,Potenza,97681,TRUE
1124,1124,REGISTERED,"Borgo Rocca, 11 Appartamento 14",,Gonçalves,US,Sevilla,LS4H 6BH,TRUE
1125,1125,REGISTERED,"Incrocio Carlo, 769",,Teruel,GB,Lleida,15702,TRUE
1126,1126,REGISTERED,24023 كليم Wall,,Kyritz,CH,Mantova,47562,TRUE
1127,1127,REGISTERED,05022 حبّاب Neck,,Palencia,GB,Bremen,77423-935,TRUE
1128,1128,REGISTERED,"Piazza Edoardo, 80",,Gordonview,ZA,Minas Gerais,994-5624,TRUE
1129,1129,REGISTERED,"Viaduto Nunes, 80",,Bigot,PA,Brandenburg,34148,TRUE
1130,1130,REGISTERED,"Alameda Novais, 31",,Denisburgh,CH,Rio Grande do Sul,37129,TRUE
1131,1131,REGISTERED,30888 Laura Way,,Sheilamouth,ZA,Hawaii,08979,TRUE
1132,1132,REGISTERED,"Flat 04N
Noble Gateway",,杉並区,US,Soria,131-7296,TRUE
1133,1133,REGISTERED,Alameda de Xiomara Arteaga 36,,Hawkinsview,JP,Nordrhein-Westfalen,73393,TRUE
1134,1134,REGISTERED,"Contrada Borromini, 730 Piano 4",,Johnsonshire,NL,Rio Grande do Norte,25082,TRUE
1135,1135,REGISTERED,"Ladeira Macedo, 5",,Fullerborough,US,Asturias,59097,TRUE
1136,1136,REGISTERED,Netteplatz 42,,New Kimberlymouth,DE,Rio de Janeiro,43024,TRUE
1137,1137,REGISTERED,034 長谷川 Street,,台東区,IT,Bremen,42860,TRUE
1138,1138,REGISTERED,"Flat 37
Lee Tunnel",,Toledo,DE,Gorizia,13908,TRUE
1139,1139,REGISTERED,Callejón de Reinaldo Valls 26,,West نورس,US,Gorizia,DA7 3DL,TRUE
1140,1140,REGISTERED,59007 صدّاح Wall,,Hainichen,BS,Málaga,24010,TRUE
1141,1141,REGISTERED,164 吉田 Street,,Sá de Guerra,BS,Taranto,394-6567,TRUE
1142,1142,REGISTERED,"Flat 04K
Hill Ramp",,الظفيرmouth,TR,Valencia,10289,TRUE
1143,1143,REGISTERED,7246 Harris Camp,,Fernandez,PA,Bayern,12657,TRUE
1144,1144,REGISTERED,"Rotonda Chiesa, 25 Piano 1",,La Rioja,FR,Fermo,90129,TRUE
1145,1145,REGISTERED,"76, avenue de Hoarau",,Mendèsboeuf,DE,Ohio,680-4101,TRUE
1146,1146,REGISTERED,Rambla de Dora Ferrández 58 Apt. 68 ,,Mornico Al Serio,SG,Paraíba,55592,TRUE
1147,1147,REGISTERED,Falko-Wulf-Ring 19,,Toledo,MM,Nordrhein-Westfalen,28333,TRUE
1148,1148,REGISTERED,Mark-Hendriks-Allee 14,,Sainte Thomas,ES,São Paulo,37701,TRUE
1149,1149,REGISTERED,"92, boulevard Riou",,Carvalho,RU,Álava,14252,TRUE
1150,1150,REGISTERED,"Fazenda de Mendonça, 65",,La Coruña,US,Brescia,73554-814,TRUE
1151,1151,REGISTERED,"59, avenue Neveu",,North Michael,CH,Indiana,15587,TRUE
1152,1152,REGISTERED,903 Bell Spurs,,South Denis,IT,Saarland,91027,TRUE
1153,1153,REGISTERED,004 田中 Street,,Da Costa-la-Forêt,CA,Hamburg,602-1522,TRUE
1154,1154,REGISTERED,"97, boulevard Cohen",,روفيداfort,CH,Rhode Island,24653,TRUE
1155,1155,REGISTERED,Paseo de Severiano Carreño 92 Puerta 4 ,,da Costa,CA,Zaragoza,653-3548,TRUE
1156,1156,REGISTERED,"Rotonda Taliani, 25",,Nunes das Flores,RU,Oregon,09047,TRUE
1157,1157,REGISTERED,25145 Castillo Radial,,Sant'Antioco,PA,Florida,62506,TRUE
1158,1158,REGISTERED,Eugen-Bachmann-Weg 4524,,Schlüchtern,DE,Alicante,SK4W 2XL,TRUE
1159,1159,REGISTERED,Pasaje de Jacinta Amador 8 Puerta 2 ,,La Coruña,US,Livorno,46077,TRUE
1160,1160,REGISTERED,508 بني رشيد Prairie,,Siegen,CA,Thüringen,69232,TRUE
1161,1161,REGISTERED,Ronda de Rómulo Calzada 6 Apt. 49 ,,白井市,US,Missouri,52386,TRUE
1162,1162,REGISTERED,"Vicolo Moccia, 51",,Lake Diana,GB,Espírito Santo,04126,TRUE
1163,1163,REGISTERED,Cosimo-Krause-Platz 68,,Altötting,ZA,Mecklenburg-Vorpommern,CV3 3JR,TRUE
1164,1164,REGISTERED,Rosmarie-Henschel-Gasse 77-15,,Lake Danielshire,PA,Colorado,53244-834,TRUE
1165,1165,REGISTERED,2820 Brown Road,,Petit-sur-Mer,US,Virginia,L21 0AQ,TRUE
1166,1166,REGISTERED,1 Jones Key,,Melilla,DE,Hamburg,505-0435,TRUE
1167,1167,REGISTERED,1538 Baxter Throughway,,Meißen,FR,Hawaii,99417,TRUE
1168,1168,REGISTERED,"Stretto Micca, 788",,Port Tyler,ZA,Modena,08307644,TRUE
1169,1169,REGISTERED,"Conjunto de Novaes, 19",,East Mark,AU,Colorado,34063,TRUE
1170,1170,REGISTERED,Passarela de da Mata,,مسعودshire,DE,Piauí,974-3198,TRUE
1171,1171,REGISTERED,011 بني رشيد Square,,武蔵野市,FR,Napoli,19524-960,TRUE
1172,1172,REGISTERED,"Conjunto Cassiano, 18",,Ceuta,BS,Padova,72532,TRUE
1173,1173,REGISTERED,Elly-Schlosser-Platz 3570,,Salamanca,CA,Pernambuco,681-6941,TRUE
1174,1174,REGISTERED,"9, boulevard de Delattre",,Cavalcante Grande,DE,Rheinland-Pfalz,30977,TRUE
1175,1175,REGISTERED,"72, avenue Picard",,الكبابيشborough,RU,Lleida,37635,TRUE
1176,1176,REGISTERED,Egon-Mosemann-Ring 5/5,,Villa Rosa,DE,Cáceres,NR8Y 2NR,TRUE
1177,1177,REGISTERED,998 田中 Street,,Benoit,TR,Rio Grande do Norte,65492,TRUE
1178,1178,REGISTERED,"39, rue de Rousseau",,Terranuova Bracciolini,SG,Niedersachsen,17032,TRUE
1179,1179,REGISTERED,Ronda Sosimo Porras 1 Piso 9 ,,長生郡長生村,CH,Gorizia,E87 6PA,TRUE
1180,1180,REGISTERED,"Flat 0
Carter Ferry",,Novais,PA,Pará,30232,TRUE
1181,1181,REGISTERED,200 渡辺 Street,,Córdoba,SG,Tennessee,72386159,TRUE
1182,1182,REGISTERED,"Favela Mariana Sampaio, 482",,Leonardfort,US,Rovigo,27891,TRUE
1183,1183,REGISTERED,858 清水 Street,,大島町,IT,Pará,45414,TRUE
1184,1184,REGISTERED,62264 الديسي Pine Apt. 245,,Málaga,US,Rio Grande do Sul,41515,TRUE
1185,1185,REGISTERED,"68, rue de Rémy",,East Mohamed,IT,Tocantins,28479,TRUE
1186,1186,REGISTERED,396 渡辺 Street,,Gardelegen,GB,Mato Grosso,03493,TRUE
1187,1187,REGISTERED,"Feira de Farias, 59",,八街市,DE,Sachsen-Anhalt,40852,TRUE
1188,1188,REGISTERED,Keudelstr. 5380,,South Grahamfurt,IR,Hessen,08616,TRUE
1189,1189,REGISTERED,210 مالك Oval,,武蔵野市,IR,Monza e della Brianza,53450,TRUE
1190,1190,REGISTERED,6 Marion Island,,Erli,PA,Ohio,33135,TRUE
1191,1191,REGISTERED,"Studio 14t
Williams Coves",,川崎市多摩区,FR,Espírito Santo,44312,TRUE
1192,1192,REGISTERED,Heribert-Weihmann-Ring 3771,,Falmenta,IT,Melilla,79483,TRUE
1193,1193,REGISTERED,Alameda de Ernesto Gárate 500 Apt. 52 ,,Valencia,NL,Oristano,48404,TRUE
1194,1194,REGISTERED,502 佐藤 Street,,Joneston,ES,Cuneo,46944,TRUE
1195,1195,REGISTERED,"Residencial Ferreira, 92",,Samson,IR,Olbia-Tempio,44862,TRUE
1196,1196,REGISTERED,936 小林 Street,,Ashleystad,FR,Vermont,119-1175,TRUE
1197,1197,REGISTERED,697 Bevan Trace,,国分寺市,BS,Maranhão,63642,TRUE
1198,1198,REGISTERED,Camino de Sara Español 25,,長生郡白子町,GB,Baden-Württemberg,W46 1UR,TRUE
1199,1199,REGISTERED,23063 Butler Ford Suite 775,,清瀬市,US,Cáceres,41053,TRUE
1200,1200,REGISTERED,Inga-Martin-Ring 4-6,,Hünfeld,GB,Delaware,67983,TRUE
1201,1201,REGISTERED,177 Rhys Route,,北区,JP,Crotone,666-4976,TRUE
1202,1202,REGISTERED,940 Tracy Forge,,St. Helena,IT,Connecticut,20827,TRUE
1203,1203,REGISTERED,"Stretto Bixio, 61 Appartamento 94",,Samhaven,ZA,Pernambuco,15149,TRUE
1204,1204,REGISTERED,490 木村 Street,,Sevilla,IR,Valencia,97017,TRUE
1205,1205,REGISTERED,595 Garner Passage,,Guillaume,NG,Tennessee,18027,TRUE
1206,1206,REGISTERED,33881 Eric Trace,,渋谷区,GB,Cremona,03734483,TRUE
1207,1207,REGISTERED,"Borgo Pizzamano, 57 Piano 7",,Berger-sur-Sanchez,GB,Toledo,77878,TRUE
1208,1208,REGISTERED,"Via Bianca, 356",,Rodrigues,SE,Mato Grosso,07283,TRUE
1209,1209,REGISTERED,"Viale Giannelli, 447 Appartamento 28",,Sainte Hortensenec,GB,North Dakota,19211,TRUE
1210,1210,REGISTERED,9409 Martin Ports,,Cádiz,RU,Paraíba,96012,TRUE
1211,1211,REGISTERED,"Contrada Alderano, 99",,بنو سعد بن بكرport,IR,Tennessee,03640,TRUE
1212,1212,REGISTERED,Henkstr. 207,,Limbiate,DE,Oklahoma,43047,TRUE
1213,1213,REGISTERED,Paula-Heidrich-Gasse 687,,Andrade da Praia,JP,São Paulo,03606,TRUE
1214,1214,REGISTERED,"79, chemin Marthe Marchal",,Guybury,GB,Valladolid,74488,TRUE
1215,1215,REGISTERED,385 山本 Street,,Madrid,TR,Mississippi,87142,TRUE
1216,1216,REGISTERED,456 池田 Street,,East عدلي,ZA,Barcelona,51417,TRUE
1217,1217,REGISTERED,Antonietta-Ring-Gasse 8242,,Griffithshaven,JP,Missouri,97476,TRUE
1218,1218,REGISTERED,268 وضّاح Ways Apt. 192,,Bremen,ES,Mecklenburg-Vorpommern,62539,TRUE
1219,1219,REGISTERED,Detlev-Heß-Gasse 3,,Bocenago,DE,Illinois,67354,TRUE
1220,1220,REGISTERED,325 松本 Street,,مذحجmouth,ZA,Santa Cruz de Tenerife,38548,TRUE
1221,1221,REGISTERED,Mosemannweg 7631,,Durand,GB,Jaén,14018,TRUE
1222,1222,REGISTERED,34 Gail Bypass,,Saint MichèleBourg,ES,Cuneo,441-2931,TRUE
1223,1223,REGISTERED,610 Simon Trail Suite 002,,横浜市栄区,PA,La Rioja,84012,TRUE
1224,1224,REGISTERED,573 藤井 Street,,Lazzaro,US,Louisiana,89354,TRUE
1225,1225,REGISTERED,485 福田 Street,,Millerview,DE,São Paulo,10013,TRUE
1226,1226,REGISTERED,Etzoldgasse 16-28,,Schlüchtern,ES,Rheinland-Pfalz,43441,TRUE
1227,1227,REGISTERED,"58, rue Patricia Potier",,Clercnec,FR,Castellón,11116,TRUE
1228,1228,REGISTERED,50487 Matthew Burgs Suite 182,,Coulon-les-Bains,JP,South Carolina,63848,TRUE
1229,1229,REGISTERED,Cuesta de Marisela Galindo 54 Puerta 6 ,,大田区,GB,Brindisi,50487,TRUE
1230,1230,REGISTERED,"993, rue de Hamon",,Altentreptow,DE,Mecklenburg-Vorpommern,43044,TRUE
1231,1231,REGISTERED,"Flat 67
Kelly Island",,Stade,YE,Kansas,26843,TRUE
1232,1232,REGISTERED,29873 Bush Burgs Apt. 149,,Marques Alegre,US,New York,86990,TRUE
1233,1233,REGISTERED,340 山田 Street,,North نذيرtown,BS,Virginia,69430-721,TRUE
1234,1234,REGISTERED,110 松本 Street,,Machado do Campo,ES,Imperia,81829127,TRUE
1235,1235,REGISTERED,chemin de Benoit,,Costela do Campo,IT,Huesca,994-8094,TRUE
1236,1236,REGISTERED,797 林 Street,,Wolgast,US,Schleswig-Holstein,95373,TRUE
1237,1237,REGISTERED,"11, chemin de Roche",,Stade,SG,Alagoas,709-8119,TRUE
1238,1238,REGISTERED,1316 Bradford Mountain,,Capergnanica,BS,New Hampshire,W97 7SH,TRUE
1239,1239,REGISTERED,"Quadra Isabella Carvalho, 17",,Heinsberg,DE,Montana,73168,TRUE
1240,1240,REGISTERED,"206, chemin Arthur Dupré",,Berchtesgaden,JP,Albacete,12206676,TRUE
1241,1241,REGISTERED,"Studio 43
Wilson Expressway",,الحسينيmouth,CA,Alabama,30121,TRUE
1242,1242,REGISTERED,"Incrocio Costantino, 11 Piano 5",,Fonseca,DE,Mato Grosso do Sul,74180,TRUE
1243,1243,REGISTERED,Lukas-Losekann-Gasse 6,,Stollberg,IT,Mississippi,TR97 1YH,TRUE
1244,1244,REGISTERED,Avenida Etelvina Ugarte 22 Apt. 46 ,,Whitefurt,US,Burgos,788-5494,TRUE
1245,1245,REGISTERED,4 Mohammed Prairie,,Pimenta,KY,Goiás,73318,TRUE
1246,1246,REGISTERED,8899 Mark Shoal,,New ريّانview,PA,Hessen,47687,TRUE
1247,1247,REGISTERED,avenue Boutin,,日野市,ES,Ancona,24676,TRUE
1248,1248,REGISTERED,Avenida de Rebeca Dueñas 30 Apt. 33 ,,Annstad,DE,Minnesota,66578130,TRUE
1249,1249,REGISTERED,"Flat 50H
Connor Stream",,Corte Brugnatella,ES,Mecklenburg-Vorpommern,62336,TRUE
1250,1250,REGISTERED,Via de Anna Alcalde 48 Puerta 3 ,,Melilla,ZA,Cuenca,10224,TRUE
1251,1251,REGISTERED,622 加藤 Street,,South Maurice,TR,Baleares,27483,TRUE
1252,1252,REGISTERED,"Incrocio Fortunata, 444",,Segovia,CA,Kansas,L2 1WS,TRUE
1253,1253,REGISTERED,040 Natasha Glen,,Pascal-les-Bains,US,Colorado,59085,TRUE
1254,1254,REGISTERED,Müllerstraße 577,,Villa D'Asolo,FR,Almería,88521,TRUE
1255,1255,REGISTERED,Cañada Óscar Muñoz 683,,مصطفىfort,BS,Pistoia,87703,TRUE
1256,1256,REGISTERED,"Pátio Lívia Ramos, 28",,النشاشيبيchester,IT,Iowa,21055,TRUE
1257,1257,REGISTERED,"Conjunto Isadora Rocha, 78",,Casalciprano,GB,Paraná,78220081,TRUE
1258,1258,REGISTERED,"Vicolo Bataglia, 7",,North ماياview,DE,Málaga,42274966,TRUE
1259,1259,REGISTERED,Hans Peter-Söding-Platz 4/4,,Monteflavio,US,Lecco,77342-658,TRUE
1260,1260,REGISTERED,Casparweg 7,,La Coruña,NG,Ragusa,72171-243,TRUE
1261,1261,REGISTERED,"Viale Foconi, 90 Appartamento 7",,Lake أزهار,SE,Vibo Valentia,274-6802,TRUE
1262,1262,REGISTERED,95663 Bryan Lock Apt. 621,,Erikafurt,SE,New Hampshire,61098,TRUE
1263,1263,REGISTERED,"Trevo Dias, 886",,Sampaio de Araújo,TR,Granada,78190,TRUE
1264,1264,REGISTERED,331 Tina Lock,,South عبد الجليل,ES,Hawaii,S88 1QU,TRUE
1265,1265,REGISTERED,655 高橋 Street,,Cortandone,DE,Mato Grosso,64758,TRUE
1266,1266,REGISTERED,"Stretto Tanzini, 75",,Cáceres,NG,Rondônia,49334,TRUE
1267,1267,REGISTERED,756 Fuentes Keys,,Amytown,RU,Acre,S7 4LU,TRUE
1268,1268,REGISTERED,"87, boulevard Anouk Rolland",,Verdier-les-Bains,RU,Nevada,91502,TRUE
1269,1269,REGISTERED,Ronda Amando Tejera 262 Piso 5 ,,da Costa de Jesus,DE,Oregon,98945,TRUE
1270,1270,REGISTERED,748 جذام Mission Apt. 319,,عبد الجليلview,SE,Minas Gerais,EH95 5UL,TRUE
1271,1271,REGISTERED,"Vicolo Biagio, 85 Appartamento 2",,West Bridgetmouth,SE,Valencia,DY65 4BP,TRUE
1272,1272,REGISTERED,353 斎藤 Street,,Gandino,DE,Venezia,19608,TRUE
1273,1273,REGISTERED,"Trecho Ramos, 736",,鎌ケ谷市,RU,Rovigo,50044-507,TRUE
1274,1274,REGISTERED,Krauseplatz 5,,Valencia,US,Oristano,W7 3YX,TRUE
1275,1275,REGISTERED,"405, avenue de Maillot",,Lopes,DE,Saarland,59934,TRUE
1276,1276,REGISTERED,8537 Daniel Stream,,Borna,KY,Biella,06390858,TRUE
1277,1277,REGISTERED,559 山田 Street,,Cantiano,GB,Massachusetts,25040-258,TRUE
1278,1278,REGISTERED,7208 سعدون Heights Apt. 041,,San Lorenzitto,ES,Wisconsin,39001,TRUE
1279,1279,REGISTERED,340 吉田 Street,,North Monicaport,GB,Maranhão,84481,TRUE
1280,1280,REGISTERED,"95, rue Bègue",,山武郡芝山町,ES,Sachsen,32931,TRUE
1281,1281,REGISTERED,Seifertweg 7-4,,Lake Austinstad,GB,Roraima,02883,TRUE
1282,1282,REGISTERED,"Trecho Montenegro, 7",,川崎市多摩区,FR,Amazonas,03335,TRUE
1283,1283,REGISTERED,Heinrichgasse 753,,South Sophie,TR,Paraíba,176-2650,TRUE
1284,1284,REGISTERED,"61, rue Audrey Da Silva",,Jaén,GB,Vizcaya,30346,TRUE
1285,1285,REGISTERED,7 Conor Ranch,,شرفberg,SE,Distrito Federal,25710,TRUE
1286,1286,REGISTERED,"Viela de Campos, 56",,Zamora,SG,Savona,N34 5QP,TRUE
1287,1287,REGISTERED,Vial de Roxana Teruel 60,,横浜市泉区,SE,Rio Grande do Sul,67420,TRUE
1288,1288,REGISTERED,326 العوالق Mission,,Meyer,JP,Schleswig-Holstein,74695-881,TRUE
1289,1289,REGISTERED,Glorieta Silvestre Torrijos 37,,杉並区,TR,Teruel,90514,TRUE
1290,1290,REGISTERED,40388 Jaime Cove Suite 180,,Ahmedside,ES,Mecklenburg-Vorpommern,138-8810,TRUE
1291,1291,REGISTERED,"28, avenue Patrick Bertin",,Rosemaryland,GB,Missouri,012-8193,TRUE
1292,1292,REGISTERED,51826 ظريف Junction,,Martinezton,GB,Alicante,WN7 0RF,TRUE
1293,1293,REGISTERED,8168 Daniel Canyon,,Melo,NG,North Dakota,43903909,TRUE
1294,1294,REGISTERED,Pasadizo de Paola Morera 99 Puerta 8 ,,North طامح,SE,Crotone,15863,TRUE
1295,1295,REGISTERED,Bendergasse 4/9,,Vizcaya,ZA,Ciudad,S4F 7XB,TRUE
1296,1296,REGISTERED,5550 بني عطية Plains,,Teixeiraboeuf,IT,West Virginia,09903-172,TRUE
1297,1297,REGISTERED,14601 Vanessa Fords,,Peseggia,JP,Carbonia-Iglesias,09316,TRUE
1298,1298,REGISTERED,rue Ollivier,,O'Neillshire,DE,Lleida,04027,TRUE
1299,1299,REGISTERED,"Viale Nicoletta, 323 Appartamento 0",,Neubrandenburg,GB,Montana,334-6937,TRUE
1300,1300,REGISTERED,1753 David Park Suite 526,,Kerrymouth,DE,Roraima,78459,TRUE
1301,1301,REGISTERED,Via de Faustino Marco 545,,板橋区,JP,Utah,56176,TRUE
1302,1302,REGISTERED,Avenida América Quintana 8,,Garciaton,PA,Utah,38318,TRUE
1303,1303,REGISTERED,"Flat 26U
Carolyn Well",,da Rocha,ES,Nebraska,14485,TRUE
1304,1304,REGISTERED,482 伊藤 Street,,横浜市栄区,DE,Berlin,ML46 3WZ,TRUE
1305,1305,REGISTERED,"Strada Raffaele, 119",,Montespluga,AU,Vermont,60768,TRUE
1306,1306,REGISTERED,"Piazza Caracciolo, 250 Piano 7",,Ciudad,JP,Tarragona,47770,TRUE
1307,1307,REGISTERED,"Piazza Zarlino, 7",,Brendafurt,DE,Roraima,09529-055,TRUE
1308,1308,REGISTERED,Slavko-Schuster-Gasse 69,,Zaragoza,US,Washington,181-7994,TRUE
1309,1309,REGISTERED,Säuberlichring 382,,Faure,DE,Jaén,25038-561,TRUE
1310,1310,REGISTERED,"Residencial de da Cunha, 51",,Schmölln,CA,Bayern,74158719,TRUE
1311,1311,REGISTERED,"Trevo de Câmara, 34",,Marques,GB,Lleida,81612,TRUE
1312,1312,REGISTERED,"Contrada Pellegrino, 28",,Chauveau,JP,Mecklenburg-Vorpommern,87385,TRUE
1313,1313,REGISTERED,379 زاهر Fork Apt. 682,,Stadtroda,FR,Acre,57169,TRUE
1314,1314,REGISTERED,"47, rue de Pereira",,Cohen,JP,Kentucky,26931,TRUE
1315,1315,REGISTERED,Rohlederweg 91,,New Denise,US,Mato Grosso,18363,TRUE
1316,1316,REGISTERED,Urbanización de Inocencio Aragonés 70,,豊島区,JP,Avellino,218-3816,TRUE
1317,1317,REGISTERED,03 Hughes Club,,Vasconcelos,IT,Pistoia,04524,TRUE
1318,1318,REGISTERED,742 吉田 Street,,Casa Grande,CH,Almería,967-5381,TRUE
1319,1319,REGISTERED,"Borgo Luca, 90 Piano 4",,Lomazzo,GB,New Hampshire,10913,TRUE
1320,1320,REGISTERED,Calle Demetrio Prada 45,,North Jeffreyview,GB,Maryland,46260,TRUE
1321,1321,REGISTERED,04645 Hanson Lights Apt. 487,,Planaval,CA,Ancona,37149,TRUE
1322,1322,REGISTERED,"Chácara Felipe Montenegro, 3",,Ingramstad,IR,Rondônia,OL5 4JE,TRUE
1323,1323,REGISTERED,rue de Blot,,Bonnin,GB,Pennsylvania,70254-616,TRUE
1324,1324,REGISTERED,8 Craig Walks,,Lefort-les-Bains,FR,Utah,51293,TRUE
1325,1325,REGISTERED,Plaza Consuelo Mendoza 95 Piso 6 ,,Meyer-sur-Weiss,NL,Navarra,65294,TRUE
1326,1326,REGISTERED,42519 Melissa Motorway Apt. 628,,Macedo das Pedras,TR,Matera,771-0939,TRUE
1327,1327,REGISTERED,"Rua Vieira, 86",,Montemarzino,CA,Mississippi,751-3482,TRUE
1328,1328,REGISTERED,Núcleo Souza,,West Miguelport,IT,Maranhão,84373,TRUE
1329,1329,REGISTERED,Acceso de Nicodemo Navarro 76 Apt. 35 ,,Álava,NG,Albacete,25075,TRUE
1330,1330,REGISTERED,Sítio de Pacheco,,Valencia,JP,Verbano-Cusio-Ossola,023-3846,TRUE
1331,1331,REGISTERED,9616 Walker Park,,Carvalho Paulista,GB,Nebraska,37978,TRUE
1332,1332,REGISTERED,9156 Moreno Neck,,East حمّاد,PA,Arizona,69167,TRUE
1333,1333,REGISTERED,Avenida Josefina Pinilla 259,,New Clifford,TR,Alicante,09209,TRUE
1334,1334,REGISTERED,942 木村 Street,,Parent-sur-Mer,PA,Latina,11421,TRUE
1335,1335,REGISTERED,Zobelplatz 47,,Steeleton,NL,Cantabria,79924,TRUE
1336,1336,REGISTERED,2877 غامد Turnpike Suite 910,,León,ZA,Hawaii,886-6240,TRUE
1337,1337,REGISTERED,9 Smith Spurs,,Lefèvre-les-Bains,GB,León,13567,TRUE
1338,1338,REGISTERED,584 Foster Ville,,Saint ChristianeVille,US,Washington,SM7M 1TQ,TRUE
1339,1339,REGISTERED,14926 Chase Union,,Port سلطان,TR,Kentucky,00512,TRUE
1340,1340,REGISTERED,"804, rue Pascal",,West Matthewland,FR,Kansas,CH9N 0FU,TRUE
1341,1341,REGISTERED,"Ladeira Cavalcante, 74",,Jaén,SY,Sevilla,54899,TRUE
1342,1342,REGISTERED,755 Williams Extension,,立川市,BS,Minas Gerais,89060,TRUE
1343,1343,REGISTERED,501 Fuentes Forks,,Vargas da Serra,GB,Goiás,42416981,TRUE
1344,1344,REGISTERED,"Fazenda de Peixoto, 76",,West Tonyville,JP,Massachusetts,04340,TRUE
1345,1345,REGISTERED,"Estação Natália da Paz, 85",,南房総市,GB,Nevada,06672-192,TRUE
1346,1346,REGISTERED,"Estrada Lima, 14",,East شهدton,IT,Rio de Janeiro,19780,TRUE
1347,1347,REGISTERED,880 小林 Street,,Gardinerburgh,GB,West Virginia,735-3947,TRUE
1348,1348,REGISTERED,360 後藤 Street,,青梅市,GB,Bremen,81612,TRUE
1349,1349,REGISTERED,"Favela Maysa Brito, 234",,Lake Adamfurt,CA,Maranhão,38144,TRUE
1350,1350,REGISTERED,Acceso de Estrella Adadia 84,,Juliebury,DE,Lugo,17080,TRUE
1351,1351,REGISTERED,857 Evans Fords,,New عبد القادرburgh,DE,Albacete,163-8364,TRUE
1352,1352,REGISTERED,52471 Laurie Plaza,,بيروتيtown,IT,Baleares,79864,TRUE
1353,1353,REGISTERED,0451 Patterson Rapids Apt. 327,,西多摩郡檜原村,BS,Sachsen,75440,TRUE
1354,1354,REGISTERED,071 山本 Street,,Leclerc-la-Forêt,KP,Florida,35018,TRUE
1355,1355,REGISTERED,"Incrocio Villarosa, 25 Piano 6",,Sainte Lauredan,US,Mecklenburg-Vorpommern,17373,TRUE
1356,1356,REGISTERED,0400 Sanchez Village,,حجازيchester,IR,Lleida,65990,TRUE
1357,1357,REGISTERED,373 近藤 Street,,Bertrand,SG,Aosta,G4H 0TQ,TRUE
1358,1358,REGISTERED,Ringstr. 1-1,,小笠原村,ES,Rondônia,08797,TRUE
1359,1359,REGISTERED,179 Eric Heights Apt. 997,,Cunha,ZA,Oklahoma,70122,TRUE
1360,1360,REGISTERED,"95, avenue Nathalie Couturier",,Beeskow,KY,Indiana,MK0P 6NB,TRUE
1361,1361,REGISTERED,"3, boulevard Éléonore Mahe",,Victorialand,US,Madrid,83941,TRUE
1362,1362,REGISTERED,"Contrada Santino, 4 Appartamento 7",,Silveira,DE,Segovia,62084-078,TRUE
1363,1363,REGISTERED,"Via Iadanza, 738 Appartamento 9",,Carvalho,SG,Novara,03862,TRUE
1364,1364,REGISTERED,25468 الكلغاصي Port Suite 610,,Maréchal,PA,Firenze,07291,TRUE
1365,1365,REGISTERED,"Piazza Bernardi, 772",,Joneston,CA,Alabama,78789,TRUE
1366,1366,REGISTERED,Alameda Gerardo Castrillo 98,,Araújo,US,Hamburg,IV56 0TB,TRUE
1367,1367,REGISTERED,"Feira Ana Luiza Oliveira, 66",,Suhl,ES,Almería,19122,TRUE
1368,1368,REGISTERED,"Trevo Marina Dias, 520",,Brandonburgh,NL,Hawaii,07925,TRUE
1369,1369,REGISTERED,Pasadizo de Tiburcio Valenzuela 50 Piso 7 ,,Sigmaringen,JP,Taranto,41655,TRUE
1370,1370,REGISTERED,Rafael-Schuster-Ring 912,,Jüterbog,DE,Pontevedra,24891055,TRUE
1371,1371,REGISTERED,Pasaje Jesusa Amor 406 Apt. 39 ,,Villa Romana,GB,León,98741,TRUE
1372,1372,REGISTERED,Marcus-Hertrampf-Ring 48-88,,Mendonça,SY,Albacete,95062632,TRUE
1373,1373,REGISTERED,"Avenida de da Cunha, 80",,South إخلاص,ZA,Oristano,00074,TRUE
1374,1374,REGISTERED,579 نصري Expressway,,横浜市中区,ES,Rhode Island,13687,TRUE
1375,1375,REGISTERED,"Borgo Gastone, 7 Appartamento 64",,横浜市緑区,NL,Tocantins,767-1552,TRUE
1376,1376,REGISTERED,9958 البيطار Trafficway Apt. 512,,Castelvenere,FR,Arkansas,197-1565,TRUE
1377,1377,REGISTERED,3115 روفيدا Green Apt. 872,,Nguyenborough,TR,Maryland,17455,TRUE
1378,1378,REGISTERED,"Studio 3
Hill Avenue",,Duarte,RU,Ohio,11031,TRUE
1379,1379,REGISTERED,676 藤原 Street,,Jimmytown,NL,Idaho,669-6095,TRUE
1380,1380,REGISTERED,"Chácara Dante Fernandes, 7",,بارعةtown,ZA,Mecklenburg-Vorpommern,07726,TRUE
1381,1381,REGISTERED,"60, chemin Gaillard",,South ليمhaven,GB,Nebraska,09615,TRUE
1382,1382,REGISTERED,"Studio 97C
Davies Cove",,León,PA,Rio Grande do Norte,689-0797,TRUE
1383,1383,REGISTERED,3759 كهلان Streets,,調布市,KP,Caserta,82300-971,TRUE
1384,1384,REGISTERED,67 Martyn Brook,,New شريف,DE,Gorizia,EC7B 5BY,TRUE
1385,1385,REGISTERED,7904 Gross Haven,,Vizcaya,KY,Ohio,CB9 9LF,TRUE
1386,1386,REGISTERED,416 遠藤 Street,,South Natalieberg,IT,Cáceres,54139,TRUE
1387,1387,REGISTERED,"Contrada Adriano, 3 Appartamento 5",,الداوديmouth,KP,Piauí,182-2495,TRUE
1388,1388,REGISTERED,0 Sophie Fort,,Loiseau,FR,Schleswig-Holstein,08594-268,TRUE
1389,1389,REGISTERED,"2, chemin Jourdan",,Roata Chiusani,SY,Goiás,IG1H 5JG,TRUE
1390,1390,REGISTERED,Vial de Clemente Fuente 757,,Cerri,NL,Acre,35006455,TRUE
1391,1391,REGISTERED,"Vicolo Francesco, 390 Piano 3",,鴨川市,DE,Mississippi,35047,TRUE
1392,1392,REGISTERED,1477 Sherman Vista,,الموسوسfort,SY,Schleswig-Holstein,62437,TRUE
1393,1393,REGISTERED,"865, chemin de Leclercq",,da Mata da Mata,CA,Hawaii,13100,TRUE
1394,1394,REGISTERED,Via de Hugo Villaverde 8,,Thomaschester,DE,Sergipe,77713,TRUE
1395,1395,REGISTERED,278 橋本 Street,,South Debra,TR,Mississippi,612-5456,TRUE
1396,1396,REGISTERED,888 الأشراف Pine,,North Kellyville,JP,Santa Catarina,60368,TRUE
1397,1397,REGISTERED,"Favela Pietro Vasconcelos, 2",,Port عربيbury,US,Tarragona,06889,TRUE
1398,1398,REGISTERED,Eggert-Eberhardt-Platz 6-8,,Álava,US,Florida,14236,TRUE
1399,1399,REGISTERED,"Incrocio Gian, 64",,Eggenfelden,FR,Oklahoma,N3 0AD,TRUE
1400,1400,REGISTERED,98194 Charles Throughway,,Salamanca,FR,Virginia,51136,TRUE
1401,1401,REGISTERED,"43, chemin Michel",,Ellischester,US,Asturias,41435,TRUE
1402,1402,REGISTERED,"Trecho Vieira, 14",,Borges do Oeste,FR,Rio Grande do Sul,424-5528,TRUE
1403,1403,REGISTERED,62675 Christopher Inlet Suite 831,,Huesca,GB,Iowa,51366,TRUE
1404,1404,REGISTERED,5198 Richard Brook,,Millerton,JP,Baleares,77504,TRUE
1405,1405,REGISTERED,"Via Alonzi, 920 Appartamento 63",,Coulon,KY,Ávila,20101,TRUE
1406,1406,REGISTERED,954 Gonzalez Island Suite 427,,Forchheim,US,Colorado,80481,TRUE
1407,1407,REGISTERED,Calle de Milagros Roman 3,,Eichstätt,JP,Cantabria,M17 2GX,TRUE
1408,1408,REGISTERED,"Stretto Damiano, 3 Piano 9",,Port Paigeburgh,FR,Roma,95124,TRUE
1409,1409,REGISTERED,2508 تنوخ Centers Apt. 439,,Mühlhausen,FR,Rio de Janeiro,10285,TRUE
1410,1410,REGISTERED,Rosegasse 99,,Jacobborough,KP,Michigan,02543,TRUE
1411,1411,REGISTERED,910 佐藤 Street,,Howellsstad,KY,Valladolid,23829,TRUE
1412,1412,REGISTERED,929 田中 Street,,Auger,JP,Hamburg,15965,TRUE
1413,1413,REGISTERED,avenue Diane Gilles,,Verdier,GB,Lodi,11753,TRUE
1414,1414,REGISTERED,"18, rue Sanchez",,شوقيport,GB,Saarland,68261114,TRUE
1415,1415,REGISTERED,"24, chemin Adèle Delattre",,Cantabria,GB,Connecticut,524-8745,TRUE
1416,1416,REGISTERED,8578 Richard Meadows,,Lake Lauraview,CA,Rondônia,98943,TRUE
1417,1417,REGISTERED,"Vila Gabriela Andrade, 773",,Sainte Geneviève-sur-Mer,SE,North Dakota,W22 8AN,TRUE
1418,1418,REGISTERED,Bärbel-Stumpf-Straße 43,,Sampaio,NL,New York,14036,TRUE
1419,1419,REGISTERED,Avenida Rhavi da Cruz,,داهيfort,SE,Macerata,20756,TRUE
1420,1420,REGISTERED,"Studio 8
Kyle Pines",,South اصيل,IT,Rheinland-Pfalz,97117,TRUE
1421,1421,REGISTERED,48611 Reynolds Spring Apt. 306,,Azevedo,SG,Goiás,503-0612,TRUE
1422,1422,REGISTERED,2487 غوشة Isle,,香取郡神崎町,ES,Pesaro e Urbino,56302,TRUE
1423,1423,REGISTERED,5741 مضر Glen,,Lebon-sur-Mer,US,Thüringen,09086,TRUE
1424,1424,REGISTERED,"9, boulevard de Rocher",,Klein-la-Forêt,DE,Ceará,97289,TRUE
1425,1425,REGISTERED,78295 Robin Trace,,East Jenniferchester,KY,Nordrhein-Westfalen,29702,TRUE
1426,1426,REGISTERED,99707 Colleen Ford Apt. 329,,Cáceres,RU,Udine,21058,TRUE
1427,1427,REGISTERED,810 森 Street,,Trentinara,NL,Guadalajara,84109600,TRUE
1428,1428,REGISTERED,33 Taylor Mission,,Sant'Orsola In Passiria,NL,Córdoba,804-0273,TRUE
1429,1429,REGISTERED,758 عبد المحيي Coves,,Cantabria,GB,Nordrhein-Westfalen,58816,TRUE
1430,1430,REGISTERED,chemin de Cousin,,Saint Émile-sur-Mer,ES,Massachusetts,98048,TRUE
1431,1431,REGISTERED,"97, avenue Rocher",,Raymondton,ZA,Kansas,497-7461,TRUE
1432,1432,REGISTERED,"Conjunto Alves, 545",,New Janet,DE,Granada,71854,TRUE
1433,1433,REGISTERED,863 岡本 Street,,West Fiona,RU,Washington,40970,TRUE
1434,1434,REGISTERED,547 Georgina Mountains,,Lleida,IT,South Carolina,78226,TRUE
1435,1435,REGISTERED,"Viale Abatantuono, 5 Appartamento 9",,Leipziger Land,GB,Paraná,51672,TRUE
1436,1436,REGISTERED,"963, rue Dubois",,Vallet,PA,Nordrhein-Westfalen,55731,TRUE
1437,1437,REGISTERED,Camino de Florentina Navarro 31,,Palmerton,TR,Arizona,DD8W 4WG,TRUE
1438,1438,REGISTERED,92331 Anderson Hills,,Patriciaville,IT,New Jersey,38077,TRUE
1439,1439,REGISTERED,018 渡辺 Street,,Garcia de Minas,FR,Texas,06410,TRUE
1440,1440,REGISTERED,"65, avenue Océane Andre",,Füssen,FR,Valencia,465-2843,TRUE
1441,1441,REGISTERED,"62, avenue de Marchand",,أفغانيfort,TR,Amapá,97674,TRUE
1442,1442,REGISTERED,"Stretto Cicilia, 670",,Levata,TR,Montana,87253,TRUE
1443,1443,REGISTERED,58464 Tammy Ranch,,Valladolid,DE,Acre,20005,TRUE
1444,1444,REGISTERED,"1, chemin Couturier",,Vallet,IT,Sachsen,55556,TRUE
1445,1445,REGISTERED,"243, boulevard Normand",,Foresta Di Burgos,IT,Pernambuco,98134,TRUE
1446,1446,REGISTERED,"Flat 98s
Davey Roads",,Molinamouth,ES,Rheinland-Pfalz,655-7663,TRUE
1447,1447,REGISTERED,"Conjunto de Aparecida, 16",,Costela Verde,FR,Montana,35928,TRUE
1448,1448,REGISTERED,20367 Cheryl Run,,Hurstview,SE,Belluno,425-6886,TRUE
1449,1449,REGISTERED,0 Emma Common,,East راسم,US,Bayern,65026,TRUE
1450,1450,REGISTERED,Miroslawa-Jacob-Straße 5/8,,South Anthonyfurt,FR,Monza e della Brianza,62564,TRUE
1451,1451,REGISTERED,05 Dixon Route,,神津島村,CA,Rio Grande do Sul,90127,TRUE
1452,1452,REGISTERED,"Setor Isadora Dias, 13",,West عفيفborough,CA,Castellón,35069,TRUE
1453,1453,REGISTERED,Glorieta de Benigna Chaparro 21,,Porto,FR,Illinois,38016,TRUE
1454,1454,REGISTERED,258 山本 Street,,Jarvismouth,DE,Berlin,W16 0YW,TRUE
1455,1455,REGISTERED,Aeroporto Machado,,Fergusonhaven,SE,Foggia,755-5032,TRUE
1456,1456,REGISTERED,739 الخطيب بني جماعة الكناني Loaf Suite 032,,RoussetVille,US,Soria,81114,TRUE
1457,1457,REGISTERED,"Loteamento Silva, 261",,Gerano,FR,South Dakota,29923,TRUE
1458,1458,REGISTERED,309 中村 Street,,West صارم,ES,Distrito Federal,255-5271,TRUE
1459,1459,REGISTERED,874 佐藤 Street,,Granada,IT,Rio Grande do Sul,18500,TRUE
1460,1460,REGISTERED,"Incrocio Elladio, 7 Appartamento 92",,Lake Yvonne,ZA,Macerata,34107,TRUE
1461,1461,REGISTERED,Koch IIgasse 61-33,,عميرview,NL,Aosta,66012,TRUE
1462,1462,REGISTERED,avenue Nguyen,,Nicholsbury,ZA,Pontevedra,36432,TRUE
1463,1463,REGISTERED,"Studio 5
Miles Valley",,Badajoz,ZA,Rio Grande do Sul,E4 3YD,TRUE
1464,1464,REGISTERED,"Borgo Agostinelli, 557 Appartamento 8",,Saint Jacques,KY,Arizona,267-1587,TRUE
1465,1465,REGISTERED,"Canale Meucci, 2",,Collinboeuf,YE,Sachsen-Anhalt,02254,TRUE
1466,1466,REGISTERED,chemin Leclercq,,Nogueira,US,Santa Catarina,20307108,TRUE
1467,1467,REGISTERED,02 Hunter River,,Düren,FR,Pará,42650,TRUE
1468,1468,REGISTERED,"Piazza Cristina, 63 Piano 7",,Grimma,ES,Indiana,80321,TRUE
1469,1469,REGISTERED,67952 Jacob Ranch Apt. 454,,Port دؤوبside,CA,New Mexico,58487,TRUE
1470,1470,REGISTERED,Brit-Schweitzer-Allee 5,,Barros,BS,Forlì-Cesena,97294,TRUE
1471,1471,REGISTERED,8123 Vincent Groves,,Schweinfurt,IT,Maine,02519067,TRUE
1472,1472,REGISTERED,Urbanización de Tomasa Ballester 835 Apt. 89 ,,Port Kristenton,IT,Vermont,255-4375,TRUE
1473,1473,REGISTERED,Maik-Zahn-Weg 45-47,,小平市,SE,Thüringen,352-7361,TRUE
1474,1474,REGISTERED,"Viaduto Guerra, 88",,North Lee,FR,Rheinland-Pfalz,20062,TRUE
1475,1475,REGISTERED,Acceso de Andrés Felipe Mulet 43,,Lima,DE,Segovia,E9 1HX,TRUE
1476,1476,REGISTERED,016 Harrison Mount,,Jaén,JP,Murcia,78243,TRUE
1477,1477,REGISTERED,"Rua de Nascimento, 738",,Mistryland,NG,Rondônia,64580-843,TRUE
1478,1478,REGISTERED,"Piazza Cilibrasi, 975 Piano 5",,South Georgia,ZA,Bayern,73183594,TRUE
1479,1479,REGISTERED,27 Vaughan Isle,,Jodieberg,US,Chieti,02317,TRUE
1480,1480,REGISTERED,633 加藤 Street,,武蔵村山市,FR,Sergipe,87528,TRUE
1481,1481,REGISTERED,448 高橋 Street,,Holzminden,FR,New Mexico,40553,TRUE
1482,1482,REGISTERED,Birnbaumstr. 70-95,,Daniel,CA,La Coruña,65479,TRUE
1483,1483,REGISTERED,"Borgo Venancio, 77 Appartamento 19",,Lleida,DE,Connecticut,05665-589,TRUE
1484,1484,REGISTERED,"2, avenue Thibault",,Sousa,US,Trapani,43705,TRUE
1485,1485,REGISTERED,024 山本 Street,,Cáceres,IT,Baden-Württemberg,20001,TRUE
1486,1486,REGISTERED,"62, rue Luce Vallée",,香取郡神崎町,RU,Valencia,36519,TRUE
1487,1487,REGISTERED,Plaza Felisa Sola 1,,長生郡長生村,DE,Avellino,31567,TRUE
1488,1488,REGISTERED,"Quadra Matteo Nogueira, 44",,North عبد الغفور,DE,Hamburg,28338,TRUE
1489,1489,REGISTERED,Callejón Marcelino Benavente 64,,Saarbrücken,DE,Zaragoza,70127,TRUE
1490,1490,REGISTERED,"24, rue Zacharie Lenoir",,Auger,IT,Palermo,84019,TRUE
1491,1491,REGISTERED,"Borgo Fiorenzo, 10 Piano 1",,بنو عجلhaven,NL,Sassari,75291-483,TRUE
1492,1492,REGISTERED,"Strada Lucrezia, 75 Piano 1",,Steinfurt,US,Massa-Carrara,03931,TRUE
1493,1493,REGISTERED,4326 Kenneth Forges Suite 037,,Kieranview,GB,Arizona,SK6 0ZQ,TRUE
1494,1494,REGISTERED,286 佐藤 Street,,Sousa,US,California,14805,TRUE
1495,1495,REGISTERED,4910 Scott Square,,Sainte Hélène-les-Bains,DE,Ourense,03830,TRUE
1496,1496,REGISTERED,"Borgo Camillo, 918 Piano 6",,Wallacestad,IR,Louisiana,NE3 1PR,TRUE
1497,1497,REGISTERED,"Strada Jolanda, 242",,Larderello,US,Arizona,107-6911,TRUE
1498,1498,REGISTERED,Belinda-Seifert-Ring 12/94,,الأنصاريchester,US,Bahia,26046,TRUE
1499,1499,REGISTERED,97192 نجوان Pike,,Siqueira de Minas,GB,Pennsylvania,41804,TRUE
1500,1500,REGISTERED,"Praça de Pires, 566",,North حبّابmouth,US,Bremen,43067779,TRUE
1501,1501,REGISTERED,Almut-Schmidt-Platz 41/23,,Padula Scalo,NG,Bayern,24132,TRUE
1502,1502,REGISTERED,611 Angela Alley Apt. 909,,Kötzting,SE,Sachsen-Anhalt,69789,TRUE
1503,1503,REGISTERED,"Stretto Fabia, 10 Appartamento 30",,Petrella Salto,ES,Pennsylvania,05173,TRUE
1504,1504,REGISTERED,Kuhlgasse 28,,La Rioja,RU,Goiás,31566,TRUE
1505,1505,REGISTERED,"Viaduto de Cardoso, 69",,Port Angelica,ES,Bayern,54607,TRUE
1506,1506,REGISTERED,Colônia de Cavalcante,,Gardnertown,CA,Pesaro e Urbino,E0 2AW,TRUE
1507,1507,REGISTERED,64 Phillips Rapid,,Jeffreyshire,US,Texas,734-1227,TRUE
1508,1508,REGISTERED,0260 Alexandra Hollow Suite 559,,Waldmünchen,BS,Mato Grosso,553-8309,TRUE
1509,1509,REGISTERED,Avenida de Milagros Mateu 44 Puerta 3 ,,Garcia,KY,Arizona,67621,TRUE
1510,1510,REGISTERED,Giorgio-Hörle-Weg 678,,Hamburg,JP,Texas,BR2 6UR,TRUE
1511,1511,REGISTERED,"Stretto Ceschi, 58 Piano 4",,Mezzana Corti,CA,Sachsen,67303,TRUE
1512,1512,REGISTERED,283 中村 Street,,Smithville,US,Maine,91730,TRUE
1513,1513,REGISTERED,454 نافذ Fords,,VaillantBourg,DE,New York,10483,TRUE
1514,1514,REGISTERED,"Loteamento Alexandre Andrade, 63",,Silva do Norte,CA,Sachsen,36142474,TRUE
1515,1515,REGISTERED,"68, avenue Evrard",,Tecklenburg,RU,New York,06146017,TRUE
1516,1516,REGISTERED,"Vereda Novais, 87",,文京区,GB,Florida,38582,TRUE
1517,1517,REGISTERED,627 前田 Street,,Ceuta,US,Rio Grande do Sul,99589,TRUE
1518,1518,REGISTERED,Acceso de Anna Font 901 Puerta 7 ,,青ヶ島村,US,Ceará,43885287,TRUE
1519,1519,REGISTERED,480 Hale Passage,,نجيبton,IR,New Hampshire,204-4176,TRUE
1520,1520,REGISTERED,"Flat 17
Gemma Mountains",,Lake Debra,RU,Chieti,BA3 9ER,TRUE
1521,1521,REGISTERED,Hans Peter-Jockel-Straße 824,,稲城市,CA,Milano,90540,TRUE
1522,1522,REGISTERED,Liliana-Scholl-Platz 2/4,,da Cunha,JP,Barcelona,32347,TRUE
1523,1523,REGISTERED,"Strada Abbagnale, 870",,Saint Étiennenec,KY,Ciudad,26249,TRUE
1524,1524,REGISTERED,2 Wells Square,,練馬区,JP,Amapá,38966,TRUE
1525,1525,REGISTERED,3545 Ballard Way,,Georges-sur-Mer,ZA,Pará,53747,TRUE
1526,1526,REGISTERED,Wesackplatz 106,,Palencia,FR,Bremen,G4 4HP,TRUE
1527,1527,REGISTERED,"99, boulevard Boulay",,West Pamelastad,SY,Granada,16806-803,TRUE
1528,1528,REGISTERED,4 Cameron Mall,,Tristanborough,US,West Virginia,N4 9ZF,TRUE
1529,1529,REGISTERED,"Rotonda Antonina, 18",,South Makaylatown,SY,Michigan,94526,TRUE
1530,1530,REGISTERED,"60, rue Pires",,Gricignano,JP,Nordrhein-Westfalen,72169,TRUE
1531,1531,REGISTERED,741 Rhonda Port Apt. 539,,East Sallyshire,US,Montana,509-7218,TRUE
1532,1532,REGISTERED,8578 Chelsea Viaduct,,East ميثاقtown,RU,Novara,97120,TRUE
1533,1533,REGISTERED,40951 إياد Island,,New Craigfurt,NG,Arezzo,05377,TRUE
1534,1534,REGISTERED,561 渡辺 Street,,التوتنجيland,FR,Distrito Federal,52941,TRUE
1535,1535,REGISTERED,6 Turner Port,,Tarragona,SE,Alabama,G3 0ES,TRUE
1536,1536,REGISTERED,Rambla de Gabino Vazquez 8 Piso 9 ,,Tinahaven,PA,Oregon,45424,TRUE
1537,1537,REGISTERED,"Chácara Alves, 872",,Almería,PA,Amapá,91015,TRUE
1538,1538,REGISTERED,Gumprichplatz 3/5,,القزازshire,NG,Texas,29172,TRUE
1539,1539,REGISTERED,Vial de Lorena Peralta 40 Apt. 24 ,,North Stephen,GB,Indiana,KW4 2DN,TRUE
1540,1540,REGISTERED,Johanne-Jäkel-Weg 86-99,,Ferreira,GB,Pennsylvania,663-5008,TRUE
1541,1541,REGISTERED,"168, avenue Marie",,Dawnmouth,CA,Wyoming,16148,TRUE
1542,1542,REGISTERED,Manja-Jähn-Platz 7161,,神津島村,DE,New Mexico,45447,TRUE
1543,1543,REGISTERED,39037 علي Rue Suite 860,,Hannoversch Münden,NL,Sachsen,58846,TRUE
1544,1544,REGISTERED,711 Rice Roads Suite 400,,Griesbach Rottal,IT,Goiás,43793,TRUE
1545,1545,REGISTERED,1827 النمر Hill,,da Paz de Pastor,NL,Parma,25569,TRUE
1546,1546,REGISTERED,"Rotonda Roncalli, 180 Appartamento 64",,Saint David,IT,Brandenburg,07837,TRUE
1547,1547,REGISTERED,Acceso de Octavio Cámara 81,,Porto da Prata,GB,Imperia,42437,TRUE
1548,1548,REGISTERED,Pasaje Felix Peñalver 12 Puerta 1 ,,La Rioja,JP,Pará,72500932,TRUE
1549,1549,REGISTERED,"Canale Nicolucci, 523 Appartamento 0",,Pirmasens,PA,Olbia-Tempio,764-0558,TRUE
1550,1550,REGISTERED,"Travessa Jesus, 6",,ثقيفbury,SE,Soria,34282,TRUE
1551,1551,REGISTERED,Camilla-Mohaupt-Ring 48/79,,Cavalcante da Prata,FR,Arezzo,TF67 3WW,TRUE
1552,1552,REGISTERED,"Borgo Rosario, 55",,South جوينbury,DE,Niedersachsen,37061,TRUE
1553,1553,REGISTERED,Condomínio da Rosa,,八街市,TR,Ravenna,41378,TRUE
1554,1554,REGISTERED,Beckmannring 3,,Castelseprio,IT,Schleswig-Holstein,64560,TRUE
1555,1555,REGISTERED,7 Clark Key,,Eisenhüttenstadt,US,Montana,10149,TRUE
1556,1556,REGISTERED,224 近藤 Street,,荒川区,ZA,Pordenone,28850,TRUE
1557,1557,REGISTERED,807 加藤 Street,,North Jacobberg,GB,Álava,88518,TRUE
1558,1558,REGISTERED,Magdalena-Mude-Ring 42-37,,Wernigerode,SE,Rio Grande do Norte,38393,TRUE
1559,1559,REGISTERED,598 بهية Shores,,横浜市都筑区,KY,North Carolina,77771,TRUE
1560,1560,REGISTERED,Klingelhöferstr. 3/7,,Carvalho,DE,Virginia,22155325,TRUE
1561,1561,REGISTERED,49513 Bianca Meadow Apt. 575,,Lemgo,GB,Lugo,CA8B 2AT,TRUE
1562,1562,REGISTERED,"285, avenue Nathalie De Oliveira",,Crotone,NL,São Paulo,S6K 6BG,TRUE
1563,1563,REGISTERED,"52, rue de Humbert",,Feuchtwangen,TR,Napoli,42221-242,TRUE
1564,1564,REGISTERED,Jana-Römer-Ring 8,,Roy,CA,Alaska,21583,TRUE
1565,1565,REGISTERED,"27, chemin de Bertin",,Riou,BS,Ceará,63834,TRUE
1566,1566,REGISTERED,"Stretto Leopoldo, 27",,South شامخstad,ES,Rio Grande do Norte,14409,TRUE
1567,1567,REGISTERED,"Flat 5
Smith Mission",,Goodwinbury,RU,Belluno,47069,TRUE
1568,1568,REGISTERED,Cichoriusstr. 3-4,,Lake Gemmamouth,BS,New Hampshire,36029,TRUE
1569,1569,REGISTERED,"Incrocio Camilleri, 411",,Turpin-sur-Marchand,SG,La Spezia,23655,TRUE
1570,1570,REGISTERED,Erhardt-Häring-Platz 8-9,,Renaud,JP,Roraima,41035,TRUE
1571,1571,REGISTERED,Ronda de Gustavo Robledo 92,,Barbosa,US,Nevada,25044,TRUE
1572,1572,REGISTERED,09972 بنو هاشم Square Suite 179,,Ribeiro-sur-Vasseur,DE,Ourense,CW1 4NB,TRUE
1573,1573,REGISTERED,"77, rue Benoît Sauvage",,Duarte de Barbosa,SE,Alabama,52304,TRUE
1574,1574,REGISTERED,Bernfried-Schaaf-Platz 11/13,,Bad Liebenwerda,DE,Colorado,29914,TRUE
1575,1575,REGISTERED,263 田中 Street,,هدىchester,IT,Oregon,27656,TRUE
1576,1576,REGISTERED,"8, avenue de Rousset",,Jacquet,DE,Tennessee,97190,TRUE
1577,1577,REGISTERED,60639 ضاحي Cliff,,عاملةhaven,GB,Colorado,71807,TRUE
1578,1578,REGISTERED,"Contrada Boccaccio, 59 Piano 2",,بكر بن عبد مناةshire,NG,Montana,02384,TRUE
1579,1579,REGISTERED,"Stretto Virginia, 49 Appartamento 80",,Benoit,DE,Schleswig-Holstein,993-5242,TRUE
1580,1580,REGISTERED,15444 Henry Divide,,Nelsonstad,US,Vermont,61611,TRUE
1581,1581,REGISTERED,04103 Anderson Track,,East Jodiemouth,GB,Mato Grosso,51263-700,TRUE
1582,1582,REGISTERED,"Praça Sophia Pinto, 321",,Leão da Serra,IT,Hessen,24882,TRUE
1583,1583,REGISTERED,"Contrada Borromeo, 477",,Samson-les-Bains,US,Frosinone,46886,TRUE
1584,1584,REGISTERED,451 小林 Street,,Tornavento,ES,Padova,42646979,TRUE
1585,1585,REGISTERED,502 山崎 Street,,Eisenach,GB,Mecklenburg-Vorpommern,02140,TRUE
1586,1586,REGISTERED,954 Mitchell Points,,Bouvier-sur-Mer,KP,Rheinland-Pfalz,87107,TRUE
1587,1587,REGISTERED,174 Wright Circles,,West Lyndachester,GB,Sachsen-Anhalt,74495,TRUE
1588,1588,REGISTERED,"Favela de da Luz, 55",,Apolda,NL,Cáceres,89093,TRUE
1589,1589,REGISTERED,"Loteamento Bernardo Santos, 24",,Capitan Loreto,GB,Oregon,58478,TRUE
1590,1590,REGISTERED,369 جديس Radial Suite 827,,Sales,US,Rio Grande do Norte,69156,TRUE
1591,1591,REGISTERED,Camino de Damián Múñiz 53 Puerta 4 ,,Perrotnec,RU,Thüringen,37051,TRUE
1592,1592,REGISTERED,"69, rue de Guillaume",,Sainte Noël-les-Bains,JP,South Dakota,71278796,TRUE
1593,1593,REGISTERED,04484 علاء Creek,,Leão,DE,Mato Grosso do Sul,04259900,TRUE
1594,1594,REGISTERED,"4, chemin Rousset",,Farias,FR,Colorado,33581368,TRUE
1595,1595,REGISTERED,Avenida de Leão,,Osterburg,SG,Florida,01646,TRUE
1596,1596,REGISTERED,"79, boulevard de Millet",,Port Anna,DE,Málaga,24328,TRUE
1597,1597,REGISTERED,"Pátio Ravi Nunes, 19",,Guadalajara,CH,Granada,20999,TRUE
1598,1598,REGISTERED,"Piazza Giorgio, 931",,New Nigel,FR,Siena,48393-777,TRUE
1599,1599,REGISTERED,72 Bernard Way,,Aparecida,AU,Asturias,37006-323,TRUE
1600,1600,REGISTERED,189 小川 Street,,New Zoestad,ES,Roraima,93562,TRUE
1601,1601,REGISTERED,"Contrada Gabriele, 234 Appartamento 4",,Klein,GB,Vizcaya,80890,TRUE
1602,1602,REGISTERED,"Lagoa da Cunha, 48",,Wilsonberg,IT,Saarland,91024-198,TRUE
1603,1603,REGISTERED,"Travessa de Fogaça, 7",,江東区,ZA,Ohio,07400,TRUE
1604,1604,REGISTERED,Reiner-Etzler-Ring 15-11,,South Michelle,ES,Lugo,16673,TRUE
1605,1605,REGISTERED,182 Jane Fields,,Farias,TR,Florida,04601,TRUE
1606,1606,REGISTERED,Massimo-Holzapfel-Straße 74/47,,Fosterport,KP,Pontevedra,27541,TRUE
1607,1607,REGISTERED,"Residencial da Rosa, 19",,Valladolid,IT,Bremen,48452,TRUE
1608,1608,REGISTERED,"Flat 3
Baker Unions",,النمريland,KP,Ascoli Piceno,IM5 9ZQ,TRUE
1609,1609,REGISTERED,088 Matthew Stravenue Suite 583,,長生郡長柄町,DE,Santa Cruz de Tenerife,59264,TRUE
1610,1610,REGISTERED,Pasadizo de Florencio Tejada 96,,Soria,JP,Almería,72530-815,TRUE
1611,1611,REGISTERED,"74, rue Madeleine Delannoy",,Husum,GB,Schleswig-Holstein,B2 9RH,TRUE
1612,1612,REGISTERED,"Flat 64Y
Brenda Orchard",,Bernburg,US,Indiana,504-5375,TRUE
1613,1613,REGISTERED,709 Garcia Greens,,横浜市磯子区,IT,Alagoas,61483,TRUE
1614,1614,REGISTERED,9774 Aaron Spurs,,Azevedo,NL,Bremen,73024,TRUE
1615,1615,REGISTERED,2 Connor Extension,,小平市,IR,Alagoas,40067,TRUE
1616,1616,REGISTERED,014 鈴木 Street,,Vaillant,JP,Georgia,29020,TRUE
1617,1617,REGISTERED,Largo da Cunha,,Guadalajara,GB,Hawaii,49419,TRUE
1618,1618,REGISTERED,Severin-Hande-Platz 22/83,,Ginestra,FR,Oristano,DG2A 0RD,TRUE
1619,1619,REGISTERED,"Residencial Correia, 500",,長生郡一宮町,DE,Pennsylvania,427-6412,TRUE
1620,1620,REGISTERED,716 Underwood Ranch Suite 458,,La Rioja,NL,Napoli,W15 4GT,TRUE
1621,1621,REGISTERED,Cuesta Rosalinda Mayol 546 Piso 4 ,,Lake Anthony,US,Brandenburg,16314,TRUE
1622,1622,REGISTERED,289 長谷川 Street,,Borgo Grappa,RU,Georgia,29478,TRUE
1623,1623,REGISTERED,"Flat 1
Susan Summit",,Lake قنوعberg,DE,Minnesota,78379,TRUE
1624,1624,REGISTERED,9215 Benjamin Rapids Apt. 009,,Ceuta,FR,Florida,32065-694,TRUE
1625,1625,REGISTERED,Lindauweg 4114,,South Declanbury,NL,Paraná,CF4 6NF,TRUE
1626,1626,REGISTERED,Cañada de Salud Azcona 58,,da Cruz da Prata,GB,Madrid,34011,TRUE
1627,1627,REGISTERED,9961 Kathleen Villages,,Moura de Duarte,NL,Castellón,95043,TRUE
1628,1628,REGISTERED,"1, rue de Bègue",,Marina Di Modica,DE,Mato Grosso,63773,TRUE
1629,1629,REGISTERED,7 Blake Freeway,,Pascal,SE,Cagliari,37904,TRUE
1630,1630,REGISTERED,"Canale Toselli, 50",,Moggiona,ZA,New Mexico,78534,TRUE
1631,1631,REGISTERED,Kabusgasse 83/36,,Callahanstad,US,Livorno,RM2Y 6WP,TRUE
1632,1632,REGISTERED,806 山下 Street,,Grondin,ES,Valencia,N2C 6QR,TRUE
1633,1633,REGISTERED,4577 Mora Crossing,,Valencia,GB,North Carolina,13511,TRUE
1634,1634,REGISTERED,025 山田 Street,,北区,AU,Pistoia,75012,TRUE
1635,1635,REGISTERED,Via de Florencia Jover 3 Puerta 4 ,,Jameschester,RU,Málaga,40697,TRUE
1636,1636,REGISTERED,"419, boulevard de Lefort",,Bogen,US,North Carolina,71961,TRUE
1637,1637,REGISTERED,675 Malcolm Loop,,Sankt Goar,GB,Barcelona,81067,TRUE
1638,1638,REGISTERED,9 Hutchinson Port,,Saint Victor-les-Bains,RU,New York,819-2987,TRUE
1639,1639,REGISTERED,639 山田 Street,,Tonyside,GB,Sachsen-Anhalt,34135,TRUE
1640,1640,REGISTERED,Alameda de Marco Isern 921 Piso 3 ,,North زغلول,ES,Málaga,64674,TRUE
1641,1641,REGISTERED,865 清水 Street,,Marin-la-Forêt,GB,Olbia-Tempio,M12 3WJ,TRUE
1642,1642,REGISTERED,393 松田 Street,,da Cunha de das Neves,US,West Virginia,33521,TRUE
1643,1643,REGISTERED,Alameda Maite Vicente 27,,Rodrigues,JP,Bayern,11780,TRUE
1644,1644,REGISTERED,"Strada Calarco, 59 Piano 1",,Chapmanburgh,KY,Virginia,40122,TRUE
1645,1645,REGISTERED,"15, rue de Girard",,Venetico,CH,Connecticut,50473,TRUE
1646,1646,REGISTERED,Ronda de Balduino Ibarra 161 Puerta 4 ,,Bamberg,IT,Castellón,56096,TRUE
1647,1647,REGISTERED,"75, chemin Mace",,Sainte Nicole-sur-Mer,GB,Rio Grande do Sul,87411,TRUE
1648,1648,REGISTERED,Passarela Silva,,Ciudad,AU,Kansas,10309,TRUE
1649,1649,REGISTERED,Via Andrés Calleja 82,,Ávila,US,Ávila,07963-132,TRUE
1650,1650,REGISTERED,"Incrocio Luciano, 38 Piano 8",,Moiano,RU,Utah,21999391,TRUE
1651,1651,REGISTERED,"Stretto Maccanelli, 0",,غنيمton,ZA,Las Palmas,37020,TRUE
1652,1652,REGISTERED,375 藤原 Street,,عبد اللطيفmouth,DE,Vermont,908-5313,TRUE
1653,1653,REGISTERED,"Strada Cicala, 56",,Macello,ES,Guadalajara,98122,TRUE
1654,1654,REGISTERED,280 Nixon Circle,,West Leslie,GB,Rondônia,279-1854,TRUE
1655,1655,REGISTERED,8838 قيس عيلان Prairie Apt. 581,,Novais,PA,Perugia,HS22 5BU,TRUE
1656,1656,REGISTERED,Calle de Camila Prat 32,,羽村市,TR,Catania,12058,TRUE
1657,1657,REGISTERED,"Rodovia Rafael Cunha, 6",,GuyotVille,US,Campobasso,10193,TRUE
1658,1658,REGISTERED,"Vicolo Capuana, 6",,Artern,GB,Saarland,47639857,TRUE
1659,1659,REGISTERED,009 شهران Spur Apt. 450,,Ono San Pietro,NG,Acre,33979,TRUE
1660,1660,REGISTERED,779 山田 Street,,Vechta,KY,Jaén,EC3 0FU,TRUE
1661,1661,REGISTERED,Paseo René Agustín 7 Puerta 1 ,,Nordhausen,ZA,Arkansas,53263,TRUE
1662,1662,REGISTERED,Weimerstr. 5/2,,Becker-sur-Masse,DE,Segovia,JE99 3BJ,TRUE
1663,1663,REGISTERED,36 Naomi Turnpike,,New Danielle,AU,Virginia,85452,TRUE
1664,1664,REGISTERED,"Stretto Zetticci, 2",,Bautzen,TR,Berlin,47578,TRUE
1665,1665,REGISTERED,981 渡辺 Street,,Gilbertboeuf,GB,Bari,05487,TRUE
1666,1666,REGISTERED,"Vicolo Federica, 214 Appartamento 2",,Pera,NG,Reggio Emilia,28864,TRUE
1667,1667,REGISTERED,9391 عليان Grove,,FernandesVille,IT,Rheinland-Pfalz,96091,TRUE
1668,1668,REGISTERED,6237 Lee Roads,,Port ضاحكbury,US,Piauí,13369,TRUE
1669,1669,REGISTERED,Junckenstraße 7-9,,Samanthaton,JP,Virginia,36010,TRUE
1670,1670,REGISTERED,7949 عبد الغني Pines,,West ريانville,IT,Las Palmas,094-9775,TRUE
1671,1671,REGISTERED,"Canale Monte, 86 Piano 6",,Fimiani,IR,Alagoas,44238,TRUE
1672,1672,REGISTERED,3580 المنتفق Flats,,Jakeborough,GB,Illinois,95029,TRUE
1673,1673,REGISTERED,Wulf-Wiek-Straße 79,,East فاضل,ES,Mato Grosso,36331,TRUE
1674,1674,REGISTERED,565 佐々木 Street,,香取市,BS,Nordrhein-Westfalen,10786,TRUE
1675,1675,REGISTERED,Luciano-Rogge-Ring 1,,横浜市港北区,SY,New Hampshire,85708,TRUE
1676,1676,REGISTERED,C. Isidora Martín 6 Piso 3 ,,Lamy-la-Forêt,IR,South Carolina,M17 0ZA,TRUE
1677,1677,REGISTERED,"Parque Novaes, 8",,Main-Höchst,ZA,North Dakota,70637,TRUE
1678,1678,REGISTERED,0464 Peterson Freeway,,South Emilyview,SE,Washington,PO9A 8UJ,TRUE
1679,1679,REGISTERED,"66, chemin Guillaume",,Bad Liebenwerda,DE,Alagoas,31430,TRUE
1680,1680,REGISTERED,"41, chemin de Bonneau",,安房郡鋸南町,RU,Avellino,843-1014,TRUE
1681,1681,REGISTERED,913 Owen Inlet,,Lake Michael,US,Sachsen-Anhalt,06025,TRUE
1682,1682,REGISTERED,"Stretto Zetticci, 252 Piano 5",,Schwerin,US,Latina,375-5155,TRUE
1683,1683,REGISTERED,031 鈴木 Street,,East Carly,ES,Paraná,25028,TRUE
1684,1684,REGISTERED,252 بنو سعد بن بكر Forge,,West Hannah,KY,Berlin,81020,TRUE
1685,1685,REGISTERED,"Pátio Gustavo Henrique Almeida, 101",,Saint Joseph,SG,Florida,74446,TRUE
1686,1686,REGISTERED,Dippelring 426,,Wolfach,ES,Brandenburg,18306,TRUE
1687,1687,REGISTERED,159 Jared Manors,,شفيعborough,IR,Utah,194-5532,TRUE
1688,1688,REGISTERED,"Estrada Santos, 515",,San Martino Del Carso,FR,Piacenza,26023-564,TRUE
1689,1689,REGISTERED,919 木村 Street,,Baleares,ZA,Berlin,05234,TRUE
1690,1690,REGISTERED,"17, boulevard Becker",,杉並区,NL,Pará,48863,TRUE
1691,1691,REGISTERED,494 田中 Street,,Pietraperzia,TR,Berlin,45054,TRUE
1692,1692,REGISTERED,697 غالي Ways Suite 342,,Sainte Hélène-la-Forêt,DE,Brandenburg,86062,TRUE
1693,1693,REGISTERED,"Piazza Botta, 54",,横浜市青葉区,FR,Fermo,G64 2PL,TRUE
1694,1694,REGISTERED,Acceso Hortensia Gálvez 668 Puerta 2 ,,Montenegro da Serra,SE,Amazonas,85372,TRUE
1695,1695,REGISTERED,Aeroporto Pereira,,Pereira,CA,Kansas,47121,TRUE
1696,1696,REGISTERED,"89, boulevard Perrier",,Rachaelbury,SE,L'Aquila,60893,TRUE
1697,1697,REGISTERED,"Contrada Russo, 1 Appartamento 21",,三鷹市,IT,Maranhão,98878,TRUE
1698,1698,REGISTERED,"Borgo Parini, 7 Piano 4",,横浜市緑区,SG,Rheinland-Pfalz,GU5E 8FH,TRUE
1699,1699,REGISTERED,352 ريان Rest,,Rodrigues,US,Álava,295-1447,TRUE
1700,1700,REGISTERED,chemin Alexandre Gautier,,香取郡東庄町,AU,Rieti,25348,TRUE
1701,1701,REGISTERED,45 Howell Oval,,青梅市,US,Ravenna,490-5009,TRUE
1702,1702,REGISTERED,"Sítio de Carvalho, 8",,Lake Stephanie,ZA,Bolzano,072-4859,TRUE
1703,1703,REGISTERED,228 Knight Station Suite 141,,Reyesstad,CA,Hessen,78908,TRUE
1704,1704,REGISTERED,"Via Carvalho, 68",,Villaromagnano,NL,Florida,72230,TRUE
1705,1705,REGISTERED,"Recanto de Vieira, 88",,Querfurt,US,Milano,20997,TRUE
1706,1706,REGISTERED,430 高橋 Street,,昭島市,YE,Soria,83858,TRUE
1707,1707,REGISTERED,"5, boulevard Munoz",,Port دليلmouth,JP,Enna,03740,TRUE
1708,1708,REGISTERED,Ilonka-Pölitz-Ring 2/7,,Wrightchester,US,Almería,97622,TRUE
1709,1709,REGISTERED,6226 Burke Crossing,,Casalone,BS,Distrito Federal,46366,TRUE
1710,1710,REGISTERED,Esplanada Rodrigues,,Port Brianburgh,US,Connecticut,06060,TRUE
1711,1711,REGISTERED,"63, boulevard de Chauvin",,New أحلام,GB,Louisiana,70998,TRUE
1712,1712,REGISTERED,"Sítio de Novais, 97",,Nogueira,GB,Distrito Federal,30588,TRUE
1713,1713,REGISTERED,213 Janet Square,,Granada,DE,West Virginia,49363,TRUE
1714,1714,REGISTERED,"Trevo de Câmara, 64",,West Daltonstad,SG,Colorado,80144,TRUE
1715,1715,REGISTERED,098 السيفي Pines,,Málaga,CH,Minas Gerais,618-2288,TRUE
1716,1716,REGISTERED,"12, boulevard de Sanchez",,八千代市,ES,Palencia,08177,TRUE
1717,1717,REGISTERED,935 البقوم Valley Suite 705,,Castro,FR,Jaén,70015,TRUE
1718,1718,REGISTERED,058 Kathy Port,,立川市,US,Sergipe,25525,TRUE
1719,1719,REGISTERED,"Studio 83W
Howard Ford",,Cáceres,ES,Rondônia,32101-339,TRUE
1720,1720,REGISTERED,"Piazza Comolli, 17 Piano 9",,Lake Sally,NG,Rio de Janeiro,36052,TRUE
1721,1721,REGISTERED,636 森 Street,,Bellmouth,US,Sachsen-Anhalt,45125,TRUE
1722,1722,REGISTERED,87550 Jordan Greens Suite 818,,صيداويhaven,KY,Mississippi,13794,TRUE
1723,1723,REGISTERED,82814 عبدالرّحمن Loaf Apt. 478,,西多摩郡瑞穂町,US,Saarland,36273308,TRUE
1724,1724,REGISTERED,9686 Tony Unions Apt. 079,,Lake Monicashire,IT,South Dakota,37060,TRUE
1725,1725,REGISTERED,902 Denis Motorway,,Pontoglio,FR,Arkansas,20517,TRUE
1726,1726,REGISTERED,"Flat 89l
Lynne Squares",,Jamestown,ES,Iowa,07203-248,TRUE
1727,1727,REGISTERED,"Contrada Daniele, 398",,South مسلمstad,BS,Maine,812-5644,TRUE
1728,1728,REGISTERED,65228 المهرة Islands Apt. 187,,da Costa Paulista,RU,Louisiana,37686,TRUE
1729,1729,REGISTERED,"Pátio de Araújo, 98",,صيامport,DE,Baden-Württemberg,87036,TRUE
1730,1730,REGISTERED,"Flat 12
Billy Cliffs",,Marchanddan,RU,Ohio,676-8339,TRUE
1731,1731,REGISTERED,"Viale Barese, 35",,中央区,DE,Florida,26286,TRUE
1732,1732,REGISTERED,"Chácara Cunha, 9",,East Christopherview,ZA,Alagoas,94848,TRUE
1733,1733,REGISTERED,"9, rue de Legros",,国分寺市,ES,Salamanca,33133,TRUE
1734,1734,REGISTERED,137 清水 Street,,Salamanca,SE,Huelva,81042,TRUE
1735,1735,REGISTERED,Pasadizo de Teresita Valero 54 Piso 6 ,,Saint Nathalie-la-Forêt,CA,Arizona,49390,TRUE
1736,1736,REGISTERED,36840 بنو شعبة Ville Apt. 652,,PetitVille,GB,Oristano,19003-226,TRUE
1737,1737,REGISTERED,4310 ساطع Forge Apt. 854,,Augernec,NG,Bayern,31038,TRUE
1738,1738,REGISTERED,58 Amber Extension,,Sainte Émilie,FR,Baleares,70670,TRUE
1739,1739,REGISTERED,"Viela Aparecida, 34",,横浜市西区,ES,Pontevedra,907-3781,TRUE
1740,1740,REGISTERED,"67, rue Marin",,South Stewart,MM,West Virginia,23175,TRUE
1741,1741,REGISTERED,643 Michael Divide,,Le Roux-sur-Michel,NG,California,W0S 0BX,TRUE
1742,1742,REGISTERED,6617 ثروت Way,,Paulineside,FR,Zaragoza,99117-390,TRUE
1743,1743,REGISTERED,0245 Phillip Flats,,Beilngries,FR,Utah,02040,TRUE
1744,1744,REGISTERED,Alfons-Adolph-Gasse 83,,León,NL,Madrid,W3 3GF,TRUE
1745,1745,REGISTERED,"Quadra Stephany Leão, 11",,North Paigeland,DE,Minas Gerais,79393,TRUE
1746,1746,REGISTERED,7575 Stacey Forest Apt. 838,,Neustrelitz,SE,West Virginia,37315,TRUE
1747,1747,REGISTERED,Junitzstraße 1,,da Cruz de da Conceição,NG,Arizona,S5 6BQ,TRUE
1748,1748,REGISTERED,"Trevo Alexandre Lopes, 5",,Richardsfurt,US,Mato Grosso do Sul,412-1643,TRUE
1749,1749,REGISTERED,"Praça de da Rosa, 95",,Sainte Tristan,US,Sachsen,15368,TRUE
1750,1750,REGISTERED,454 福田 Street,,Lübz,SY,Rondônia,58300,TRUE
1751,1751,REGISTERED,853 Robinson Plains,,Saint Brigitte-les-Bains,CA,Padova,36148,TRUE
1752,1752,REGISTERED,4 Clive Center,,Lopes,US,Gorizia,90132,TRUE
1753,1753,REGISTERED,0 Terence Harbor,,West تميمland,US,Kansas,58192,TRUE
1754,1754,REGISTERED,65974 البخاري Roads,,Katherinemouth,NG,Delaware,83382,TRUE
1755,1755,REGISTERED,Steuergasse 7-6,,Nascimento das Pedras,FR,Paraíba,97767-380,TRUE
1756,1756,REGISTERED,Rörrichtstr. 6-8,,Sanchezside,TR,La Coruña,98002,TRUE
1757,1757,REGISTERED,295 Waters Ways,,Pinto do Oeste,KY,Pernambuco,28719,TRUE
1758,1758,REGISTERED,Cañada de Etelvina Bermúdez 874,,Amberfurt,NL,Delaware,49859634,TRUE
1759,1759,REGISTERED,Feira Casa Grande,,Patriciachester,GB,California,W1H 0LP,TRUE
1760,1760,REGISTERED,6117 Kenneth Orchard,,Cuenca,US,Huesca,22473,TRUE
1761,1761,REGISTERED,864 中村 Street,,da Luz do Oeste,US,Rheinland-Pfalz,08929,TRUE
1762,1762,REGISTERED,"Vereda de Brito, 24",,Burgos,IR,Navarra,281-9567,TRUE
1763,1763,REGISTERED,Knappegasse 1271,,Christineshire,US,Sachsen-Anhalt,50339,TRUE
1764,1764,REGISTERED,Eckbauerring 6286,,Camargo,ES,Ceará,38610,TRUE
1765,1765,REGISTERED,Ronda Ana Borrell 77 Apt. 96 ,,Oliverland,IT,Cagliari,35913,TRUE
1766,1766,REGISTERED,"Lagoa Fogaça, 5",,Dalemouth,IT,Benevento,563-2716,TRUE
1767,1767,REGISTERED,Gudestraße 197,,Perret-la-Forêt,IT,Texas,22322426,TRUE
1768,1768,REGISTERED,"Aeroporto de da Mota, 57",,Douglasborough,CA,Asturias,45613,TRUE
1769,1769,REGISTERED,Acceso de Diego Peinado 90,,Dias de da Luz,ES,Brandenburg,90024,TRUE
1770,1770,REGISTERED,Cañada Aura Ibáñez 226 Piso 2 ,,North علّام,RU,Bahia,73858,TRUE
1771,1771,REGISTERED,Erdmute-Drewes-Gasse 3/4,,San Bortolo,BS,Amapá,07847,TRUE
1772,1772,REGISTERED,9432 الأنصاري Fort,,Hannover,FR,Acre,00378-171,TRUE
1773,1773,REGISTERED,51228 حمير Cape Apt. 999,,Oliveira Paulista,SE,Wyoming,59036487,TRUE
1774,1774,REGISTERED,3297 عنزة Club,,Ravenna,DE,Rheinland-Pfalz,55054,TRUE
1775,1775,REGISTERED,"821, rue Da Costa",,Karenland,RU,Murcia,85136,TRUE
1776,1776,REGISTERED,Via Rafaela Vélez 595,,Lake Carolyn,US,Sevilla,43050,TRUE
1777,1777,REGISTERED,10638 شدّاد Harbor,,Cáceres,JP,Vizcaya,38261,TRUE
1778,1778,REGISTERED,345 متني Ranch,,Sainte Laetitia,US,North Dakota,80230,TRUE
1779,1779,REGISTERED,Calle Victoriano Oliver 6,,Ramirezhaven,GB,Missouri,09179651,TRUE
1780,1780,REGISTERED,Paseo de Gustavo Fabra 9 Piso 6 ,,新島村,CH,Córdoba,32573,TRUE
1781,1781,REGISTERED,Favela de Almeida,,Martins,NG,Brescia,91276,TRUE
1782,1782,REGISTERED,"Lagoa José da Luz, 77",,West Mollyberg,FR,Paraíba,323-8142,TRUE
1783,1783,REGISTERED,"Studio 90
Katy Squares",,Tarragona,US,Michigan,43262,TRUE
1784,1784,REGISTERED,752 山崎 Street,,North Mary,AU,Potenza,65811245,TRUE
1785,1785,REGISTERED,Dussen vanallee 7-3,,Imbert-sur-Rolland,NG,Sachsen-Anhalt,11624,TRUE
1786,1786,REGISTERED,"Chácara Rios, 423",,Badoberan,GB,Soria,06382,TRUE
1787,1787,REGISTERED,"Stretto Galtarossa, 66 Appartamento 91",,Hoareau,RU,Bahia,CV9 4QW,TRUE
1788,1788,REGISTERED,5 Jones Valleys,,Port Laura,GB,Brandenburg,72085,TRUE
1789,1789,REGISTERED,Acceso de Sofía Sáenz 76 Apt. 53 ,,練馬区,FR,New York,CR0H 5UL,TRUE
1790,1790,REGISTERED,"Studio 4
Charlie Shore",,Clément,FR,Rio Grande do Norte,11152927,TRUE
1791,1791,REGISTERED,rue Fournier,,Lake Marcusfurt,TR,Michigan,49566,TRUE
1792,1792,REGISTERED,3244 Travis Lodge,,江東区,DE,Udine,322-5109,TRUE
1793,1793,REGISTERED,08 Davies Mountain,,New سفيرberg,CA,Niedersachsen,42573,TRUE
1794,1794,REGISTERED,"Trecho de Borges, 72",,Brownborough,US,Louisiana,68232,TRUE
1795,1795,REGISTERED,"70, avenue Lucie Martineau",,Sainte Gabrielle,IT,Hessen,27236,TRUE
1796,1796,REGISTERED,"80, boulevard Charrier",,Guipúzcoa,GB,Alicante,521-1949,TRUE
1797,1797,REGISTERED,243 三浦 Street,,La Rioja,ZA,Virginia,39847,TRUE
1798,1798,REGISTERED,"Studio 13
Scott Center",,Grigno,PA,Rio de Janeiro,81455,TRUE
1799,1799,REGISTERED,683 井上 Street,,練馬区,FR,Utah,87825,TRUE
1800,1800,REGISTERED,Otto-Kade-Platz 1,,Gadebusch,AU,Illinois,746-4234,TRUE
1801,1801,REGISTERED,"Studio 22
Liam River",,Valladolid,ES,Catania,45983,TRUE
1802,1802,REGISTERED,Acceso Azeneth Gallardo 80 Apt. 28 ,,يانعshire,SE,Bahia,83635,TRUE
1803,1803,REGISTERED,"Borgo Balbi, 22 Piano 1",,横浜市磯子区,ES,New Hampshire,60860,TRUE
1804,1804,REGISTERED,"Sítio de Moraes, 1",,Palencia,SE,Vizcaya,97646,TRUE
1805,1805,REGISTERED,9515 Bishop Village Apt. 291,,LefortVille,CA,Montana,69117,TRUE
1806,1806,REGISTERED,76774 مرزوق Junction Apt. 746,,八丈島八丈町,ZA,Mato Grosso,210-7262,TRUE
1807,1807,REGISTERED,Via de Tito Yuste 84,,West لمّاح,BS,Niedersachsen,22432,TRUE
1808,1808,REGISTERED,20174 Scott Points,,Joycefort,IT,Bergamo,09484,TRUE
1809,1809,REGISTERED,Estação de Martins,,مطاوعview,PA,Sachsen-Anhalt,11720,TRUE
1810,1810,REGISTERED,072 高橋 Street,,Stewarthaven,PA,Kansas,38873,TRUE
1811,1811,REGISTERED,Vial Virgilio Villar 36 Puerta 6 ,,بتلاءport,YE,Utah,31002,TRUE
1812,1812,REGISTERED,Aleksandar-Stoll-Gasse 2,,Leão,JP,Teramo,18709,TRUE
1813,1813,REGISTERED,23272 عرفات Green,,Bernburg,FR,North Dakota,71637,TRUE
1814,1814,REGISTERED,Rodovia Santos,,Chapmanville,JP,Iowa,21455-447,TRUE
1815,1815,REGISTERED,"Piazza Gian, 14 Piano 4",,Peron,DE,Montana,85450,TRUE
1816,1816,REGISTERED,Largo de Martins,,Rey,DE,Hessen,23894056,TRUE
1817,1817,REGISTERED,Katharina-Metz-Ring 2-8,,FernandesVille,IT,Vicenza,08842,TRUE
1818,1818,REGISTERED,Cuesta Edelmiro Pujadas 97 Puerta 8 ,,North Lisa,FR,Bahia,86792,TRUE
1819,1819,REGISTERED,"40, rue de Aubert",,Montesano Sulla Marcellana,GB,Kansas,12950488,TRUE
1820,1820,REGISTERED,928 لاما Shore,,الموركةshire,US,Arizona,182-0511,TRUE
1821,1821,REGISTERED,Calle de Adelia Pino 586 Piso 4 ,,New Bruceland,TR,Michigan,44837,TRUE
1822,1822,REGISTERED,Plaza Eleuterio Cuéllar 82,,Molise,CH,Minnesota,23114,TRUE
1823,1823,REGISTERED,"Viale Ranieri, 71 Piano 3",,Toledo,KY,New Hampshire,50778,TRUE
1824,1824,REGISTERED,"Studio 46Y
Jayne Crossroad",,Jonesborough,MM,Massachusetts,97186,TRUE
1825,1825,REGISTERED,Calle de Hipólito Español 15,,New صادقbury,FR,Georgia,44545,TRUE
1826,1826,REGISTERED,8679 Martinez Avenue Suite 137,,狛江市,NL,Hessen,18259-308,TRUE
1827,1827,REGISTERED,Estação Gomes,,Wanzleben,US,Connecticut,24424,TRUE
1828,1828,REGISTERED,12520 عبد الحكيم Gardens Apt. 091,,New جودي,FR,Nordrhein-Westfalen,66783-031,TRUE
1829,1829,REGISTERED,"Studio 9
Suzanne Highway",,Magliano Alfieri,US,Baden-Württemberg,95100,TRUE
1830,1830,REGISTERED,"20, avenue Marchal",,Waldmünchen,GB,Paraná,57502,TRUE
1831,1831,REGISTERED,"8, chemin de Morvan",,Gransee,JP,Milano,96778,TRUE
1832,1832,REGISTERED,72291 Price Place Apt. 361,,Granada,JP,Utah,95650,TRUE
1833,1833,REGISTERED,"2, avenue de Leleu",,Cantabria,FR,Espírito Santo,96874,TRUE
1834,1834,REGISTERED,Rahel-Beer-Weg 6/7,,Sainte Carolinenec,ES,Sachsen-Anhalt,89819,TRUE
1835,1835,REGISTERED,651 وليف Plaza,,بنو سعد بن بكرport,AU,Catanzaro,77854,TRUE
1836,1836,REGISTERED,"Borgo Depero, 25 Piano 6",,Ceniga,FR,Asti,HS6E 6ZY,TRUE
1837,1837,REGISTERED,066 木村 Street,,Neuss,BS,Tarragona,28103,TRUE
1838,1838,REGISTERED,"Piazza Ornella, 66",,Salamanca,BS,Wyoming,B0 8DA,TRUE
1839,1839,REGISTERED,4991 الظفير Park Suite 650,,Zschopau,IT,Almería,G91 3QH,TRUE
1840,1840,REGISTERED,"2, rue de Salmon",,Camargo,US,Ogliastra,21218,TRUE
1841,1841,REGISTERED,"6, rue de Maillard",,Cavalcanti do Campo,SG,Asturias,99294,TRUE
1842,1842,REGISTERED,28496 فضل Lakes Suite 012,,West Sianshire,SY,Mato Grosso do Sul,35953,TRUE
1843,1843,REGISTERED,Callejón Matías Coloma 1 Apt. 03 ,,أشجعmouth,US,Sachsen-Anhalt,38254,TRUE
1844,1844,REGISTERED,654 Michael Isle Suite 862,,Schwarzenberg,ZA,Tennessee,20125,TRUE
1845,1845,REGISTERED,Wendestr. 7,,Kinghaven,DE,Cagliari,42876,TRUE
1846,1846,REGISTERED,"Quadra da Cruz, 65",,Barbierdan,PA,Castellón,31201,TRUE
1847,1847,REGISTERED,"Studio 4
Jones Tunnel",,New Brian,US,Valencia,06576,TRUE
1848,1848,REGISTERED,98099 Lori Canyon Suite 008,,Montenegro da Mata,IT,Minas Gerais,15063,TRUE
1849,1849,REGISTERED,292 佐々木 Street,,East Rebecca,FR,Nebraska,94222-166,TRUE
1850,1850,REGISTERED,Urbanización Graciana Monreal 87,,Saint PhilippeVille,SG,Espírito Santo,50734,TRUE
1851,1851,REGISTERED,"87, avenue de Carpentier",,Floresside,DE,Bahia,54699-158,TRUE
1852,1852,REGISTERED,8761 مكّي Island,,Randyville,US,Vizcaya,10075,TRUE
1853,1853,REGISTERED,"Viale Benedetto, 12",,Ochsenfurt,ES,Delaware,08043,TRUE
1854,1854,REGISTERED,"Aeroporto de Fernandes, 63",,Querfurt,US,Wyoming,M7B 2JG,TRUE
1855,1855,REGISTERED,chemin Grégoire,,Robertview,DE,New Hampshire,04631,TRUE
1856,1856,REGISTERED,Via Carla Campillo 31 Piso 4 ,,Oliveira,TR,Catanzaro,07771,TRUE
1857,1857,REGISTERED,Paseo Piedad Planas 59 Apt. 68 ,,North Bryan,BS,Nordrhein-Westfalen,85705,TRUE
1858,1858,REGISTERED,27760 Cody Center,,御蔵島村,NL,Brescia,16016,TRUE
1859,1859,REGISTERED,63443 الدواسر Brook,,سهلmouth,ES,Minnesota,13143,TRUE
1860,1860,REGISTERED,253 佐藤 Street,,da Luz de Rezende,SG,Pennsylvania,25727,TRUE
1861,1861,REGISTERED,004 Ashleigh Drive,,Lucas,AU,Mecklenburg-Vorpommern,63228,TRUE
1862,1862,REGISTERED,365 石川 Street,,Freemanmouth,FR,Iowa,20251,TRUE
1863,1863,REGISTERED,428 斎藤 Street,,Colubro,SE,Missouri,23076,TRUE
1864,1864,REGISTERED,74 Clare Knolls,,Roussel,CA,Espírito Santo,24966,TRUE
1865,1865,REGISTERED,6059 West Streets Suite 612,,Ceuta,RU,Badajoz,26027,TRUE
1866,1866,REGISTERED,"Stretto Gianluca, 981",,Vizcaya,KY,Pará,59535,TRUE
1867,1867,REGISTERED,Staudegasse 60-41,,بنو الأسمرtown,DE,Asturias,M9J 1EU,TRUE
1868,1868,REGISTERED,Rambla Perlita Delgado 458 Puerta 7 ,,North Juliastad,JP,Louisiana,12669,TRUE
1869,1869,REGISTERED,"Fazenda Guilherme Rezende, 90",,New Tracychester,GB,Louisiana,79035,TRUE
1870,1870,REGISTERED,"Viaduto de Barros, 964",,Cádiz,RU,Mecklenburg-Vorpommern,38321,TRUE
1871,1871,REGISTERED,"2, boulevard Joubert",,Santos,JP,Biella,165-8305,TRUE
1872,1872,REGISTERED,Pasadizo de Jose Ignacio Vila 16 Apt. 66 ,,هيمانchester,DE,Pavia,26100,TRUE
1873,1873,REGISTERED,615 Koch Underpass,,Valencia,CA,Perugia,57854,TRUE
1874,1874,REGISTERED,Lehmannring 6/7,,Castel Del Monte,FR,Sachsen,50299,TRUE
1875,1875,REGISTERED,48793 البديري Throughway,,East Marc,ES,Verona,94606,TRUE
1876,1876,REGISTERED,Callejón de Leyre Aguilar 850 Puerta 4 ,,East Rachaelberg,RU,Hessen,593-6922,TRUE
1877,1877,REGISTERED,"733, avenue de Letellier",,Muller-la-Forêt,IT,Maine,19456-158,TRUE
1878,1878,REGISTERED,"Studio 89T
Edwards Pike",,Dupont,CA,Utah,79036,TRUE
1879,1879,REGISTERED,Plaza Araceli Frutos 54 Apt. 53 ,,Carvalho Paulista,FR,Ávila,84770-239,TRUE
1880,1880,REGISTERED,242 Parker Rest,,山武郡九十九里町,CH,Missouri,84418,TRUE
1881,1881,REGISTERED,"Setor de Macedo, 79",,Hannoversch Münden,ES,Paraná,31022,TRUE
1882,1882,REGISTERED,Marek-Flantz-Weg 0,,Albacete,BS,La Rioja,49442,TRUE
1883,1883,REGISTERED,875 كافور Fork Apt. 284,,Ceuta,FR,Illinois,30024,TRUE
1884,1884,REGISTERED,Barthstraße 274,,Mandia Di Ascea,FR,Tocantins,26935,TRUE
1885,1885,REGISTERED,"Canale Puglisi, 3 Appartamento 4",,Sainte Emmanuelle,JP,Amazonas,38073,TRUE
1886,1886,REGISTERED,"Flat 73
Allan Cliff",,Uffenheim,ZA,Terni,13822,TRUE
1887,1887,REGISTERED,3847 مظهر Ranch,,Panni,GB,Niedersachsen,333-1245,TRUE
1888,1888,REGISTERED,1601 Anna Unions Apt. 173,,Cantabria,NL,Mississippi,22026,TRUE
1889,1889,REGISTERED,Barkholzweg 0,,Rochlitz,CH,Vibo Valentia,35128,TRUE
1890,1890,REGISTERED,Butteweg 2,,中央区,IT,South Dakota,39365,TRUE
1891,1891,REGISTERED,Kochallee 85,,Lisaborough,NG,Iowa,38439,TRUE
1892,1892,REGISTERED,"23, rue Guy Raynaud",,North Brent,SG,Alabama,77192,TRUE
1893,1893,REGISTERED,634 中島 Street,,Sainte Marcel,US,Valladolid,50823-828,TRUE
1894,1894,REGISTERED,Leonid-Kramer-Platz 35/94,,Melilla,SE,Schleswig-Holstein,32383,TRUE
1895,1895,REGISTERED,Römergasse 233,,New Michaelview,US,Santa Catarina,43201,TRUE
1896,1896,REGISTERED,4 Jane Drive,,Michelleville,PA,Saarland,29693,TRUE
1897,1897,REGISTERED,"Sítio Araújo, 34",,Schwarzenberg,NL,Lecce,14190,TRUE
1898,1898,REGISTERED,"56, chemin Faivre",,Marie-les-Bains,FR,La Coruña,07611,TRUE
1899,1899,REGISTERED,5574 Baker Highway,,Carlierdan,NL,Burgos,BA83 0GW,TRUE
1900,1900,REGISTERED,542 高橋 Street,,Moura,US,Tocantins,70136,TRUE
1901,1901,REGISTERED,Rambla de Amado Losada 43 Piso 6 ,,Sampaio,ES,Schleswig-Holstein,153-4476,TRUE
1902,1902,REGISTERED,"Viaduto Pires, 46",,Bützow,GB,Pescara,IP2P 7JP,TRUE
1903,1903,REGISTERED,Wulfallee 76,,Prenzlau,DE,Bahia,552-6279,TRUE
1904,1904,REGISTERED,"Contrada Agnolo, 1 Appartamento 1",,Cassiano da Prata,GB,Baden-Württemberg,77988618,TRUE
1905,1905,REGISTERED,Kraushaarstraße 66,,Harrisonstad,SE,Lucca,187-6609,TRUE
1906,1906,REGISTERED,"Studio 4
Parkin Hill",,Freital,RU,Piauí,04622,TRUE
1907,1907,REGISTERED,"Viale Gregorio, 71",,South طاهرville,ZA,Alaska,OL77 6BB,TRUE
1908,1908,REGISTERED,Dorothee-Jockel-Gasse 745,,Donaueschingen,IR,Hawaii,20035,TRUE
1909,1909,REGISTERED,"Largo Kamilly Silva, 783",,Albacete,PA,Idaho,151-8376,TRUE
1910,1910,REGISTERED,rue Théophile Gomez,,Pegnitz,CA,Maranhão,99069981,TRUE
1911,1911,REGISTERED,887 Ryan Burg Apt. 912,,Pinto de Viana,US,Cantabria,97900,TRUE
1912,1912,REGISTERED,41432 بنو كلب Roads,,Zamora,RU,Vizcaya,20086,TRUE
1913,1913,REGISTERED,C. de Adelina Miranda 33 Puerta 5 ,,Raymondmouth,FR,New Jersey,12281,TRUE
1914,1914,REGISTERED,6841 Moore Fords,,La Coruña,NG,Venezia,20075,TRUE
1915,1915,REGISTERED,Balthasar-Schäfer-Platz 413,,da Cunha,BS,Zamora,28888,TRUE
1916,1916,REGISTERED,"Studio 28U
Ross Lights",,Campos,ZA,Tennessee,86348,TRUE
1917,1917,REGISTERED,953 Patricia Walks,,Margaretfurt,ES,Oklahoma,98123,TRUE
1918,1918,REGISTERED,"Viale Piccinni, 65",,علّامview,FR,Mato Grosso,83359,TRUE
1919,1919,REGISTERED,844 كنار Camp Apt. 690,,Scandolara Ravara,AU,Soria,98990,TRUE
1920,1920,REGISTERED,333 Salinas Mountain,,Ferreira,RU,Paraná,38412,TRUE
1921,1921,REGISTERED,"Flat 74
Ashley Court",,Brandenburg,IT,Granada,21318,TRUE
1922,1922,REGISTERED,"Residencial de da Conceição, 6",,Ashleighfurt,US,Catanzaro,04032404,TRUE
1923,1923,REGISTERED,90431 Allison Mews,,شرفmouth,KY,Jaén,27173,TRUE
1924,1924,REGISTERED,14618 Andrade Centers Apt. 739,,Königs Wusterhausen,JP,São Paulo,12412,TRUE
1925,1925,REGISTERED,Glorieta de Eustaquio Ibañez 52 Puerta 2 ,,Gotha,GB,Nordrhein-Westfalen,52068,TRUE
1926,1926,REGISTERED,616 田中 Street,,East فائقside,BS,Rheinland-Pfalz,173-1365,TRUE
1927,1927,REGISTERED,Ortrun-Kroker-Gasse 7/5,,Saint Brigitte,FR,Lleida,914-6340,TRUE
1928,1928,REGISTERED,"Trevo Pietro Monteiro, 37",,Córdoba,DE,Palermo,46338,TRUE
1929,1929,REGISTERED,Calle de Santos Carro 67,,川崎市宮前区,US,Alabama,03412,TRUE
1930,1930,REGISTERED,716 藤井 Street,,بنو ليثland,DE,Michigan,08264,TRUE
1931,1931,REGISTERED,Gilda-Henck-Platz 3-8,,Watsonbury,JP,Amapá,60653,TRUE
1932,1932,REGISTERED,"659, chemin Rousseau",,Santa Croce Del Sannio,IT,Guadalajara,TQ0Y 6SA,TRUE
1933,1933,REGISTERED,Condomínio Caldeira,,町田市,ES,Macerata,21565,TRUE
1934,1934,REGISTERED,538 伊藤 Street,,八丈島八丈町,NG,Girona,36577,TRUE
1935,1935,REGISTERED,"Flat 68P
Michelle Alley",,中央区,CA,Mississippi,66017-829,TRUE
1936,1936,REGISTERED,Aleksandr-Dowerg-Weg 5-7,,Schiava,CA,Frosinone,76121,TRUE
1937,1937,REGISTERED,457 中川 Street,,Françoisboeuf,JP,Sondrio,28156-130,TRUE
1938,1938,REGISTERED,471 森 Street,,Pontepetri,NL,Pennsylvania,110-9408,TRUE
1939,1939,REGISTERED,Calle de Ezequiel Carranza 2,,横浜市南区,CH,Ravenna,635-6876,TRUE
1940,1940,REGISTERED,3698 زبير Cape,,Kennedymouth,YE,Monza e della Brianza,KW9 4TA,TRUE
1941,1941,REGISTERED,"Morro Aparecida, 7",,墨田区,CA,Mato Grosso,07132,TRUE
1942,1942,REGISTERED,Krystyna-Krause-Ring 27-54,,Santa Cruz de Tenerife,SG,North Carolina,28141,TRUE
1943,1943,REGISTERED,9621 مرسال Orchard,,East Simon,US,Siena,38020,TRUE
1944,1944,REGISTERED,220 石井 Street,,Germersheim,GB,Vermont,85035,TRUE
1945,1945,REGISTERED,434 Mitchell Creek Suite 566,,白井市,KY,Catania,G39 9QA,TRUE
1946,1946,REGISTERED,Stiebitzgasse 41/91,,Lake خضر,IT,Louisiana,38047,TRUE
1947,1947,REGISTERED,"Studio 5
Hughes Ferry",,Bützow,NL,Minas Gerais,85028,TRUE
1948,1948,REGISTERED,Zorbachallee 1/7,,川崎市川崎区,CA,Ourense,20976,TRUE
1949,1949,REGISTERED,Ina-Nette-Platz 6/7,,Chrisburgh,SE,Rio Grande do Sul,72905,TRUE
1950,1950,REGISTERED,"47, chemin Meyer",,Stevenbury,RU,Ourense,18015,TRUE
1951,1951,REGISTERED,"Via da Conceição, 30",,利島村,BS,Olbia-Tempio,SM72 0FF,TRUE
1952,1952,REGISTERED,"Studio 31K
Paula Valley",,Zamora,IT,Berlin,WS8W 3BU,TRUE
1953,1953,REGISTERED,"Favela Souza, 5",,Ochsenfurt,GB,Montana,03450,TRUE
1954,1954,REGISTERED,53991 نشوان Islands Suite 131,,da Cunha da Prata,CH,Michigan,N4E 3HL,TRUE
1955,1955,REGISTERED,"Rotonda Chiara, 134",,Marzanello,GB,Oristano,23854,TRUE
1956,1956,REGISTERED,"Flat 19
Smith Haven",,国分寺市,FR,Nebraska,91257,TRUE
1957,1957,REGISTERED,306 佐藤 Street,,Lamberthaven,DE,Rheinland-Pfalz,67193,TRUE
1958,1958,REGISTERED,"451, rue Muller",,三宅島三宅村,CA,Cuenca,18350,TRUE
1959,1959,REGISTERED,"Avenida das Neves, 89",,Patrickmouth,CA,Missouri,323-6819,TRUE
1960,1960,REGISTERED,C. de Aura Marín 45,,Lichtenfels,DE,Baden-Württemberg,04445,TRUE
1961,1961,REGISTERED,5723 Estrada Lodge Apt. 186,,Port Normanchester,SY,Almería,606-5449,TRUE
1962,1962,REGISTERED,741 الهدمي Falls Apt. 855,,横浜市戸塚区,JP,Sachsen-Anhalt,845-0080,TRUE
1963,1963,REGISTERED,05102 الخالدي Ridge,,Rachelhaven,US,Lleida,683-0840,TRUE
1964,1964,REGISTERED,Alameda de Antonia Cortés 754 Apt. 73 ,,Dubois,IT,Baden-Württemberg,30904,TRUE
1965,1965,REGISTERED,29520 Beck Parkway,,Hunterport,DE,Jaén,09083,TRUE
1966,1966,REGISTERED,"Rotonda Iadanza, 2",,مقدامfurt,GB,Arkansas,90912-619,TRUE
1967,1967,REGISTERED,"Stretto Giorgio, 569 Piano 9",,Fonseca de Freitas,FR,Hawaii,37117,TRUE
1968,1968,REGISTERED,Ernstallee 509,,Roger,JP,North Dakota,19857,TRUE
1969,1969,REGISTERED,"Núcleo de Costela, 62",,عائدmouth,GB,West Virginia,48020,TRUE
1970,1970,REGISTERED,442 中島 Street,,国分寺市,IT,Thüringen,54011,TRUE
1971,1971,REGISTERED,704 加藤 Street,,كنارside,SG,Almería,40134,TRUE
1972,1972,REGISTERED,"Flat 95
Cameron Roads",,Bruneau-sur-Mer,AU,Espírito Santo,03326,TRUE
1973,1973,REGISTERED,6349 Robert Way Apt. 557,,Silveira,TR,Kentucky,13824,TRUE
1974,1974,REGISTERED,110 Joanna Overpass,,Siqueira,FR,Arizona,89819-687,TRUE
1975,1975,REGISTERED,983 青木 Street,,Dieburg,DE,Santa Catarina,14667,TRUE
1976,1976,REGISTERED,"83, chemin Mace",,North غسّانbury,IR,Melilla,38424,TRUE
1977,1977,REGISTERED,738 中村 Street,,Campogialli,MM,Badajoz,12556,TRUE
1978,1978,REGISTERED,041 佐藤 Street,,Lake Michelle,GB,Amazonas,41772,TRUE
1979,1979,REGISTERED,37 Sarah Lodge,,Rina,ES,Thüringen,32296,TRUE
1980,1980,REGISTERED,2595 Stephens Hill Suite 112,,ناديport,US,New Mexico,42194,TRUE
1981,1981,REGISTERED,38 Alison Ranch,,Granada,JP,Minnesota,77903,TRUE
1982,1982,REGISTERED,734 Browning Views Suite 346,,Córdoba,ES,Vicenza,37056,TRUE
1983,1983,REGISTERED,"Studio 58
Ben Flat",,横浜市西区,GB,Pernambuco,393-0542,TRUE
1984,1984,REGISTERED,Chácara Melo,,町田市,GB,Arkansas,DN2M 0UH,TRUE
1985,1985,REGISTERED,"20, chemin Marthe Charles",,خزاعةstad,GB,Amapá,37015,TRUE
1986,1986,REGISTERED,01 Taylor Hollow,,Cavalcanti,GB,Nordrhein-Westfalen,24016,TRUE
1987,1987,REGISTERED,380 العوالق Brook Suite 961,,Garzashire,GB,Valencia,E18 0WT,TRUE
1988,1988,REGISTERED,986 佐々木 Street,,Waltontown,NG,Tocantins,03026,TRUE
1989,1989,REGISTERED,18811 عنز بن وائل Vista Suite 348,,Darrylview,FR,Mantova,71695-402,TRUE
1990,1990,REGISTERED,"Piazza Coriolano, 68 Appartamento 12",,Paderborn,TR,Rio Grande do Norte,06307,TRUE
1991,1991,REGISTERED,259 田中 Street,,Altentreptow,FR,Piauí,17057,TRUE
1992,1992,REGISTERED,Camino de Anastasia Gargallo 4,,Rios de Goiás,SG,Huesca,66903,TRUE
1993,1993,REGISTERED,Tilo-Tschentscher-Weg 29,,横浜市青葉区,US,Savona,04340,TRUE
1994,1994,REGISTERED,Praia de Melo,,West Elizabethport,NG,Niedersachsen,17299,TRUE
1995,1995,REGISTERED,Camino Gerónimo Niño 82,,North Heather,IR,Ohio,31588,TRUE
1996,1996,REGISTERED,5986 Kidd Court,,Montenegro da Prata,AU,Maryland,671-7198,TRUE
1997,1997,REGISTERED,"Flat 26x
Austin Lodge",,横浜市神奈川区,DE,Niedersachsen,85044,TRUE
1998,1998,REGISTERED,Corinna-Kuhl-Weg 262,,小平市,US,Catania,21010,TRUE
1999,1999,REGISTERED,961 田中 Street,,Mendonça,GB,Berlin,73325,TRUE
2000,2000,REGISTERED,"Vila Juan Pires, 5",,Burg,IT,New Jersey,10674,TRUE
2001,2001,REGISTERED,"52, rue Arnaude Martineau",,Barcelona,GB,Tarragona,64004895,TRUE
2002,2002,REGISTERED,2 Emma Fords,,Teixeira,NL,Pennsylvania,97567-564,TRUE
2003,2003,REGISTERED,Rambla Marcial Cifuentes 71,,Cantabria,IR,Nordrhein-Westfalen,46297,TRUE
2004,2004,REGISTERED,198 Roberto Club Suite 690,,Vaccarizzo,US,Thüringen,361-3350,TRUE
2005,2005,REGISTERED,0950 Yolanda Groves Suite 136,,Barcelona,ES,Rhode Island,12485,TRUE
2006,2006,REGISTERED,155 Allen Vista,,Introd,FR,Rhode Island,66553601,TRUE
2007,2007,REGISTERED,Cuesta Cruz Costa 7 Piso 1 ,,Asturias,FR,La Rioja,65859,TRUE
2008,2008,REGISTERED,"Rotonda Manuel, 7",,Saint Georges-sur-Mer,AU,Idaho,13967,TRUE
2009,2009,REGISTERED,Plaza de Carmelo Manuel 31,,Jenniferside,TR,Piauí,17894,TRUE
2010,2010,REGISTERED,"43, boulevard Robert Andre",,Camargo do Galho,US,Alabama,65825-548,TRUE
2011,2011,REGISTERED,boulevard de Bonnet,,Nunes,RU,Utah,41626,TRUE
2012,2012,REGISTERED,4701 شدّاد Corner Suite 359,,Dumas-sur-Colas,KY,Schleswig-Holstein,88156,TRUE
2013,2013,REGISTERED,"97, boulevard Pruvost",,Wolfenbüttel,US,Mecklenburg-Vorpommern,89037,TRUE
2014,2014,REGISTERED,"3, chemin de Lelièvre",,بنو حنيفةstad,GB,La Rioja,25680,TRUE
2015,2015,REGISTERED,482 佐々木 Street,,New Kateview,FR,Iowa,304-5082,TRUE
2016,2016,REGISTERED,Hedi-Schäfer-Straße 37,,Gualdo Di Narni,NL,North Dakota,46062,TRUE
2017,2017,REGISTERED,"Strada Erika, 874",,Le GoffBourg,GB,Thüringen,40223,TRUE
2018,2018,REGISTERED,8139 Downs River,,Apricale,RU,Nevada,52405,TRUE
2019,2019,REGISTERED,2292 عضل Turnpike Apt. 259,,فدائيside,NL,Girona,05487,TRUE
2020,2020,REGISTERED,300 吉田 Street,,Este,IT,Bremen,48014,TRUE
2021,2021,REGISTERED,"93, rue Gilbert Collin",,السادةmouth,ES,Goiás,44236,TRUE
2022,2022,REGISTERED,"Flat 74
Tomlinson Gardens",,Álava,FR,Sergipe,23121,TRUE
2023,2023,REGISTERED,Avenida de Felicidad Durán 53,,南房総市,NL,Guipúzcoa,16134,TRUE
2024,2024,REGISTERED,"23, avenue Diaz",,Valmacca,IT,Bremen,33435,TRUE
2025,2025,REGISTERED,050 山本 Street,,New Bernardburgh,CA,Louisiana,91955,TRUE
2026,2026,REGISTERED,Dörrring 52/22,,West Jason,US,Tocantins,S89 6QX,TRUE
2027,2027,REGISTERED,"Incrocio Cristina, 985 Appartamento 9",,Abigailshire,FR,Pará,37032,TRUE
2028,2028,REGISTERED,7844 هيام Valley Apt. 307,,Viana,BS,Missouri,87047,TRUE
2029,2029,REGISTERED,10470 بنو النجار Square,,Guadalajara,CA,Florida,08043,TRUE
2030,2030,REGISTERED,65514 القضماني Springs,,North Amandahaven,BS,North Dakota,41437-722,TRUE
2031,2031,REGISTERED,"Quadra Leão, 1",,Georgesdan,US,Connecticut,22783,TRUE
2032,2032,REGISTERED,Plaza Ana Belén Landa 37 Apt. 97 ,,North نصرhaven,IR,Wisconsin,58072,TRUE
2033,2033,REGISTERED,"Viale Pisano, 7",,Unterrain/Eppan,PA,Livorno,64182,TRUE
2034,2034,REGISTERED,682 伊藤 Street,,Lake عبد الحكيمburgh,GB,Mato Grosso,20044,TRUE
2035,2035,REGISTERED,0 Jordan Court,,Costela da Mata,CH,São Paulo,09085,TRUE
2036,2036,REGISTERED,170 佐藤 Street,,da Cunha,SE,Zaragoza,20660,TRUE
2037,2037,REGISTERED,Cuesta Narciso Gutierrez 9,,Casa Grande de Cassiano,ES,Pará,953-7290,TRUE
2038,2038,REGISTERED,Avenida de Ulises Valderrama 321 Piso 1 ,,Pacentro,GB,New Mexico,S7A 8JU,TRUE
2039,2039,REGISTERED,"95, boulevard Fischer",,山武郡九十九里町,IT,Amapá,03963,TRUE
2040,2040,REGISTERED,boulevard Simone Faure,,حجازيburgh,RU,Louisiana,387-1513,TRUE
2041,2041,REGISTERED,"99, chemin Léon Gilbert",,小笠原村,US,Huelva,88331,TRUE
2042,2042,REGISTERED,Waldtraut-Putz-Weg 52,,Samland,PA,Tennessee,27659,TRUE
2043,2043,REGISTERED,"Vila Ana Carolina Ramos, 1",,قائدberg,DE,Brescia,46029,TRUE
2044,2044,REGISTERED,Junitzring 3/3,,دؤوبview,BS,Sachsen,19459,TRUE
2045,2045,REGISTERED,"73, boulevard Bernard Gros",,Freudenstadt,RU,Toledo,11118,TRUE
2046,2046,REGISTERED,82896 Amy Grove,,Salmon,KY,North Dakota,183-8885,TRUE
2047,2047,REGISTERED,687 田中 Street,,長生郡長柄町,IR,Hessen,11024,TRUE
2048,2048,REGISTERED,Röhrdanzstr. 1,,Jaén,RU,Piauí,51294,TRUE
2049,2049,REGISTERED,"Viale Zito, 42",,Soria,IT,North Carolina,W5 6DN,TRUE
2050,2050,REGISTERED,"79, avenue Marty",,فخر الدّينburgh,PA,Sergipe,85022,TRUE
2051,2051,REGISTERED,"Flat 57V
Williams Pike",,Stadtsteinach,IT,Prato,83774,TRUE
2052,2052,REGISTERED,"Praia Theodoro Cunha, 14",,Duarte,US,Zamora,14945,TRUE
2053,2053,REGISTERED,40261 زاكي Isle Suite 263,,Borken,NG,Siena,93076,TRUE
2054,2054,REGISTERED,"Studio 8
Pauline Expressway",,長生郡一宮町,CA,Alicante,E4K 7LE,TRUE
2055,2055,REGISTERED,882 زهران Square,,Lacroix,IR,Las Palmas,47557,TRUE
2056,2056,REGISTERED,"Jardim Maria Alice Peixoto, 91",,Jonesbury,DE,Milano,14018,TRUE
2057,2057,REGISTERED,36432 فيصل Port Apt. 632,,طقشmouth,KY,Toledo,37987,TRUE
2058,2058,REGISTERED,939 佐々木 Street,,武蔵村山市,RU,Wyoming,97892079,TRUE
2059,2059,REGISTERED,Wohlgemutstraße 64-74,,Rodrigues,SE,Michigan,48403,TRUE
2060,2060,REGISTERED,Plaza Edu Company 44,,da Rocha,GB,Maine,86615,TRUE
2061,2061,REGISTERED,385 清水 Street,,East James,KY,Berlin,37131,TRUE
2062,2062,REGISTERED,"700, chemin de Dubois",,夷隅郡大多喜町,NG,Tocantins,71971,TRUE
2063,2063,REGISTERED,822 Adams Turnpike,,North Teresa,DE,Alabama,49128,TRUE
2064,2064,REGISTERED,Helmut-Steckel-Allee 195,,East Duncanburgh,JP,Hawaii,G85 4GU,TRUE
2065,2065,REGISTERED,199 Wilson Divide,,West Kathrynfort,MM,Maryland,43519,TRUE
2066,2066,REGISTERED,5 Roberts Fords,,Marshallton,IR,Maine,M8 0SL,TRUE
2067,2067,REGISTERED,Kostolzinring 8-2,,板橋区,GB,Schleswig-Holstein,18763,TRUE
2068,2068,REGISTERED,Pasaje Guadalupe Figueroa 7 Puerta 6 ,,معتوقchester,CA,Ceará,93777,TRUE
2069,2069,REGISTERED,"Via Massimo, 8 Piano 0",,Segovia,ES,Piauí,81470,TRUE
2070,2070,REGISTERED,"Stretto Lazzaro, 80",,East رمضان,NL,Idaho,66480,TRUE
2071,2071,REGISTERED,"Contrada Gori, 530",,Joshuastad,GB,Amapá,11794,TRUE
2072,2072,REGISTERED,boulevard Tristan Jourdan,,Lesignana,JP,León,85993,TRUE
2073,2073,REGISTERED,"Studio 2
Stuart Corner",,横浜市栄区,SE,Huesca,228-6979,TRUE
2074,2074,REGISTERED,556 Atkinson Greens Suite 735,,Werdau,IT,Minas Gerais,77416,TRUE
2075,2075,REGISTERED,"95, rue Caroline Ferreira",,South Alexandrachester,BS,Minas Gerais,78288,TRUE
2076,2076,REGISTERED,Scheuermannallee 8/8,,Madrid,PA,Mecklenburg-Vorpommern,53857,TRUE
2077,2077,REGISTERED,5498 بنفسج Springs,,南房総市,CA,Jaén,37321,TRUE
2078,2078,REGISTERED,428 加藤 Street,,Pinto,FR,Berlin,66566739,TRUE
2079,2079,REGISTERED,"Strada Guidone, 626 Piano 4",,East Randall,IT,West Virginia,49457,TRUE
2080,2080,REGISTERED,"Stretto Gioele, 18 Appartamento 3",,Sant'Andrea Di Sorbello,GB,Alessandria,19133,TRUE
2081,2081,REGISTERED,9110 ثاقب Plains Suite 586,,JacquotVille,SY,Maine,07400,TRUE
2082,2082,REGISTERED,80 Guy Vista,,Rodrigues Verde,US,Virginia,84024-938,TRUE
2083,2083,REGISTERED,730 Brittany Rapid Suite 261,,Zamora,SG,Rieti,22840,TRUE
2084,2084,REGISTERED,"Praça de da Conceição, 8",,Faivre,IT,Tocantins,71043,TRUE
2085,2085,REGISTERED,356 高橋 Street,,Ciudad,DE,Benevento,57492,TRUE
2086,2086,REGISTERED,24564 بارق Crest Apt. 769,,Johnsonshire,DE,Oklahoma,476-5013,TRUE
2087,2087,REGISTERED,132 Brian Falls,,Saint Andrée,FR,Sachsen-Anhalt,37611,TRUE
2088,2088,REGISTERED,Karl-Ernst-Ring 71/91,,New سلطان,TR,Maryland,81486,TRUE
2089,2089,REGISTERED,300 المهرة Mountains,,New Susan,US,Las Palmas,16217,TRUE
2090,2090,REGISTERED,"587, rue Rousseau",,Murcia,DE,Vizcaya,45960,TRUE
2091,2091,REGISTERED,3939 Miranda Mission Suite 004,,Bad Kreuznach,TR,Espírito Santo,768-5497,TRUE
2092,2092,REGISTERED,"Studio 8
Douglas Tunnel",,Ferreira,ES,Vermont,17408,TRUE
2093,2093,REGISTERED,Eberhardt-Wohlgemut-Allee 5,,خثعمhaven,CH,Santa Catarina,25898,TRUE
2094,2094,REGISTERED,1056 المتولي Curve Suite 246,,Saint Pauline,GB,Utah,53578-666,TRUE
2095,2095,REGISTERED,Callejón de Jennifer Cadenas 751 Puerta 3 ,,Witzenhausen,SG,Bayern,19348,TRUE
2096,2096,REGISTERED,"Conjunto da Mata, 67",,North مخلصberg,KP,Minas Gerais,85114777,TRUE
2097,2097,REGISTERED,344 Callum Mews,,West Dorothy,JP,Santa Catarina,35408-584,TRUE
2098,2098,REGISTERED,675 中島 Street,,小平市,ES,Maryland,25047,TRUE
2099,2099,REGISTERED,819 山本 Street,,Parchim,JP,Schleswig-Holstein,45724,TRUE
2100,2100,REGISTERED,Finkeweg 20-10,,印旛郡印旛村,IT,Ogliastra,02016,TRUE
2101,2101,REGISTERED,Sigurd-Lindner-Ring 6/7,,横浜市鶴見区,JP,Illinois,70109557,TRUE
2102,2102,REGISTERED,691 ميسون Stravenue Suite 818,,بنو ياسhaven,NL,Navarra,S2D 7WL,TRUE
2103,2103,REGISTERED,"Flat 6
Wheeler Path",,Treschietto,GB,Schleswig-Holstein,71532,TRUE
2104,2104,REGISTERED,"Conjunto Renan Camargo, 17",,South Lydia,GB,Mississippi,925-2570,TRUE
2105,2105,REGISTERED,3029 الشايقية Parkway Apt. 180,,Sainte Marieboeuf,ES,Palencia,N82 3UN,TRUE
2106,2106,REGISTERED,"Flat 32
Carly Track",,Vidal-sur-Fischer,AU,Grosseto,07073,TRUE
2107,2107,REGISTERED,Acceso de Gregorio España 41 Piso 9 ,,Johnsonburgh,ES,Maryland,SK1 7EU,TRUE
2108,2108,REGISTERED,"Viale Lombardo, 447 Piano 3",,Tuttlingen,NG,Cantabria,44497122,TRUE
2109,2109,REGISTERED,"Contrada Lucrezia, 142 Piano 0",,羽村市,YE,California,63375,TRUE
2110,2110,REGISTERED,479 Downs Islands Apt. 515,,La Rioja,JP,Rheinland-Pfalz,648-2640,TRUE
2111,2111,REGISTERED,"Flat 9
Smith Drive",,South مَسعدview,GB,Rio Grande do Norte,69244,TRUE
2112,2112,REGISTERED,"982, rue de Collin",,Aparecida,CA,Fermo,S8U 8UQ,TRUE
2113,2113,REGISTERED,"Flat 84g
Thomas Camp",,Gaillard,ZA,Frosinone,182-0352,TRUE
2114,2114,REGISTERED,638 شامخ Mews,,Vizcaya,AU,Iowa,CF2 6PW,TRUE
2115,2115,REGISTERED,30532 الشعباني Manors,,North Cynthiaside,FR,Idaho,03591,TRUE
2116,2116,REGISTERED,45 Anthony Stream,,Sant'Antonio Di Pontecagnano,US,Rio de Janeiro,W1 8AW,TRUE
2117,2117,REGISTERED,Bonbachstr. 167,,Lefèvre-sur-Pruvost,GB,Baden-Württemberg,49371910,TRUE
2118,2118,REGISTERED,583 Powell Garden,,Castelnuovo Bocca D'Adda,US,Isernia,53862,TRUE
2119,2119,REGISTERED,"Morro Siqueira, 73",,Santa Cruz de Tenerife,MM,Mississippi,43831,TRUE
2120,2120,REGISTERED,Boris-Tröst-Straße 50,,Grafenau,ES,Como,23833,TRUE
2121,2121,REGISTERED,534 Murphy Circle,,Moura do Campo,BS,Granada,97285,TRUE
2122,2122,REGISTERED,Alameda de Valeria Escribano 892,,Rocha de Marques,IT,Saarland,81431,TRUE
2123,2123,REGISTERED,"Rua de Ramos, 429",,Port Shannonfort,GB,Navarra,04187,TRUE
2124,2124,REGISTERED,552 田中 Street,,Hopkinsview,GB,Acre,16177,TRUE
2125,2125,REGISTERED,"Flat 70q
Cox Island",,East Christopher,TR,Maine,33014,TRUE
2126,2126,REGISTERED,8838 Ryan Drive Apt. 120,,Herzberg,DE,Viterbo,76795,TRUE
2127,2127,REGISTERED,949 دانة Fords Apt. 511,,Port Trevorborough,KY,Rheinland-Pfalz,90936617,TRUE
2128,2128,REGISTERED,71255 Patricia Key Suite 939,,Andrewsburgh,US,Almería,26351,TRUE
2129,2129,REGISTERED,"Residencial Dias, 46",,Pianopoli,RU,Illinois,09483,TRUE
2130,2130,REGISTERED,6 Judith Rest,,Carvalho,SE,Paraíba,092-3589,TRUE
2131,2131,REGISTERED,"Stretto Elladio, 5 Piano 1",,Morenochester,FR,Latina,374-8875,TRUE
2132,2132,REGISTERED,Krzysztof-Schlosser-Weg 26-64,,Ponzano,ZA,Florida,EH1Y 3YR,TRUE
2133,2133,REGISTERED,"Via Barbosa, 15",,Cordier,TR,São Paulo,40866,TRUE
2134,2134,REGISTERED,"Lago Farias, 61",,Malvicino,GB,Pesaro e Urbino,32170,TRUE
2135,2135,REGISTERED,"17, chemin Brun",,Toirano,US,Louisiana,20073168,TRUE
2136,2136,REGISTERED,187 وهبة Center,,Porzano,US,Baleares,34602,TRUE
2137,2137,REGISTERED,69384 Allen Cliffs Apt. 637,,Jacksonside,GB,Oklahoma,61634,TRUE
2138,2138,REGISTERED,Avenida Wálter Paz 50,,Lebreton,YE,Maine,W70 5JH,TRUE
2139,2139,REGISTERED,4326 Amanda Stream,,Cáceres,IT,New York,042-3489,TRUE
2140,2140,REGISTERED,Hörlestraße 483,,Letellier,IT,Sachsen,90459,TRUE
2141,2141,REGISTERED,Urbanización de Amador Vendrell 9,,West Katy,US,Baleares,35975,TRUE
2142,2142,REGISTERED,Margrafstraße 61/64,,Girona,IT,Maryland,37268,TRUE
2143,2143,REGISTERED,"Chácara Ravi Peixoto, 21",,文京区,US,Georgia,258-5674,TRUE
2144,2144,REGISTERED,"75, chemin Marques",,East Matthewside,CH,Wisconsin,93168,TRUE
2145,2145,REGISTERED,Viola-Kruschwitz-Weg 9-7,,長生郡一宮町,IT,Ancona,826-4650,TRUE
2146,2146,REGISTERED,Annelie-Grein Groth-Ring 9,,Pichon,IT,Bremen,621-4749,TRUE
2147,2147,REGISTERED,866 斉藤 Street,,Colinfurt,FR,Wyoming,28056,TRUE
2148,2148,REGISTERED,Estação Castro,,富津市,US,North Dakota,70147,TRUE
2149,2149,REGISTERED,boulevard Fischer,,Morganview,JP,Tocantins,61601,TRUE
2150,2150,REGISTERED,497 Juan Spring Apt. 097,,Lima de Goiás,GB,Arkansas,22893,TRUE
2151,2151,REGISTERED,"Incrocio Corradi, 63",,Rebeccaview,KY,Berlin,93601-616,TRUE
2152,2152,REGISTERED,"Stretto Gussoni, 6 Piano 0",,Port Sally,CA,Piauí,G9 7XW,TRUE
2153,2153,REGISTERED,Via Juan Llobet 13,,Meransen,CA,Valladolid,60612-517,TRUE
2154,2154,REGISTERED,680 長谷川 Street,,بنو شهرside,BS,South Dakota,UB66 2LU,TRUE
2155,2155,REGISTERED,277 Jenkins Terrace,,Guipúzcoa,US,Zaragoza,50028,TRUE
2156,2156,REGISTERED,"34, chemin Humbert",,Castelvenere,ES,Berlin,57267798,TRUE
2157,2157,REGISTERED,"Alameda Porto, 3",,Gordonburgh,KY,Piauí,05084,TRUE
2158,2158,REGISTERED,7646 Dana Underpass Apt. 651,,墨田区,YE,Sachsen,20846,TRUE
2159,2159,REGISTERED,854 Brown Route,,Toussaint,GB,Cuneo,65983,TRUE
2160,2160,REGISTERED,"Conjunto Porto, 8",,Wrightbury,PA,Vercelli,06183,TRUE
2161,2161,REGISTERED,"Vicolo Barbara, 59",,Cunninghamton,SE,Paraíba,20441,TRUE
2162,2162,REGISTERED,091 斉藤 Street,,日野市,IR,Kansas,31486,TRUE
2163,2163,REGISTERED,458 加藤 Street,,横浜市青葉区,SE,Cáceres,54254,TRUE
2164,2164,REGISTERED,81257 Philip Drives Apt. 248,,das Neves,ES,Nebraska,96500-021,TRUE
2165,2165,REGISTERED,124 加藤 Street,,国分寺市,ZA,Georgia,81051,TRUE
2166,2166,REGISTERED,"Condomínio Otto Lima, 519",,Lake عبد السّميعview,TR,Crotone,31056,TRUE
2167,2167,REGISTERED,884 Brandy Flat Suite 263,,Lake Josh,KY,Las Palmas,61599,TRUE
2168,2168,REGISTERED,Avenida Cebrián Pareja 87,,Monicashire,ZA,North Carolina,11909,TRUE
2169,2169,REGISTERED,"98, rue Denis Bernard",,Oliveira de Minas,SE,Paraíba,853-4605,TRUE
2170,2170,REGISTERED,69832 عبد الرّزاق Centers Apt. 162,,North مالكside,CA,Cuneo,97507,TRUE
2171,2171,REGISTERED,"Contrada Virginia, 80 Appartamento 6",,Marques,KP,Ceuta,20045,TRUE
2172,2172,REGISTERED,Rustplatz 5004,,Rostock,GB,Varese,82412,TRUE
2173,2173,REGISTERED,"Sítio Luiza Guerra, 85",,Mohamedfort,IT,Alagoas,33170,TRUE
2174,2174,REGISTERED,59312 Heidi Club Apt. 099,,New Joan,IT,Niedersachsen,57194,TRUE
2175,2175,REGISTERED,Truppring 6879,,山武郡横芝光町,IT,Maryland,20844,TRUE
2176,2176,REGISTERED,"Estrada Maria Flor Vasconcelos, 17",,West خلدونside,DE,Washington,83368-261,TRUE
2177,2177,REGISTERED,"Recanto Dias, 51",,East قانتstad,RU,Amazonas,353-3321,TRUE
2178,2178,REGISTERED,Rambla de Poncio Jaén 92,,Paris,TR,Hessen,68848,TRUE
2179,2179,REGISTERED,"Studio 29d
Shirley Hollow",,South Margaretview,YE,Connecticut,24951,TRUE
2180,2180,REGISTERED,"Praia de Martins, 82",,León,DE,Baden-Württemberg,17821927,TRUE
2181,2181,REGISTERED,"Strada Calogero, 53 Piano 8",,江戸川区,DE,La Rioja,21466,TRUE
2182,2182,REGISTERED,329 橋本 Street,,Paulmouth,IT,New Mexico,80187,TRUE
2183,2183,REGISTERED,"Campo Fogaça, 67",,Waltersborough,IT,Kansas,40632,TRUE
2184,2184,REGISTERED,979 後藤 Street,,South شاطرfurt,FR,Bergamo,05201,TRUE
2185,2185,REGISTERED,Ebertallee 70-39,,Caldeira,TR,Como,38188,TRUE
2186,2186,REGISTERED,120 الرباب Crossroad Suite 873,,Caldeira,JP,Salamanca,60300,TRUE
2187,2187,REGISTERED,"Studio 93A
Howe Grove",,Herford,US,Washington,10912,TRUE
2188,2188,REGISTERED,Ronda de María Manuela Sandoval 13,,Aaronborough,RU,Florida,34071-627,TRUE
2189,2189,REGISTERED,Avenida Leandra Alvarado 76,,New Jacqueline,KY,Nordrhein-Westfalen,43050,TRUE
2190,2190,REGISTERED,"Canale Pasqual, 32",,Almeida Alegre,DE,Maine,20289,TRUE
2191,2191,REGISTERED,Calle de Nayara Cobos 80 Puerta 1 ,,Nicholaston,ES,Nebraska,15867-952,TRUE
2192,2192,REGISTERED,"Pátio Valentim das Neves, 363",,Suzanneville,IT,Gorizia,04365,TRUE
2193,2193,REGISTERED,Eimerring 9417,,Zoeton,RU,Roraima,369-9149,TRUE
2194,2194,REGISTERED,Rambla Lidia Verdejo 86,,Josephfort,GB,Minas Gerais,44215,TRUE
2195,2195,REGISTERED,Cynthia-Harloff-Gasse 22,,Starnberg,US,Ceuta,25062,TRUE
2196,2196,REGISTERED,288 Pope Cliff,,Lake Terenceberg,FR,Minnesota,20778,TRUE
2197,2197,REGISTERED,52 Stevenson Street,,三鷹市,RU,South Carolina,93278,TRUE
2198,2198,REGISTERED,Ferenc-Geisel-Platz 54,,اميونيchester,GB,Alagoas,54859,TRUE
2199,2199,REGISTERED,160 Thompson Spur,,Ramos-sur-Millet,BS,South Dakota,093-3190,TRUE
2200,2200,REGISTERED,077 山田 Street,,Latina Aeroporto,FR,Brindisi,73800,TRUE
2201,2201,REGISTERED,"Vicolo Luca, 15",,Luckenwalde,ES,Vermont,40129,TRUE
2202,2202,REGISTERED,641 山口 Street,,Riosshire,JP,Nevada,24855157,TRUE
2203,2203,REGISTERED,349 بديرية Road,,Mendonça da Praia,IR,Como,921-9150,TRUE
2204,2204,REGISTERED,Acceso de Augusto Rosado 43,,Kennethfurt,ES,Lecco,ML2 8GT,TRUE
2205,2205,REGISTERED,71 Parsons Fields,,川崎市中原区,CA,Brandenburg,21152-192,TRUE
2206,2206,REGISTERED,863 بنو شيبة Courts Apt. 307,,Poggio Murella,GB,Guadalajara,59839,TRUE
2207,2207,REGISTERED,Kunibert-Hettner-Platz 6814,,Ciudad,NL,Sondrio,07726,TRUE
2208,2208,REGISTERED,Cañada Ileana Villaverde 82,,East ترف,SE,Guadalajara,66218,TRUE
2209,2209,REGISTERED,687 خلوصي Mountains,,Kelheim,TR,Ohio,43356,TRUE
2210,2210,REGISTERED,327 山本 Street,,Joppolo,DE,Rio de Janeiro,38592,TRUE
2211,2211,REGISTERED,"Estação Levi Porto, 27",,夷隅郡御宿町,US,Ciudad,42015,TRUE
2212,2212,REGISTERED,918 ضاحي Grove Suite 744,,Agliano Terme,IR,Rhode Island,E3 8HF,TRUE
2213,2213,REGISTERED,983 Tonya Divide,,新宿区,AU,North Carolina,B7 9XX,TRUE
2214,2214,REGISTERED,6581 Charles Road Apt. 622,,Bonneau,KY,Foggia,586-5726,TRUE
2215,2215,REGISTERED,"27, rue Margaud Weiss",,Lamburgh,NG,Bahia,18012,TRUE
2216,2216,REGISTERED,00840 Diaz Path,,East ساهر,IT,Nordrhein-Westfalen,42552,TRUE
2217,2217,REGISTERED,037 吉田 Street,,Novais,RU,Sachsen-Anhalt,99946501,TRUE
2218,2218,REGISTERED,364 鈴木 Street,,Porto de da Rocha,GB,Santa Catarina,08957,TRUE
2219,2219,REGISTERED,644 Thomas Knoll Suite 253,,Port Bruce,KP,Rheinland-Pfalz,04111,TRUE
2220,2220,REGISTERED,33215 بهجة Lodge Apt. 039,,Pasewalk,US,Napoli,15669,TRUE
2221,2221,REGISTERED,94718 Emily Loaf Suite 131,,Benshire,RU,Chieti,59055,TRUE
2222,2222,REGISTERED,Ronda de Máximo Montero 998,,Sankt Goarshausen,MM,Sondrio,04914,TRUE
2223,2223,REGISTERED,2470 Wilson Ridge,,Giampilieri,TR,New York,22443,TRUE
2224,2224,REGISTERED,Hendriksallee 3,,Wagnerbury,ES,Bari,805-4262,TRUE
2225,2225,REGISTERED,"Flat 3
Sheila Station",,Luckau,NG,Colorado,ZE0 1QH,TRUE
2226,2226,REGISTERED,"53, chemin Guillaume Peltier",,Strausberg,CA,West Virginia,81621-427,TRUE
2227,2227,REGISTERED,42106 David Greens,,Lake Janetport,US,Málaga,09412,TRUE
2228,2228,REGISTERED,Katarina-Wähner-Platz 8-8,,Jamesport,GB,Tarragona,BN13 8XD,TRUE
2229,2229,REGISTERED,Aeroporto Teixeira,,Greenside,ES,Maryland,G1 6EB,TRUE
2230,2230,REGISTERED,"Alameda de Correia, 49",,Robertsborough,US,Murcia,46471,TRUE
2231,2231,REGISTERED,224 林 Street,,West Staceychester,US,Rio Grande do Norte,90760,TRUE
2232,2232,REGISTERED,"1, boulevard Bonneau",,Sousa,YE,South Dakota,71525,TRUE
2233,2233,REGISTERED,Seifertallee 1/8,,Rolland,US,Acre,46982,TRUE
2234,2234,REGISTERED,"Canale Donato, 680 Appartamento 0",,Suardi,KY,Sergipe,94944,TRUE
2235,2235,REGISTERED,Acceso Ismael Abril 812,,Leefurt,SY,Bayern,661-2479,TRUE
2236,2236,REGISTERED,"35, chemin Margot Marchal",,Carpane',YE,Mantova,16577,TRUE
2237,2237,REGISTERED,439 Alyssa Estate Suite 075,,Benard,RU,Idaho,11959,TRUE
2238,2238,REGISTERED,"911, boulevard Suzanne Coste",,Lecomteboeuf,US,Niedersachsen,53042,TRUE
2239,2239,REGISTERED,8 Lloyd Fort,,Henry,JP,Almería,987-2300,TRUE
2240,2240,REGISTERED,"905, boulevard Lombard",,وسيمhaven,TR,Melilla,02081,TRUE
2241,2241,REGISTERED,Bernfried-Bender-Straße 1647,,Almería,TR,Bayern,44781,TRUE
2242,2242,REGISTERED,"5, rue Gabriel Berger",,South Russell,IT,Palencia,E7K 0PT,TRUE
2243,2243,REGISTERED,Urbanización Eustaquio Castellanos 21,,Grégoirenec,CA,West Virginia,S6W 7AZ,TRUE
2244,2244,REGISTERED,053 أنمار Lakes,,Mahe,IT,Ceará,06803,TRUE
2245,2245,REGISTERED,267 Castaneda Villages Suite 339,,山武市,AU,Oregon,WR80 7EP,TRUE
2246,2246,REGISTERED,168 田中 Street,,Arensod,KY,Amazonas,47545,TRUE
2247,2247,REGISTERED,"77, chemin Charles",,Almería,GB,Pordenone,31522-791,TRUE
2248,2248,REGISTERED,2320 الشرفاء Village Apt. 422,,Álava,IR,Nordrhein-Westfalen,41946,TRUE
2249,2249,REGISTERED,6 White Lane,,Badajoz,JP,Brandenburg,97658,TRUE
2250,2250,REGISTERED,"148, chemin Guy Maréchal",,North مصعبstad,IT,New Jersey,47503-168,TRUE
2251,2251,REGISTERED,970 Ramos Junction,,Martignana,JP,Oklahoma,73421,TRUE
2252,2252,REGISTERED,2087 Melissa Inlet Apt. 221,,Vallebona,FR,Cantabria,82523-815,TRUE
2253,2253,REGISTERED,"7, chemin David Roche",,Bowmanview,ES,Bremen,02221237,TRUE
2254,2254,REGISTERED,520 Bradford Crescent,,Danieltown,JP,Rondônia,75323-863,TRUE
2255,2255,REGISTERED,436 مسرور Streets,,Valencia,IR,Alagoas,57623,TRUE
2256,2256,REGISTERED,02336 Anna Heights Apt. 169,,Nabburg,YE,Kansas,78435,TRUE
2257,2257,REGISTERED,"Via de Câmara, 1",,North Joannastad,ES,Álava,55054,TRUE
2258,2258,REGISTERED,Annelie-Koch II-Platz 3736,,Sainte Patricia,SE,Caltanissetta,92644,TRUE
2259,2259,REGISTERED,53956 يزيد Greens Suite 422,,Toledo,US,Alagoas,32245,TRUE
2260,2260,REGISTERED,"37, avenue de Didier",,Gaby,ES,Ohio,64908,TRUE
2261,2261,REGISTERED,"Via Pompeo, 7 Appartamento 71",,Alicante,DE,New Hampshire,366-7985,TRUE
2262,2262,REGISTERED,696 森 Street,,السروريburgh,ES,Huelva,67404-950,TRUE
2263,2263,REGISTERED,24 Lindsey Grove,,八王子市,JP,Espírito Santo,71342,TRUE
2264,2264,REGISTERED,"5, rue Prévost",,Lake Mary,ZA,Mato Grosso,TW1 0DD,TRUE
2265,2265,REGISTERED,"Rodovia da Rosa, 1",,North خضرstad,AU,Hawaii,02366,TRUE
2266,2266,REGISTERED,"23, avenue Lombard",,La Coruña,ZA,Berlin,62059,TRUE
2267,2267,REGISTERED,"Via Roman, 30 Piano 1",,Schwarzenberg,FR,Verona,13882,TRUE
2268,2268,REGISTERED,703 الدليم Crest,,香取郡東庄町,TR,Barletta-Andria-Trani,12435,TRUE
2269,2269,REGISTERED,Vial de Ruperta Mesa 5,,Girona,FR,Acre,51035,TRUE
2270,2270,REGISTERED,"52, boulevard Perrot",,Cookeside,NL,Brandenburg,85743,TRUE
2271,2271,REGISTERED,966 Thomas Light Apt. 487,,بنو الأسمرhaven,SE,Arkansas,43038,TRUE
2272,2272,REGISTERED,"Vicolo Miniati, 8",,Gavazzo Nuova,NL,Schleswig-Holstein,85651,TRUE
2273,2273,REGISTERED,560 Miah Ridge,,Moulin,FR,Illinois,502-3935,TRUE
2274,2274,REGISTERED,"Flat 17
King Road",,New Shirley,TR,New Hampshire,28385,TRUE
2275,2275,REGISTERED,299 松田 Street,,Durand-sur-Pons,GB,Sachsen,208-3454,TRUE
2276,2276,REGISTERED,rue Céline Laroche,,Perrier,US,Mecklenburg-Vorpommern,25660,TRUE
2277,2277,REGISTERED,322 山田 Street,,North John,FR,Girona,77110,TRUE
2278,2278,REGISTERED,645 عائد Well,,South Stevenshire,DE,Tennessee,36518,TRUE
2279,2279,REGISTERED,"7, boulevard de Wagner",,Cassiano de Mendes,ES,Illinois,55247,TRUE
2280,2280,REGISTERED,79953 الشحوح Springs,,Roberthaven,KY,Cremona,00192,TRUE
2281,2281,REGISTERED,605 Aaron Brooks Apt. 995,,New Lindaside,YE,Carbonia-Iglesias,277-6856,TRUE
2282,2282,REGISTERED,"Feira Pacheco, 34",,Girona,RU,Massachusetts,77599,TRUE
2283,2283,REGISTERED,288 森 Street,,رحيبfort,SE,Trapani,88822,TRUE
2284,2284,REGISTERED,Arnulf-Atzler-Allee 198,,Sevilla,ZA,Roraima,06449,TRUE
2285,2285,REGISTERED,"Strada Pasqua, 3",,Bennettside,CA,Ohio,88758,TRUE
2286,2286,REGISTERED,"Studio 54
Preston Mount",,South Markport,CH,Segovia,43603,TRUE
2287,2287,REGISTERED,156 Alex Centers Suite 260,,Moraes da Praia,IT,Frosinone,84492,TRUE
2288,2288,REGISTERED,"Vale da Luz, 98",,Port Marychester,GB,Paraná,83259,TRUE
2289,2289,REGISTERED,"818, avenue Maury",,Valencia,ES,Las Palmas,80877,TRUE
2290,2290,REGISTERED,213 長谷川 Street,,Waldmünchen,NL,Cuenca,72455769,TRUE
2291,2291,REGISTERED,014 佐々木 Street,,Ribeiro de Barbosa,BS,Santa Cruz de Tenerife,22515,TRUE
2292,2292,REGISTERED,Urbanización de Porfirio Cepeda 332,,Pastor do Amparo,DE,Texas,43174,TRUE
2293,2293,REGISTERED,"345, avenue Lacombe",,West Terryview,GB,Arkansas,948-9154,TRUE
2294,2294,REGISTERED,712 西村 Street,,Saint Nathnec,GB,Caserta,63091,TRUE
2295,2295,REGISTERED,Viktor-Neureuther-Platz 87,,Soria,NL,Rio Grande do Norte,13407,TRUE
2296,2296,REGISTERED,16470 Carr Roads Suite 887,,Musellaro,SE,Alicante,28456889,TRUE
2297,2297,REGISTERED,49775 Jason Mills,,West نجدت,US,Guipúzcoa,39086,TRUE
2298,2298,REGISTERED,583 中村 Street,,Blondel-les-Bains,DE,Hamburg,69777730,TRUE
2299,2299,REGISTERED,C. Guadalupe Hidalgo 20 Piso 4 ,,八街市,SG,Kentucky,DD2V 7HE,TRUE
2300,2300,REGISTERED,rue Eugène Martineau,,New مؤمنland,IR,Salamanca,18435,TRUE
2301,2301,REGISTERED,"Incrocio Ferrara, 54 Piano 3",,八千代市,TR,Las Palmas,13640,TRUE
2302,2302,REGISTERED,Irmtrud-Stey-Ring 8-2,,عبد الرّزاقchester,NL,New Hampshire,18563,TRUE
2303,2303,REGISTERED,"Vicolo Panzera, 7",,Navarra,GB,New Mexico,367-2532,TRUE
2304,2304,REGISTERED,Via de Benito Macías 38,,四街道市,JP,Torino,03929,TRUE
2305,2305,REGISTERED,"Rodovia Davi Miguel Moraes, 230",,香取郡東庄町,ES,Nevada,36097,TRUE
2306,2306,REGISTERED,Gerlinde-van der Dussen-Weg 2/5,,Cirino de Goiás,FR,Hawaii,833-8000,TRUE
2307,2307,REGISTERED,Callejón Soledad Bonet 49 Piso 3 ,,Paderborn,US,Texas,98013,TRUE
2308,2308,REGISTERED,Vale Silveira,,Hannoversch Münden,FR,Amapá,16185,TRUE
2309,2309,REGISTERED,"20, avenue Victoire Camus",,Keithland,PA,Rondônia,68162,TRUE
2310,2310,REGISTERED,"65, avenue Bernadette Diallo",,Bailly-sur-Moreau,ES,Oregon,58482,TRUE
2311,2311,REGISTERED,246 Kelly Island,,Costela de Goiás,TR,Vermont,L5B 0XT,TRUE
2312,2312,REGISTERED,"Via Vigorelli, 66",,عطاءmouth,GB,Schleswig-Holstein,47539,TRUE
2313,2313,REGISTERED,066 鈴木 Street,,墨田区,YE,Minas Gerais,40057,TRUE
2314,2314,REGISTERED,Walburga-Mälzer-Gasse 8,,Murcia,CH,Washington,999-4024,TRUE
2315,2315,REGISTERED,"Praia de Cavalcante, 2",,香取郡東庄町,RU,Vermont,HP16 0LU,TRUE
2316,2316,REGISTERED,555 Denise Coves,,كندةshire,RU,Tennessee,18018,TRUE
2317,2317,REGISTERED,Gülsen-Jacobi Jäckel-Platz 2,,San Martino In Pedriolo,JP,Alaska,51744,TRUE
2318,2318,REGISTERED,07808 سرندح Views,,八王子市,ZA,Guipúzcoa,25397,TRUE
2319,2319,REGISTERED,37 Jennings Brooks,,Fiorano Al Serio,FR,Saarland,S3 8NQ,TRUE
2320,2320,REGISTERED,Schmiedtstr. 972,,Cardoso,TR,Maranhão,02631,TRUE
2321,2321,REGISTERED,"Rotonda Trevisani, 7 Appartamento 3",,Hammelburg,DE,Hawaii,M33 1JJ,TRUE
2322,2322,REGISTERED,"Piazza Fabrizio, 37 Appartamento 62",,福生市,DE,North Carolina,007-7129,TRUE
2323,2323,REGISTERED,"Viale Piergiuseppe, 70 Appartamento 32",,Pereira,ZA,Olbia-Tempio,37001,TRUE
2324,2324,REGISTERED,431 佐藤 Street,,نهدport,GB,Mato Grosso do Sul,90899,TRUE
2325,2325,REGISTERED,12004 لفيف Grove Suite 155,,長生郡長柄町,DE,Vercelli,25181,TRUE
2326,2326,REGISTERED,Avenida Sergio Arrieta 28,,Techer,CA,Sachsen,44626,TRUE
2327,2327,REGISTERED,9270 بنو الأحمر Wells Suite 617,,Jean,RU,Nebraska,38114,TRUE
2328,2328,REGISTERED,711 Roy Hill,,Port ساهدborough,KY,Soria,52524,TRUE
2329,2329,REGISTERED,4 Gareth Rapid,,川崎市多摩区,US,Trento,G17 9PF,TRUE
2330,2330,REGISTERED,Pasaje Cecilia Sureda 855 Apt. 18 ,,da Paz,CA,Amazonas,96422,TRUE
2331,2331,REGISTERED,"Esplanada Gomes, 713",,Sylviabury,BS,Almería,20282-074,TRUE
2332,2332,REGISTERED,"Studio 14k
Bruce Pike",,Greiz,RU,Wyoming,DT4 8FQ,TRUE
2333,2333,REGISTERED,Sagerring 683,,Beilngries,GB,New Hampshire,49764236,TRUE
2334,2334,REGISTERED,"Trecho Kevin Teixeira, 2",,Andrade,JP,Nordrhein-Westfalen,71022,TRUE
2335,2335,REGISTERED,15211 Martinez Pike Suite 256,,Janebury,DE,Piauí,279-6322,TRUE
2336,2336,REGISTERED,Buchholzallee 73,,Pires,JP,Brandenburg,31220,TRUE
2337,2337,REGISTERED,"Chácara de Almeida, 40",,CosteBourg,IT,North Carolina,67025,TRUE
2338,2338,REGISTERED,"Incrocio Broggini, 310 Appartamento 35",,النشاشيبيstad,FR,Alicante,66506,TRUE
2339,2339,REGISTERED,Karzplatz 4-8,,Regnier,US,Trapani,LS99 4HX,TRUE
2340,2340,REGISTERED,048 山口 Street,,福生市,DE,Trieste,28669,TRUE
2341,2341,REGISTERED,98947 ايمان Pike Apt. 646,,Walterstown,GB,Arezzo,29632,TRUE
2342,2342,REGISTERED,250 Stacy Walk Suite 206,,品川区,GB,Macerata,88713-084,TRUE
2343,2343,REGISTERED,Pechelstr. 6-8,,La Coruña,IT,Alaska,767-1075,TRUE
2344,2344,REGISTERED,rue Alain Chrétien,,Baranzate,SY,Illinois,46056,TRUE
2345,2345,REGISTERED,832 佐々木 Street,,福生市,US,Texas,82935,TRUE
2346,2346,REGISTERED,Urbanización África Milla 298,,طلعتburgh,PA,Zamora,53012,TRUE
2347,2347,REGISTERED,852 池田 Street,,Fernandes,TR,California,23850,TRUE
2348,2348,REGISTERED,Pärtzeltstr. 45/47,,Cavalcante das Flores,RU,Mato Grosso do Sul,89038,TRUE
2349,2349,REGISTERED,"Viale Ernesto, 7 Piano 7",,South شيّق,IT,Bayern,YO2 7HT,TRUE
2350,2350,REGISTERED,"Flat 09b
Mohammed Junctions",,Rodi' Milici,FR,Rheinland-Pfalz,13022037,TRUE
2351,2351,REGISTERED,Calle de Oriana Rico 4 Apt. 71 ,,تنوخhaven,US,Alaska,46548,TRUE
2352,2352,REGISTERED,"Piazza Bottaro, 967",,Steventon,DE,Catania,01775,TRUE
2353,2353,REGISTERED,Plaza de Abril Alfonso 16 Puerta 5 ,,Duarte Grande,NL,Mecklenburg-Vorpommern,CB2Y 9WG,TRUE
2354,2354,REGISTERED,Avenida de Ruy Reina 4 Piso 0 ,,Martinez,US,Maine,31502-743,TRUE
2355,2355,REGISTERED,"Viale Ermenegildo, 0 Appartamento 0",,Townsendburgh,SE,Massachusetts,97675,TRUE
2356,2356,REGISTERED,038 鈴木 Street,,Zschopau,NG,Utah,51309,TRUE
2357,2357,REGISTERED,"Via Spallanzani, 22 Piano 7",,Ronchena,NL,Oregon,33384,TRUE
2358,2358,REGISTERED,6118 الترجمان الصالح Vista Apt. 749,,North مالكland,CA,Georgia,25355,TRUE
2359,2359,REGISTERED,"Incrocio Miniati, 67",,Regnier-sur-Mary,KY,Lecce,CR5 7NF,TRUE
2360,2360,REGISTERED,"22, rue Lucie Fontaine",,Madrid,IT,Rheinland-Pfalz,65398,TRUE
2361,2361,REGISTERED,Glorieta Águeda Guerrero 4,,RoussetVille,AU,New Mexico,73115,TRUE
2362,2362,REGISTERED,303 岡田 Street,,Freudenstadt,US,Álava,60048,TRUE
2363,2363,REGISTERED,8 Tina Cliff,,Jonestown,IR,Tocantins,25000,TRUE
2364,2364,REGISTERED,7 Edwards Streets,,Granada,GB,Jaén,90018,TRUE
2365,2365,REGISTERED,"Canale Leoncavallo, 37 Piano 4",,Rodriguezport,ES,Amapá,14142,TRUE
2366,2366,REGISTERED,Annelore-Gierschner-Straße 51/82,,Luckenwalde,DE,Schleswig-Holstein,86305,TRUE
2367,2367,REGISTERED,842 橋本 Street,,بنو شيبةburgh,US,Brandenburg,43539,TRUE
2368,2368,REGISTERED,8543 العارف Route,,Moreira do Campo,SE,Catanzaro,SR85 9US,TRUE
2369,2369,REGISTERED,Calle Jacobo Carreras 11,,Bützow,YE,New York,39826,TRUE
2370,2370,REGISTERED,"Recanto de Vargas, 2",,西東京市,DE,Nevada,81077,TRUE
2371,2371,REGISTERED,442 بو مدين Centers Suite 988,,安房郡鋸南町,PA,Sachsen-Anhalt,98492,TRUE
2372,2372,REGISTERED,"Studio 32
Jason Drive",,川崎市高津区,NL,Oklahoma,529-6065,TRUE
2373,2373,REGISTERED,Pasadizo de Pilar Español 53 Apt. 42 ,,Chauvet,DE,Pernambuco,05251362,TRUE
2374,2374,REGISTERED,2615 عبده Crescent Apt. 162,,Marques do Oeste,GB,Idaho,03716,TRUE
2375,2375,REGISTERED,"42, boulevard Louise Fleury",,Strangolagalli,FR,Distrito Federal,40873,TRUE
2376,2376,REGISTERED,604 Willis Track,,West Jeffreyview,SE,Navarra,26781,TRUE
2377,2377,REGISTERED,Pasaje de Abril Coloma 89,,Schweinfurt,IT,Monza e della Brianza,AB0 6LB,TRUE
2378,2378,REGISTERED,Hornichplatz 1,,New Lesliemouth,US,Oklahoma,34011,TRUE
2379,2379,REGISTERED,"Setor de da Cunha, 77",,South Tannerfurt,BS,Arkansas,26035,TRUE
2380,2380,REGISTERED,"36, avenue de Delannoy",,Larrymouth,TR,Pennsylvania,76878,TRUE
2381,2381,REGISTERED,"Piazza Anguissola, 59 Piano 6",,كارمview,GB,Roraima,59334,TRUE
2382,2382,REGISTERED,"Via Sforza, 2 Piano 1",,Hagenow,FR,New Mexico,32110,TRUE
2383,2383,REGISTERED,946 伊藤 Street,,渋谷区,ZA,Cosenza,37340,TRUE
2384,2384,REGISTERED,"16, avenue de Dumas",,Lake نشوانtown,SE,Huelva,12267,TRUE
2385,2385,REGISTERED,723 佐藤 Street,,East Cliffordside,GB,León,723-9124,TRUE
2386,2386,REGISTERED,"28, boulevard Marie Techer",,San Marcellino,RU,Georgia,42565,TRUE
2387,2387,REGISTERED,340 Spence Common Apt. 005,,da Conceição,JP,Castellón,91823,TRUE
2388,2388,REGISTERED,754 عبد المجيد Hill,,Füssen,SY,Brandenburg,74123,TRUE
2389,2389,REGISTERED,Morro de Fogaça,,South Alexander,KY,Minnesota,80878-417,TRUE
2390,2390,REGISTERED,35210 Fernandez Court,,Helenhaven,GB,Kansas,77499,TRUE
2391,2391,REGISTERED,17 Birch Point,,Orsenigo,GB,Baden-Württemberg,FY04 3ZT,TRUE
2392,2392,REGISTERED,99120 العجمان Via,,Asturias,RU,Valladolid,09567,TRUE
2393,2393,REGISTERED,rue Victoire Gonzalez,,Sainte Isabelle-sur-Mer,IR,Bremen,59634,TRUE
2394,2394,REGISTERED,Horst-Kroker-Ring 0,,Stendal,RU,Nevada,49694,TRUE
2395,2395,REGISTERED,"Contrada Guicciardini, 4 Appartamento 11",,Vidal-la-Forêt,PA,Bayern,83436,TRUE
2396,2396,REGISTERED,465 中村 Street,,Sales,JP,Alabama,49284,TRUE
2397,2397,REGISTERED,"Viale Benussi, 756 Appartamento 2",,国分寺市,JP,North Dakota,97979,TRUE
2398,2398,REGISTERED,Pasaje de Melchor Carreras 1,,Mohammadport,IT,Asturias,57379,TRUE
2399,2399,REGISTERED,832 小林 Street,,Rebeccamouth,SE,Hamburg,32601,TRUE
2400,2400,REGISTERED,23 Fisher Shoal,,Millerhaven,RU,La Coruña,78573023,TRUE
2401,2401,REGISTERED,74031 بنو سعد بن ليث بن بكر Route,,da Costa Paulista,SE,Pernambuco,WR7 5DQ,TRUE
2402,2402,REGISTERED,540 خضر Fields,,Gadebusch,FR,Guipúzcoa,17025,TRUE
2403,2403,REGISTERED,"Vale Leão, 80",,South Dianatown,FR,Wisconsin,DY0H 2HG,TRUE
2404,2404,REGISTERED,121 伊藤 Street,,Palencia,RU,Hamburg,79751,TRUE
2405,2405,REGISTERED,"1, rue Adrienne Lombard",,Joneston,JP,Nebraska,24013,TRUE
2406,2406,REGISTERED,Avenida Melchor Domínguez 700 Piso 8 ,,香取市,IT,León,24696492,TRUE
2407,2407,REGISTERED,Callejón de Marino Cifuentes 228,,East غطفان,ZA,Hawaii,404-9732,TRUE
2408,2408,REGISTERED,0229 Perez Loop Suite 012,,Girona,TR,West Virginia,39199,TRUE
2409,2409,REGISTERED,08664 Paul Manor Apt. 594,,Saint Stéphanie,ZA,Sachsen,08724,TRUE
2410,2410,REGISTERED,Katharina-Ladeck-Platz 39/33,,Teruel,US,Santa Cruz de Tenerife,85511,TRUE
2411,2411,REGISTERED,"Alameda João Lucas Nunes, 4",,Fernandes,AU,Viterbo,27632,TRUE
2412,2412,REGISTERED,3180 قبيلة هذيل البقوم Gardens Apt. 976,,Shawnaborough,IT,New York,18859377,TRUE
2413,2413,REGISTERED,Alameda Salud Aliaga 99,,Ciudad,CA,North Dakota,21556,TRUE
2414,2414,REGISTERED,926 بنو لام Creek Apt. 701,,South William,AU,Thüringen,92092,TRUE
2415,2415,REGISTERED,509 高橋 Street,,Osterburg,CA,Teruel,11609,TRUE
2416,2416,REGISTERED,808 佐藤 Street,,Hamon,JP,Paraná,34455,TRUE
2417,2417,REGISTERED,Pavel-Beyer-Gasse 16,,South April,KY,Pará,76192-029,TRUE
2418,2418,REGISTERED,116 岡田 Street,,Bardino Vecchio,FR,Tocantins,97281,TRUE
2419,2419,REGISTERED,"82, rue Martin Garnier",,Nicosia,IR,New Mexico,M77 4BT,TRUE
2420,2420,REGISTERED,064 山本 Street,,Pedersano,AU,Grosseto,16761,TRUE
2421,2421,REGISTERED,Otfried-Niemeier-Straße 36/74,,Carbonate,FR,Rio Grande do Sul,81750,TRUE
2422,2422,REGISTERED,160 井上 Street,,Huesca,FR,Espírito Santo,41017,TRUE
2423,2423,REGISTERED,734 Michael Neck,,Valencia,US,Brandenburg,25160,TRUE
2424,2424,REGISTERED,267 中村 Street,,Callumtown,US,Nordrhein-Westfalen,70589,TRUE
2425,2425,REGISTERED,"Stretto Blasi, 20",,Corridonia Stazione,FR,Verona,N4G 2HZ,TRUE
2426,2426,REGISTERED,"77, boulevard Robert Regnier",,عثمانmouth,SG,Baden-Württemberg,993-9295,TRUE
2427,2427,REGISTERED,"Studio 1
Mason Flats",,Hansestadttralsund,NL,New Mexico,55145,TRUE
2428,2428,REGISTERED,199 Shane Fort,,Granada,GB,Bayern,693-0014,TRUE
2429,2429,REGISTERED,4694 Christina Trace,,Cirino Grande,BS,Olbia-Tempio,29496,TRUE
2430,2430,REGISTERED,019 Georgina Trail,,横浜市栄区,MM,São Paulo,67235,TRUE
2431,2431,REGISTERED,"Stretto Serafina, 74",,Guipúzcoa,JP,Nordrhein-Westfalen,68801771,TRUE
2432,2432,REGISTERED,"Flat 7
Griffiths Glen",,Wanzleben,IR,Granada,42861,TRUE
2433,2433,REGISTERED,7858 Lynch Road,,New Joan,FR,Georgia,KY96 3XJ,TRUE
2434,2434,REGISTERED,035 斉藤 Street,,Azevedo do Campo,BS,Albacete,70347-008,TRUE
2435,2435,REGISTERED,835 ثاقب Club,,三鷹市,BS,Paraíba,58364,TRUE
2436,2436,REGISTERED,Schülerstraße 23-11,,Coopertown,RU,Ravenna,CO6B 4BZ,TRUE
2437,2437,REGISTERED,"45, rue de Masson",,Silveira Grande,ES,Nevada,39018,TRUE
2438,2438,REGISTERED,Hendriksstr. 9-3,,Madrid,BS,Thüringen,E15 5BX,TRUE
2439,2439,REGISTERED,Alameda África Lumbreras 33 Apt. 25 ,,Casalmoro,FR,Niedersachsen,47412,TRUE
2440,2440,REGISTERED,"Studio 72p
Joanne Prairie",,Roussel,ZA,New Jersey,65482,TRUE
2441,2441,REGISTERED,1745 Ortiz Underpass Suite 801,,الدسوقيmouth,IT,Baden-Württemberg,52410,TRUE
2442,2442,REGISTERED,"Studio 9
Williams Heights",,Mühlhausen,US,North Carolina,88056,TRUE
2443,2443,REGISTERED,Cathleen-Adolph-Gasse 31,,Cuenca,RU,Minnesota,20305,TRUE
2444,2444,REGISTERED,"Incrocio Caccianemico, 0",,Barcelona,DE,Minas Gerais,53251,TRUE
2445,2445,REGISTERED,"Flat 0
Byrne Heights",,Roseside,IT,West Virginia,CO9 0SJ,TRUE
2446,2446,REGISTERED,433 佐藤 Street,,East Gillianview,US,Virginia,CT69 2AP,TRUE
2447,2447,REGISTERED,6902 خندف Course,,Vieira da Prata,JP,Brandenburg,17563,TRUE
2448,2448,REGISTERED,"Via Aldo, 5 Piano 7",,Almería,CH,Valladolid,915-3805,TRUE
2449,2449,REGISTERED,7797 نجم Glens Apt. 852,,Brand,JP,Bahia,60657682,TRUE
2450,2450,REGISTERED,Pasadizo de Isabel Cáceres 99,,横浜市瀬谷区,GB,Georgia,08979,TRUE
2451,2451,REGISTERED,514 藤井 Street,,Marcton,FR,Mato Grosso do Sul,20205,TRUE
2452,2452,REGISTERED,7191 بنو زيد Extensions,,Tonara,JP,Nevada,66717-524,TRUE
2453,2453,REGISTERED,Calle de Agapito Romeu 4,,Hardinghaven,YE,Sachsen,35638,TRUE
2454,2454,REGISTERED,07 Day Way,,Saint Roger,FR,North Carolina,06068,TRUE
2455,2455,REGISTERED,08000 Allison Drive Suite 062,,North Christinatown,GB,Piauí,90904232,TRUE
2456,2456,REGISTERED,425 David Expressway Apt. 395,,Nabburg,KP,Soria,43681,TRUE
2457,2457,REGISTERED,Ronda de Evaristo Caro 95,,Lugo,FR,Nevada,53846,TRUE
2458,2458,REGISTERED,Plaza de Albano Luján 2 Piso 3 ,,DanielBourg,GB,Hawaii,82519,TRUE
2459,2459,REGISTERED,1995 Bautista Key,,Hamel,RU,Ciudad,94206599,TRUE
2460,2460,REGISTERED,rue de Raynaud,,Carvalho de Ribeiro,NG,Ohio,30490,TRUE
2461,2461,REGISTERED,Plaza de Victorino Nicolau 64 Apt. 88 ,,Gießen,SG,Louisiana,74601,TRUE
2462,2462,REGISTERED,827 林 Street,,昭島市,IT,Pistoia,09482,TRUE
2463,2463,REGISTERED,285 坂本 Street,,Christinefort,KP,Santa Catarina,86880507,TRUE
2464,2464,REGISTERED,03527 Maddox Mountain,,Gadebusch,TR,Salamanca,37088,TRUE
2465,2465,REGISTERED,6172 الأشراف Corner,,East نجدتside,NG,Brandenburg,83606966,TRUE
2466,2466,REGISTERED,807 斉藤 Street,,Gros,US,Jaén,97426,TRUE
2467,2467,REGISTERED,"Viale Paola, 5",,横浜市青葉区,JP,Rheinland-Pfalz,17515,TRUE
2468,2468,REGISTERED,445 سلمان Drive Suite 607,,شرفtown,SG,Montana,19915,TRUE
2469,2469,REGISTERED,18605 الشامي Flats Apt. 126,,Meppen,TR,Rio Grande do Norte,26913,TRUE
2470,2470,REGISTERED,"Canale Lucio, 28 Piano 4",,Tarragona,MM,Alabama,28727,TRUE
2471,2471,REGISTERED,Pasaje de Dorotea Rodrigo 473,,Petrosino,CH,North Dakota,79848,TRUE
2472,2472,REGISTERED,"Canale Vivaldi, 88",,Barros,RU,Minas Gerais,70737,TRUE
2473,2473,REGISTERED,boulevard de Robert,,Melilla,IT,Thüringen,46001,TRUE
2474,2474,REGISTERED,"28, chemin Moreau",,Abigailfurt,GB,Minas Gerais,36925,TRUE
2475,2475,REGISTERED,"Studio 30r
Ellie Courts",,New Louise,YE,Oregon,10751,TRUE
2476,2476,REGISTERED,"Condomínio Lima, 14",,Pagemouth,US,Cantabria,24562,TRUE
2477,2477,REGISTERED,5014 ريفال Cape,,Augsburg,DE,Sachsen,47888,TRUE
2478,2478,REGISTERED,"55, chemin Schneider",,Novais de Rodrigues,TR,Massachusetts,07486,TRUE
2479,2479,REGISTERED,Plaza de Rocío Gonzalo 23 Apt. 48 ,,Samfort,NL,Rheinland-Pfalz,74464,TRUE
2480,2480,REGISTERED,Drewesstraße 5942,,Jackport,IT,Alagoas,51298,TRUE
2481,2481,REGISTERED,3385 Angela Rapid,,Niesky,CA,Sachsen,18257157,TRUE
2482,2482,REGISTERED,1843 Nichols Estate,,East مؤنس,US,Pennsylvania,98064,TRUE
2483,2483,REGISTERED,"Studio 96
Baker Pike",,Hersbruck,US,Santa Catarina,87799,TRUE
2484,2484,REGISTERED,Hiltraud-Langern-Gasse 3-3,,بنو سعد بن ليث بن بكرfort,IR,California,78284,TRUE
2485,2485,REGISTERED,0158 عتيبة Coves Suite 526,,Saint Marguerite,SG,Ravenna,06580,TRUE
2486,2486,REGISTERED,391 Ward Unions,,立川市,SE,Alicante,23426,TRUE
2487,2487,REGISTERED,Glorieta Patricio Rius 12,,Ramos,DE,Connecticut,47474,TRUE
2488,2488,REGISTERED,"Canale Coluccio, 531",,Ludwigsburg,RU,Nuoro,52381,TRUE
2489,2489,REGISTERED,6515 Steven Overpass,,da Cruz,DE,Castellón,402-6859,TRUE
2490,2490,REGISTERED,"Incrocio Necci, 19",,Petersenstad,ES,Mato Grosso,622-3310,TRUE
2491,2491,REGISTERED,Camino María Teresa Valenciano 3,,VasseurVille,GB,Rhode Island,56832,TRUE
2492,2492,REGISTERED,"1, chemin Alex Coulon",,Dachau,SE,Barcelona,84404,TRUE
2493,2493,REGISTERED,436 福田 Street,,印西市,KY,Pontevedra,66107,TRUE
2494,2494,REGISTERED,Via Abel Duarte 20 Apt. 92 ,,Jenningsshire,US,Hessen,99726332,TRUE
2495,2495,REGISTERED,C. Primitiva Cervera 24,,Souza do Galho,TR,Alaska,275-9699,TRUE
2496,2496,REGISTERED,0820 Kim Trafficway Suite 927,,Port سبأ,SE,Campobasso,25057,TRUE
2497,2497,REGISTERED,856 田中 Street,,横浜市神奈川区,YE,Espírito Santo,M83 7ZB,TRUE
2498,2498,REGISTERED,"Flat 52
Ryan Shore",,New ريانmouth,TR,West Virginia,90751,TRUE
2499,2499,REGISTERED,761 ريّان Roads,,حميرbury,IT,South Carolina,21053,TRUE
2500,2500,REGISTERED,Mia-Johann-Straße 2,,Porto,TR,Iowa,24542,TRUE
2501,2501,REGISTERED,Lara-Adler-Platz 68-21,,Lleida,RU,Tocantins,54016,TRUE
2502,2502,REGISTERED,Rognerweg 8283,,Melaniefort,US,Córdoba,219-2974,TRUE
2503,2503,REGISTERED,rue Gay,,Acostachester,FR,Arizona,48128,TRUE
2504,2504,REGISTERED,"Borgo Giancarlo, 227 Appartamento 33",,West رائدview,CA,Kansas,43206,TRUE
2505,2505,REGISTERED,Manja-Tlustek-Platz 3-5,,Dupré,GB,Amapá,95932954,TRUE
2506,2506,REGISTERED,844 加藤 Street,,Peixoto de Moraes,PA,Rio de Janeiro,700-2576,TRUE
2507,2507,REGISTERED,9625 فدائي Stream,,Margone,KY,Delaware,22021,TRUE
2508,2508,REGISTERED,751 بنو الأحمر بن الحارث Freeway Apt. 926,,Rottweil,FR,Kansas,HX7 6QN,TRUE
2509,2509,REGISTERED,"Loteamento de Castro, 94",,香取市,CA,Michigan,70023,TRUE
2510,2510,REGISTERED,"Piazza Granatelli, 1 Appartamento 39",,Aparecida,GB,Sachsen-Anhalt,441-0148,TRUE
2511,2511,REGISTERED,"Via Innocenti, 17",,Robertsville,TR,Sachsen,19272,TRUE
2512,2512,REGISTERED,50968 خليفة Corners,,Cantabria,AU,Pará,84441-219,TRUE
2513,2513,REGISTERED,902 Matthew Dale,,Senago,GB,Mecklenburg-Vorpommern,13826,TRUE
2514,2514,REGISTERED,Niemeierplatz 229,,Cavalcante,NL,Idaho,78887,TRUE
2515,2515,REGISTERED,Plaza Ruben Recio 46,,Lake Cynthiaton,DE,Rondônia,56761-342,TRUE
2516,2516,REGISTERED,"Contrada Antonia, 6 Appartamento 32",,San Martino Destra,BS,Rhode Island,845-2839,TRUE
2517,2517,REGISTERED,5908 Keller Ford Apt. 034,,Pontevedra,CA,Bayern,98209-768,TRUE
2518,2518,REGISTERED,"Incrocio Fabrizio, 4",,Villa Bartolomea,NG,Bayern,753-5526,TRUE
2519,2519,REGISTERED,"5, chemin de Costa",,Baleares,CA,Rheinland-Pfalz,49441,TRUE
2520,2520,REGISTERED,"Trecho Luiz Henrique Cavalcante, 662",,موسىtown,FR,Georgia,WN69 9BQ,TRUE
2521,2521,REGISTERED,"Piazza Bassi, 44",,Coulon-sur-Carpentier,KY,Wyoming,76479,TRUE
2522,2522,REGISTERED,"46, rue de Labbé",,North يسريville,GB,Alabama,21895141,TRUE
2523,2523,REGISTERED,"Núcleo de Santos, 78",,West مُرضيfort,PA,Alagoas,11856,TRUE
2524,2524,REGISTERED,Camino de Rosario Campillo 87 Puerta 9 ,,Blin-les-Bains,MM,Goiás,12610,TRUE
2525,2525,REGISTERED,Ronda Mariana Redondo 91,,Cantabria,JP,Washington,03949,TRUE
2526,2526,REGISTERED,"Condomínio de Farias, 61",,Rudolstadt,DE,Sachsen-Anhalt,08172,TRUE
2527,2527,REGISTERED,79999 Duncan Ridges Suite 018,,South محيي الدّين,ES,Espírito Santo,460-4127,TRUE
2528,2528,REGISTERED,"53, avenue Perrier",,Georgehaven,GB,Novara,53844,TRUE
2529,2529,REGISTERED,441 鈴木 Street,,Hansestadttralsund,RU,Goiás,74801,TRUE
2530,2530,REGISTERED,0833 Roy Union Suite 338,,Olpe,US,Rio Grande do Sul,LA2H 2XX,TRUE
2531,2531,REGISTERED,"Alameda Vitor Gabriel Câmara, 4",,Zamora,DE,Asturias,210-8683,TRUE
2532,2532,REGISTERED,6089 Jennifer Drives,,West مُتعبville,GB,Nordrhein-Westfalen,14568,TRUE
2533,2533,REGISTERED,718 林 Street,,North رشدي,PA,Matera,09492,TRUE
2534,2534,REGISTERED,280 Wilson Ridges Suite 883,,East Matthew,RU,Schleswig-Holstein,402-0640,TRUE
2535,2535,REGISTERED,"Praia Kaique da Cruz, 1",,New Gregorystad,CA,Latina,B12 7JA,TRUE
2536,2536,REGISTERED,843 鈴木 Street,,Ferreira,GB,Zaragoza,86618,TRUE
2537,2537,REGISTERED,"23, rue Sabine Menard",,Roccagloriosa,BS,Murcia,86070,TRUE
2538,2538,REGISTERED,54137 هاني Fall,,South Jake,NG,Ceuta,JE9N 0SW,TRUE
2539,2539,REGISTERED,Urbanización Azucena Serna 58 Puerta 9 ,,MasseVille,DE,Hamburg,89054,TRUE
2540,2540,REGISTERED,Cuesta de Alonso Perera 11,,Zaragoza,DE,Salamanca,78267,TRUE
2541,2541,REGISTERED,81 Davis Trafficway,,Ranco,NL,Tarragona,00157,TRUE
2542,2542,REGISTERED,715 Boyle Village,,Schwarzenberg,AU,Illinois,27819,TRUE
2543,2543,REGISTERED,"155, rue Menard",,Davidfurt,CA,Treviso,21199,TRUE
2544,2544,REGISTERED,Via de Agustín Cordero 20,,Saint Stéphanie,FR,Bremen,970-3964,TRUE
2545,2545,REGISTERED,Dorit-Austermühle-Ring 7605,,Katherinechester,US,Tarragona,17860,TRUE
2546,2546,REGISTERED,3032 Schroeder Turnpike,,Neilside,IT,Arizona,02294,TRUE
2547,2547,REGISTERED,Alameda Fabiana Uribe 95 Apt. 54 ,,Smithhaven,US,Hawaii,00692-153,TRUE
2548,2548,REGISTERED,30393 جبيلي Tunnel,,Port صلاحtown,CA,Florida,BA99 4YP,TRUE
2549,2549,REGISTERED,61067 منيب Locks Suite 702,,Calasetta,FR,Venezia,LS32 8PU,TRUE
2550,2550,REGISTERED,2567 عكاوي Plains Suite 905,,Ávila,FR,West Virginia,610-1535,TRUE
2551,2551,REGISTERED,Speerstr. 8-7,,هوازنtown,GB,Piacenza,60413,TRUE
2552,2552,REGISTERED,11557 Brown Plain,,Sainte Corinne,CA,Acre,24206,TRUE
2553,2553,REGISTERED,"Borgo Simonetta, 538 Piano 8",,Port Jamie,FR,Roma,57122,TRUE
2554,2554,REGISTERED,712 田中 Street,,West نصري,GB,Palencia,15798-005,TRUE
2555,2555,REGISTERED,"Studio 82
Simon Ridges",,Marcellina,TR,Espírito Santo,22646,TRUE
2556,2556,REGISTERED,"Canale Caccianemico, 8",,Döbeln,DE,Sachsen,38050,TRUE
2557,2557,REGISTERED,Stiffelstr. 93,,راشدstad,ES,Pistoia,03477,TRUE
2558,2558,REGISTERED,"Flat 58V
Sylvia Roads",,南房総市,NL,Asti,11047,TRUE
2559,2559,REGISTERED,"Loteamento de Pastor, 956",,Zaragoza,SE,Hawaii,35414,TRUE
2560,2560,REGISTERED,Paseo Amaro Manuel 23,,East Marioton,GB,Lecco,46896,TRUE
2561,2561,REGISTERED,Vial Vito Cantón 892 Apt. 41 ,,مرادborough,GB,Hessen,56000,TRUE
2562,2562,REGISTERED,700 岡田 Street,,نورهmouth,CA,New Hampshire,88983,TRUE
2563,2563,REGISTERED,56432 Brandon Plaza Suite 091,,Pragatto,FR,Thüringen,67038,TRUE
2564,2564,REGISTERED,"Rotonda Federici, 92",,Burgos,NG,Goiás,M4E 2BL,TRUE
2565,2565,REGISTERED,808 Rosie Ramp,,Da Silvadan,RU,Rheinland-Pfalz,90321651,TRUE
2566,2566,REGISTERED,659 باهلة Drive Suite 605,,Ferreira,MM,Berlin,G5A 8HR,TRUE
2567,2567,REGISTERED,"Travessa Ravy da Paz, 33",,Querfurt,IT,Verona,30273,TRUE
2568,2568,REGISTERED,C. de Odalis Esteban 37 Puerta 1 ,,Mendes,FR,Vizcaya,25368,TRUE
2569,2569,REGISTERED,5994 نسيبة Estates,,Oliveira das Flores,TR,Pontevedra,65034,TRUE
2570,2570,REGISTERED,"Studio 31
Vanessa Vista",,Valladolid,CA,Maine,73032,TRUE
2571,2571,REGISTERED,27348 Summers Valley Suite 941,,ضحىport,ES,Imperia,39095,TRUE
2572,2572,REGISTERED,29518 Bates Points,,Moraes de Minas,GB,Siena,12100,TRUE
2573,2573,REGISTERED,Cañada Luna Vargas 19,,Port ماياberg,KP,Teramo,19385,TRUE
2574,2574,REGISTERED,"Esplanada Montenegro, 6",,Girasole,US,Catania,41251,TRUE
2575,2575,REGISTERED,"85, rue de Masse",,كتومhaven,DE,Sergipe,97012,TRUE
2576,2576,REGISTERED,"Incrocio Odescalchi, 9 Piano 8",,Amyborough,GB,Lodi,18433,TRUE
2577,2577,REGISTERED,"79, avenue Charles",,Vaillant-la-Forêt,US,Alicante,13422355,TRUE
2578,2578,REGISTERED,25886 Kelly Shoal Suite 022,,Maropati,US,Baden-Württemberg,N5 6DU,TRUE
2579,2579,REGISTERED,Vila de Cunha,,North Brandonview,US,Burgos,20060,TRUE
2580,2580,REGISTERED,789 清水 Street,,South Naomiland,ZA,Texas,26508,TRUE
2581,2581,REGISTERED,Kranzstr. 945,,Ávila,ZA,Catania,228-5625,TRUE
2582,2582,REGISTERED,Cañada Adelia Enríquez 18,,Lebreton,PA,Guipúzcoa,19264,TRUE
2583,2583,REGISTERED,79042 شويفاتي Court,,Delahayedan,RU,Nordrhein-Westfalen,47956,TRUE
2584,2584,REGISTERED,965 鈴木 Street,,Silveira de Novaes,MM,Hawaii,15244,TRUE
2585,2585,REGISTERED,Peukertplatz 1/2,,Stevensberg,JP,Alabama,09859,TRUE
2586,2586,REGISTERED,"Ladeira Luiz Fernando Pereira, 23",,Lopes de Minas,DE,Chieti,N9 9QQ,TRUE
2587,2587,REGISTERED,237 木村 Street,,Teruel,FR,Foggia,CO9V 0JU,TRUE
2588,2588,REGISTERED,"Studio 88P
Wood Plains",,Vargas,RU,Álava,82550,TRUE
2589,2589,REGISTERED,Gumprichgasse 615,,Su Cologone,SG,Mecklenburg-Vorpommern,PH1 5DX,TRUE
2590,2590,REGISTERED,00388 ربيع Summit Apt. 203,,鴨川市,KY,Aosta,29605,TRUE
2591,2591,REGISTERED,023 木村 Street,,da Mata,ZA,Agrigento,65233,TRUE
2592,2592,REGISTERED,"Loteamento Duarte, 2",,Ceuta,GB,Connecticut,WS6R 5EF,TRUE
2593,2593,REGISTERED,"Vicolo Cafarchia, 58 Appartamento 4",,Salamanca,NL,North Carolina,27561,TRUE
2594,2594,REGISTERED,Pirmin-Ehlert-Weg 61,,Martinezside,SE,Hessen,71146,TRUE
2595,2595,REGISTERED,"Passarela de Machado, 991",,Gunzenhausen,GB,Burgos,30005,TRUE
2596,2596,REGISTERED,313 小林 Street,,Lake Natalie,IT,Washington,01889,TRUE
2597,2597,REGISTERED,464 清水 Street,,Richardshire,CA,Virginia,75704,TRUE
2598,2598,REGISTERED,"Flat 81T
Hale Fork",,North Joanna,IT,Caltanissetta,37023,TRUE
2599,2599,REGISTERED,"Parque Augusto Pereira, 6",,da Mota do Campo,GB,Ravenna,122-4275,TRUE
2600,2600,REGISTERED,"Via Conte, 93",,Cunha de Cavalcante,GB,Piauí,052-9450,TRUE
2601,2601,REGISTERED,"501, rue de Maurice",,Asturias,IT,Potenza,92154,TRUE
2602,2602,REGISTERED,Tilman-Hölzenbecher-Allee 6,,وصفيchester,US,Lecce,57248,TRUE
2603,2603,REGISTERED,6660 Maldonado Dale,,神津島村,FR,Nordrhein-Westfalen,30520640,TRUE
2604,2604,REGISTERED,"Studio 09f
Webster Place",,Jonesborough,DE,Mecklenburg-Vorpommern,49835632,TRUE
2605,2605,REGISTERED,"Estação de Guerra, 83",,Siqueira de Fernandes,ES,Granada,71916,TRUE
2606,2606,REGISTERED,375 Hart Centers Suite 951,,Nathantown,IT,Oklahoma,61328,TRUE
2607,2607,REGISTERED,Löfflerstr. 29/98,,WagnerVille,US,Goiás,12549707,TRUE
2608,2608,REGISTERED,"Colônia de Leão, 8",,Sainte Benjamin-la-Forêt,FR,Piauí,56612,TRUE
2609,2609,REGISTERED,"Setor Moura, 50",,Segovia,FR,Alaska,02758794,TRUE
2610,2610,REGISTERED,545 山下 Street,,Freudenstadt,FR,Nebraska,13616,TRUE
2611,2611,REGISTERED,"Stretto Tullio, 126 Appartamento 85",,Magdeburg,ES,Bayern,38447,TRUE
2612,2612,REGISTERED,7199 Wilson Terrace Apt. 695,,Melo,US,Baden-Württemberg,04334,TRUE
2613,2613,REGISTERED,"Flat 7
Trevor Plaza",,East ديسم,ES,New Hampshire,61328,TRUE
2614,2614,REGISTERED,"Viaduto Vitor Camargo, 30",,Schleiz,JP,Venezia,94846,TRUE
2615,2615,REGISTERED,185 Rita Orchard,,San Sosio,BS,Rio Grande do Sul,04868182,TRUE
2616,2616,REGISTERED,146 中川 Street,,Zaragoza,KP,Baleares,722-6862,TRUE
2617,2617,REGISTERED,8899 ناجي Center,,da Costa de Almeida,CH,Espírito Santo,28210,TRUE
2618,2618,REGISTERED,Conradistraße 99-61,,Torresmouth,CA,Cremona,36071,TRUE
2619,2619,REGISTERED,413 山下 Street,,Schmitt,FR,Nordrhein-Westfalen,00506715,TRUE
2620,2620,REGISTERED,"Jardim Nascimento, 19",,Álava,GB,Cosenza,63056,TRUE
2621,2621,REGISTERED,Avenida Isaura Romero 5 Puerta 6 ,,East Jamesfort,TR,Sachsen,87504,TRUE
2622,2622,REGISTERED,939 العلمي Key Apt. 089,,荒川区,US,New Jersey,51895,TRUE
2623,2623,REGISTERED,105 林 Street,,Cáceres,RU,Niedersachsen,G42 2WZ,TRUE
2624,2624,REGISTERED,"26, avenue de Olivier",,横浜市中区,ES,New Mexico,672-5551,TRUE
2625,2625,REGISTERED,702 加藤 Street,,East Vanessachester,US,New Jersey,DN82 3UZ,TRUE
2626,2626,REGISTERED,736 Tyler Village,,Hammelburg,JP,Ohio,049-0615,TRUE
2627,2627,REGISTERED,893 田中 Street,,Nogueira da Mata,FR,Paraná,08390,TRUE
2628,2628,REGISTERED,"Feira Olívia da Costa, 56",,Moraes,DE,Cuenca,46798,TRUE
2629,2629,REGISTERED,1691 لوجين Roads,,Danielsbury,ZA,South Dakota,85034,TRUE
2630,2630,REGISTERED,Bendergasse 48-31,,Port Jamieville,KY,Idaho,05827-345,TRUE
2631,2631,REGISTERED,163 Timothy Stravenue,,Perrot,US,Pennsylvania,42913,TRUE
2632,2632,REGISTERED,282 الخلفاوي Ville Apt. 420,,Ramos,TR,West Virginia,07017,TRUE
2633,2633,REGISTERED,Vial Rosa María Ferrández 80,,Cantabria,NL,Rio Grande do Norte,12891,TRUE
2634,2634,REGISTERED,"Viaduto Cunha, 26",,Cavolano,FR,Ceará,96382,TRUE
2635,2635,REGISTERED,"Studio 11P
Robert Camp",,Lake Brettside,SY,Santa Catarina,M4 4FL,TRUE
2636,2636,REGISTERED,"Vicolo Benito, 112 Appartamento 32",,Salamanca,DE,Albacete,33817,TRUE
2637,2637,REGISTERED,3372 بنو لام Meadows Apt. 720,,Leonardfurt,ZA,Salamanca,BR7 7JJ,TRUE
2638,2638,REGISTERED,72242 صاحب Hill,,Salamanca,GB,New Hampshire,G30 5HA,TRUE
2639,2639,REGISTERED,"Vereda Yasmin Nascimento, 60",,Oggiono,GB,Arizona,50033,TRUE
2640,2640,REGISTERED,Gerfried-Zänker-Gasse 78,,Thompsonport,GB,Asti,06074,TRUE
2641,2641,REGISTERED,74930 Mary Spurs,,Chartier-les-Bains,KY,Mississippi,26014,TRUE
2642,2642,REGISTERED,336 吉田 Street,,Gonzalestown,DE,Brandenburg,08105-352,TRUE
2643,2643,REGISTERED,4 Maureen Coves,,Viechtach,GB,Trapani,53155,TRUE
2644,2644,REGISTERED,Alameda Pacheco,,East Denise,PA,New Hampshire,184-5966,TRUE
2645,2645,REGISTERED,66758 Cynthia Falls,,Câmara,DE,Prato,15893657,TRUE
2646,2646,REGISTERED,"Fazenda Pedro Miguel Nascimento, 42",,Valladolid,DE,Hessen,S8 2EE,TRUE
2647,2647,REGISTERED,"Viaduto Lucas Gabriel Costa, 942",,South Lydia,FR,Mississippi,39072,TRUE
2648,2648,REGISTERED,739 Willis Road,,Wolgast,ES,Illinois,77262,TRUE
2649,2649,REGISTERED,513 伊藤 Street,,Viechtach,US,Hessen,27324,TRUE
2650,2650,REGISTERED,Ronda de Dorita Aguilar 73 Piso 4 ,,Fognano,FR,Michigan,34797-564,TRUE
2651,2651,REGISTERED,217 渡辺 Street,,Teixeira da Praia,SG,Maranhão,24890,TRUE
2652,2652,REGISTERED,1642 حلا Stream,,Câmara dos Dourados,RU,California,78425-108,TRUE
2653,2653,REGISTERED,"Residencial de Marques, 23",,大網白里市,RU,Ravenna,66999551,TRUE
2654,2654,REGISTERED,946 Heather Valleys,,Belvedere Fogliense,BS,Asturias,LU5N 8HY,TRUE
2655,2655,REGISTERED,4436 بنو خالد Prairie Apt. 747,,Paulchester,ES,São Paulo,65875,TRUE
2656,2656,REGISTERED,"9, rue Michèle Lebon",,Zaragoza,NL,Piauí,75788,TRUE
2657,2657,REGISTERED,45016 Justin Hills,,Zaragoza,NL,Alagoas,59230,TRUE
2658,2658,REGISTERED,808 Lisa Centers Apt. 679,,Leipziger Land,DE,Mato Grosso,13891,TRUE
2659,2659,REGISTERED,7949 Michael Landing,,نجيبhaven,RU,Saarland,92488,TRUE
2660,2660,REGISTERED,7313 Amanda Corners Suite 529,,Pires Grande,FR,Mantova,19023-368,TRUE
2661,2661,REGISTERED,Mitschkering 8,,長生郡一宮町,ES,Thüringen,98431-124,TRUE
2662,2662,REGISTERED,535 Smith Forks,,Wongview,TR,Wyoming,S3U 6DA,TRUE
2663,2663,REGISTERED,05 Edwards Vista,,Querfurt,DE,Wisconsin,34341,TRUE
2664,2664,REGISTERED,"Studio 3
David River",,Jesus da Praia,NG,Melilla,38654,TRUE
2665,2665,REGISTERED,"Contrada Alberico, 953 Piano 8",,Tarragona,PA,Virginia,34143,TRUE
2666,2666,REGISTERED,"Contrada Isabella, 16",,Wellsport,US,Connecticut,B11 6FW,TRUE
2667,2667,REGISTERED,709 Mcgee Valleys,,Cherylburgh,ES,Michigan,068-2639,TRUE
2668,2668,REGISTERED,9944 الشامي Shores,,Prun,US,Delaware,86550,TRUE
2669,2669,REGISTERED,"61, rue Chevallier",,Lake Mohammad,AU,Sachsen-Anhalt,16678,TRUE
2670,2670,REGISTERED,C. Jonatan Moraleda 98,,Fernandes da Serra,DE,Amazonas,07955,TRUE
2671,2671,REGISTERED,400 منيع Cape,,La Coruña,CH,Alabama,83673,TRUE
2672,2672,REGISTERED,"Morro de Leão, 789",,South طائع,RU,Ascoli Piceno,46259997,TRUE
2673,2673,REGISTERED,Reinald-Anders-Weg 4523,,Khanfort,ZA,Treviso,18573,TRUE
2674,2674,REGISTERED,"Vila de Vieira, 3",,Sainte Louise,FR,Minnesota,25461,TRUE
2675,2675,REGISTERED,947 山本 Street,,Trovo,ES,Bologna,40539477,TRUE
2676,2676,REGISTERED,"Flat 95
Andrews Squares",,East Jonathan,NL,Alessandria,51550,TRUE
2677,2677,REGISTERED,"60, rue Émile Pages",,Menard-les-Bains,CA,Espírito Santo,82807,TRUE
2678,2678,REGISTERED,"Flat 7
Robin Falls",,da Mota,PA,Colorado,42431,TRUE
2679,2679,REGISTERED,6683 الدواسر Streets Suite 123,,Teruel,FR,Oregon,33930,TRUE
2680,2680,REGISTERED,695 سموم Well,,Daviesside,ZA,Rio Grande do Sul,SS9 8XZ,TRUE
2681,2681,REGISTERED,"Canale Paltrinieri, 639 Appartamento 99",,Meppen,ZA,Álava,19830,TRUE
2682,2682,REGISTERED,491 جبيلي Pike Suite 914,,Jaén,KY,Ancona,16124,TRUE
2683,2683,REGISTERED,4221 Gonzalez Village,,Suhl,US,Foggia,61205,TRUE
2684,2684,REGISTERED,"Stretto Paloma, 754 Piano 4",,Hamon,US,Gorizia,63842,TRUE
2685,2685,REGISTERED,248 松田 Street,,Launay,IT,Verbano-Cusio-Ossola,04000953,TRUE
2686,2686,REGISTERED,Dörschnerring 453,,鴨川市,JP,Pará,94647,TRUE
2687,2687,REGISTERED,Urbanización de Julián Dávila 653 Piso 4 ,,印旛郡酒々井町,FR,Mantova,02035,TRUE
2688,2688,REGISTERED,715 森 Street,,Smallstad,DE,Rheinland-Pfalz,76680-002,TRUE
2689,2689,REGISTERED,"Vicolo Cignaroli, 12 Appartamento 1",,Mitchellchester,JP,Monza e della Brianza,17837,TRUE
2690,2690,REGISTERED,916 山下 Street,,New Patriciafurt,TR,León,70827,TRUE
2691,2691,REGISTERED,278 يافع Alley Apt. 004,,San Fruttuoso Di Camogli,NG,Paraíba,KT7B 1JU,TRUE
2692,2692,REGISTERED,"Viale Lisa, 40",,Soria,US,Rio Grande do Sul,08161,TRUE
2693,2693,REGISTERED,6259 طسم Expressway Apt. 346,,Lewisville,ZA,Belluno,89487,TRUE
2694,2694,REGISTERED,"568, avenue de Tanguy",,御蔵島村,BS,Ceará,26580,TRUE
2695,2695,REGISTERED,"Borgo Pisani, 22",,山武郡芝山町,US,Maine,84076,TRUE
2696,2696,REGISTERED,"Contrada Vincenzo, 4 Piano 7",,La Coruña,JP,Florida,75636,TRUE
2697,2697,REGISTERED,"35, chemin Legros",,RousselVille,IT,Vermont,89842,TRUE
2698,2698,REGISTERED,"Borgo Bazzi, 7",,الربابfurt,TR,Nordrhein-Westfalen,54026,TRUE
2699,2699,REGISTERED,837 青木 Street,,Baleares,ES,Arkansas,65347,TRUE
2700,2700,REGISTERED,428 田中 Street,,山武郡横芝光町,JP,Piauí,12328,TRUE
2701,2701,REGISTERED,482 伊藤 Street,,La Rioja,DE,Louisiana,62888,TRUE
2702,2702,REGISTERED,2155 Young Walk Suite 258,,جواهرhaven,KY,Georgia,04896,TRUE
2703,2703,REGISTERED,568 Kate Lights,,Gaudin,SE,Sachsen-Anhalt,60019,TRUE
2704,2704,REGISTERED,"Loteamento de Sales, 73",,Córdoba,JP,Sachsen,44312,TRUE
2705,2705,REGISTERED,51093 Jessica Union,,Eisenberg,BS,Barcelona,46100,TRUE
2706,2706,REGISTERED,"Viale Pedersoli, 0 Piano 9",,أشجعton,FR,Alaska,44558,TRUE
2707,2707,REGISTERED,"85, rue Delorme",,Newtonshire,ZA,Pernambuco,53436,TRUE
2708,2708,REGISTERED,676 Macdonald Rapid,,Straulas,GB,Oristano,G2W 7XF,TRUE
2709,2709,REGISTERED,270 King Trail,,DelaunayBourg,JP,Colorado,L79 8DL,TRUE
2710,2710,REGISTERED,Vial Priscila Manjón 5 Apt. 84 ,,Gerolzhofen,JP,Washington,N8 7AG,TRUE
2711,2711,REGISTERED,"Studio 0
Steven Park",,Ribnitz-Damgarten,IR,Berlin,89723,TRUE
2712,2712,REGISTERED,"Strada Donini, 80 Piano 3",,North Karen,NL,Macerata,21858,TRUE
2713,2713,REGISTERED,596 藤田 Street,,East ضاحي,RU,Novara,64933546,TRUE
2714,2714,REGISTERED,850 Wood Manor Apt. 862,,Joubert,DE,Asturias,87406,TRUE
2715,2715,REGISTERED,"42, boulevard de Laurent",,Hildburghausen,SG,Pescara,PE46 2ZQ,TRUE
2716,2716,REGISTERED,Slavko-Trüb-Allee 84-59,,هلالbury,CH,Ascoli Piceno,34221,TRUE
2717,2717,REGISTERED,406 石川 Street,,Sevilla,CA,Bremen,83099,TRUE
2718,2718,REGISTERED,Stiffelstraße 60-15,,RobinBourg,FR,Rhode Island,146-5041,TRUE
2719,2719,REGISTERED,"Rotonda Navarria, 35 Appartamento 21",,Badajoz,KY,Missouri,13442,TRUE
2720,2720,REGISTERED,Cañada de Toño Soria 26 Piso 2 ,,Melilla,FR,Goiás,LD5R 3BX,TRUE
2721,2721,REGISTERED,Pasadizo Eugenio Francisco 692,,台東区,JP,Las Palmas,840-3246,TRUE
2722,2722,REGISTERED,Urbanización de Marcia Pelayo 218,,Pastrengo,ES,Palencia,33176,TRUE
2723,2723,REGISTERED,Mary-Lange-Weg 4375,,横浜市青葉区,PA,Castellón,99537,TRUE
2724,2724,REGISTERED,Camino Nicolasa Esteve 34,,North معن,IT,Salamanca,24465,TRUE
2725,2725,REGISTERED,02927 Amanda Dale,,Josephfort,GB,New York,87020,TRUE
2726,2726,REGISTERED,"Vereda de Teixeira, 64",,Porterchester,TR,La Coruña,W7 9RY,TRUE
2727,2727,REGISTERED,Calle Lidia León 50,,Sousa Paulista,IR,Cantabria,30356,TRUE
2728,2728,REGISTERED,18 Brett Tunnel,,Pitelli,KP,Pordenone,19332,TRUE
2729,2729,REGISTERED,Plaza de Flavio Uriarte 392 Apt. 47 ,,山武市,CA,Rio Grande do Norte,75251,TRUE
2730,2730,REGISTERED,Roskothstr. 9878,,وثّابside,RU,Virginia,88966,TRUE
2731,2731,REGISTERED,"Studio 3
Mitchell Plains",,West Danashire,SY,Como,82705,TRUE
2732,2732,REGISTERED,0306 رصاص Run Suite 575,,Dianaberg,ZA,São Paulo,PO0 6RS,TRUE
2733,2733,REGISTERED,Acceso Noemí Jaume 352 Apt. 49 ,,عاملةport,DE,Baden-Württemberg,39052,TRUE
2734,2734,REGISTERED,"Travessa Borges, 30",,Ochsenfurt,US,Amazonas,27110,TRUE
2735,2735,REGISTERED,Recanto Henry Campos,,Hebert,NL,Hawaii,40534,TRUE
2736,2736,REGISTERED,"Strada Gabriele, 82",,Gautier-la-Forêt,ES,Bayern,27771910,TRUE
2737,2737,REGISTERED,552 山崎 Street,,Monteiro de Goiás,NL,Arizona,93084,TRUE
2738,2738,REGISTERED,Tilman-Preiß-Gasse 5252,,Castellón,DE,Caserta,566-2160,TRUE
2739,2739,REGISTERED,"Borgo Paolucci, 98 Appartamento 31",,Thibault,BS,Thüringen,99519,TRUE
2740,2740,REGISTERED,Schwitalring 733,,Thomas-sur-Brunel,FR,Toledo,00809125,TRUE
2741,2741,REGISTERED,256 佐藤 Street,,Leclercq,RU,Saarland,347-0984,TRUE
2742,2742,REGISTERED,Avenida de Bonifacio Arribas 137,,يافعside,US,Asturias,54258,TRUE
2743,2743,REGISTERED,"Rotonda Tina, 72",,Leroy-la-Forêt,BS,Virginia,51719,TRUE
2744,2744,REGISTERED,82275 Joshua Port Suite 875,,葛飾区,ZA,Texas,42850,TRUE
2745,2745,REGISTERED,Cuesta de Ariel Casanova 33 Apt. 65 ,,Barros,CA,North Carolina,47778426,TRUE
2746,2746,REGISTERED,boulevard de Muller,,Lake جواهر,FR,Sachsen,98191,TRUE
2747,2747,REGISTERED,870 鈴木 Street,,Cantabria,NL,North Dakota,17255,TRUE
2748,2748,REGISTERED,181 Erik Crossing,,Bruceburgh,US,Berlin,44697,TRUE
2749,2749,REGISTERED,"Contrada Trentin, 923 Appartamento 12",,羽村市,RU,Roraima,M5 7SD,TRUE
2750,2750,REGISTERED,"5, rue de Valette",,Ceuta,DE,Montana,26434,TRUE
2751,2751,REGISTERED,561 松本 Street,,Renard,RU,Navarra,72625-762,TRUE
2752,2752,REGISTERED,"Via Lollobrigida, 0",,東久留米市,ES,Rhode Island,00010,TRUE
2753,2753,REGISTERED,"Favela de Fonseca, 62",,Castelvetro Di Modena,NL,Granada,33727,TRUE
2754,2754,REGISTERED,3 Linda Row,,Lübeck,GB,Madrid,34404,TRUE
2755,2755,REGISTERED,Sölzerring 8911,,Regen,NL,New Hampshire,48017,TRUE
2756,2756,REGISTERED,Editha-Zirme-Straße 91-86,,da Luz do Campo,NG,Maranhão,29749-497,TRUE
2757,2757,REGISTERED,"Piazza Lando, 2 Appartamento 43",,Mendes da Mata,FR,Verona,388-5224,TRUE
2758,2758,REGISTERED,Giovanni-Steinberg-Gasse 1,,江戸川区,IT,Castellón,715-1466,TRUE
2759,2759,REGISTERED,"Incrocio Falier, 7",,Perrymouth,JP,Rheinland-Pfalz,69906,TRUE
2760,2760,REGISTERED,Ruppersbergerring 851,,Cuenca,IT,Ourense,34605,TRUE
2761,2761,REGISTERED,"Via Gucci, 9",,Ploaghe,FR,Perugia,31031,TRUE
2762,2762,REGISTERED,"Rua Vieira, 69",,Las Palmas,GB,Badajoz,029-8320,TRUE
2763,2763,REGISTERED,Christian-Rädel-Ring 7,,中野区,NL,Bayern,38478,TRUE
2764,2764,REGISTERED,chemin Courtois,,Letelliernec,YE,Nordrhein-Westfalen,51087,TRUE
2765,2765,REGISTERED,644 طامح Corners Apt. 547,,Mirasole,TR,Acre,59926,TRUE
2766,2766,REGISTERED,"Stretto Michelangeli, 7",,Minori,JP,Nevada,38278146,TRUE
2767,2767,REGISTERED,465 Taylor Shore,,West Brittany,JP,La Rioja,21942,TRUE
2768,2768,REGISTERED,rue de Vaillant,,Costa,CA,Arkansas,842-7190,TRUE
2769,2769,REGISTERED,"Esplanada Cecilia Cirino, 943",,香取郡多古町,PA,Hamburg,BN50 5TX,TRUE
2770,2770,REGISTERED,8618 Janice Mountain,,横浜市金沢区,SG,Hamburg,TA7 1YQ,TRUE
2771,2771,REGISTERED,"Rotonda Serena, 82 Piano 5",,Ashtonmouth,US,Alaska,M8E 6NW,TRUE
2772,2772,REGISTERED,"Strada Turati, 7",,Almería,BS,Washington,68183,TRUE
2773,2773,REGISTERED,"Setor de Souza, 52",,Port Devinbury,GB,Álava,88050,TRUE
2774,2774,REGISTERED,"Flat 22Q
Nolan Island",,Baleares,GB,Alabama,13340,TRUE
2775,2775,REGISTERED,"Canale Mozart, 78",,Parsberg,DE,Viterbo,12266,TRUE
2776,2776,REGISTERED,"Via Casalodi, 492",,South Hazelshire,PA,Nordrhein-Westfalen,67077-021,TRUE
2777,2777,REGISTERED,7543 مصعب Centers Suite 783,,立川市,US,Utah,585-7027,TRUE
2778,2778,REGISTERED,"600, rue Christophe Hoareau",,da Mata,FR,Ourense,24066,TRUE
2779,2779,REGISTERED,33137 كهلان Spurs,,Martins,CA,Milano,83131-297,TRUE
2780,2780,REGISTERED,"55, chemin Boyer",,Piane D'Archi,MM,Colorado,845-3025,TRUE
2781,2781,REGISTERED,60511 ريم Flats Suite 358,,Bonneau-sur-Millet,NG,Málaga,07360,TRUE
2782,2782,REGISTERED,"15, rue Lacroix",,North لؤيville,FR,Mato Grosso,89792,TRUE
2783,2783,REGISTERED,Acceso Fátima Moreno 6 Apt. 52 ,,عبد القدّوسside,DE,Salamanca,58190,TRUE
2784,2784,REGISTERED,839 Wood Parks,,Ferriera,GB,Medio Campidano,B42 0WG,TRUE
2785,2785,REGISTERED,062 Michelle Fork,,Coryview,FR,Crotone,15387,TRUE
2786,2786,REGISTERED,4631 Cooper Drives Apt. 621,,South Charles,RU,Cuenca,65403,TRUE
2787,2787,REGISTERED,353 小川 Street,,da Luz de Moura,US,Matera,422-0763,TRUE
2788,2788,REGISTERED,Camino de Jose Angel España 93,,La Rioja,TR,Arkansas,20847,TRUE
2789,2789,REGISTERED,"Flat 85
Derek View",,North Sally,BS,Texas,299-6341,TRUE
2790,2790,REGISTERED,93988 Denise Pass Suite 967,,Borgo Fazio,NG,La Rioja,42457,TRUE
2791,2791,REGISTERED,988 الوعري Neck,,Machado das Flores,GB,Baden-Württemberg,47394,TRUE
2792,2792,REGISTERED,Avenida de Bernarda Vilalta 18,,Valsanzibio,NG,Novara,71241,TRUE
2793,2793,REGISTERED,059 النمري Avenue Suite 778,,New Georginaville,DE,Mississippi,41003-169,TRUE
2794,2794,REGISTERED,Pasadizo Jessica Melero 7,,Castellón,DE,Maranhão,00066,TRUE
2795,2795,REGISTERED,chemin de Rivière,,Uelzen,KY,Zaragoza,58233,TRUE
2796,2796,REGISTERED,boulevard Brunet,,Riou,GB,Delaware,64015,TRUE
2797,2797,REGISTERED,"Strada Lombardo, 87 Piano 5",,كندةmouth,US,Nuoro,TS34 7TY,TRUE
2798,2798,REGISTERED,"Residencial de Brito, 51",,Bouchet-sur-Duhamel,IT,Belluno,79307,TRUE
2799,2799,REGISTERED,159 Hodges Walk,,Sainte ChristineBourg,RU,New Hampshire,84083,TRUE
2800,2800,REGISTERED,Anja-Rosenow-Allee 64-58,,Nördlingen,IT,Toledo,90085,TRUE
2801,2801,REGISTERED,"Incrocio Ferdinando, 29 Piano 1",,Leconte,NG,New Jersey,40743,TRUE
2802,2802,REGISTERED,"Canale Laura, 84",,Dias do Campo,CA,Distrito Federal,85025,TRUE
2803,2803,REGISTERED,"27, avenue Patricia Joubert",,Nunes,CA,Baden-Württemberg,004-8830,TRUE
2804,2804,REGISTERED,Conjunto de Carvalho,,Lake Arthur,SY,Vicenza,07744,TRUE
2805,2805,REGISTERED,"Via Tullio, 84 Piano 2",,富里市,RU,New Hampshire,EC9P 8HW,TRUE
2806,2806,REGISTERED,056 تميم Light Apt. 175,,香取郡神崎町,MM,Bahia,28895,TRUE
2807,2807,REGISTERED,"188, boulevard Bailly",,Lopesboeuf,FR,Tarragona,608-9032,TRUE
2808,2808,REGISTERED,"Flat 38Q
Leigh Cliffs",,Gomagoi,JP,Vizcaya,78340,TRUE
2809,2809,REGISTERED,152 鈴木 Street,,Marques da Mata,GB,Carbonia-Iglesias,25683,TRUE
2810,2810,REGISTERED,"Distrito Julia Carvalho, 97",,Campos das Flores,US,Bahia,574-9134,TRUE
2811,2811,REGISTERED,26347 عبد السّلام Shoals,,Lake Donaldfurt,KY,Utah,62601-835,TRUE
2812,2812,REGISTERED,469 村上 Street,,Avigna,PA,Sachsen,446-6490,TRUE
2813,2813,REGISTERED,Pasadizo Joaquina Anglada 10,,Vaglio,SE,South Dakota,18152,TRUE
2814,2814,REGISTERED,"Travessa Lorena Correia, 4",,神津島村,SE,Sachsen,97640,TRUE
2815,2815,REGISTERED,"Studio 96
Stone Canyon",,القواسمton,FR,Messina,09805,TRUE
2816,2816,REGISTERED,18081 بجيلة Throughway Suite 020,,山武市,BS,Pescara,051-4201,TRUE
2817,2817,REGISTERED,Pasadizo de Aránzazu Bosch 28,,Albacete,GB,Oklahoma,52575,TRUE
2818,2818,REGISTERED,Callejón Aitor Miró 81 Puerta 8 ,,Ceccano,ES,Indiana,27368,TRUE
2819,2819,REGISTERED,672 清水 Street,,小笠原村,CH,Alabama,09958,TRUE
2820,2820,REGISTERED,77998 Richmond Ridge Suite 528,,Guipúzcoa,ES,Missouri,46759,TRUE
2821,2821,REGISTERED,"Piazza Cirillo, 459",,East Luke,ZA,Rio de Janeiro,54878,TRUE
2822,2822,REGISTERED,"Studio 8
Jean Square",,Port Allison,NG,Brindisi,MK82 1LN,TRUE
2823,2823,REGISTERED,Vial Pastor Conde 18 Apt. 90 ,,East فاديbury,US,Mecklenburg-Vorpommern,37236,TRUE
2824,2824,REGISTERED,Rosemarie-Anders-Ring 4/5,,Lüdenscheid,SY,Cáceres,39480,TRUE
2825,2825,REGISTERED,Ziegertring 2852,,Lleida,JP,Wisconsin,58045,TRUE
2826,2826,REGISTERED,"Borgo Vincenza, 92 Piano 8",,Asturias,RU,Toledo,48485,TRUE
2827,2827,REGISTERED,Lorenz-Neuschäfer-Allee 208,,Monteiro,BS,Minnesota,89394,TRUE
2828,2828,REGISTERED,"Incrocio Salvatore, 837",,Eisenach,DE,Cuenca,09458,TRUE
2829,2829,REGISTERED,Raik-Schuster-Platz 9,,Meiningen,KY,Mississippi,82190,TRUE
2830,2830,REGISTERED,Trecho Pacheco,,長生郡長南町,RU,Niedersachsen,72014,TRUE
2831,2831,REGISTERED,7 Gavin Valleys,,La Coruña,IR,Baden-Württemberg,16536,TRUE
2832,2832,REGISTERED,Via María Luisa Aroca 92 Puerta 7 ,,Bakerland,BS,Jaén,50301,TRUE
2833,2833,REGISTERED,"95, rue Laurent",,印旛郡酒々井町,US,Brandenburg,773-9685,TRUE
2834,2834,REGISTERED,916 西村 Street,,Piticchio,BS,La Coruña,55538,TRUE
2835,2835,REGISTERED,"Stretto Botticelli, 3 Appartamento 34",,Vargas das Flores,US,Nevada,67855,TRUE
2836,2836,REGISTERED,"Studio 58
Sophie Groves",,Nuragheddu,SE,Ohio,64636,TRUE
2837,2837,REGISTERED,8147 Eric Land Apt. 575,,DupontBourg,SE,Roraima,35834,TRUE
2838,2838,REGISTERED,Freudenbergerring 1/5,,Port John,US,Hamburg,034-9104,TRUE
2839,2839,REGISTERED,Romy-Wulff-Straße 18/10,,La Rioja,NL,Navarra,05097,TRUE
2840,2840,REGISTERED,"90, boulevard Laure Guillot",,Macedo de Sales,ES,Cádiz,42014,TRUE
2841,2841,REGISTERED,"Flat 18F
Hannah Lakes",,Sallystad,GB,Nordrhein-Westfalen,16023,TRUE
2842,2842,REGISTERED,Glorieta Angelita Gárate 18 Apt. 87 ,,Grondin,CA,Goiás,W3 1TX,TRUE
2843,2843,REGISTERED,Via Mireia Cano 84,,الجعليينton,DE,Sachsen-Anhalt,97381,TRUE
2844,2844,REGISTERED,"Studio 99N
Bailey Lodge",,Hohenmölsen,NG,Hessen,516-8250,TRUE
2845,2845,REGISTERED,576 岡田 Street,,Silveira,DE,Espírito Santo,KA0V 4QJ,TRUE
2846,2846,REGISTERED,035 西村 Street,,Val Masino,JP,Rheinland-Pfalz,51036,TRUE
2847,2847,REGISTERED,Rambla Lilia Giménez 30 Piso 0 ,,Stade,JP,Paraná,63923,TRUE
2848,2848,REGISTERED,9885 Aaron Cliffs,,Ellieberg,YE,Idaho,284-0318,TRUE
2849,2849,REGISTERED,Kreinplatz 9,,Pires do Campo,GB,Mantova,318-0617,TRUE
2850,2850,REGISTERED,Dobesplatz 85,,قاصدton,CA,Melilla,562-0862,TRUE
2851,2851,REGISTERED,"Studio 6
Perry Mill",,Mendes,ZA,Sergipe,05962,TRUE
2852,2852,REGISTERED,"Trevo Barbosa, 6",,صباحton,IR,Berlin,35666,TRUE
2853,2853,REGISTERED,Plaza de Demetrio Amat 98,,Torreshaven,FR,Delaware,63786,TRUE
2854,2854,REGISTERED,Glorieta de Rosa Yuste 969,,Guadalajara,US,Ávila,52124,TRUE
2855,2855,REGISTERED,"Stretto Piazzi, 1 Appartamento 6",,Molino Di Altissimo,NL,Schleswig-Holstein,28094,TRUE
2856,2856,REGISTERED,Gudula-Scheuermann-Straße 97/83,,Léger,NL,Torino,50465,TRUE
2857,2857,REGISTERED,Henschelstraße 9397,,Pozzolatico,US,Lecce,35549,TRUE
2858,2858,REGISTERED,"44, avenue de Lemaître",,Geraldburgh,JP,Udine,80730,TRUE
2859,2859,REGISTERED,436 Ford View,,West Hollie,FR,Wisconsin,72777,TRUE
2860,2860,REGISTERED,18195 Michael Plains,,Cinzano,JP,Ohio,07910,TRUE
2861,2861,REGISTERED,"48, rue Baudry",,Sainte Martin,GB,Minas Gerais,BL22 7LF,TRUE
2862,2862,REGISTERED,55121 ميسون Springs,,North ناعم,NL,Hessen,36542,TRUE
2863,2863,REGISTERED,Paseo Herberto Girón 86 Apt. 76 ,,Teterow,JP,Pennsylvania,09040,TRUE
2864,2864,REGISTERED,2 Cook Park,,مرازيق البقومfort,PA,Pesaro e Urbino,S4 2NX,TRUE
2865,2865,REGISTERED,Metzweg 2182,,Saint Paulnec,ES,Pisa,46222,TRUE
2866,2866,REGISTERED,"Studio 9
Chapman Flat",,Port Keith,US,Valladolid,34403,TRUE
2867,2867,REGISTERED,694 山崎 Street,,Port هاجر,PA,Sergipe,66504,TRUE
2868,2868,REGISTERED,955 Kerry Throughway Suite 722,,South حازمmouth,GB,Ascoli Piceno,33024,TRUE
2869,2869,REGISTERED,47956 عمر Skyway,,Port Brandon,PA,Massachusetts,02419053,TRUE
2870,2870,REGISTERED,Via Mirta Campoy 80,,Lake رحيب,FR,Massa-Carrara,16755,TRUE
2871,2871,REGISTERED,Döringplatz 828,,Solarussa,AU,North Dakota,03490,TRUE
2872,2872,REGISTERED,"Flat 00
Wood Springs",,Oliveira de Mendonça,US,Badajoz,50142,TRUE
2873,2873,REGISTERED,"Vale de da Costa, 80",,Vaillant,FR,Nuoro,35021,TRUE
2874,2874,REGISTERED,3166 البيطار Highway Apt. 448,,Las Palmas,BS,South Dakota,TS71 2JB,TRUE
2875,2875,REGISTERED,"Incrocio Federigo, 95",,Kyleberg,PA,Bayern,W9 8QE,TRUE
2876,2876,REGISTERED,56314 Steven Brook,,Robinhaven,GB,Baden-Württemberg,20328,TRUE
2877,2877,REGISTERED,Nasergasse 37/87,,Wolfsgruben,BS,Rheinland-Pfalz,373-7392,TRUE
2878,2878,REGISTERED,"894, rue de Launay",,Melo,CH,Schleswig-Holstein,72053,TRUE
2879,2879,REGISTERED,899 清水 Street,,Teruel,RU,Minnesota,89753,TRUE
2880,2880,REGISTERED,"Lago Lopes, 798",,Turpin,RU,Cuenca,43526,TRUE
2881,2881,REGISTERED,"Setor Silveira, 370",,府中市,GB,Amazonas,18588,TRUE
2882,2882,REGISTERED,00381 Kaylee Mission,,Cádiz,AU,West Virginia,01687,TRUE
2883,2883,REGISTERED,Ziegertstr. 5-1,,da Cruz da Prata,FR,Berlin,52967,TRUE
2884,2884,REGISTERED,011 شتية Divide Apt. 588,,Barros,GB,Soria,86983,TRUE
2885,2885,REGISTERED,Hans-Georg-Stoll-Straße 4/2,,Lake Sarahville,IT,Niedersachsen,13398,TRUE
2886,2886,REGISTERED,4238 يسري Common,,狛江市,SE,Alagoas,38874,TRUE
2887,2887,REGISTERED,"Ladeira de Câmara, 97",,Mühldorf am Inn,BS,Indiana,74673,TRUE
2888,2888,REGISTERED,Henriette-Birnbaum-Allee 4,,Perleberg,FR,Ceuta,37807,TRUE
2889,2889,REGISTERED,8525 القباني Groves Apt. 598,,da Luz do Sul,FR,Montana,262-7148,TRUE
2890,2890,REGISTERED,Acceso de Blas Arregui 81,,Melo do Galho,GB,Tennessee,58766,TRUE
2891,2891,REGISTERED,Theo-Pruschke-Straße 2070,,Sainte Océanedan,ES,Kansas,84835,TRUE
2892,2892,REGISTERED,46010 Palmer Expressway Suite 411,,New Pamela,PA,Baden-Württemberg,10926,TRUE
2893,2893,REGISTERED,Egon-Hölzenbecher-Platz 4/9,,Grevenbroich,FR,Cádiz,44124,TRUE
2894,2894,REGISTERED,654 高橋 Street,,Sainte Olivier,RU,Frosinone,87901,TRUE
2895,2895,REGISTERED,"1, rue Nicolas Lopez",,Mals,CA,Pesaro e Urbino,73457,TRUE
2896,2896,REGISTERED,Avenida de Ester Casanovas 47,,Guerra do Sul,AU,Saarland,97468,TRUE
2897,2897,REGISTERED,048 佐藤 Street,,راجيport,CA,Pesaro e Urbino,68945618,TRUE
2898,2898,REGISTERED,563 عجرمة (العجارمة) Forks,,御蔵島村,IR,Rio de Janeiro,73647,TRUE
2899,2899,REGISTERED,Cañada de Aarón Seco 21 Puerta 1 ,,Rottweil,US,Varese,61139-353,TRUE
2900,2900,REGISTERED,"Colônia Lucca Macedo, 25",,Granada,US,Alabama,75934,TRUE
2901,2901,REGISTERED,201 橋本 Street,,Vicopisano,IT,North Carolina,99047,TRUE
2902,2902,REGISTERED,08597 Timothy Loaf,,Port Ricky,JP,Huelva,N1D 2FS,TRUE
2903,2903,REGISTERED,7884 Wilson Roads Apt. 512,,West Michelestad,NL,Massachusetts,23613,TRUE
2904,2904,REGISTERED,74561 الجاعوني Expressway,,Joseview,KP,Nordrhein-Westfalen,52016,TRUE
2905,2905,REGISTERED,"Studio 60E
Moore Club",,صباحbury,SY,Segovia,76505-476,TRUE
2906,2906,REGISTERED,Vogtplatz 6740,,Coleland,IR,Lugo,20249,TRUE
2907,2907,REGISTERED,Ronda Geraldo Tomás 36,,Folignano,DE,West Virginia,09290,TRUE
2908,2908,REGISTERED,avenue Michel,,West Stephen,AU,Asti,53108,TRUE
2909,2909,REGISTERED,"Stretto Rosalia, 0 Appartamento 48",,Alagna,TR,Berlin,30987,TRUE
2910,2910,REGISTERED,16329 Aaron Inlet,,Schwabmünchen,MM,Ohio,76496,TRUE
2911,2911,REGISTERED,421 الساحلي Shoals,,Malcolmberg,ES,Idaho,85873,TRUE
2912,2912,REGISTERED,Manfred-Hethur-Allee 65-89,,印旛郡栄町,ZA,Ceará,82163,TRUE
2913,2913,REGISTERED,"Via Lando, 81 Appartamento 8",,ضياءchester,FR,Alaska,53980,TRUE
2914,2914,REGISTERED,Mirja-Koch-Ring 3-8,,Torchiara,IT,Hessen,33864,TRUE
2915,2915,REGISTERED,Acceso de Pascuala Gómez 447 Piso 5 ,,Wittenberg,NL,Bari,DH1Y 6EP,TRUE
2916,2916,REGISTERED,"Vereda de da Paz, 2",,Mcdonaldfurt,US,Texas,46046,TRUE
2917,2917,REGISTERED,380 Chambers Grove Suite 503,,Wanzleben,DE,Baden-Württemberg,30885423,TRUE
2918,2918,REGISTERED,"Estrada de Silva, 55",,da Cunha de Jesus,KY,Colorado,BD8M 9YB,TRUE
2919,2919,REGISTERED,53009 Skinner Roads,,حسنbury,DE,Louisiana,41594,TRUE
2920,2920,REGISTERED,"Rotonda Guarino, 49",,Kristinland,NG,Huesca,S40 8ZH,TRUE
2921,2921,REGISTERED,Ronda Vinicio Ferrera 175,,Pritzwalk,IR,Illinois,167-1558,TRUE
2922,2922,REGISTERED,347 田中 Street,,Dominicville,IT,Utah,71020234,TRUE
2923,2923,REGISTERED,89818 سلطان Plains Suite 007,,South رواء,NG,Distrito Federal,DN2M 9EB,TRUE
2924,2924,REGISTERED,8911 David Wells Apt. 052,,Costa,JP,Toledo,M4U 4HW,TRUE
2925,2925,REGISTERED,507 前田 Street,,West Raymond,GB,Tennessee,155-9210,TRUE
2926,2926,REGISTERED,2333 Christine Lodge,,North John,KY,New Hampshire,51343,TRUE
2927,2927,REGISTERED,30894 Sullivan Estate Apt. 997,,West نبراس,KY,Cantabria,42536,TRUE
2928,2928,REGISTERED,9 Thornton Union,,港区,DE,Santa Cruz de Tenerife,73845,TRUE
2929,2929,REGISTERED,"Incrocio Briccialdi, 323",,Acquasanta Terme,RU,Reggio Calabria,06051,TRUE
2930,2930,REGISTERED,Salih-Gude-Ring 70-61,,Melilla,CA,South Dakota,36217,TRUE
2931,2931,REGISTERED,498 Dorothy Isle,,江戸川区,GB,Oklahoma,39045,TRUE
2932,2932,REGISTERED,"20, avenue Paul Fabre",,New Gavin,DE,Catanzaro,077-8115,TRUE
2933,2933,REGISTERED,chemin Salmon,,Taylorstad,DE,Utah,298-9194,TRUE
2934,2934,REGISTERED,C. Emilio Canet 23 Piso 7 ,,Borges da Praia,AU,Zaragoza,44435,TRUE
2935,2935,REGISTERED,Klaus-Sölzer-Straße 1,,León,FR,Arkansas,97428,TRUE
2936,2936,REGISTERED,"Colônia de Dias, 16",,立川市,IT,Alaska,B02 3DX,TRUE
2937,2937,REGISTERED,Rambla Chita Casal 42 Piso 5 ,,Lazfons,DE,South Carolina,46857494,TRUE
2938,2938,REGISTERED,Ottfried-Kaul-Weg 89-37,,العفيفيmouth,IT,Distrito Federal,68639-840,TRUE
2939,2939,REGISTERED,377 中村 Street,,八街市,FR,North Dakota,50734,TRUE
2940,2940,REGISTERED,Cuesta de Elvira Mateu 7,,East Jane,US,Hessen,29973,TRUE
2941,2941,REGISTERED,Callejón Narciso Gallardo 4,,Balvano,SY,Jaén,62454,TRUE
2942,2942,REGISTERED,320 شمران Motorway,,Magdeburg,KP,Soria,975-9041,TRUE
2943,2943,REGISTERED,"Via Beatriz Casa Grande, 246",,Facen,GB,Ceuta,BA5B 6QS,TRUE
2944,2944,REGISTERED,"Borgo Priscilla, 2 Piano 2",,Saint Yves,KY,Udine,648-5800,TRUE
2945,2945,REGISTERED,4846 عبد الرّؤوف Summit,,Sainte Lucboeuf,BS,Kansas,05909,TRUE
2946,2946,REGISTERED,7480 Rodriguez Hollow Suite 753,,Boulanger-sur-Maillet,US,Segovia,60678-083,TRUE
2947,2947,REGISTERED,"Strada Luca, 2 Piano 8",,بني عطيةstad,CA,Pará,34657,TRUE
2948,2948,REGISTERED,Annita-Schweitzer-Platz 82/78,,Garcia das Pedras,GB,Brandenburg,45027,TRUE
2949,2949,REGISTERED,"Flat 03
Higgins Parkways",,Lainenec,IT,Novara,36137,TRUE
2950,2950,REGISTERED,92902 بنو ليث Burgs,,Cirino da Mata,RU,Firenze,38649,TRUE
2951,2951,REGISTERED,832 山本 Street,,Fernandez,IT,Brandenburg,71853,TRUE
2952,2952,REGISTERED,"Rotonda Vismara, 391 Piano 3",,Lake طاهر,GB,Tennessee,19702,TRUE
2953,2953,REGISTERED,3979 اسطمبولي Burg Suite 078,,Ashleyton,BS,Hamburg,200-1681,TRUE
2954,2954,REGISTERED,"Feira Oliveira, 9",,روبينton,ES,Córdoba,01282,TRUE
2955,2955,REGISTERED,"Via Giada, 34 Appartamento 4",,عبّودside,ZA,Mississippi,06663,TRUE
2956,2956,REGISTERED,37 Alexander Pines,,East فراس,US,Jaén,27029,TRUE
2957,2957,REGISTERED,7260 Wesley Place,,New Melissa,SE,Guadalajara,79568,TRUE
2958,2958,REGISTERED,Avenida Desiderio Puga 79 Piso 9 ,,Sevilla,JP,Pará,38736,TRUE
2959,2959,REGISTERED,"Rotonda Filippa, 34",,Melilla,IT,Acre,76744,TRUE
2960,2960,REGISTERED,91488 Steven Village,,Lamy,IT,Barletta-Andria-Trani,40641,TRUE
2961,2961,REGISTERED,"Via Ferrata, 844 Appartamento 37",,Pedara,US,Wisconsin,98161,TRUE
2962,2962,REGISTERED,Cañada Carlos Coll 95 Apt. 48 ,,Valencia,FR,Alabama,10081,TRUE
2963,2963,REGISTERED,321 القباني Forest Apt. 657,,Grevenbroich,NL,Illinois,07513,TRUE
2964,2964,REGISTERED,"Quadra Julia da Paz, 61",,Williamsonmouth,PA,Cantabria,62528,TRUE
2965,2965,REGISTERED,384 遠藤 Street,,New Elizabeth,IT,Kansas,27283,TRUE
2966,2966,REGISTERED,"Campo Aragão, 56",,葛飾区,ES,Schleswig-Holstein,035-7678,TRUE
2967,2967,REGISTERED,"Stretto Guglielmo, 886",,Baleares,IT,New Mexico,533-1873,TRUE
2968,2968,REGISTERED,677 Parkin Valleys,,Barbosa,ES,Indiana,47991,TRUE
2969,2969,REGISTERED,"Viela Montenegro, 88",,Lambertmouth,JP,Niedersachsen,25894,TRUE
2970,2970,REGISTERED,"Morro Luiz Miguel Silveira, 63",,江東区,PA,Washington,42024,TRUE
2971,2971,REGISTERED,Klaus-Günter-Dowerg-Weg 21,,三鷹市,DE,Idaho,15807,TRUE
2972,2972,REGISTERED,Anatoli-Heydrich-Straße 94,,West Melanieport,US,Potenza,24021,TRUE
2973,2973,REGISTERED,822 石井 Street,,West Megan,JP,Georgia,82167,TRUE
2974,2974,REGISTERED,986 池田 Street,,Las Palmas,IT,São Paulo,46264,TRUE
2975,2975,REGISTERED,"83, rue de Godard",,Lemaître,GB,California,71967,TRUE
2976,2976,REGISTERED,"Loteamento Pedro Lucas Barbosa, 58",,da Cruz de Goiás,DE,Valencia,66444,TRUE
2977,2977,REGISTERED,"Via Monti, 55 Appartamento 78",,North مرزوقbury,GB,New Mexico,82653,TRUE
2978,2978,REGISTERED,Camino de Javier Morán 59 Apt. 09 ,,Moreira do Amparo,GB,Salerno,671-9670,TRUE
2979,2979,REGISTERED,"Área Mariana Machado, 13",,荒川区,IT,Badajoz,983-3046,TRUE
2980,2980,REGISTERED,035 Kathryn Views Apt. 860,,Albacete,GB,Oregon,18384,TRUE
2981,2981,REGISTERED,Pasaje Feliciano Guzman 361 Piso 2 ,,Marktheidenfeld,FR,Milano,31506,TRUE
2982,2982,REGISTERED,"6, chemin Barthelemy",,Varlungo,FR,Maryland,10086,TRUE
2983,2983,REGISTERED,"Borgo Lucio, 6",,West بهجةport,SG,Roraima,G25 6AB,TRUE
2984,2984,REGISTERED,Ludmilla-Roskoth-Allee 2-9,,New هندfurt,CA,Vizcaya,M70 3EF,TRUE
2985,2985,REGISTERED,"Flat 02j
Pearson Stream",,Kingtown,AU,Oklahoma,94943,TRUE
2986,2986,REGISTERED,13611 الامام Wall,,中央区,IT,Jaén,096-3180,TRUE
2987,2987,REGISTERED,Ronda de María José Antúnez 9 Apt. 18 ,,Guadalajara,CA,Bremen,98862,TRUE
2988,2988,REGISTERED,Paseo Candelaria Gras 78 Puerta 3 ,,New Sandraport,DE,Tarragona,91506,TRUE
2989,2989,REGISTERED,2947 Dana Flat,,Port Michellemouth,GB,Rondônia,24423,TRUE
2990,2990,REGISTERED,"Studio 9
Taylor Wells",,Teixeira,TR,Rondônia,84944,TRUE
2991,2991,REGISTERED,boulevard Frédéric Bouchet,,Saint Lucie,JP,Hamburg,15930,TRUE
2992,2992,REGISTERED,797 Donna Plaza,,Mainburg,JP,Navarra,25128,TRUE
2993,2993,REGISTERED,782 吉田 Street,,Leighville,DE,Isernia,69172314,TRUE
2994,2994,REGISTERED,"Vicolo Gioacchino, 57",,West ماجدshire,SE,Soria,62899,TRUE
2995,2995,REGISTERED,59790 قحطان Light Suite 116,,أفغانيfort,TR,North Dakota,50226,TRUE
2996,2996,REGISTERED,Kraushaarstr. 549,,Garcia da Serra,ES,Paraíba,580-2100,TRUE
2997,2997,REGISTERED,Cuesta Dani Arévalo 4 Apt. 53 ,,North Elliot,GB,Oklahoma,53541,TRUE
2998,2998,REGISTERED,"Via Eleanora, 1",,Novais,ZA,Nordrhein-Westfalen,87050,TRUE
2999,2999,REGISTERED,Trevo Vitor Gabriel Azevedo,,Melilla,BS,Murcia,32127,TRUE
3000,3000,REGISTERED,347 池田 Street,,Fiuggi,US,Pará,13049,TRUE
3001,3001,REGISTERED,Kühnertallee 5948,,Annahaven,KY,Espírito Santo,67055,TRUE
3002,3002,REGISTERED,027 藤田 Street,,North Alisonburgh,GB,Distrito Federal,41020,TRUE
3003,3003,REGISTERED,"Viale Forza, 2 Piano 6",,横浜市中区,ES,Navarra,61776,TRUE
3004,3004,REGISTERED,Camino Quique Pizarro 18 Piso 1 ,,Carolineberg,ES,Pennsylvania,34763,TRUE
3005,3005,REGISTERED,"Recanto Paulo Lopes, 6",,Townsendfurt,US,Guipúzcoa,64997,TRUE
3006,3006,REGISTERED,chemin de Roger,,Guardialfiera,ES,Saarland,NW3R 3ZE,TRUE
3007,3007,REGISTERED,208 Jonathon Street,,夷隅郡大多喜町,BS,Foggia,94182,TRUE
3008,3008,REGISTERED,236 鈴木 Street,,Barbosa Paulista,US,Hawaii,04986-111,TRUE
3009,3009,REGISTERED,00 Bradley Causeway,,Kaiserslautern,FR,Zaragoza,16433,TRUE
3010,3010,REGISTERED,"Vereda Laís Araújo, 86",,Joshuafurt,MM,Washington,643-3321,TRUE
3011,3011,REGISTERED,867 Emily Burgs,,East Simon,TR,Vizcaya,23850,TRUE
3012,3012,REGISTERED,2695 Garcia Overpass Suite 398,,Magnonevolo,BS,Prato,76197,TRUE
3013,3013,REGISTERED,Camino Selena Cañas 942,,Mendonça,GB,Asturias,GU0E 0UH,TRUE
3014,3014,REGISTERED,34 Joshua Station,,山武市,US,Siena,33694,TRUE
3015,3015,REGISTERED,6426 المظفر Ridges,,東大和市,IT,Pontevedra,CH1 1JE,TRUE
3016,3016,REGISTERED,18 Sean Walk,,Lima da Praia,NG,Nebraska,47606,TRUE
3017,3017,REGISTERED,Ronda de Marina Lorenzo 30 Puerta 9 ,,Sousa,IR,Espírito Santo,16715,TRUE
3018,3018,REGISTERED,"Flat 6
Nash Village",,Geldern,JP,South Dakota,15698,TRUE
3019,3019,REGISTERED,729 高橋 Street,,Rodriguezfort,ZA,Rhode Island,28513-290,TRUE
3020,3020,REGISTERED,"63, chemin de Seguin",,Siqueira,IR,Napoli,M50 8JF,TRUE
3021,3021,REGISTERED,340 لخم Divide Apt. 970,,Zamora,RU,Hamburg,35947,TRUE
3022,3022,REGISTERED,Pasaje Leonor Feliu 80 Puerta 4 ,,Charrier,NG,Soria,03272,TRUE
3023,3023,REGISTERED,"Studio 51
Chapman Overpass",,Abreu,US,Paraíba,YO8V 6DS,TRUE
3024,3024,REGISTERED,"Campo de Souza, 9",,Saint Odette,KY,Verona,26814,TRUE
3025,3025,REGISTERED,"Loteamento de Fogaça, 34",,小笠原村,KP,Monza e della Brianza,02360316,TRUE
3026,3026,REGISTERED,Sítio de Novaes,,Peixoto Paulista,GB,Idaho,16628,TRUE
3027,3027,REGISTERED,Morro Luara Pastor,,سليمborough,US,Tocantins,341-4113,TRUE
3028,3028,REGISTERED,802 田中 Street,,Goslar,NG,Hamburg,81088870,TRUE
3029,3029,REGISTERED,5365 عفيف Ramp,,小金井市,MM,Teruel,681-8217,TRUE
3030,3030,REGISTERED,656 佐藤 Street,,North John,SE,West Virginia,83127,TRUE
3031,3031,REGISTERED,"87, rue Françoise Royer",,Brand,YE,New York,93018,TRUE
3032,3032,REGISTERED,245 前田 Street,,Thomasport,RU,Burgos,16553-226,TRUE
3033,3033,REGISTERED,178 Ortiz Road Apt. 428,,Joly,DE,West Virginia,31897,TRUE
3034,3034,REGISTERED,540 後藤 Street,,Saint Pénélope,JP,Nordrhein-Westfalen,22955,TRUE
3035,3035,REGISTERED,"Studio 63M
Day Bridge",,Valette,TR,Zaragoza,09650,TRUE
3036,3036,REGISTERED,318 伊藤 Street,,سعديmouth,PA,Berlin,882-4957,TRUE
3037,3037,REGISTERED,71 Ellis Extension,,da Rosa do Campo,FR,Mato Grosso,68542-066,TRUE
3038,3038,REGISTERED,838 وليف Ferry Suite 281,,Lake Roy,SE,Campobasso,69939,TRUE
3039,3039,REGISTERED,788 Perez Greens,,Robertshaven,FR,Pernambuco,414-3911,TRUE
3040,3040,REGISTERED,Röhrichtgasse 8-1,,Cantabria,JP,Nordrhein-Westfalen,97311,TRUE
3041,3041,REGISTERED,122 Ann Pine Apt. 326,,Saint Émile-sur-Mer,FR,Alagoas,89971,TRUE
3042,3042,REGISTERED,6 Williams Landing,,Pordenone,KY,Thüringen,95429,TRUE
3043,3043,REGISTERED,"Contrada Sylvia, 449",,Port ريمان,KY,Saarland,30805,TRUE
3044,3044,REGISTERED,189 Eric Canyon Apt. 818,,Alanmouth,US,Niedersachsen,70492,TRUE
3045,3045,REGISTERED,"287, rue Jeanne Weiss",,八街市,RU,Maranhão,97299,TRUE
3046,3046,REGISTERED,"Praça Thales Brito, 6",,South Lisa,ES,Vermont,03543,TRUE
3047,3047,REGISTERED,Reinhart-Stolze-Platz 6789,,Cuenca,IT,New York,20828418,TRUE
3048,3048,REGISTERED,"912, rue Guillet",,Saint Timothée-les-Bains,PA,Wisconsin,KA2 8HD,TRUE
3049,3049,REGISTERED,301 佐藤 Street,,Sainte Zacharie,US,Santa Catarina,14369-171,TRUE
3050,3050,REGISTERED,"774, boulevard Hélène Grondin",,Vizcaya,NL,Alagoas,91025,TRUE
3051,3051,REGISTERED,33 Roy Drives,,South Andrewfurt,ZA,La Spezia,56431,TRUE
3052,3052,REGISTERED,64272 Brown Camp Suite 477,,Murrayborough,FR,Ciudad,29656,TRUE
3053,3053,REGISTERED,7097 الماني Ferry,,Melle,FR,Hessen,43030,TRUE
3054,3054,REGISTERED,Wilhelm-Wirth-Gasse 6-1,,Wiedenbrück,ZA,Sachsen-Anhalt,66257,TRUE
3055,3055,REGISTERED,484 ماهر Falls,,Cavallina,ZA,Delaware,42986,TRUE
3056,3056,REGISTERED,554 Ritter Lights Apt. 352,,Nissoria,IT,Massachusetts,97856,TRUE
3057,3057,REGISTERED,5163 Newman Neck,,Lacroix,GB,Bayern,00832,TRUE
3058,3058,REGISTERED,33631 Rogers Roads Suite 152,,Kleve,AU,Pennsylvania,509-5152,TRUE
3059,3059,REGISTERED,0 Taylor Crossing,,East فيّاض,GB,Como,244-8925,TRUE
3060,3060,REGISTERED,702 坂本 Street,,Córdoba,JP,Córdoba,W33 5BQ,TRUE
3061,3061,REGISTERED,135 斎藤 Street,,福生市,DE,Maranhão,41501,TRUE
3062,3062,REGISTERED,"Quadra Azevedo, 82",,Lefèvre,CA,Arkansas,141-7829,TRUE
3063,3063,REGISTERED,733 森 Street,,Pereira do Sul,GB,Padova,85266,TRUE
3064,3064,REGISTERED,"Borgo Ida, 943 Appartamento 22",,بنو لامfort,FR,Sachsen-Anhalt,01223,TRUE
3065,3065,REGISTERED,905 中村 Street,,Eutin,JP,Alagoas,14159,TRUE
3066,3066,REGISTERED,567 Lee Underpass,,ساميberg,ES,Perugia,08493,TRUE
3067,3067,REGISTERED,"Borgo Vattimo, 20",,Wolfach,AU,Rheinland-Pfalz,12859,TRUE
3068,3068,REGISTERED,"Rua Juliana Pires, 23",,Kleve,GB,Prato,48503,TRUE
3069,3069,REGISTERED,41877 بديرية Turnpike Apt. 781,,South فارسshire,TR,Hessen,12432,TRUE
3070,3070,REGISTERED,"Vereda Farias, 153",,Marktheidenfeld,US,Segovia,17566,TRUE
3071,3071,REGISTERED,122 هايدي Ports Suite 935,,長生郡長南町,FR,Alabama,95046,TRUE
3072,3072,REGISTERED,Cuesta de Gerardo Vara 163 Puerta 1 ,,Rudolstadt,BS,Rieti,80721,TRUE
3073,3073,REGISTERED,0850 Williams Junctions,,Ahmedmouth,IT,Colorado,079-0505,TRUE
3074,3074,REGISTERED,367 الزماميري Wall,,Stollberg,FR,Mato Grosso do Sul,93214181,TRUE
3075,3075,REGISTERED,"Flat 38c
Caroline Curve",,Lüdinghausen,PA,New Hampshire,77643,TRUE
3076,3076,REGISTERED,"Studio 61
Chloe Court",,Laurent-sur-Rémy,GB,Brescia,072-7176,TRUE
3077,3077,REGISTERED,"Vicolo Pellico, 19 Piano 8",,Allenchester,US,Belluno,W4A 4ZY,TRUE
3078,3078,REGISTERED,19295 Danielle Walk Apt. 866,,New Kennethchester,DE,Maine,73794,TRUE
3079,3079,REGISTERED,"Piazza Gionata, 62",,Le Rouxnec,ZA,Sachsen-Anhalt,43150,TRUE
3080,3080,REGISTERED,"24, avenue Constance Courtois",,Thomasmouth,ES,Alaska,88950180,TRUE
3081,3081,REGISTERED,Luis-Pärtzelt-Ring 37-90,,Zimmermanville,ES,Mississippi,028-5632,TRUE
3082,3082,REGISTERED,97245 بنو هاشم Drive,,Port Barry,DE,Huesca,698-3143,TRUE
3083,3083,REGISTERED,"Flat 29
Caroline Coves",,Phamfort,US,Grosseto,06029,TRUE
3084,3084,REGISTERED,"Stretto Raffaele, 79",,South Carolynfurt,GB,Delaware,08306,TRUE
3085,3085,REGISTERED,"Piazza Bompiani, 1 Appartamento 25",,Castelmareri,NG,Salamanca,25590,TRUE
3086,3086,REGISTERED,"47, rue Tessier",,Câmara,DE,Massachusetts,31676,TRUE
3087,3087,REGISTERED,7220 توفيق Roads,,Buisson,ES,Colorado,L9 4UF,TRUE
3088,3088,REGISTERED,02834 Fowler Underpass Suite 164,,North شفيع,ZA,Montana,10232,TRUE
3089,3089,REGISTERED,260 池田 Street,,Helmstedt,YE,Firenze,HR8 3DH,TRUE
3090,3090,REGISTERED,"Favela Ana Luiza Monteiro, 57",,千代田区,IR,Hessen,46915,TRUE
3091,3091,REGISTERED,403 小林 Street,,East Bruce,FR,Pistoia,B3 1RT,TRUE
3092,3092,REGISTERED,"Flat 85u
Fuller Mills",,Montanare,SE,Amazonas,989-0689,TRUE
3093,3093,REGISTERED,64871 Douglas Streets Apt. 493,,横浜市保土ケ谷区,YE,Badajoz,LN44 0EJ,TRUE
3094,3094,REGISTERED,Benderplatz 16/32,,Port فهد,FR,Bayern,15341,TRUE
3095,3095,REGISTERED,"Via Enrico, 22",,Sankt Goarshausen,DE,Jaén,704-1946,TRUE
3096,3096,REGISTERED,45674 بنو هلال Camp,,Cottbus,US,Melilla,110-9055,TRUE
3097,3097,REGISTERED,Glorieta de Vasco Rojas 66 Puerta 9 ,,South Rachaelfurt,FR,Amapá,PH23 4AG,TRUE
3098,3098,REGISTERED,"1, boulevard de Pineau",,Lebreton-la-Forêt,FR,Maine,17030,TRUE
3099,3099,REGISTERED,887 田中 Street,,Güstrow,NL,Foggia,09227,TRUE
3100,3100,REGISTERED,Alameda Nadia Almagro 69 Apt. 64 ,,Port Michael,RU,Indiana,36136,TRUE
3101,3101,REGISTERED,"Borgo Niccolò, 6 Appartamento 10",,Lake Suzanneville,CH,Paraná,343-7673,TRUE
3102,3102,REGISTERED,Anita-Kade-Ring 8/7,,منافfurt,FR,Alicante,942-3254,TRUE
3103,3103,REGISTERED,410 鈴木 Street,,Karenberg,GB,Bayern,93653,TRUE
3104,3104,REGISTERED,51 Pratt Streets,,川崎市中原区,DE,Nordrhein-Westfalen,22193,TRUE
3105,3105,REGISTERED,Pasaje Jesusa Pascual 42,,Moraes,GB,Virginia,65261,TRUE
3106,3106,REGISTERED,79148 فداء Spring Apt. 982,,Lake تقيhaven,ES,Maryland,42286,TRUE
3107,3107,REGISTERED,"61, avenue de Foucher",,Ceuta,FR,Castellón,05647,TRUE
3108,3108,REGISTERED,Pohlstraße 587,,Carre-sur-Aubert,TR,Navarra,868-2210,TRUE
3109,3109,REGISTERED,417 田中 Street,,Guipúzcoa,RU,Sachsen-Anhalt,HD56 1TH,TRUE
3110,3110,REGISTERED,470 Mitchell Summit Apt. 244,,Cunha do Norte,US,Wisconsin,64026,TRUE
3111,3111,REGISTERED,"Vereda Ian Carvalho, 160",,Dos Santos,SE,Hamburg,70032,TRUE
3112,3112,REGISTERED,"Studio 21g
O'Brien Hollow",,Asturias,GB,Utah,068-7256,TRUE
3113,3113,REGISTERED,Ana-Schmiedecke-Ring 48/88,,East Mohamedmouth,SE,Huelva,63608,TRUE
3114,3114,REGISTERED,135 Morgan Burgs,,Burgos,FR,Acre,28575,TRUE
3115,3115,REGISTERED,75247 Harper Viaduct Suite 020,,Jacksonmouth,FR,Cáceres,666-2625,TRUE
3116,3116,REGISTERED,Klaus Peter-Henck-Ring 38,,Cantabria,BS,Acre,473-7857,TRUE
3117,3117,REGISTERED,512 Gerald Mountains,,Gilbertton,SE,Bayern,42793,TRUE
3118,3118,REGISTERED,"982, rue Legrand",,Forst,TR,Trieste,10939,TRUE
3119,3119,REGISTERED,"Viela Raul Ferreira, 70",,Deggendorf,BS,Louisiana,33011-205,TRUE
3120,3120,REGISTERED,Centa-Naser-Weg 5-6,,Jonesside,TR,Valencia,48946,TRUE
3121,3121,REGISTERED,"Recanto de da Rosa, 3",,Cirino,NL,Nordrhein-Westfalen,22309,TRUE
3122,3122,REGISTERED,Pasaje José Antonio Goicoechea 32,,Hardy-sur-Lemoine,RU,Alaska,435-2351,TRUE
3123,3123,REGISTERED,"12, chemin Suzanne Brunet",,Neubrandenburg,US,Pernambuco,59655,TRUE
3124,3124,REGISTERED,Ronda de Néstor Miguel 836 Puerta 2 ,,Traceyfurt,RU,Georgia,W5 9DX,TRUE
3125,3125,REGISTERED,"Piazza Giuliano, 5",,Novais,IT,Grosseto,45959,TRUE
3126,3126,REGISTERED,"Studio 3
Sally Greens",,West زاخر,BS,Huesca,81775343,TRUE
3127,3127,REGISTERED,3474 Amanda Drives Apt. 599,,da Rosa da Praia,GB,Albacete,08147,TRUE
3128,3128,REGISTERED,449 太田 Street,,Saint Aiméboeuf,IT,Maryland,558-4853,TRUE
3129,3129,REGISTERED,"Rua Kevin Leão, 562",,Forone,FR,Maine,76204,TRUE
3130,3130,REGISTERED,"Rotonda Gaspare, 6 Piano 7",,Aragão das Pedras,NG,Washington,25549041,TRUE
3131,3131,REGISTERED,"Jardim Rocha, 5",,横浜市緑区,DE,New York,09458,TRUE
3132,3132,REGISTERED,Acceso de Clementina Macias 15 Apt. 40 ,,Pricechester,SY,Barcelona,01197,TRUE
3133,3133,REGISTERED,Jäntschgasse 2/1,,عتيبةberg,ZA,Texas,03441,TRUE
3134,3134,REGISTERED,731 清水 Street,,New ترف,FR,Baleares,618-3339,TRUE
3135,3135,REGISTERED,"Feira Hadassa Cassiano, 51",,Colemanberg,JP,Baden-Württemberg,34704,TRUE
3136,3136,REGISTERED,"5, avenue de Schmitt",,Diaz,US,West Virginia,64667,TRUE
3137,3137,REGISTERED,Rambla Jimena Serrano 2,,Poppino,NG,Minnesota,48180205,TRUE
3138,3138,REGISTERED,0045 الكالوتي Village,,Todiano,NL,Cuenca,956-0917,TRUE
3139,3139,REGISTERED,"Vicolo Polani, 760",,Villarotta,US,Schleswig-Holstein,675-4961,TRUE
3140,3140,REGISTERED,835 Simpson Locks Apt. 161,,بكر بن وائلton,DE,Thüringen,452-0549,TRUE
3141,3141,REGISTERED,Avenida Juana Marcos 285,,Madrid,ES,Mato Grosso,046-5650,TRUE
3142,3142,REGISTERED,Alameda Noelia Carvajal 45,,Amberg,PA,Delaware,45703,TRUE
3143,3143,REGISTERED,Calle Dorotea Doménech 1,,Warendorf,GB,Pará,87978,TRUE
3144,3144,REGISTERED,697 Hannah Locks,,Baia Sardinia,TR,West Virginia,04875,TRUE
3145,3145,REGISTERED,481 Robert Terrace Suite 656,,Francavilla Fontana,US,Cuneo,06806,TRUE
3146,3146,REGISTERED,C. de Alonso Prat 25 Apt. 48 ,,Bersenbrück,ZA,Torino,23784,TRUE
3147,3147,REGISTERED,31995 Hughes Locks,,Fogaça do Oeste,ES,Trento,54190,TRUE
3148,3148,REGISTERED,"Borgo Gianluigi, 17",,Jaén,US,Almería,693-1156,TRUE
3149,3149,REGISTERED,0065 رسمي Meadow,,Lake ضحّاكville,US,Kansas,92612-640,TRUE
3150,3150,REGISTERED,"Pátio da Mata, 80",,North Nigel,GB,North Dakota,27083971,TRUE
3151,3151,REGISTERED,"Favela Silva, 69",,Ceppaloni,BS,Zaragoza,50074-491,TRUE
3152,3152,REGISTERED,"Piazza Vitturi, 4 Piano 1",,West ساهدchester,US,Santa Catarina,NR8 1AS,TRUE
3153,3153,REGISTERED,"Rua Borges, 70",,North Edward,KY,Espírito Santo,11522,TRUE
3154,3154,REGISTERED,"Lagoa de Sousa, 694",,Saint Antoine-les-Bains,IT,Indiana,403-8231,TRUE
3155,3155,REGISTERED,"Condomínio Moura, 99",,Barbosa,US,Hamburg,82106-261,TRUE
3156,3156,REGISTERED,"Lagoa Pastor, 18",,狛江市,JP,Baden-Württemberg,33154,TRUE
3157,3157,REGISTERED,"Studio 75h
Edwards Bridge",,Granada,FR,Indiana,00677-330,TRUE
3158,3158,REGISTERED,Acceso Íñigo Amigó 1 Piso 1 ,,Prattland,PA,Badajoz,58012,TRUE
3159,3159,REGISTERED,5753 Lauren Row Apt. 017,,North Deborahmouth,FR,Saarland,72828,TRUE
3160,3160,REGISTERED,"57, chemin de Guillou",,Pontevedra,US,Distrito Federal,680-3993,TRUE
3161,3161,REGISTERED,Raimund-Drub-Platz 96,,Port صقرshire,ES,Utah,56657-200,TRUE
3162,3162,REGISTERED,"68, rue de Michaud",,New حيّانshire,RU,Venezia,74967-194,TRUE
3163,3163,REGISTERED,"Viale Monduzzi, 16",,南房総市,NL,Indiana,96775,TRUE
3164,3164,REGISTERED,2152 نصر Spring,,Strausberg,ZA,Asturias,38271,TRUE
3165,3165,REGISTERED,"Canale Pasqua, 66",,Sant'Oreste,NL,Tarragona,36474830,TRUE
3166,3166,REGISTERED,224 بيرقدار Place,,Ellieburgh,FR,Bologna,E51 6UW,TRUE
3167,3167,REGISTERED,"8, avenue de Gros",,Carugate,ZA,Sevilla,20811,TRUE
3168,3168,REGISTERED,"Favela Marcos Vinicius Nunes, 69",,夷隅郡大多喜町,NG,Mecklenburg-Vorpommern,GY9 8DT,TRUE
3169,3169,REGISTERED,"64, boulevard Monique Robin",,Mendes do Galho,RU,Arizona,S62 0SH,TRUE
3170,3170,REGISTERED,3081 بنو كنز Neck,,العسليborough,JP,Forlì-Cesena,23432,TRUE
3171,3171,REGISTERED,97 Shepherd Wells,,Canepa,FR,Viterbo,06600,TRUE
3172,3172,REGISTERED,748 Garcia Glens,,La Coruña,NG,Acre,05331,TRUE
3173,3173,REGISTERED,"Strada Sandro, 9",,Montenegro de Ferreira,ES,Alaska,34471,TRUE
3174,3174,REGISTERED,341 山田 Street,,Almería,KY,Idaho,72701,TRUE
3175,3175,REGISTERED,"Rotonda Geronimo, 962 Piano 8",,Paderborn,NG,Georgia,794-3949,TRUE
3176,3176,REGISTERED,Paseo Laura Ramírez 23,,New تحسين,US,Vizcaya,20406,TRUE
3177,3177,REGISTERED,Via de Anastasia Hurtado 4 Piso 8 ,,Sydneymouth,KY,Novara,81110,TRUE
3178,3178,REGISTERED,084 Lewis Gardens,,Lake Yvonne,CA,Huesca,79436553,TRUE
3179,3179,REGISTERED,"Incrocio Ivan, 3",,Fürstenwalde,TR,Kentucky,518-5125,TRUE
3180,3180,REGISTERED,"Stretto Traversa, 25",,Wunsiedel,DE,Kentucky,48476,TRUE
3181,3181,REGISTERED,Cañada Javier Pérez 801 Apt. 83 ,,عبيدtown,JP,Tarragona,71725,TRUE
3182,3182,REGISTERED,"Piazza Tamborini, 8 Appartamento 84",,香取市,IT,Georgia,14464,TRUE
3183,3183,REGISTERED,"758, rue Claire Mercier",,Luserna San Giovanni,ZA,Missouri,77401,TRUE
3184,3184,REGISTERED,"Passarela Carvalho, 6",,Goslar,SE,Amapá,47950,TRUE
3185,3185,REGISTERED,"Estação de Mendonça, 80",,Weimar,PA,Ancona,24013,TRUE
3186,3186,REGISTERED,Lene-Hecker-Gasse 95/43,,Hardybury,US,North Dakota,07266,TRUE
3187,3187,REGISTERED,"Flat 3
Bird Avenue",,Pacheco,CH,Espírito Santo,S4A 6AD,TRUE
3188,3188,REGISTERED,Feira Gustavo Henrique Macedo,,North شكيب,GB,Brandenburg,L8 8XD,TRUE
3189,3189,REGISTERED,Marika-Gnatz-Allee 3689,,Lopes Verde,IR,Minas Gerais,32922,TRUE
3190,3190,REGISTERED,"83, rue de Royer",,South شادنberg,FR,Indiana,CT2V 8HP,TRUE
3191,3191,REGISTERED,Tlustekstr. 9,,Silvashire,US,Pisa,52292,TRUE
3192,3192,REGISTERED,"Flat 51
Brooks Loop",,Garcia da Prata,PA,Como,31187,TRUE
3193,3193,REGISTERED,Gertrude-Drewes-Ring 80/66,,Coburg,FR,Pará,31789,TRUE
3194,3194,REGISTERED,"Lagoa da Cruz, 214",,Görlitz,GB,La Rioja,297-4531,TRUE
3195,3195,REGISTERED,2852 راضي Islands Apt. 224,,Saarlouis,GB,Sachsen,406-1052,TRUE
3196,3196,REGISTERED,"Studio 9
Stevenson Well",,Paulineburgh,CA,Wyoming,02667-654,TRUE
3197,3197,REGISTERED,Patbergstr. 15,,حمزةton,JP,Rio Grande do Norte,64098,TRUE
3198,3198,REGISTERED,"Contrada Cipolla, 215 Appartamento 0",,Perez-les-Bains,FR,Thüringen,06377,TRUE
3199,3199,REGISTERED,"594, rue de Poirier",,Brunetboeuf,US,Goiás,51818,TRUE
3200,3200,REGISTERED,Calle de Ruben Sanabria 137,,Philippe-sur-Raynaud,YE,Oklahoma,71223-739,TRUE
3201,3201,REGISTERED,"Área de Cavalcanti, 880",,East وصافland,DE,Maryland,16792,TRUE
3202,3202,REGISTERED,5 Gordon Ramp,,Tortora Marina,GB,Kentucky,561-1596,TRUE
3203,3203,REGISTERED,Dussen vangasse 235,,Fernandes,FR,Madrid,49376,TRUE
3204,3204,REGISTERED,"Studio 5
Knowles Road",,León,KY,Lecco,18761,TRUE
3205,3205,REGISTERED,Glorieta de Sergio Maestre 18 Piso 4 ,,長生郡一宮町,FR,Louisiana,EH0 3WS,TRUE
3206,3206,REGISTERED,26739 هدى Pine Suite 943,,South عاصم,GB,Hawaii,15066,TRUE
3207,3207,REGISTERED,51660 عرموني Field,,خندفmouth,US,Palermo,54231,TRUE
3208,3208,REGISTERED,Oestrovskyplatz 1232,,Rocha das Pedras,TR,Oklahoma,09901,TRUE
3209,3209,REGISTERED,"Studio 21
Kathryn Rue",,Lake خالد,TR,Nordrhein-Westfalen,89060,TRUE
3210,3210,REGISTERED,343 清水 Street,,羽村市,DE,Aosta,12421,TRUE
3211,3211,REGISTERED,"24, chemin Alfred Reynaud",,品川区,ES,Cuneo,46510,TRUE
3212,3212,REGISTERED,04441 Kristen Mountain Suite 935,,Lake Thomas,IT,Arkansas,321-8401,TRUE
3213,3213,REGISTERED,900 渡辺 Street,,Grafenau,BS,Crotone,WR38 0PF,TRUE
3214,3214,REGISTERED,Kaulweg 485,,Mahenec,KY,New Mexico,30172,TRUE
3215,3215,REGISTERED,3782 Rachel Port Suite 071,,山武市,KY,São Paulo,21045,TRUE
3216,3216,REGISTERED,Mielcarekplatz 7-2,,East Janice,GB,Alicante,88827,TRUE
3217,3217,REGISTERED,"Vicolo Arturo, 65",,長生郡睦沢町,US,Mato Grosso do Sul,552-5741,TRUE
3218,3218,REGISTERED,Reinhardtplatz 4681,,Normanport,NL,Kentucky,93976,TRUE
3219,3219,REGISTERED,456 高橋 Street,,Lake فرزدق,JP,Missouri,49915,TRUE
3220,3220,REGISTERED,Acceso de Chuy Palomino 75 Piso 2 ,,سعدونstad,US,Idaho,LS38 4TS,TRUE
3221,3221,REGISTERED,34902 Kristy Isle,,Lobbi,RU,Bari,73452,TRUE
3222,3222,REGISTERED,81 Teresa Summit,,Lake عرفه,US,Washington,92255,TRUE
3223,3223,REGISTERED,Glorieta Fito Rubio 98,,Santos das Pedras,JP,Kansas,13401,TRUE
3224,3224,REGISTERED,9379 Mary Circles Apt. 105,,Lopes,CA,Rhode Island,15754,TRUE
3225,3225,REGISTERED,875 池田 Street,,御蔵島村,RU,Agrigento,45852,TRUE
3226,3226,REGISTERED,"31, rue Pelletier",,East Thomas,IT,Nuoro,48958,TRUE
3227,3227,REGISTERED,avenue de Pottier,,Rodrigues,US,Bayern,47544,TRUE
3228,3228,REGISTERED,"Incrocio Trussardi, 4 Piano 7",,West نصر,SE,Iowa,27299,TRUE
3229,3229,REGISTERED,"Studio 3
Justin Way",,Strausberg,DE,Texas,81329,TRUE
3230,3230,REGISTERED,"Flat 30R
Adams Run",,Saint Jérôme,TR,Acre,88526,TRUE
3231,3231,REGISTERED,Rambla Teresita Alberola 66 Piso 5 ,,Bertrand-les-Bains,ES,Rio de Janeiro,TN2X 2WB,TRUE
3232,3232,REGISTERED,9308 ريناد Knolls,,San Pietro In Lama,GB,Piacenza,098-4072,TRUE
3233,3233,REGISTERED,"Vale Siqueira, 9",,Camino Al Tagliamento,FR,Maranhão,202-0594,TRUE
3234,3234,REGISTERED,"Stretto Roberta, 81 Appartamento 13",,Rudolstadt,US,Lleida,54344,TRUE
3235,3235,REGISTERED,136 山田 Street,,台東区,PA,South Dakota,41540,TRUE
3236,3236,REGISTERED,15500 Thomas Tunnel,,Hildesheim,FR,Mantova,06011,TRUE
3237,3237,REGISTERED,580 Fuentes Ranch Suite 349,,Basiano,CA,Melilla,24711,TRUE
3238,3238,REGISTERED,66 Edward Plaza,,Whitebury,TR,Alaska,209-5243,TRUE
3239,3239,REGISTERED,Eimerring 34-31,,Dominicview,ZA,Belluno,W8H 8FT,TRUE
3240,3240,REGISTERED,Via de Baudelio Canals 1,,Port Michaelmouth,NG,West Virginia,88079,TRUE
3241,3241,REGISTERED,207 山田 Street,,Mendes,GB,New Jersey,187-8433,TRUE
3242,3242,REGISTERED,Pasadizo Elena Batlle 29,,Robertside,US,Bologna,10155,TRUE
3243,3243,REGISTERED,427 نجيب Turnpike Suite 662,,Da Costa,ES,Varese,78761,TRUE
3244,3244,REGISTERED,121 鈴木 Street,,Pritchardberg,US,Arkansas,77588,TRUE
3245,3245,REGISTERED,"50, chemin de Voisin",,国立市,SG,Illinois,64799097,TRUE
3246,3246,REGISTERED,Rosenowstraße 23-13,,鴨川市,NL,Sergipe,159-1455,TRUE
3247,3247,REGISTERED,"265, rue Pierre Rossi",,東村山市,CH,Bayern,337-8825,TRUE
3248,3248,REGISTERED,"Rotonda Mariana, 8 Piano 7",,West تمّام,PA,Potenza,77790,TRUE
3249,3249,REGISTERED,Conjunto Ana Vitória Gomes,,Mallersdorf,SE,Lugo,13996,TRUE
3250,3250,REGISTERED,Biggenplatz 7-2,,Hollyburgh,RU,Cáceres,DL6N 4HY,TRUE
3251,3251,REGISTERED,"Vicolo Boaga, 84",,De Matteis,ZA,Mantova,77121,TRUE
3252,3252,REGISTERED,"Strada Caccianemico, 45 Piano 1",,Alves da Serra,IT,Pesaro e Urbino,85206,TRUE
3253,3253,REGISTERED,Edmund-Pohl-Straße 84/12,,Rudolstadt,IR,Guipúzcoa,63990-433,TRUE
3254,3254,REGISTERED,Pasaje Cándido Feijoo 89,,Alicante,IT,Maine,23862,TRUE
3255,3255,REGISTERED,"Vicolo Fausto, 4 Piano 5",,New Neil,SG,Mato Grosso,84281,TRUE
3256,3256,REGISTERED,Handestr. 4-6,,New Barbara,GB,Texas,14011,TRUE
3257,3257,REGISTERED,Hedwig-Ritter-Ring 7247,,West Ericview,ZA,Espírito Santo,47126,TRUE
3258,3258,REGISTERED,79653 Caleb Route Apt. 911,,Ramos de Nogueira,SG,Texas,40530,TRUE
3259,3259,REGISTERED,4369 David Landing,,عمّارburgh,SE,Nebraska,N40 7ZQ,TRUE
3260,3260,REGISTERED,"463, rue Rolland",,Campos do Amparo,KY,Barletta-Andria-Trani,50771,TRUE
3261,3261,REGISTERED,Praia Mateus Cardoso,,Port Davidview,BS,Rieti,50351,TRUE
3262,3262,REGISTERED,"Strada Draghi, 3",,三宅島三宅村,BS,Amazonas,42044,TRUE
3263,3263,REGISTERED,580 Yolanda Summit,,Ludwigsburg,IR,Vibo Valentia,05113,TRUE
3264,3264,REGISTERED,"Viale Gentilini, 5",,Melilla,PA,Tennessee,46366,TRUE
3265,3265,REGISTERED,0985 Ellis Light Apt. 154,,Toledo,NL,Ragusa,18574-386,TRUE
3266,3266,REGISTERED,"3, rue Gabrielle Torres",,Saint RichardBourg,NG,Rhode Island,52045,TRUE
3267,3267,REGISTERED,680 Chad Point,,Plauen,BS,Alicante,754-4221,TRUE
3268,3268,REGISTERED,Rustring 21/93,,Valladolid,BS,Vermont,93163,TRUE
3269,3269,REGISTERED,Alameda de Emilia Vergara 85 Piso 2 ,,Lake Guyburgh,CA,Perugia,S9 1HX,TRUE
3270,3270,REGISTERED,Camino Aureliano Cárdenas 98 Apt. 39 ,,LucasBourg,IT,Lucca,21985,TRUE
3271,3271,REGISTERED,Vial de Graciela Bilbao 58,,長生郡睦沢町,PA,Caserta,14254-633,TRUE
3272,3272,REGISTERED,469 加藤 Street,,Lübeck,FR,South Dakota,41695,TRUE
3273,3273,REGISTERED,"Studio 4
Wilson Greens",,Spremberg,FR,Maranhão,841-2951,TRUE
3274,3274,REGISTERED,"Alameda Cirino, 63",,Legros-sur-Gomes,RU,Álava,86560,TRUE
3275,3275,REGISTERED,98553 راني Spring Suite 500,,Saint Nicolas,RU,Kentucky,70374,TRUE
3276,3276,REGISTERED,Alameda Gisela Garay 67,,Legendre,AU,Gorizia,57020,TRUE
3277,3277,REGISTERED,"Flat 83W
Nathan Skyway",,Doylechester,DE,Idaho,CV8H 1AZ,TRUE
3278,3278,REGISTERED,0 Duncan Trail,,Erkelenz,IT,Georgia,91356,TRUE
3279,3279,REGISTERED,03465 Diaz Summit Apt. 243,,君津市,FR,Connecticut,32626,TRUE
3280,3280,REGISTERED,Cañada de Tecla Giralt 26 Apt. 92 ,,Vedronza,PA,Cáceres,58612,TRUE
3281,3281,REGISTERED,1671 حسام Canyon Suite 985,,Port Jemma,DE,Alagoas,16644,TRUE
3282,3282,REGISTERED,Hans-Willi-Vogt-Ring 360,,Pontevedra,CA,Cuneo,53013,TRUE
3283,3283,REGISTERED,93942 فهد View Apt. 333,,新宿区,CA,Ávila,16803,TRUE
3284,3284,REGISTERED,087 Mandy Trace,,Delitzsch,PA,Rio de Janeiro,50223,TRUE
3285,3285,REGISTERED,"Via Pierluigi, 53",,Saint Claire,TR,Rio Grande do Norte,S5 7NP,TRUE
3286,3286,REGISTERED,Evangelia-Fiebig-Gasse 62,,Novaes do Sul,IR,California,463-9188,TRUE
3287,3287,REGISTERED,74856 ضاحي Loaf Suite 262,,المؤقتport,IT,Paraíba,802-2151,TRUE
3288,3288,REGISTERED,532 岡本 Street,,Brendashire,KP,Madrid,78266,TRUE
3289,3289,REGISTERED,578 加藤 Street,,East ياقوت,TR,California,TD6V 6ZW,TRUE
3290,3290,REGISTERED,Heringallee 6/4,,Port Joshuaton,YE,Virginia,46408,TRUE
3291,3291,REGISTERED,Glorieta de Yaiza Tomas 3,,Alba Di Canazei,IR,Ohio,B4 4XP,TRUE
3292,3292,REGISTERED,64150 بنو ياس Lodge,,Porto dos Dourados,FR,São Paulo,DD0B 5WH,TRUE
3293,3293,REGISTERED,22 Wells Mountain,,Warendorf,FR,Texas,20028,TRUE
3294,3294,REGISTERED,"Borgo Boiardo, 4",,Scottfurt,FR,Mato Grosso,66321,TRUE
3295,3295,REGISTERED,Acceso de Aníbal Carreras 38 Apt. 88 ,,Salazarland,BS,Thüringen,93889,TRUE
3296,3296,REGISTERED,92988 Cindy Divide,,North حسن,GB,Albacete,46751,TRUE
3297,3297,REGISTERED,816 رامح Mountains,,Saint Hugues,ZA,Kansas,50314,TRUE
3298,3298,REGISTERED,8033 Cynthia Motorway,,利島村,US,Alicante,73960,TRUE
3299,3299,REGISTERED,826 السيفي Keys,,South سرحان,GB,Sevilla,51952,TRUE
3300,3300,REGISTERED,"Flat 40
Diana Place",,Lucas,TR,La Coruña,BT39 9RU,TRUE
3301,3301,REGISTERED,"62, rue Claudine Petit",,West David,SE,Berlin,191-6973,TRUE
3302,3302,REGISTERED,"Incrocio Abatantuono, 64",,Tecklenburg,GB,Como,17716,TRUE
3303,3303,REGISTERED,Truppplatz 8706,,West Barryside,CA,Zaragoza,32162-823,TRUE
3304,3304,REGISTERED,42192 هيا Unions Suite 466,,四街道市,DE,Mississippi,78629,TRUE
3305,3305,REGISTERED,"Studio 70
Taylor Glens",,West Bruce,IT,Maryland,26024,TRUE
3306,3306,REGISTERED,608 佐藤 Street,,Albuquerque,SE,Palencia,97276,TRUE
3307,3307,REGISTERED,Plaza Adoración Ramón 38,,Valencia,JP,Pernambuco,49854-850,TRUE
3308,3308,REGISTERED,"Studio 34o
Sophie Lights",,Rios,CH,Santa Catarina,10834,TRUE
3309,3309,REGISTERED,"Studio 46
Gallagher Underpass",,Kulmbach,IT,Saarland,05305,TRUE
3310,3310,REGISTERED,58925 موفّق Course Apt. 339,,Villa Banale,FR,Hessen,90122,TRUE
3311,3311,REGISTERED,"Studio 02u
Sanders Light",,La Rioja,KY,Sachsen-Anhalt,54110,TRUE
3312,3312,REGISTERED,Lübsallee 93,,小笠原村,GB,Mecklenburg-Vorpommern,86170,TRUE
3313,3313,REGISTERED,"Rotonda Raffaele, 5 Piano 7",,النمريside,GB,California,83463,TRUE
3314,3314,REGISTERED,"78, rue Leleu",,ناصر الدّينberg,US,Ourense,81228,TRUE
3315,3315,REGISTERED,518 Mark Motorway Suite 504,,New Stephenmouth,BS,Parma,15275,TRUE
3316,3316,REGISTERED,"Studio 68
Georgina Shoals",,Lake صعب,IT,Washington,46841,TRUE
3317,3317,REGISTERED,"Passarela João Miguel Lopes, 91",,Valencia,ES,Verona,71104,TRUE
3318,3318,REGISTERED,032 ألمع Springs Suite 162,,West مُنذر,IT,Murcia,01176,TRUE
3319,3319,REGISTERED,Beierstr. 92/20,,Jasmineton,GB,Colorado,59354,TRUE
3320,3320,REGISTERED,rue de Godard,,North سلافbury,TR,Gorizia,L15 7AU,TRUE
3321,3321,REGISTERED,1 O'Connor Burg,,يسرىton,DE,Como,96816,TRUE
3322,3322,REGISTERED,92931 مدحت Run,,Saint Yves,JP,Goiás,90570,TRUE
3323,3323,REGISTERED,"Viela de Albuquerque, 98",,白井市,DE,Siracusa,17057,TRUE
3324,3324,REGISTERED,"Vila Emanuel Cavalcante, 22",,Kamenz,DE,Oregon,48737,TRUE
3325,3325,REGISTERED,boulevard de Duval,,板橋区,MM,Florida,93178,TRUE
3326,3326,REGISTERED,393 Munoz Forest Apt. 679,,León,GB,Berlin,493-1228,TRUE
3327,3327,REGISTERED,789 Kay Harbors,,Strausberg,NL,Valencia,24161,TRUE
3328,3328,REGISTERED,Vial Marcela Roselló 43,,Baleares,FR,Distrito Federal,65495279,TRUE
3329,3329,REGISTERED,343 吉田 Street,,Correia,RU,Piauí,21453,TRUE
3330,3330,REGISTERED,6013 Pamela Stream Suite 311,,Zaragoza,DE,Louisiana,477-4018,TRUE
3331,3331,REGISTERED,282 Cook Common Suite 690,,白井市,US,Wyoming,24840,TRUE
3332,3332,REGISTERED,Hans-Herbert-Holsten-Weg 7/1,,Williamsborough,US,Ohio,229-8407,TRUE
3333,3333,REGISTERED,894 田中 Street,,Kulmbach,GB,Brandenburg,01480,TRUE
3334,3334,REGISTERED,903 鈴木 Street,,East سلافstad,DE,Nevada,24792,TRUE
3335,3335,REGISTERED,"1, chemin Descamps",,Lake Lucyborough,BS,Thüringen,12492-085,TRUE
3336,3336,REGISTERED,"Stretto Fabrizia, 90 Appartamento 2",,North ابتكارbury,JP,Bayern,31886,TRUE
3337,3337,REGISTERED,8 Gerard Shores,,Marina Di Camerota,ES,Texas,51158,TRUE
3338,3338,REGISTERED,Cuesta Amado Diez 69,,Nogueira,ZA,Guipúzcoa,22808,TRUE
3339,3339,REGISTERED,"Contrada Giorgia, 1",,Schweinfurt,RU,Washington,LN1A 3BP,TRUE
3340,3340,REGISTERED,"Conjunto Theodoro Ferreira, 388",,Wolfenbüttel,DE,West Virginia,43327222,TRUE
3341,3341,REGISTERED,Heinfried-Köster-Allee 64,,السيفيport,SE,Valencia,09616-862,TRUE
3342,3342,REGISTERED,"58, avenue Stéphanie Samson",,ابو عيدtown,NL,Schleswig-Holstein,41603,TRUE
3343,3343,REGISTERED,"Estrada Luigi Silveira, 12",,Jacobdan,IT,Melilla,16576,TRUE
3344,3344,REGISTERED,Sahin-Wilmsen-Ring 41-39,,عبداللهborough,GB,Schleswig-Holstein,48218,TRUE
3345,3345,REGISTERED,Hans-Bernd-Karge-Allee 7,,لهفانstad,NL,Sergipe,80137,TRUE
3346,3346,REGISTERED,chemin Mace,,小金井市,KY,Georgia,42782,TRUE
3347,3347,REGISTERED,Pechelstraße 329,,Saint Paul,KY,Connecticut,G6 4FD,TRUE
3348,3348,REGISTERED,879 Sean Ferry,,Diazmouth,PA,Wisconsin,50303,TRUE
3349,3349,REGISTERED,2290 Hall Hills Suite 013,,長生郡一宮町,CA,Thüringen,42649-390,TRUE
3350,3350,REGISTERED,84406 Torres Keys Apt. 086,,Lake نور الدّين,ZA,Sergipe,47025,TRUE
3351,3351,REGISTERED,0956 فخر الدّين Port Apt. 499,,Gardola,NG,Cosenza,43805803,TRUE
3352,3352,REGISTERED,Callejón Mariana Zaragoza 40,,Cavalcante,TR,Oklahoma,46380,TRUE
3353,3353,REGISTERED,108 بتروني Wall,,East ماذى,PA,Colorado,19181,TRUE
3354,3354,REGISTERED,8158 نجم Keys Suite 217,,Waldmünchen,DE,North Carolina,35912,TRUE
3355,3355,REGISTERED,"93, rue de Bègue",,Sousa de da Mota,US,Schleswig-Holstein,10745,TRUE
3356,3356,REGISTERED,452 خيري Estate Suite 435,,Almería,US,Berlin,88190-960,TRUE
3357,3357,REGISTERED,081 池田 Street,,Lake Jeffery,ES,Ohio,64471,TRUE
3358,3358,REGISTERED,173 林 Street,,Port Josh,US,Rondônia,07231,TRUE
3359,3359,REGISTERED,"1, rue Suzanne Deschamps",,Gomes Alegre,FR,Indiana,TS38 2XX,TRUE
3360,3360,REGISTERED,Urbanización de Carmela Vara 3 Piso 4 ,,Albacete,JP,Reggio Calabria,W7W 5PR,TRUE
3361,3361,REGISTERED,"Rotonda Natta, 229 Appartamento 3",,Saint Claudine,SE,West Virginia,33025,TRUE
3362,3362,REGISTERED,"390, rue Franck Guilbert",,West Matthew,KY,Oristano,55989,TRUE
3363,3363,REGISTERED,647 近藤 Street,,Wunsiedel,BS,Vermont,14033,TRUE
3364,3364,REGISTERED,089 小林 Street,,墨田区,NG,Rio Grande do Norte,311-3978,TRUE
3365,3365,REGISTERED,470 佐藤 Street,,長生郡睦沢町,IT,Hamburg,68290,TRUE
3366,3366,REGISTERED,C. Primitivo Bilbao 26,,Hannover,GB,Alabama,06686,TRUE
3367,3367,REGISTERED,Ronda Pascuala Velázquez 19,,Teruel,ZA,Frosinone,63861,TRUE
3368,3368,REGISTERED,Acceso de Anita Aguilar 368 Apt. 61 ,,Leroux,FR,Verona,10740,TRUE
3369,3369,REGISTERED,0069 Ellen Groves Apt. 451,,Nunes,FR,Paraná,91884437,TRUE
3370,3370,REGISTERED,Lina-Harloff-Platz 241,,East عبد الواحد,SE,Sachsen,13044,TRUE
3371,3371,REGISTERED,858 Cochran Walks Apt. 811,,Rickyburgh,CH,Sachsen-Anhalt,86078,TRUE
3372,3372,REGISTERED,"61, avenue de Rodrigues",,DidierVille,ES,Salerno,28582,TRUE
3373,3373,REGISTERED,"Via Orengo, 33 Appartamento 9",,Barros Paulista,RU,Massachusetts,83674,TRUE
3374,3374,REGISTERED,"Borgo Dante, 9 Appartamento 5",,Barcelona,IT,Michigan,53773,TRUE
3375,3375,REGISTERED,Ronda Sigfrido Cantero 386,,長生郡白子町,GB,Segovia,65509,TRUE
3376,3376,REGISTERED,"Lago de Araújo, 3",,Collinsfurt,ES,Nevada,12016,TRUE
3377,3377,REGISTERED,36245 مظهر Vista,,袖ケ浦市,NG,Roma,87027,TRUE
3378,3378,REGISTERED,"56, boulevard Pasquier",,Lake Cameronburgh,FR,La Rioja,34901,TRUE
3379,3379,REGISTERED,"Rotonda Martino, 667",,Calau,TR,Lecco,066-8599,TRUE
3380,3380,REGISTERED,Lars-Kranz-Platz 21-28,,Port Teresafort,FR,New York,BB79 3SX,TRUE
3381,3381,REGISTERED,"Rotonda Giannini, 512 Appartamento 6",,Talana,BS,Cantabria,34759,TRUE
3382,3382,REGISTERED,Matthäistr. 8,,Bernburg,NL,Caltanissetta,73357,TRUE
3383,3383,REGISTERED,"Campo de Melo, 4",,Lindaland,GB,Pennsylvania,NP67 7DJ,TRUE
3384,3384,REGISTERED,949 遠藤 Street,,Port يافع,DE,Acre,20998071,TRUE
3385,3385,REGISTERED,"Incrocio Aulenti, 37 Appartamento 56",,山武郡横芝光町,IR,Minas Gerais,90272,TRUE
3386,3386,REGISTERED,25900 السادة Cape Suite 284,,Wilsonberg,BS,Michigan,87811,TRUE
3387,3387,REGISTERED,76704 اعتكاف Road Apt. 324,,武蔵野市,US,Málaga,PA94 4QN,TRUE
3388,3388,REGISTERED,Callejón de Corona Palomino 367 Puerta 3 ,,Brito,FR,Utah,N1 0RH,TRUE
3389,3389,REGISTERED,"Canale Luca, 3 Appartamento 76",,Fernandezbury,GB,São Paulo,03683,TRUE
3390,3390,REGISTERED,452 中川 Street,,横浜市戸塚区,US,Goiás,G3 3LW,TRUE
3391,3391,REGISTERED,"66, rue Berger",,New Kimberly,US,Colorado,29249,TRUE
3392,3392,REGISTERED,334 加藤 Street,,Ansbach,GB,Lugo,89467,TRUE
3393,3393,REGISTERED,380 Noble Fields,,Exilles,CA,Rieti,57601-886,TRUE
3394,3394,REGISTERED,"Vicolo Rosario, 871",,府中市,KP,Córdoba,72214,TRUE
3395,3395,REGISTERED,"999, rue de Langlois",,Ferriere,FR,Niedersachsen,96041768,TRUE
3396,3396,REGISTERED,Kensygasse 5/2,,Lake Jenniferfort,US,Bremen,KY54 8RL,TRUE
3397,3397,REGISTERED,"Via Lucio, 67 Appartamento 5",,Valmorea,US,Acre,430-2785,TRUE
3398,3398,REGISTERED,417 岡田 Street,,Pacheco de Sales,US,Badajoz,90575,TRUE
3399,3399,REGISTERED,"Jardim Alice Castro, 25",,Saint ÉtienneVille,IT,Arkansas,62456,TRUE
3400,3400,REGISTERED,Flantzstr. 70-73,,Fernandes,GB,Cagliari,49118,TRUE
3401,3401,REGISTERED,159 Paul Manors Suite 128,,Mongiuffi Melia,DE,Arkansas,06289,TRUE
3402,3402,REGISTERED,"Contrada Zoppetti, 372",,Tracytown,JP,Colorado,IV33 6EX,TRUE
3403,3403,REGISTERED,3760 فؤاد Passage,,Huelva,NL,Aosta,W9 9HW,TRUE
3404,3404,REGISTERED,"Lagoa de Ribeiro, 20",,Borges,TR,Acre,87686,TRUE
3405,3405,REGISTERED,"Flat 77N
Diana Forges",,板橋区,DE,Delaware,16766-715,TRUE
3406,3406,REGISTERED,4596 ريمان Port Apt. 227,,Munoz,YE,Genova,91131,TRUE
3407,3407,REGISTERED,Adolfine-Schönland-Straße 8117,,Le Goff,US,Crotone,583-3413,TRUE
3408,3408,REGISTERED,61 Francis Islands,,Schwäbisch Hall,IR,Rhode Island,65230,TRUE
3409,3409,REGISTERED,9 Connor Lodge,,Lake Bettyshire,CA,Mato Grosso do Sul,S7U 6UN,TRUE
3410,3410,REGISTERED,68862 مادلين Ports,,Baleares,RU,Alaska,742-5599,TRUE
3411,3411,REGISTERED,Alameda de Ignacia Vargas 196 Apt. 35 ,,香取郡東庄町,IR,Distrito Federal,23369-971,TRUE
3412,3412,REGISTERED,220 清水 Street,,Katharinaberg,GB,Tennessee,63475,TRUE
3413,3413,REGISTERED,522 إلينا Port,,Port Dorothyside,JP,Zamora,01101,TRUE
3414,3414,REGISTERED,56379 باهلة Plain Apt. 528,,Sassari,IT,Wyoming,356-6476,TRUE
3415,3415,REGISTERED,"Travessa Ravi Lucca Pastor, 780",,North صقر,ES,Guipúzcoa,AB91 9HD,TRUE
3416,3416,REGISTERED,Elly-Linke-Weg 3810,,East Leighland,NL,Melilla,79185,TRUE
3417,3417,REGISTERED,"Rodovia de Cassiano, 80",,Desenzano Al Serio,NG,Texas,10790,TRUE
3418,3418,REGISTERED,"Rotonda Cuomo, 5",,Pezzan,BS,Michigan,02127,TRUE
3419,3419,REGISTERED,Loretta-Vollbrecht-Gasse 354,,East Christophertown,GB,Alagoas,IV1 4EH,TRUE
3420,3420,REGISTERED,Cuesta de Caridad Bernad 9,,Murcia,RU,Georgia,41036,TRUE
3421,3421,REGISTERED,Alameda de Ricarda Jara 2 Apt. 54 ,,Montefelcino,TR,Schleswig-Holstein,18328,TRUE
3422,3422,REGISTERED,Ladeira Lopes,,Gonçalves,IR,New Mexico,63281,TRUE
3423,3423,REGISTERED,174 木村 Street,,香取郡神崎町,ZA,Niedersachsen,129-9401,TRUE
3424,3424,REGISTERED,"7, avenue Gimenez",,南房総市,GB,Sondrio,39879,TRUE
3425,3425,REGISTERED,74838 Ronald Drives,,East ساطعmouth,SY,Santa Cruz de Tenerife,08244,TRUE
3426,3426,REGISTERED,Acceso Alfonso Fuentes 53,,Dijoux,DE,Baleares,39094,TRUE
3427,3427,REGISTERED,573 ممدوح Turnpike Suite 147,,大網白里市,AU,Hamburg,51239,TRUE
3428,3428,REGISTERED,02368 نظمي Ports,,Teterow,GB,León,86024,TRUE
3429,3429,REGISTERED,85532 Hector Light,,Teruel,GB,Kentucky,L9T 6SY,TRUE
3430,3430,REGISTERED,"Núcleo Alves, 134",,Port Angel,US,Arkansas,48944,TRUE
3431,3431,REGISTERED,"Vicolo Antonino, 45",,Toledo,AU,São Paulo,85039,TRUE
3432,3432,REGISTERED,Rambla de Sara Conesa 37,,Lombriasco,US,Baden-Württemberg,02659,TRUE
3433,3433,REGISTERED,"Estação Martins, 41",,東大和市,CA,Roraima,07538,TRUE
3434,3434,REGISTERED,793 مَجدي Harbor Apt. 776,,North ظاعنburgh,ES,Benevento,56586088,TRUE
3435,3435,REGISTERED,"Flat 9
Marsden Row",,Moraes,KY,Rheinland-Pfalz,98769,TRUE
3436,3436,REGISTERED,921 Cory Lane,,Donnaland,FR,Macerata,21651,TRUE
3437,3437,REGISTERED,817 長谷川 Street,,Wanzleben,RU,Albacete,087-2506,TRUE
3438,3438,REGISTERED,3126 ازحيمان Centers Suite 540,,利島村,TR,Florida,55119,TRUE
3439,3439,REGISTERED,Pasadizo Sebastian Ferrero 12 Apt. 61 ,,Alexandredan,BS,Georgia,16123,TRUE
3440,3440,REGISTERED,Callejón Ale Pineda 53,,Santos da Mata,RU,Distrito Federal,28168,TRUE
3441,3441,REGISTERED,Callejón de Luisa Villar 625,,Lake Martintown,NG,Rio Grande do Sul,B5 0UW,TRUE
3442,3442,REGISTERED,"Morro de Moura, 68",,Coburg,SE,Paraíba,34478,TRUE
3443,3443,REGISTERED,651 Janet Dam,,Michaelland,US,New Jersey,25429,TRUE
3444,3444,REGISTERED,"4, rue Brigitte Pasquier",,山武郡芝山町,IT,La Spezia,40679,TRUE
3445,3445,REGISTERED,"Quadra das Neves, 29",,Steinfurt,RU,Alabama,PL1 8UP,TRUE
3446,3446,REGISTERED,Callejón de Gabriela Piquer 37 Puerta 1 ,,Branzi,TR,Paraná,46737,TRUE
3447,3447,REGISTERED,Vereda Nascimento,,Saint Emmanuelle-sur-Mer,DE,Carbonia-Iglesias,17551,TRUE
3448,3448,REGISTERED,"56, avenue Charrier",,Kötzting,SG,Bari,81418,TRUE
3449,3449,REGISTERED,592 加藤 Street,,Ebern,US,Alagoas,14964,TRUE
3450,3450,REGISTERED,322 Kevin Tunnel,,Machado,TR,North Carolina,32794,TRUE
3451,3451,REGISTERED,Rambla de Jose Manuel Galván 6,,三鷹市,SG,Brandenburg,G3 0JX,TRUE
3452,3452,REGISTERED,7910 Deanna Manor,,Brandenburg,FR,Oristano,23871,TRUE
3453,3453,REGISTERED,"Trevo de Borges, 16",,荒川区,DE,Zamora,20042,TRUE
3454,3454,REGISTERED,919 木村 Street,,Sevilla,IR,Massachusetts,05539,TRUE
3455,3455,REGISTERED,54462 طسم Shores Suite 015,,Thomsonport,FR,Saarland,153-8211,TRUE
3456,3456,REGISTERED,674 山口 Street,,Garrisonberg,SY,Wyoming,HX9 0ZD,TRUE
3457,3457,REGISTERED,"Borgo Ida, 514 Appartamento 4",,Paulaland,NL,Ferrara,84079,TRUE
3458,3458,REGISTERED,9 Charlene Crescent,,Telve Di Sopra,MM,Alabama,OL6N 8PL,TRUE
3459,3459,REGISTERED,8853 Gutierrez Field Suite 168,,لطوفberg,ZA,New Mexico,604-3388,TRUE
3460,3460,REGISTERED,408 高橋 Street,,East Christopherbury,TR,Wisconsin,08130,TRUE
3461,3461,REGISTERED,6590 Michael Meadows Suite 096,,Madrid,DE,Georgia,519-0998,TRUE
3462,3462,REGISTERED,Pasaje Leonel Bauzà 37,,East سالمchester,CA,Parma,87632-942,TRUE
3463,3463,REGISTERED,Kaulstr. 569,,国立市,DE,Pesaro e Urbino,28903,TRUE
3464,3464,REGISTERED,"Studio 0
Hewitt Cliffs",,Leslieview,FR,Texas,34867-918,TRUE
3465,3465,REGISTERED,117 鈴木 Street,,Merle,DE,Sachsen-Anhalt,66606,TRUE
3466,3466,REGISTERED,524 井上 Street,,East Walterland,RU,Santa Catarina,173-5491,TRUE
3467,3467,REGISTERED,"Vila Pires, 80",,Hughhaven,KY,Hessen,60142,TRUE
3468,3468,REGISTERED,703 العوالق Crossing Suite 082,,Meran Sinic,FR,Missouri,08647,TRUE
3469,3469,REGISTERED,Rodovia de da Mata,,Palagnana,CA,Ávila,05546,TRUE
3470,3470,REGISTERED,"Borgo Tanzini, 82 Appartamento 5",,Port فتحيburgh,KY,Paraíba,107-8451,TRUE
3471,3471,REGISTERED,"3, rue Garnier",,Fonseca do Norte,CA,Bayern,21212-276,TRUE
3472,3472,REGISTERED,Dehmelstraße 7/7,,Leão,US,Rheinland-Pfalz,599-6798,TRUE
3473,3473,REGISTERED,"Parque Esther Macedo, 2",,Vampolieri,US,Alagoas,L50 7WR,TRUE
3474,3474,REGISTERED,"Fazenda Calebe Mendes, 6",,Cardoso das Pedras,DE,Missouri,33407,TRUE
3475,3475,REGISTERED,"6, chemin Georges Rodriguez",,Gaillard,BS,Sergipe,280-2678,TRUE
3476,3476,REGISTERED,Plaza de Íñigo Elorza 68,,Murcia,ZA,Valencia,18906,TRUE
3477,3477,REGISTERED,Ramazan-Kensy-Platz 3,,Gracemouth,NG,Verona,84258,TRUE
3478,3478,REGISTERED,"Viale Munari, 620",,川崎市中原区,CA,Navarra,43249238,TRUE
3479,3479,REGISTERED,067 鈴木 Street,,La Rioja,US,Sachsen,25539,TRUE
3480,3480,REGISTERED,"Viale Luciano, 738 Piano 1",,Parchim,SE,Georgia,01127,TRUE
3481,3481,REGISTERED,046 البقوم Drives,,ارناؤوطberg,KY,Kentucky,40122,TRUE
3482,3482,REGISTERED,23585 حمدان Way,,North أروىmouth,GB,Venezia,85021,TRUE
3483,3483,REGISTERED,Ivonne-Weiß-Weg 1/6,,Pinto,DE,Rheinland-Pfalz,23675-805,TRUE
3484,3484,REGISTERED,528 Alexandra Street,,Santa Cruz de Tenerife,DE,Maranhão,19173,TRUE
3485,3485,REGISTERED,"Canale Bernardo, 86 Piano 1",,Badajoz,PA,Vibo Valentia,11539,TRUE
3486,3486,REGISTERED,Pasaje de Encarnita Pascual 561 Piso 7 ,,Lake عتيقchester,BS,Rio Grande do Sul,20725,TRUE
3487,3487,REGISTERED,"Rodovia José Barbosa, 85",,South Miranda,US,Texas,HA86 8TW,TRUE
3488,3488,REGISTERED,292 وحيد Trafficway Apt. 223,,Partina,FR,South Carolina,59790-638,TRUE
3489,3489,REGISTERED,68831 نافذ Parkways,,Tirschenreuth,KP,Louisiana,03103,TRUE
3490,3490,REGISTERED,Pasadizo de Leire Marti 42,,Burgos,SG,Hessen,895-7931,TRUE
3491,3491,REGISTERED,2516 Scott Motorway Apt. 146,,Port فايد,GB,Arkansas,328-6875,TRUE
3492,3492,REGISTERED,8939 Erin Rapid,,Wolfenbüttel,US,Belluno,44223235,TRUE
3493,3493,REGISTERED,85099 Monique Vista,,North Jacquelinemouth,CH,Sassari,62529187,TRUE
3494,3494,REGISTERED,"Praia Maria Clara Ferreira, 857",,Aliciabury,DE,Mississippi,195-2283,TRUE
3495,3495,REGISTERED,63106 Diana Summit Suite 444,,Sevilla,PA,South Dakota,56942,TRUE
3496,3496,REGISTERED,444 林 Street,,Port Jeremyburgh,TR,Virginia,89300714,TRUE
3497,3497,REGISTERED,Krausegasse 460,,Alisonburgh,IR,Hessen,32093,TRUE
3498,3498,REGISTERED,"Estação de Lopes, 41",,Passau,US,Ohio,08792,TRUE
3499,3499,REGISTERED,872 نهد Brook,,横浜市瀬谷区,FR,Zaragoza,677-6676,TRUE
3500,3500,REGISTERED,834 佐藤 Street,,Berlin,AU,Segovia,18139,TRUE
3501,3501,REGISTERED,Edith-Bloch-Straße 303,,Aragão,US,Niedersachsen,16977,TRUE
3502,3502,REGISTERED,"Via Fernandes, 6",,طارقborough,ES,Massachusetts,06662,TRUE
3503,3503,REGISTERED,86899 Nicole Lodge,,Leroy-sur-Mer,ES,Trieste,CV23 9JS,TRUE
3504,3504,REGISTERED,Pasadizo de Lázaro Segura 891 Apt. 78 ,,Port Erin,SE,Niedersachsen,W5G 2PS,TRUE
3505,3505,REGISTERED,77 Jack Stream,,هزارburgh,FR,Bayern,10122,TRUE
3506,3506,REGISTERED,Francesco-Kraushaar-Weg 3/1,,Stade,FR,Sachsen-Anhalt,44690,TRUE
3507,3507,REGISTERED,"Borgo Curiel, 840",,Huesca,YE,Hamburg,932-1867,TRUE
3508,3508,REGISTERED,7556 Francis Crossing,,da Rocha,NG,Ferrara,B5A 8HX,TRUE
3509,3509,REGISTERED,"81, rue de Caron",,da Rosa,US,Sergipe,72932,TRUE
3510,3510,REGISTERED,379 山口 Street,,Alicante,NL,Maryland,27015,TRUE
3511,3511,REGISTERED,"Canale Endrizzi, 71 Appartamento 98",,South Callummouth,CA,Piauí,83882,TRUE
3512,3512,REGISTERED,46 Mitchell Forest,,Main-Höchst,IT,Arkansas,50485,TRUE
3513,3513,REGISTERED,81025 Holland Canyon Suite 323,,Palencia,ES,Thüringen,10131,TRUE
3514,3514,REGISTERED,Cuesta de Pánfilo Aller 448 Puerta 0 ,,East June,GB,Alagoas,41183-241,TRUE
3515,3515,REGISTERED,251 Kirsty Bridge,,Görlitz,TR,Sachsen,LL26 7GA,TRUE
3516,3516,REGISTERED,338 太田 Street,,New Natalie,CA,Hessen,87637,TRUE
3517,3517,REGISTERED,Urbanización de Viviana Castelló 35 Puerta 8 ,,Saarlouis,KY,South Carolina,99058-098,TRUE
3518,3518,REGISTERED,Cuesta de Nicodemo Conde 1 Puerta 2 ,,West Allanside,ES,Idaho,70188,TRUE
3519,3519,REGISTERED,"Via Saverio, 68",,Silveira,SG,Kansas,493-7058,TRUE
3520,3520,REGISTERED,Paseo de Encarnita Sebastián 67 Apt. 70 ,,Padillaburgh,DE,Pennsylvania,99230-465,TRUE
3521,3521,REGISTERED,798 後藤 Street,,Halberstadt,GB,Sachsen-Anhalt,67777,TRUE
3522,3522,REGISTERED,"Colônia Luara Marques, 48",,Jaén,US,Virginia,32494,TRUE
3523,3523,REGISTERED,162 田中 Street,,Girona,BS,Rio Grande do Sul,69610-599,TRUE
3524,3524,REGISTERED,Heuserstr. 1746,,御蔵島村,CA,Treviso,257-0987,TRUE
3525,3525,REGISTERED,162 佐藤 Street,,調布市,SG,Ceuta,88171,TRUE
3526,3526,REGISTERED,46157 يقين Place,,Deggendorf,PA,North Dakota,31881,TRUE
3527,3527,REGISTERED,Cañada de Feliciana Landa 59,,Ribeiro das Pedras,DE,Maine,85793,TRUE
3528,3528,REGISTERED,30195 Krystal Dam,,أحمدberg,US,Bergamo,00151,TRUE
3529,3529,REGISTERED,Calle Abigaíl Rivero 753 Puerta 9 ,,Eckernförde,TR,Rondônia,61793,TRUE
3530,3530,REGISTERED,52859 مَسعد Mall,,Viatosto,CA,Alagoas,78070,TRUE
3531,3531,REGISTERED,"60, boulevard Da Costa",,Port Lawrencemouth,MM,Ceará,82068086,TRUE
3532,3532,REGISTERED,698 伊藤 Street,,日野市,JP,Alagoas,MK9 5NW,TRUE
3533,3533,REGISTERED,10 Hayes Lodge,,Jaén,KY,Ceará,G10 9NH,TRUE
3534,3534,REGISTERED,Heinrichring 6-9,,Ueckermünde,FR,Bayern,133-7413,TRUE
3535,3535,REGISTERED,56 Hartley Curve,,立川市,NG,Udine,OL16 6ZN,TRUE
3536,3536,REGISTERED,Huhnplatz 67/46,,印旛郡酒々井町,ZA,Espírito Santo,03011,TRUE
3537,3537,REGISTERED,C. de Marc Delgado 39 Apt. 67 ,,Tessierdan,DE,Valladolid,03273,TRUE
3538,3538,REGISTERED,Plaza Rita Elorza 49,,Vargas,DE,Idaho,94675,TRUE
3539,3539,REGISTERED,647 福田 Street,,Havelberg,US,Melilla,26995,TRUE
3540,3540,REGISTERED,Josef-Kallert-Allee 3750,,East Seanview,ES,Kansas,19913,TRUE
3541,3541,REGISTERED,Roswitha-Holzapfel-Allee 8-3,,North Reeceburgh,SG,Amazonas,20876,TRUE
3542,3542,REGISTERED,"Incrocio Tatiana, 64 Piano 7",,Baleares,US,Almería,34100,TRUE
3543,3543,REGISTERED,8077 Young Track,,Teixeira,GB,Roraima,14927,TRUE
3544,3544,REGISTERED,Avenida Angelina Herrera 663 Piso 6 ,,Sainte Timothée-sur-Mer,US,Asturias,50838,TRUE
3545,3545,REGISTERED,"2, rue de Allain",,Youngview,IR,Pisa,DY9 2PU,TRUE
3546,3546,REGISTERED,754 鈴木 Street,,Justinbury,JP,Baden-Württemberg,28064,TRUE
3547,3547,REGISTERED,523 Cameron Forks Apt. 304,,Hechingen,FR,Louisiana,CH79 3JZ,TRUE
3548,3548,REGISTERED,"Canale Renata, 26",,Hopkinsbury,US,Hessen,91181,TRUE
3549,3549,REGISTERED,"Flat 92E
Johnson Crescent",,小笠原村,JP,Saarland,07973,TRUE
3550,3550,REGISTERED,"63, rue Geneviève Besnard",,Girona,PA,New Jersey,66864,TRUE
3551,3551,REGISTERED,042 خيري Stravenue Apt. 069,,Selva Del Bocchetto,IT,Nordrhein-Westfalen,50332,TRUE
3552,3552,REGISTERED,"Borgo Federigo, 780",,Alzano Scrivia,US,Novara,73059-621,TRUE
3553,3553,REGISTERED,86 Adam Parkway,,Waldmünchen,CH,Minnesota,10045,TRUE
3554,3554,REGISTERED,"Vale Jade Rodrigues, 24",,Caldeira,KP,Michigan,58423,TRUE
3555,3555,REGISTERED,"Studio 43B
Alison Tunnel",,North Frank,BS,Maryland,84121,TRUE
3556,3556,REGISTERED,851 Marian Ways,,Rezende das Pedras,CA,Salamanca,490-1958,TRUE
3557,3557,REGISTERED,"Condomínio de Farias, 48",,Güstrow,TR,Sachsen-Anhalt,66400,TRUE
3558,3558,REGISTERED,"Trecho Leandro Pimenta, 86",,Junefurt,PA,Paraíba,525-5029,TRUE
3559,3559,REGISTERED,"Studio 53
Turner Lock",,Dubois,FR,Roraima,02329,TRUE
3560,3560,REGISTERED,"Stretto Rocco, 811 Appartamento 8",,النجارshire,TR,Alabama,52941,TRUE
3561,3561,REGISTERED,"Favela Bruno Camargo, 17",,West Michael,DE,Las Palmas,00158,TRUE
3562,3562,REGISTERED,"Área da Mota, 6",,الديسيmouth,SG,Wisconsin,73817,TRUE
3563,3563,REGISTERED,4165 Michael Mill Apt. 437,,Cádiz,US,Michigan,23348,TRUE
3564,3564,REGISTERED,"Lagoa Albuquerque, 27",,رصاصhaven,CH,Sachsen-Anhalt,38052,TRUE
3565,3565,REGISTERED,8 Cooke Ranch,,Port محمود,FR,Bayern,72171,TRUE
3566,3566,REGISTERED,"953, avenue Bertrand Gomez",,Grevenbroich,AU,Alagoas,23952,TRUE
3567,3567,REGISTERED,"Vereda da Costa, 47",,Sainte Élisabeth-la-Forêt,US,Colorado,24196,TRUE
3568,3568,REGISTERED,"799, chemin Joséphine Pruvost",,Sá dos Dourados,AU,Arizona,939-2902,TRUE
3569,3569,REGISTERED,7356 بلي Points Suite 878,,Sabbioncello San Vittore,DE,Pará,31340,TRUE
3570,3570,REGISTERED,745 小林 Street,,New Trevorfort,US,Illinois,89350578,TRUE
3571,3571,REGISTERED,7964 Melissa Summit,,Baleares,KP,Mecklenburg-Vorpommern,66991-672,TRUE
3572,3572,REGISTERED,02 Maria Common,,عبد الملكfurt,RU,Ciudad,32913,TRUE
3573,3573,REGISTERED,C. de Borja Tormo 580,,Port Dennis,ES,Oklahoma,15171,TRUE
3574,3574,REGISTERED,9244 سلاف Rest Apt. 293,,Guerra das Pedras,SY,Santa Catarina,03259-414,TRUE
3575,3575,REGISTERED,Svea-Trupp-Ring 61,,Marchal-sur-Mer,US,Illinois,39309,TRUE
3576,3576,REGISTERED,22290 عويضة Land,,East Sylvia,PA,São Paulo,60933-773,TRUE
3577,3577,REGISTERED,Jacqueline-Weihmann-Straße 197,,Perleberg,CA,Palencia,L16 4QH,TRUE
3578,3578,REGISTERED,1453 المتولي Fork Suite 860,,Tuttlingen,AU,West Virginia,13457,TRUE
3579,3579,REGISTERED,Ronda Celestino Quero 6 Apt. 72 ,,Longchester,MM,Girona,46853,TRUE
3580,3580,REGISTERED,"Viale Hugo, 86",,Demmin,SE,Amapá,88885,TRUE
3581,3581,REGISTERED,Loteamento Teixeira,,Clairefort,GB,Ceuta,269-2464,TRUE
3582,3582,REGISTERED,"Colônia de Mendes, 537",,あきる野市,SE,Baden-Württemberg,53746,TRUE
3583,3583,REGISTERED,"Viale Raffaella, 2 Piano 9",,Viana de Montenegro,RU,Rio de Janeiro,08052,TRUE
3584,3584,REGISTERED,Via Juliana Mesa 79,,ملهمshire,FR,Mecklenburg-Vorpommern,09152,TRUE
3585,3585,REGISTERED,Biggengasse 5,,Potier-les-Bains,DE,Brindisi,52183,TRUE
3586,3586,REGISTERED,39821 عدنان Station Apt. 922,,Álava,IT,Wisconsin,260-4403,TRUE
3587,3587,REGISTERED,6076 Melissa Ford,,Gransee,TR,Saarland,123-2759,TRUE
3588,3588,REGISTERED,"Canale Gemma, 6",,Boyer-les-Bains,GB,South Carolina,116-6949,TRUE
3589,3589,REGISTERED,"Flat 85Y
Leah Burgs",,Saint Frédérique-les-Bains,IT,New Hampshire,15496,TRUE
3590,3590,REGISTERED,Urbanización de Cecilio Soriano 987 Piso 3 ,,Barre-sur-Lesage,DE,Mecklenburg-Vorpommern,17576395,TRUE
3591,3591,REGISTERED,"Via Toscanini, 45 Piano 2",,سبيعland,CA,Brandenburg,23464,TRUE
3592,3592,REGISTERED,"Contrada Gioachino, 52 Piano 1",,Navarra,US,Lleida,16009,TRUE
3593,3593,REGISTERED,38 Kimberley Spring,,Lima Verde,BS,Pará,75582,TRUE
3594,3594,REGISTERED,rue Camille Rocher,,da Luz,FR,Sergipe,B2C 8NY,TRUE
3595,3595,REGISTERED,"1, rue de Pires",,Pires dos Dourados,MM,Wyoming,17353,TRUE
3596,3596,REGISTERED,43 Flynn Isle,,Lake Bernard,US,Venezia,74040,TRUE
3597,3597,REGISTERED,174 田中 Street,,Port Patrick,GB,Rhode Island,42017,TRUE
3598,3598,REGISTERED,Häringring 7,,Zschopau,DE,New York,65012,TRUE
3599,3599,REGISTERED,"Largo de Cavalcanti, 83",,Saint Matthieu,SE,Cantabria,63237,TRUE
3600,3600,REGISTERED,11 Dennis Overpass,,Raymond-sur-Meunier,GB,Nevada,14324,TRUE
3601,3601,REGISTERED,"33, rue Josette Andre",,Camargo,NL,Alagoas,25251,TRUE
3602,3602,REGISTERED,11359 Kristin Mountain,,Lyndastad,KY,Montana,814-3299,TRUE
3603,3603,REGISTERED,"Ladeira da Cruz, 1",,Port Sara,FR,Albacete,91298,TRUE
3604,3604,REGISTERED,"Viela Vieira, 54",,Ceuta,TR,Rheinland-Pfalz,24842,TRUE
3605,3605,REGISTERED,502 Natalie Wall,,Sampaio,AU,Minnesota,17456,TRUE
3606,3606,REGISTERED,445 العجمان Fall,,West Patricia,BS,Álava,L4 6GF,TRUE
3607,3607,REGISTERED,"48, rue de Gaudin",,Riedelsberg,TR,Verbano-Cusio-Ossola,29026,TRUE
3608,3608,REGISTERED,"Conjunto Helena Ramos, 97",,Bad Kreuznach,CA,Alabama,M0K 6WP,TRUE
3609,3609,REGISTERED,"594, boulevard de Dupré",,da Paz,IT,Alabama,46007,TRUE
3610,3610,REGISTERED,077 高橋 Street,,New Coreyburgh,ZA,Soria,45118,TRUE
3611,3611,REGISTERED,"Rua Alana Camargo, 23",,Gazzi,NL,South Carolina,28386,TRUE
3612,3612,REGISTERED,156 بتروني View,,Böblingen,RU,Brandenburg,28161,TRUE
3613,3613,REGISTERED,389 森 Street,,Thomasfort,JP,Amapá,55468-159,TRUE
3614,3614,REGISTERED,05306 Cunningham Parkway,,Pedescala,DE,Ávila,34285,TRUE
3615,3615,REGISTERED,329 田中 Street,,Williamsshire,DE,New Mexico,W7 8AG,TRUE
3616,3616,REGISTERED,69 Kenneth Ways,,East Raymondtown,NG,Sachsen,57017631,TRUE
3617,3617,REGISTERED,451 山本 Street,,Groß-Gerau,US,Palencia,72390,TRUE
3618,3618,REGISTERED,5450 Kelley Skyway,,North غامدstad,KY,Guipúzcoa,PR0 4UY,TRUE
3619,3619,REGISTERED,"Viale Peranda, 40",,Valmozzola Stazione,NL,Kentucky,L31 3XH,TRUE
3620,3620,REGISTERED,"Colônia Novaes, 4",,Regnier,AU,Iowa,89924,TRUE
3621,3621,REGISTERED,"Vereda Maria Fernanda da Rosa, 36",,Smithshire,TR,Alabama,81616,TRUE
3622,3622,REGISTERED,8478 Melanie Bridge,,Cádiz,US,Kentucky,57038,TRUE
3623,3623,REGISTERED,4668 Tommy Rapid,,Cavalcanti da Praia,US,Sachsen,S8 7WB,TRUE
3624,3624,REGISTERED,"Jardim de Carvalho, 26",,Tammybury,ES,Baden-Württemberg,23868,TRUE
3625,3625,REGISTERED,"Studio 9
Gregory Inlet",,Kötzting,BS,Varese,61041,TRUE
3626,3626,REGISTERED,Pasaje Amador Torralba 32 Apt. 85 ,,Port Jacob,BS,Jaén,27376149,TRUE
3627,3627,REGISTERED,"806, avenue de Diallo",,Monteiro,US,Carbonia-Iglesias,W1G 0FB,TRUE
3628,3628,REGISTERED,"Flat 84Q
Owen Flat",,Sharpefort,FR,Minnesota,67821,TRUE
3629,3629,REGISTERED,"Via Ceschi, 2",,Bushchester,RU,Carbonia-Iglesias,368-7493,TRUE
3630,3630,REGISTERED,"71, rue Verdier",,East Derek,US,West Virginia,66416-342,TRUE
3631,3631,REGISTERED,612 小川 Street,,Lopez,PA,Rhode Island,49584,TRUE
3632,3632,REGISTERED,4 Harriet Summit,,New Ashleighchester,NL,Hamburg,88342,TRUE
3633,3633,REGISTERED,079 السهول Road,,Alves,IR,Nordrhein-Westfalen,80033,TRUE
3634,3634,REGISTERED,9091 عبد الواحد Springs Apt. 676,,Pescasseroli,ES,Cremona,03194,TRUE
3635,3635,REGISTERED,815 橋本 Street,,East شاملmouth,BS,New York,89133,TRUE
3636,3636,REGISTERED,254 Brett Mount,,Rios de Pinto,RU,Guadalajara,41052,TRUE
3637,3637,REGISTERED,"Canale Ovadia, 868 Piano 4",,Lake Josephine,RU,Verbano-Cusio-Ossola,39175,TRUE
3638,3638,REGISTERED,"Rua Cavalcanti, 3",,横浜市港北区,BS,New Jersey,872-5812,TRUE
3639,3639,REGISTERED,"51, rue Bourgeois",,Petroia,NL,Santa Cruz de Tenerife,51420-338,TRUE
3640,3640,REGISTERED,"Trecho Ana Laura Barros, 78",,Vieira da Praia,DE,South Dakota,LU1B 2ZW,TRUE
3641,3641,REGISTERED,Hildegund-Schottin-Allee 57-75,,Sangerhausen,CA,León,50842,TRUE
3642,3642,REGISTERED,00790 صدّاح Crescent Suite 045,,Ingolstadt,DE,Nebraska,W4W 8QE,TRUE
3643,3643,REGISTERED,Vial Francisco Javier Dueñas 84,,Aragão,SY,Mecklenburg-Vorpommern,33856,TRUE
3644,3644,REGISTERED,8 Smith Mountain,,Nathanberg,ES,Sachsen-Anhalt,SO4R 8NG,TRUE
3645,3645,REGISTERED,Alameda Eloy Mayo 64 Puerta 2 ,,Regen,US,Bremen,N1 3ZH,TRUE
3646,3646,REGISTERED,"Vicolo Lorenzo, 43 Piano 2",,East Dianehaven,FR,Zaragoza,66015,TRUE
3647,3647,REGISTERED,22596 غسّان Lock,,Meganfurt,US,Minas Gerais,98267,TRUE
3648,3648,REGISTERED,424 Smith Road,,Almería,DE,Mississippi,103-6646,TRUE
3649,3649,REGISTERED,"Borgo Dino, 12",,West Traceyburgh,NL,Pernambuco,87017,TRUE
3650,3650,REGISTERED,"Borgo Martina, 517 Appartamento 89",,وسيلshire,IT,Indiana,595-6924,TRUE
3651,3651,REGISTERED,6187 سهل Route Suite 979,,Vernate,RU,South Dakota,66838,TRUE
3652,3652,REGISTERED,Rambla Saturnina Soria 52 Puerta 3 ,,South Matthew,US,Grosseto,25051,TRUE
3653,3653,REGISTERED,"Studio 7
Mohamed Meadows",,Bienate,GB,Kansas,26759,TRUE
3654,3654,REGISTERED,475 ازحيمان Corners,,Gonçalves,US,Ancona,31137,TRUE
3655,3655,REGISTERED,Cuesta de Victor Manuel Roldan 7 Apt. 50 ,,Sainte Mathilde-les-Bains,YE,Pennsylvania,45671068,TRUE
3656,3656,REGISTERED,Callejón de Tadeo Botella 9 Apt. 80 ,,North ساجدchester,US,Sachsen,628-9239,TRUE
3657,3657,REGISTERED,Mosemannweg 33,,Pontevedra,US,Montana,52409,TRUE
3658,3658,REGISTERED,Praça Lunna Alves,,Hamel,JP,Córdoba,63093,TRUE
3659,3659,REGISTERED,Paseo de Francisco Jose Rosa 28,,Rota Greca,CA,North Dakota,21506,TRUE
3660,3660,REGISTERED,92 Clare Lights,,Ourense,US,Amapá,B8H 3TE,TRUE
3661,3661,REGISTERED,"Studio 59
Edwards Parkway",,Grevenbroich,FR,Thüringen,40450,TRUE
3662,3662,REGISTERED,"Vale das Neves, 8",,da Conceição,GB,Thüringen,10679,TRUE
3663,3663,REGISTERED,"Viale Parini, 5 Appartamento 85",,川崎市多摩区,TR,Brandenburg,14296,TRUE
3664,3664,REGISTERED,Hesergasse 24/63,,Robertsonport,GB,Frosinone,ME31 3BS,TRUE
3665,3665,REGISTERED,Vial Manu Montes 73 Puerta 4 ,,Navarra,TR,Amazonas,78530,TRUE
3666,3666,REGISTERED,Plaza Florentino Alarcón 69 Puerta 5 ,,Shirleyhaven,SE,Hamburg,65200,TRUE
3667,3667,REGISTERED,8066 Burton Canyon Apt. 186,,Castellón,RU,Teruel,10078,TRUE
3668,3668,REGISTERED,Kargeplatz 72/25,,South Carmen,SG,Varese,50865,TRUE
3669,3669,REGISTERED,106 Baker Lodge,,Lleida,SE,Berlin,07036,TRUE
3670,3670,REGISTERED,"Conjunto de Moura, 110",,長生郡長生村,GB,Hamburg,11801,TRUE
3671,3671,REGISTERED,36 Lindsey Stravenue,,我孫子市,TR,Siracusa,E31 3US,TRUE
3672,3672,REGISTERED,rue Alain Louis,,Lake Travismouth,NL,Arizona,61365,TRUE
3673,3673,REGISTERED,"Chácara Léo Mendes, 44",,目黒区,RU,Cádiz,603-9547,TRUE
3674,3674,REGISTERED,Hettnerallee 1,,West Huntertown,NG,Michigan,49252,TRUE
3675,3675,REGISTERED,Dobesweg 84-23,,Daviesville,IT,West Virginia,14042,TRUE
3676,3676,REGISTERED,Antonius-Davids-Ring 57-19,,Danachester,GB,Iowa,39076838,TRUE
3677,3677,REGISTERED,552 Butler Rapid,,شهرانfort,FR,Pernambuco,20124,TRUE
3678,3678,REGISTERED,"Distrito Ravi Lucca Araújo, 40",,Lisaville,US,West Virginia,10556,TRUE
3679,3679,REGISTERED,"Fazenda Rodrigo Borges, 8",,Hannahhaven,RU,North Carolina,12553,TRUE
3680,3680,REGISTERED,chemin Christophe Martel,,da Rocha,FR,New York,98334,TRUE
3681,3681,REGISTERED,93413 Guerra Crescent,,Lake رمزيmouth,US,Madrid,TQ7W 4BP,TRUE
3682,3682,REGISTERED,Hans-Eberhard-Mangold-Ring 353,,Santa Cruz de Tenerife,US,Bremen,54109,TRUE
3683,3683,REGISTERED,284 松本 Street,,Valladolid,NL,Colorado,70367,TRUE
3684,3684,REGISTERED,9563 مهيب Row,,Cliffordville,FR,North Carolina,07100,TRUE
3685,3685,REGISTERED,"94, chemin Fernandez",,御蔵島村,AU,Forlì-Cesena,89043,TRUE
3686,3686,REGISTERED,Schäfergasse 99,,Eggenfelden,US,North Carolina,S59 6TP,TRUE
3687,3687,REGISTERED,"Studio 13i
Jenkins Springs",,Georgefort,CA,Alaska,24598,TRUE
3688,3688,REGISTERED,rue de Alexandre,,Las Palmas,RU,New York,577-8427,TRUE
3689,3689,REGISTERED,924 Barber Estate,,Lentate Sul Seveso,TR,Lucca,88316,TRUE
3690,3690,REGISTERED,88435 رابح Via Apt. 992,,Cianciana,KP,Teramo,70908,TRUE
3691,3691,REGISTERED,"Via Gabriel Camargo, 78",,Eisenberg,BS,New York,10571,TRUE
3692,3692,REGISTERED,174 Kelsey Lights Apt. 855,,Helmstedt,AU,Badajoz,07548,TRUE
3693,3693,REGISTERED,451 藤田 Street,,西多摩郡日の出町,US,Latina,114-6962,TRUE
3694,3694,REGISTERED,447 伊藤 Street,,Sant'Orsola In Passiria,RU,Asturias,L28 4XN,TRUE
3695,3695,REGISTERED,5453 العوالق Manors Apt. 570,,Weber,ZA,Ohio,46683,TRUE
3696,3696,REGISTERED,Alameda Sandra Huerta 22,,Mendès,IT,Paraíba,79346,TRUE
3697,3697,REGISTERED,"760, rue Émilie Perez",,Blondel,CA,Washington,49244,TRUE
3698,3698,REGISTERED,3 Watkins Road,,South Sheilachester,TR,Indiana,18933,TRUE
3699,3699,REGISTERED,"37, rue de Richard",,Port Alison,NL,Piauí,36013,TRUE
3700,3700,REGISTERED,2 Victor Villages,,North Jason,US,Nordrhein-Westfalen,88069,TRUE
3701,3701,REGISTERED,C. Candela Barrera 38,,الخلفاويtown,SE,Baden-Württemberg,93193,TRUE
3702,3702,REGISTERED,7947 كبير Mill Apt. 500,,小金井市,IT,Wisconsin,37520,TRUE
3703,3703,REGISTERED,9495 Richard Street Apt. 434,,Saint JosephBourg,FR,Illinois,86926,TRUE
3704,3704,REGISTERED,63959 Daniel Parkway,,白井市,PA,Murcia,26272,TRUE
3705,3705,REGISTERED,Antje-Haering-Weg 240,,Lake Sophietown,CH,Maine,24129,TRUE
3706,3706,REGISTERED,00735 جلاء Mountains Suite 012,,Jacobnec,CA,Bahia,82063-661,TRUE
3707,3707,REGISTERED,"38, avenue Perez",,Guerra Verde,US,Pavia,884-3270,TRUE
3708,3708,REGISTERED,755 青木 Street,,Nauen,IT,Hawaii,97588-706,TRUE
3709,3709,REGISTERED,"Condomínio Machado, 91",,Ribnitz-Damgarten,GB,Sachsen-Anhalt,65768,TRUE
3710,3710,REGISTERED,"Largo Câmara, 625",,Becker,YE,South Dakota,604-5339,TRUE
3711,3711,REGISTERED,296 鈴木 Street,,Villagrazia Di Carini,NL,Nordrhein-Westfalen,21237,TRUE
3712,3712,REGISTERED,798 Moore Skyway,,Lopes,CA,Bahia,09759,TRUE
3713,3713,REGISTERED,Wolfram-Kobelt-Ring 51-78,,Ebern,IT,Bahia,37012,TRUE
3714,3714,REGISTERED,rue de Jacques,,Angermünde,NG,Viterbo,05463999,TRUE
3715,3715,REGISTERED,Pasadizo Jordana Barros 10,,South Jessica,RU,Aosta,35371,TRUE
3716,3716,REGISTERED,Calle de Herminia Sabater 46 Piso 1 ,,Lleida,TR,Burgos,42574,TRUE
3717,3717,REGISTERED,841 Brooks Neck,,Ávila,JP,Cádiz,60415,TRUE
3718,3718,REGISTERED,Albrecht-Margraf-Gasse 58-81,,Ryanfort,KY,Nordrhein-Westfalen,18417,TRUE
3719,3719,REGISTERED,"Borgo Bulzoni, 3",,ذيبburgh,RU,Santa Catarina,53547-488,TRUE
3720,3720,REGISTERED,Otfried-Patberg-Gasse 31,,Azevedo de Alves,GB,Pennsylvania,90122,TRUE
3721,3721,REGISTERED,"Piazza Ezio, 4",,Montegranaro,PA,Vizcaya,67378,TRUE
3722,3722,REGISTERED,593 Wade Inlet Suite 827,,Fonseca Paulista,GB,Connecticut,29314,TRUE
3723,3723,REGISTERED,Acceso Pedro Ros 75 Piso 5 ,,West صلاح,DE,Cádiz,82329,TRUE
3724,3724,REGISTERED,"Contrada Iannucci, 7",,OlivierVille,FR,Hamburg,23481,TRUE
3725,3725,REGISTERED,Alfredo-Mielcarek-Weg 26,,Lake Tinaport,MM,Thüringen,93876,TRUE
3726,3726,REGISTERED,6299 طقش Brook,,Saint William-les-Bains,US,Bremen,02228,TRUE
3727,3727,REGISTERED,Camino de Manu Rivera 77,,Dupuy,TR,Bayern,41768,TRUE
3728,3728,REGISTERED,636 山田 Street,,Sankt Goarshausen,CA,Sassari,41361,TRUE
3729,3729,REGISTERED,374 Carole Port,,Oschatz,ES,Idaho,W8 0NL,TRUE
3730,3730,REGISTERED,boulevard Thierry Leleu,,Lörrach,NL,Burgos,70337,TRUE
3731,3731,REGISTERED,"Loteamento de Ramos, 97",,Albacete,FR,Oristano,13066,TRUE
3732,3732,REGISTERED,"Studio 08D
Cooper Plain",,横浜市金沢区,NL,Texas,34085,TRUE
3733,3733,REGISTERED,Alameda Dolores Martorell 1,,Lake Courtney,GB,Grosseto,98122,TRUE
3734,3734,REGISTERED,175 Gavin Throughway,,Sampaio,US,Pennsylvania,01765,TRUE
3735,3735,REGISTERED,202 أنمار Fall Apt. 296,,West Jake,SE,Berlin,468-0425,TRUE
3736,3736,REGISTERED,"Rotonda Baresi, 69 Appartamento 67",,Porto das Flores,AU,Rio de Janeiro,68728788,TRUE
3737,3737,REGISTERED,Avenida de María Pilar Riba 6 Apt. 33 ,,Orbetello Scalo,ES,Lecco,685-2790,TRUE
3738,3738,REGISTERED,Urbanización de Marciano Téllez 4,,Ramos,NG,Texas,M63 3EL,TRUE
3739,3739,REGISTERED,"215, avenue De Oliveira",,عبد المجيدside,IR,New Hampshire,YO20 9FU,TRUE
3740,3740,REGISTERED,Heintzeallee 6570,,West Gillianshire,IT,Brandenburg,60928,TRUE
3741,3741,REGISTERED,"3, avenue Evrard",,長生郡長生村,ZA,Maine,17734,TRUE
3742,3742,REGISTERED,Acceso Asdrubal Izaguirre 54,,South Annettemouth,DE,Rondônia,68607,TRUE
3743,3743,REGISTERED,Cañada de Consuela Bejarano 376 Piso 5 ,,富里市,FR,Oklahoma,66359,TRUE
3744,3744,REGISTERED,Mohauptweg 8/1,,Renault,NG,Forlì-Cesena,48443,TRUE
3745,3745,REGISTERED,535 松本 Street,,Waldmünchen,ZA,Zaragoza,37264,TRUE
3746,3746,REGISTERED,"Incrocio Gionata, 38 Piano 8",,Markchester,FR,Colorado,14265,TRUE
3747,3747,REGISTERED,Michaela-Mitschke-Platz 1/1,,Genuri,IR,Almería,E82 8DH,TRUE
3748,3748,REGISTERED,"Viela Beatriz Mendes, 79",,Teruel,US,Ohio,20831,TRUE
3749,3749,REGISTERED,"Morro de Castro, 59",,Owentown,CA,Ohio,48273,TRUE
3750,3750,REGISTERED,Olena-Ruppert-Ring 8-9,,Nicolabury,PA,New Jersey,09477,TRUE
3751,3751,REGISTERED,73712 نعمان Shoals,,Henry-sur-Buisson,AU,Alagoas,27161,TRUE
3752,3752,REGISTERED,Acceso Felicidad Castilla 69,,Azevedo,US,Colorado,08620,TRUE
3753,3753,REGISTERED,642 Austin Forges,,Madrid,ES,Jaén,89592,TRUE
3754,3754,REGISTERED,"Incrocio Metella, 94 Piano 5",,غيداءbury,DE,Louisiana,48367,TRUE
3755,3755,REGISTERED,"Piazza Righi, 950 Appartamento 8",,Barcelona,PA,Berlin,24666,TRUE
3756,3756,REGISTERED,681 村上 Street,,長生郡一宮町,FR,Rondônia,CR6N 8PF,TRUE
3757,3757,REGISTERED,"Studio 72
Chloe Springs",,八街市,US,Espírito Santo,59886-422,TRUE
3758,3758,REGISTERED,"Flat 1
Jennifer Parkways",,Alicante,IT,La Coruña,56313-519,TRUE
3759,3759,REGISTERED,647 伊藤 Street,,Greenwoodland,TR,Ávila,15212,TRUE
3760,3760,REGISTERED,boulevard Delahaye,,Brito,ZA,Monza e della Brianza,SN0 9FD,TRUE
3761,3761,REGISTERED,Cañada de Virginia Valderrama 7,,Araújo da Prata,JP,Perugia,13969,TRUE
3762,3762,REGISTERED,628 جودة Locks,,Ferrand,JP,Rio de Janeiro,45502,TRUE
3763,3763,REGISTERED,Rambla Hortensia Vilalta 37 Apt. 62 ,,Donnastad,NL,New Mexico,18515,TRUE
3764,3764,REGISTERED,"32, rue Joseph Bonnet",,Madrid,JP,Amapá,47940,TRUE
3765,3765,REGISTERED,787 田中 Street,,Lorraineville,GB,Caltanissetta,88257,TRUE
3766,3766,REGISTERED,"Feira Cecília Santos, 9",,Katieview,GB,Verona,09123,TRUE
3767,3767,REGISTERED,Roberto-Steuer-Weg 8,,Álava,DE,Ancona,532-6307,TRUE
3768,3768,REGISTERED,Camino Moreno Roselló 77,,西東京市,ES,Baleares,52582,TRUE
3769,3769,REGISTERED,"Via Sagese, 9 Appartamento 59",,Saarlouis,NL,Espírito Santo,85455-092,TRUE
3770,3770,REGISTERED,57392 Walker Meadow Apt. 922,,الكلغاصيside,IT,Murcia,22037,TRUE
3771,3771,REGISTERED,156 Lee Islands,,Guibert,US,Vermont,SS4H 2ZH,TRUE
3772,3772,REGISTERED,Urbanización Hector Yáñez 570 Apt. 61 ,,Port Carrie,AU,Berlin,76956-447,TRUE
3773,3773,REGISTERED,415 吉田 Street,,Lugo,BS,Connecticut,63853,TRUE
3774,3774,REGISTERED,10 Darren Mountains,,Novacella,FR,Niedersachsen,50249,TRUE
3775,3775,REGISTERED,Ronda de Mateo Bilbao 22 Piso 5 ,,Bouchet,GB,South Carolina,56124,TRUE
3776,3776,REGISTERED,104 Brown Crossroad,,Almería,GB,Torino,61209,TRUE
3777,3777,REGISTERED,"Studio 3
Clive Mount",,Dylanhaven,AU,California,88749,TRUE
3778,3778,REGISTERED,"Flat 5
Williams Islands",,Smithburgh,IT,Saarland,10095503,TRUE
3779,3779,REGISTERED,"Flat 6
Parkes Loaf",,Soria,GB,Sachsen-Anhalt,27435-113,TRUE
3780,3780,REGISTERED,2704 عنس Divide,,Lake Jasonview,US,Baden-Württemberg,73312,TRUE
3781,3781,REGISTERED,590 松本 Street,,Badajoz,RU,Baleares,38087,TRUE
3782,3782,REGISTERED,"Residencial de Castro, 1",,羽村市,GB,Ceuta,178-4635,TRUE
3783,3783,REGISTERED,"Vicolo Ricciotti, 418 Appartamento 5",,Ateleta,SG,Granada,38043,TRUE
3784,3784,REGISTERED,"Borgo Celentano, 78 Appartamento 92",,Boylestad,US,Huesca,65588-679,TRUE
3785,3785,REGISTERED,"135, rue Tanguy",,Greenhaven,CA,Sachsen,77935489,TRUE
3786,3786,REGISTERED,8316 وهبة Village Apt. 230,,Cassiano das Pedras,KY,Bahia,64204,TRUE
3787,3787,REGISTERED,786 Fuentes Falls,,East Savannah,BS,Ciudad,14049,TRUE
3788,3788,REGISTERED,"Via Sraffa, 78",,Pimenta,ES,Bayern,62623,TRUE
3789,3789,REGISTERED,44783 لقاء Skyway Apt. 499,,Howardborough,GB,Maryland,70606,TRUE
3790,3790,REGISTERED,"24, rue de Seguin",,Bernard-sur-Mer,GB,Álava,BH6B 2XZ,TRUE
3791,3791,REGISTERED,Pasquale-Weinhold-Straße 44-32,,East نشأتborough,SG,Goiás,21643,TRUE
3792,3792,REGISTERED,"Flat 17
Sally Run",,Kieranton,GB,Maranhão,NR1V 7XS,TRUE
3793,3793,REGISTERED,"98, avenue de Delmas",,川崎市幸区,PA,Brandenburg,11965,TRUE
3794,3794,REGISTERED,574 المنتفق Bypass,,Huesca,US,Trieste,67724,TRUE
3795,3795,REGISTERED,"Sítio Isaac Nunes, 68",,Puglia,SY,Niedersachsen,92779954,TRUE
3796,3796,REGISTERED,Camino de Lázaro Cifuentes 7,,Mühldorf am Inn,IR,West Virginia,42983,TRUE
3797,3797,REGISTERED,"Studio 3
Mason Fork",,Döbeln,PA,Maranhão,23424,TRUE
3798,3798,REGISTERED,Vial Rosenda Cerezo 44 Puerta 0 ,,Pontevedra,IR,São Paulo,E5A 9UX,TRUE
3799,3799,REGISTERED,Rudolph-Hendriks-Gasse 29/19,,Howardside,PA,Napoli,00048,TRUE
3800,3800,REGISTERED,Ladeira Luísa Ramos,,West Lisa,US,Nordrhein-Westfalen,95619677,TRUE
3801,3801,REGISTERED,Esplanada Jesus,,da Paz,ZA,Cantabria,30387,TRUE
3802,3802,REGISTERED,"Aeroporto Mariah Monteiro, 22",,Maccacari,NG,Saarland,08230,TRUE
3803,3803,REGISTERED,242 前田 Street,,江東区,DE,Sergipe,19522,TRUE
3804,3804,REGISTERED,952 Matthew Cove Suite 094,,Jamesberg,PA,New Mexico,18014,TRUE
3805,3805,REGISTERED,719 山田 Street,,Presicce,US,Ceuta,03926,TRUE
3806,3806,REGISTERED,Ronda de Julieta Santamaría 20,,Mendes,PA,Arizona,LA2M 0GW,TRUE
3807,3807,REGISTERED,"Vicolo Etta, 781",,Kleve,TR,Distrito Federal,03705,TRUE
3808,3808,REGISTERED,8384 Jacobson Burg Apt. 154,,Lake بنفسجside,US,Amazonas,13816,TRUE
3809,3809,REGISTERED,52224 Bush Place Suite 252,,江戸川区,US,Nordrhein-Westfalen,94787,TRUE
3810,3810,REGISTERED,Praça de Oliveira,,Jordanside,NL,Sachsen,23241,TRUE
3811,3811,REGISTERED,43 Luke Stravenue,,Bryanton,GB,Cosenza,E1 8WN,TRUE
3812,3812,REGISTERED,"Colônia Correia, 58",,Gransee,KY,Alabama,42046,TRUE
3813,3813,REGISTERED,"Rotonda Aulenti, 275 Appartamento 71",,Hannover,FR,Jaén,600-1065,TRUE
3814,3814,REGISTERED,"Via Baccio, 51",,Pößneck,KY,Virginia,E69 4QN,TRUE
3815,3815,REGISTERED,68 Watts Pike,,昭島市,SE,Terni,683-7166,TRUE
3816,3816,REGISTERED,"Fazenda Milena Cunha, 63",,Paterno',IR,Missouri,645-9835,TRUE
3817,3817,REGISTERED,"Recanto de Farias, 55",,Lake تاليا,GB,Córdoba,76526,TRUE
3818,3818,REGISTERED,"Flat 42J
Abigail Lodge",,North Sandra,AU,Alicante,70694,TRUE
3819,3819,REGISTERED,Metzgasse 6-1,,Salamanca,FR,North Dakota,61038,TRUE
3820,3820,REGISTERED,61925 Sherry Courts,,Guerra Paulista,JP,Brandenburg,133-4527,TRUE
3821,3821,REGISTERED,"925, avenue de Neveu",,West Aaronmouth,GB,Roraima,97131747,TRUE
3822,3822,REGISTERED,"99, boulevard Andrée Pasquier",,Zamora,JP,Sachsen,87764,TRUE
3823,3823,REGISTERED,Ronda de Fidel Díez 28 Puerta 3 ,,Fogaça do Sul,DE,Tarragona,08130,TRUE
3824,3824,REGISTERED,3735 مشاري Forks,,Ceuta,RU,Reggio Emilia,56030,TRUE
3825,3825,REGISTERED,Avenida de Sandra Dominguez 550 Apt. 61 ,,West منسيville,ES,North Dakota,126-5878,TRUE
3826,3826,REGISTERED,Paseo de Esteban Cuenca 8,,Coxville,ZA,Bayern,66034,TRUE
3827,3827,REGISTERED,Camino de Luis Ángel Barros 79 Piso 6 ,,Melo,TR,Fermo,79768-143,TRUE
3828,3828,REGISTERED,118 佐藤 Street,,Herford,FR,Wyoming,65358,TRUE
3829,3829,REGISTERED,"Canale Mirco, 7 Appartamento 43",,Lake Seanville,US,Kansas,75183,TRUE
3830,3830,REGISTERED,9969 Chaney Vista Suite 420,,足立区,CH,Saarland,W61 8SJ,TRUE
3831,3831,REGISTERED,962 斉藤 Street,,Londa,CA,Saarland,17054,TRUE
3832,3832,REGISTERED,"Área de Alves, 45",,Navarra,NL,South Carolina,37131,TRUE
3833,3833,REGISTERED,Willibald-Bolander-Weg 1,,長生郡白子町,NG,Rimini,099-5688,TRUE
3834,3834,REGISTERED,703 رازي Pine Apt. 309,,Jayland,JP,Indiana,87520,TRUE
3835,3835,REGISTERED,"Via Liguori, 91",,羽村市,FR,Minas Gerais,23406,TRUE
3836,3836,REGISTERED,159 高橋 Street,,Daniel-la-Forêt,US,Distrito Federal,81058,TRUE
3837,3837,REGISTERED,2070 Sheena Brooks Suite 483,,Port Heidi,GB,Burgos,20493,TRUE
3838,3838,REGISTERED,43127 جرهم Shoal,,Guerra dos Dourados,NG,Pennsylvania,56806,TRUE
3839,3839,REGISTERED,Alameda de Lilia Sola 265 Piso 9 ,,Valladolid,CA,Colorado,35097,TRUE
3840,3840,REGISTERED,663 علاء الدّين Avenue Apt. 785,,مُتوكّلbury,NL,Huesca,14828,TRUE
3841,3841,REGISTERED,205 Dixon Lake,,Cáceres,TR,Cádiz,85012,TRUE
3842,3842,REGISTERED,877 Parker Run,,Debraville,GB,Alicante,45991,TRUE
3843,3843,REGISTERED,20414 الدقاق Brooks,,Grimma,FR,Utah,24361-696,TRUE
3844,3844,REGISTERED,Svetlana-Franke-Gasse 3017,,Imbert-sur-Mer,IR,Ceuta,42279,TRUE
3845,3845,REGISTERED,7 Beth Circle,,Judithview,JP,Pennsylvania,CH3 9WJ,TRUE
3846,3846,REGISTERED,"796, boulevard Coulon",,Piazza Del Galdo,FR,Idaho,12087,TRUE
3847,3847,REGISTERED,831 أنمار Extension,,Melilla,RU,Ávila,S7 5GN,TRUE
3848,3848,REGISTERED,Rambla de Loida Escalona 3,,Berchtesgaden,IR,Mecklenburg-Vorpommern,35927,TRUE
3849,3849,REGISTERED,Warmerstr. 3-8,,Silveira,FR,Udine,39724,TRUE
3850,3850,REGISTERED,53226 طسم Oval,,川崎市多摩区,JP,Pisa,911-4248,TRUE
3851,3851,REGISTERED,Vila Lima,,بيرقدارstad,IR,South Carolina,GY19 1NB,TRUE
3852,3852,REGISTERED,532 佐藤 Street,,Clémentboeuf,ES,Huesca,315-6960,TRUE
3853,3853,REGISTERED,"Residencial Abreu, 49",,Marquezberg,JP,New Jersey,42096,TRUE
3854,3854,REGISTERED,333 Williams Pine,,Bad Brückenau,US,Illinois,57972,TRUE
3855,3855,REGISTERED,13708 Travis Tunnel,,New جواهرtown,NG,Delaware,10909,TRUE
3856,3856,REGISTERED,"Vereda Ana Laura Moura, 51",,Silveira do Galho,ES,Florida,65117,TRUE
3857,3857,REGISTERED,Dobesstraße 6643,,Duncanchester,GB,Oregon,11520,TRUE
3858,3858,REGISTERED,2584 منيع Island Apt. 491,,Morrisland,ZA,Rio Grande do Sul,67630,TRUE
3859,3859,REGISTERED,87376 Sarah Branch,,Mellrichstadt,TR,Trieste,22074,TRUE
3860,3860,REGISTERED,8320 Stephanie Light,,Cavalcanti das Pedras,DE,Alagoas,161-0069,TRUE
3861,3861,REGISTERED,Sorgatzweg 434,,New Kimberlybury,PA,Florida,06472,TRUE
3862,3862,REGISTERED,"Canale Nanni, 171 Piano 0",,横浜市旭区,ES,Hawaii,93302,TRUE
3863,3863,REGISTERED,788 山本 Street,,Cuenca,RU,Ceuta,34370,TRUE
3864,3864,REGISTERED,"Borgo Federigo, 45",,Robin,CA,Santa Catarina,PH9V 3XP,TRUE
3865,3865,REGISTERED,173 高橋 Street,,三鷹市,SE,Washington,84076,TRUE
3866,3866,REGISTERED,580 هوازن Center,,Boulay,KY,Thüringen,N0 8ZT,TRUE
3867,3867,REGISTERED,540 田中 Street,,San Giorgio La Molara,IT,Hawaii,64568,TRUE
3868,3868,REGISTERED,507 Morris Canyon,,Colinside,ES,Lecco,69630,TRUE
3869,3869,REGISTERED,84 Jeffrey Way,,浦安市,PA,Niedersachsen,86149,TRUE
3870,3870,REGISTERED,"Stretto Mercedes, 0",,Leão,IR,Grosseto,94696,TRUE
3871,3871,REGISTERED,92343 سموم Shoals Apt. 907,,Ridotti,KY,Utah,61609,TRUE
3872,3872,REGISTERED,Hofmannplatz 53/20,,الحلاقville,NL,Sondrio,23167,TRUE
3873,3873,REGISTERED,Schülerstr. 7,,Corticella,SG,Bremen,212-3003,TRUE
3874,3874,REGISTERED,"Rotonda Romolo, 826",,Lasa,MM,Cremona,24309,TRUE
3875,3875,REGISTERED,"Studio 8
Morris Prairie",,Pascal-sur-Mer,CH,Campobasso,895-6108,TRUE
3876,3876,REGISTERED,Via de Cristian Querol 797,,North عاصم,DE,Santa Cruz de Tenerife,12035,TRUE
3877,3877,REGISTERED,Callejón Samanta Cuevas 7,,Budoni,IT,Santa Cruz de Tenerife,76725,TRUE
3878,3878,REGISTERED,"Via Lorenzo Pastor, 32",,McLeanton,FR,South Carolina,16690,TRUE
3879,3879,REGISTERED,Wolf-Dieter-Nohlmans-Platz 4/1,,Klein,IT,Cantabria,55437-069,TRUE
3880,3880,REGISTERED,58566 Heath Brook,,Dias,ES,Alessandria,09077,TRUE
3881,3881,REGISTERED,5280 طرابلسي Gateway,,Valencia,IT,Baden-Württemberg,62608,TRUE
3882,3882,REGISTERED,68261 Young Rest Apt. 227,,Marques de Duarte,FR,Teramo,49743,TRUE
3883,3883,REGISTERED,3355 Kelley Branch,,Verdier-la-Forêt,PA,Oregon,S10 5LX,TRUE
3884,3884,REGISTERED,"Contrada Damiano, 67 Piano 3",,East Andrew,ZA,Brandenburg,43016,TRUE
3885,3885,REGISTERED,05917 Thompson Ridges Suite 879,,横浜市泉区,GB,Huesca,39240,TRUE
3886,3886,REGISTERED,032 鈴木 Street,,板橋区,US,Rio Grande do Sul,918-6319,TRUE
3887,3887,REGISTERED,Calle de Reinaldo González 73 Apt. 48 ,,Schluderns,NL,Enna,22075,TRUE
3888,3888,REGISTERED,"Trecho Diego Caldeira, 65",,Cardoso de Minas,US,Bayern,00752,TRUE
3889,3889,REGISTERED,Lachmannring 953,,横浜市栄区,YE,Illinois,54583,TRUE
3890,3890,REGISTERED,"Quadra de Oliveira, 6",,Moura do Galho,ES,Rheinland-Pfalz,51827,TRUE
3891,3891,REGISTERED,Pasaje Clementina Pinedo 88,,Cavalcante,US,New Mexico,32321678,TRUE
3892,3892,REGISTERED,"Contrada Ricciardi, 7",,Stadtsteinach,GB,Lecce,23828,TRUE
3893,3893,REGISTERED,"647, chemin de Techer",,Millerside,FR,Barcelona,21027,TRUE
3894,3894,REGISTERED,Urbanización Cecilia Osorio 531 Puerta 4 ,,Cookton,NG,Kentucky,52053,TRUE
3895,3895,REGISTERED,715 هوازن Place Suite 481,,Hechingen,JP,Rhode Island,02820,TRUE
3896,3896,REGISTERED,42990 مُتيّم Falls,,Duval,CA,Berlin,DG9W 5FS,TRUE
3897,3897,REGISTERED,Wiebke-Werner-Platz 825,,Trigolo,RU,Georgia,WV9 8JX,TRUE
3898,3898,REGISTERED,"4, rue de Lemoine",,Mittweida,FR,Zamora,20883,TRUE
3899,3899,REGISTERED,"73, avenue Guillaume Marty",,Pastor de Goiás,SY,Bremen,74022,TRUE
3900,3900,REGISTERED,Camino de Anunciación Guzman 849 Apt. 02 ,,Aramengo,GB,Imperia,13354927,TRUE
3901,3901,REGISTERED,4 Duncan Keys,,Barbosa da Serra,RU,Terni,80014,TRUE
3902,3902,REGISTERED,Olga-Neuschäfer-Platz 815,,Clarkechester,MM,Roraima,30904,TRUE
3903,3903,REGISTERED,6652 Jack Locks,,Wrightfort,NL,Bergamo,91304,TRUE
3904,3904,REGISTERED,"61, rue de Georges",,Azevedo de Nascimento,US,Colorado,757-4470,TRUE
3905,3905,REGISTERED,Rochus-Döring-Platz 1655,,Azevedo das Pedras,US,Maine,49250,TRUE
3906,3906,REGISTERED,"Viale Contrafatto, 77",,Dieburg,RU,California,09366,TRUE
3907,3907,REGISTERED,"533, rue Manon Bonneau",,New Jayne,ES,São Paulo,SG9P 8DG,TRUE
3908,3908,REGISTERED,"5, boulevard Lucas",,New Sarahhaven,ZA,Maine,674-6336,TRUE
3909,3909,REGISTERED,2 Warner Terrace,,Verrua Savoia,CH,Michigan,64524,TRUE
3910,3910,REGISTERED,Häringallee 2/4,,Patelton,IT,Pescara,18178895,TRUE
3911,3911,REGISTERED,Glorieta de Josep Zabala 436 Apt. 34 ,,Navarra,PA,Soria,71739,TRUE
3912,3912,REGISTERED,068 Leah Row,,Carolineburgh,US,South Dakota,10670,TRUE
3913,3913,REGISTERED,Alameda Carmelo Rocamora 54,,大網白里市,SY,Thüringen,84350-912,TRUE
3914,3914,REGISTERED,83 Jessica Village,,South Keith,US,Nebraska,553-5760,TRUE
3915,3915,REGISTERED,567 遠藤 Street,,Wunsiedel,NL,Paraná,80701,TRUE
3916,3916,REGISTERED,"Flat 00F
Baker Underpass",,Port Jamesville,GB,Madrid,38375-829,TRUE
3917,3917,REGISTERED,"6, boulevard Ribeiro",,Trito,US,Siena,736-6120,TRUE
3918,3918,REGISTERED,Uwe-Sontag-Ring 80,,Albacete,US,Asturias,B4J 8PU,TRUE
3919,3919,REGISTERED,53000 Kathy Courts Suite 522,,Ávila,GB,Cádiz,10051,TRUE
3920,3920,REGISTERED,468 Curtis Hollow Suite 804,,夷隅郡大多喜町,IT,Maine,S1H 2RF,TRUE
3921,3921,REGISTERED,"Flat 7
Colin Avenue",,Bad Langensalza,ZA,Rondônia,NE5 1TE,TRUE
3922,3922,REGISTERED,69 Jonathan Pines,,Cassiano,US,Illinois,16986,TRUE
3923,3923,REGISTERED,Stadelmannstr. 54,,Jeremyview,CA,Tocantins,95981,TRUE
3924,3924,REGISTERED,Acceso de Onofre Mateu 6,,New Kyle,DE,Brandenburg,73018,TRUE
3925,3925,REGISTERED,"Vale Anna Liz Vargas, 62",,Plauen,ZA,Amapá,10615,TRUE
3926,3926,REGISTERED,"Viaduto de Freitas, 9",,Lugo,US,Texas,77074817,TRUE
3927,3927,REGISTERED,"Avenida Samuel Costela, 10",,Oranienburg,US,Montana,99734,TRUE
3928,3928,REGISTERED,Urbanización Amancio Pinedo 766 Piso 2 ,,Huelva,GB,Tennessee,22025,TRUE
3929,3929,REGISTERED,"Avenida Garcia, 36",,Ferreira Paulista,FR,Mato Grosso do Sul,76842,TRUE
3930,3930,REGISTERED,"Flat 63
Wendy Mountain",,شهيرborough,NG,Cantabria,40380104,TRUE
3931,3931,REGISTERED,"Praça Correia, 62",,Stevensontown,FR,Cádiz,32206,TRUE
3932,3932,REGISTERED,343 Walsh Light,,Monteiro da Serra,DE,Paraíba,83682,TRUE
3933,3933,REGISTERED,"Contrada Fischetti, 39 Appartamento 0",,South Andrew,FR,Tennessee,73021,TRUE
3934,3934,REGISTERED,"Studio 29g
Mohammad Circles",,East Maria,US,Iowa,09099,TRUE
3935,3935,REGISTERED,"59, avenue de Roy",,川崎市中原区,CH,Hessen,55430,TRUE
3936,3936,REGISTERED,Gorlitzring 9/8,,Höxter,BS,Nordrhein-Westfalen,82768621,TRUE
3937,3937,REGISTERED,"Lago Duarte, 21",,Badoberan,US,Paraná,29891850,TRUE
3938,3938,REGISTERED,rue de Guilbert,,Ercolano,NL,Rio Grande do Sul,71219,TRUE
3939,3939,REGISTERED,"36, rue Martinez",,Faivreboeuf,FR,Espírito Santo,65516443,TRUE
3940,3940,REGISTERED,"Feira Cavalcanti, 33",,South Jack,IT,Navarra,39952,TRUE
3941,3941,REGISTERED,82434 Matthew Courts,,新宿区,JP,Nordrhein-Westfalen,23996,TRUE
3942,3942,REGISTERED,"Flat 3
White Branch",,Joshuachester,ES,Berlin,781-1954,TRUE
3943,3943,REGISTERED,"12, rue Aurore Guillot",,محمّدchester,DE,Medio Campidano,35830,TRUE
3944,3944,REGISTERED,117 池田 Street,,Meganchester,ZA,Rheinland-Pfalz,21034,TRUE
3945,3945,REGISTERED,Avenida Pascual Abascal 2,,New تمّامstad,JP,Arkansas,23785443,TRUE
3946,3946,REGISTERED,Niemeierring 430,,New Sallyberg,DE,Sachsen,19803,TRUE
3947,3947,REGISTERED,"Studio 70t
Jacob Junction",,Vargas,FR,Hawaii,E62 1SY,TRUE
3948,3948,REGISTERED,"Parque Silva, 5",,台東区,US,Bremen,90269,TRUE
3949,3949,REGISTERED,85759 Ward Mills,,山武郡横芝光町,ZA,Navarra,460-8997,TRUE
3950,3950,REGISTERED,"Studio 43M
Connor Isle",,New مُرضيport,GB,Nevada,DH4N 0HD,TRUE
3951,3951,REGISTERED,338 西村 Street,,Campagnola Emilia,FR,Sergipe,10131,TRUE
3952,3952,REGISTERED,"Rotonda Lara, 70 Appartamento 3",,中央区,IR,Baden-Württemberg,48437-579,TRUE
3953,3953,REGISTERED,77480 Angela Roads,,Port فوّاز,JP,Alabama,94854,TRUE
3954,3954,REGISTERED,Ronda de Isaac Bayón 67,,La Coruña,US,Texas,W6 2ET,TRUE
3955,3955,REGISTERED,C. Martín Torrents 1 Piso 1 ,,Erbisdorf,GB,California,50439-491,TRUE
3956,3956,REGISTERED,690 吉田 Street,,Groß-Gerau,RU,Teramo,S0 2RF,TRUE
3957,3957,REGISTERED,"Borgo Canova, 12",,North رضوان,BS,California,87416,TRUE
3958,3958,REGISTERED,203 三浦 Street,,ColasVille,US,Sachsen,92999,TRUE
3959,3959,REGISTERED,Lago Aurora Guerra,,Hardy-sur-Mer,US,Foggia,236-5987,TRUE
3960,3960,REGISTERED,400 山田 Street,,Wrightfurt,NG,Louisiana,98592,TRUE
3961,3961,REGISTERED,"Estação Emilly Carvalho, 220",,South شافع,NL,Baden-Württemberg,17957425,TRUE
3962,3962,REGISTERED,Juri-Tschentscher-Platz 5/6,,Boccia Al Mauro,US,Medio Campidano,35129,TRUE
3963,3963,REGISTERED,"1, rue Poulain",,Baleares,US,Granada,09480,TRUE
3964,3964,REGISTERED,7927 James Plains Suite 490,,Albuquerque da Prata,CH,Almería,36633,TRUE
3965,3965,REGISTERED,"55, chemin Pénélope Dupré",,Moura do Galho,ES,Sachsen,82687768,TRUE
3966,3966,REGISTERED,465 Hawkins Hollow,,Pires,IT,Baleares,97735-668,TRUE
3967,3967,REGISTERED,64101 Nichols Trace Suite 499,,Sainte Élodie-sur-Mer,IT,Georgia,E4G 6RT,TRUE
3968,3968,REGISTERED,"Praça Sabrina Melo, 65",,江戸川区,RU,West Virginia,32480,TRUE
3969,3969,REGISTERED,Pasadizo Gloria Cabello 113 Apt. 55 ,,Cuenca,PA,Isernia,28226,TRUE
3970,3970,REGISTERED,"63, rue Arthur Lagarde",,Valbona,PA,Cáceres,99650324,TRUE
3971,3971,REGISTERED,"63, chemin de Lucas",,Amberg,RU,West Virginia,19397,TRUE
3972,3972,REGISTERED,"Piazza Napoleone, 918 Appartamento 6",,Haldensleben,AU,Rio de Janeiro,24017,TRUE
3973,3973,REGISTERED,Hettnerplatz 9,,عبد الواحدport,PA,Valladolid,E56 9EH,TRUE
3974,3974,REGISTERED,Cengiz-Kohl-Gasse 79-99,,Lake Ernest,TR,Sachsen,69329,TRUE
3975,3975,REGISTERED,356 田中 Street,,Dupré,GB,Florida,15886190,TRUE
3976,3976,REGISTERED,720 渡辺 Street,,Christinaberg,RU,Sachsen,SA11 3TR,TRUE
3977,3977,REGISTERED,Reuterring 85/21,,Pires de Correia,ZA,Guipúzcoa,KY63 9LT,TRUE
3978,3978,REGISTERED,"Vicolo Gianmarco, 8 Piano 4",,Clinebury,JP,Illinois,562-5334,TRUE
3979,3979,REGISTERED,835 ريف Keys,,Cazzago,CA,Alaska,86296,TRUE
3980,3980,REGISTERED,Hartmanngasse 15,,Royer,YE,Maryland,77845,TRUE
3981,3981,REGISTERED,"Via Fagiani, 40",,da Mota,JP,Granada,62997,TRUE
3982,3982,REGISTERED,"Via Pizzo, 8 Piano 3",,Deschampsdan,US,Pescara,BN3 3DY,TRUE
3983,3983,REGISTERED,"Passarela de da Rosa, 51",,Marthachester,RU,Maine,10064,TRUE
3984,3984,REGISTERED,"Via Michela, 28 Piano 1",,Moulin,SY,Saarland,273-9816,TRUE
3985,3985,REGISTERED,"Rotonda Maurilio, 44",,South Elizabethchester,RU,Zamora,87010,TRUE
3986,3986,REGISTERED,34483 Taylor Views Suite 724,,Ansbach,US,New Jersey,N94 8SD,TRUE
3987,3987,REGISTERED,"Via Montalti, 32 Piano 1",,御蔵島村,SE,Sergipe,96390-676,TRUE
3988,3988,REGISTERED,"Flat 12p
White Curve",,長生郡長生村,US,Oklahoma,95813,TRUE
3989,3989,REGISTERED,14715 لوليا Tunnel Suite 609,,North Ianfort,IT,Ohio,52041,TRUE
3990,3990,REGISTERED,873 村上 Street,,BarbeVille,ZA,Delaware,112-9060,TRUE
3991,3991,REGISTERED,chemin Danielle Munoz,,Lake رابحview,CA,Sachsen,41059,TRUE
3992,3992,REGISTERED,Passarela Viana,,横浜市港北区,FR,Alabama,09893,TRUE
3993,3993,REGISTERED,8314 يعقوب Estate,,Edwardsborough,TR,Huelva,63243,TRUE
3994,3994,REGISTERED,"2, avenue Louis Poirier",,Cuenca,US,Vermont,58515,TRUE
3995,3995,REGISTERED,van der Dussenring 9751,,Cretone,NL,Monza e della Brianza,41728-895,TRUE
3996,3996,REGISTERED,Rambla de Cesar Bru 653 Piso 8 ,,North Christy,SE,Bahia,75844,TRUE
3997,3997,REGISTERED,556 藤井 Street,,Jesus de Cavalcanti,GB,Maine,409-1631,TRUE
3998,3998,REGISTERED,4951 سرحان Underpass,,Peglio,CA,Louisiana,63463998,TRUE
3999,3999,REGISTERED,0496 Anna Crossroad,,زهرانmouth,GB,Santa Catarina,60165,TRUE
4000,4000,REGISTERED,Ronda de Fabiola Olmedo 23 Apt. 91 ,,Pirmasens,ZA,Bremen,73915,TRUE
4001,4001,REGISTERED,416 Rowland Burg,,فيّاضstad,US,New Jersey,49547,TRUE
4002,4002,REGISTERED,104 前田 Street,,Huntchester,GB,Sevilla,25041,TRUE
4003,4003,REGISTERED,519 田中 Street,,稲城市,IT,Hessen,45917,TRUE
4004,4004,REGISTERED,"Incrocio Caterina, 42",,Faurenec,SE,North Dakota,42420,TRUE
4005,4005,REGISTERED,1735 نجم Dale,,South Amy,KP,Oregon,870-8871,TRUE
4006,4006,REGISTERED,"Studio 7
Ahmed Green",,ابو عيدland,US,Alaska,970-3327,TRUE
4007,4007,REGISTERED,Acceso de Esmeralda Martin 6 Apt. 23 ,,East Luis,KY,Asturias,GU5N 3HY,TRUE
4008,4008,REGISTERED,Trecho de Barros,,North Brenda,RU,Espírito Santo,71000,TRUE
4009,4009,REGISTERED,Alameda de Amelia Paniagua 50 Puerta 0 ,,Davidport,RU,New Mexico,14044,TRUE
4010,4010,REGISTERED,"Studio 84
Stephenson Estate",,Araújo do Norte,MM,Bayern,357-3216,TRUE
4011,4011,REGISTERED,Acceso de Pepe Ponce 28 Piso 6 ,,Baileyside,TR,Castellón,40068,TRUE
4012,4012,REGISTERED,"Studio 76
Berry Views",,香取郡東庄町,NG,Sachsen,W0B 5LD,TRUE
4013,4013,REGISTERED,Jacobi Jäckelring 60/97,,Port مسلم,US,Baden-Württemberg,42095,TRUE
4014,4014,REGISTERED,Acceso de Angelino Bonilla 31 Piso 7 ,,Guilbertboeuf,ES,Biella,37636,TRUE
4015,4015,REGISTERED,8066 Austin Plaza Apt. 980,,علّامville,SE,Castellón,00765-834,TRUE
4016,4016,REGISTERED,Alameda Georgina Malo 6,,Patriciahaven,CA,Roraima,DE4 8NN,TRUE
4017,4017,REGISTERED,Börnerring 887,,Jaén,FR,Pennsylvania,19595,TRUE
4018,4018,REGISTERED,643 بتروني Port Apt. 849,,Las Palmas,IT,Roraima,69738,TRUE
4019,4019,REGISTERED,"Stretto Guarneri, 425",,Orio Litta,IT,Delaware,21583,TRUE
4020,4020,REGISTERED,357 الكبابيش Hill,,الدواسرstad,JP,Nevada,BS48 9UB,TRUE
4021,4021,REGISTERED,59 Iain Roads,,عصامhaven,US,Pesaro e Urbino,15044,TRUE
4022,4022,REGISTERED,C. Cándida Araujo 122 Apt. 37 ,,Lake Tara,US,Pesaro e Urbino,95125,TRUE
4023,4023,REGISTERED,"Studio 9
Alexandra Rapid",,Ciudad,RU,La Coruña,90213,TRUE
4024,4024,REGISTERED,079 斉藤 Street,,Peltier,US,Venezia,95949,TRUE
4025,4025,REGISTERED,41862 حرب Corners Suite 864,,Saint Zoé,US,Barcelona,27306,TRUE
4026,4026,REGISTERED,Metzplatz 5,,Bersenbrück,ES,Rondônia,48331,TRUE
4027,4027,REGISTERED,Cañada de Guillermo Catalá 37,,Lleida,JP,Goiás,26144,TRUE
4028,4028,REGISTERED,"Área Caio Rios, 36",,Salamanca,SY,Pennsylvania,79391-272,TRUE
4029,4029,REGISTERED,61 Debra Crossroad,,Macchia Albanese,DE,Georgia,WR6W 6TJ,TRUE
4030,4030,REGISTERED,82534 Grant Port Suite 797,,South تقيّ الدّين,US,Rheinland-Pfalz,011-0348,TRUE
4031,4031,REGISTERED,"Flat 6
Nicholson Forges",,GuilbertVille,GB,Almería,37675,TRUE
4032,4032,REGISTERED,789 Wheeler Parkway,,العفيفيland,NL,Mississippi,79090596,TRUE
4033,4033,REGISTERED,Paseo de Esperanza Bermúdez 70 Piso 5 ,,Fontanella Ozino,NG,Nordrhein-Westfalen,80056400,TRUE
4034,4034,REGISTERED,Glorieta Azeneth Iñiguez 85 Puerta 9 ,,江東区,AU,Missouri,61539,TRUE
4035,4035,REGISTERED,Ronda Herminia Ledesma 46 Puerta 6 ,,بيروتيville,CA,Siena,64212,TRUE
4036,4036,REGISTERED,Mendeweg 729,,Brignola,DE,Melilla,42123,TRUE
4037,4037,REGISTERED,Avenida de Mateo Anglada 936 Piso 3 ,,Castro,GB,Amazonas,YO49 5AG,TRUE
4038,4038,REGISTERED,9206 Marcus Rest Apt. 148,,North Teresaview,NG,Indiana,53189,TRUE
4039,4039,REGISTERED,142 السادة Lakes,,Royer,NG,Nordrhein-Westfalen,56926987,TRUE
4040,4040,REGISTERED,"45, avenue Yves Joubert",,Schwandorf,GB,Pernambuco,43512,TRUE
4041,4041,REGISTERED,Stolzegasse 8504,,Melilla,IT,North Carolina,E3 4EE,TRUE
4042,4042,REGISTERED,62063 حاشد Trafficway Apt. 861,,South Tinaport,ES,Alabama,WA6 4BG,TRUE
4043,4043,REGISTERED,Urbanización Glauco Bellido 5 Puerta 3 ,,Fulda,AU,Chieti,33076,TRUE
4044,4044,REGISTERED,"Aeroporto Costela, 961",,Wolmirstedt,CH,Messina,RM1 0QS,TRUE
4045,4045,REGISTERED,"Viela de da Cunha, 8",,東村山市,SG,Nebraska,23013,TRUE
4046,4046,REGISTERED,"Flat 17w
Lawrence Via",,Williamsside,GB,Messina,76323,TRUE
4047,4047,REGISTERED,Rita-Stoll-Ring 7/1,,Cavour,RU,Sachsen-Anhalt,80857,TRUE
4048,4048,REGISTERED,599 Kevin Hills,,حربmouth,SE,Illinois,48619,TRUE
4049,4049,REGISTERED,"Studio 19
Gilbert Groves",,あきる野市,SE,Verbano-Cusio-Ossola,B11 8EL,TRUE
4050,4050,REGISTERED,"77, boulevard Roger",,Rosasco,NG,Ravenna,CH06 5DH,TRUE
4051,4051,REGISTERED,"430, chemin Martin Alves",,Santa Lucia Di Roseto Degli Abruzzi,NG,León,64024,TRUE
4052,4052,REGISTERED,157 Ryan Ford,,North Marissaton,BS,Alagoas,42508-051,TRUE
4053,4053,REGISTERED,"Canale Temistocle, 2",,Main-Höchst,NG,Macerata,61453,TRUE
4054,4054,REGISTERED,"Via Alberto, 93",,Gallet,AU,Rondônia,11604,TRUE
4055,4055,REGISTERED,Pohlstraße 8,,South Steven,IT,Arizona,02357,TRUE
4056,4056,REGISTERED,Calle Cosme Durán 681,,East يوسفshire,DE,Louisiana,56281,TRUE
4057,4057,REGISTERED,Kreuselstraße 63/28,,New Alexander,GB,Nevada,03718,TRUE
4058,4058,REGISTERED,032 ماهر Dam Apt. 597,,Gemini,JP,Illinois,19534,TRUE
4059,4059,REGISTERED,104 زحلاوي Centers Suite 466,,Borges,ZA,Amazonas,S22 4QF,TRUE
4060,4060,REGISTERED,016 Kevin Villages Apt. 611,,مشرقville,US,Asti,62010,TRUE
4061,4061,REGISTERED,Rua Melina da Paz,,Auerbach,GB,La Spezia,47025,TRUE
4062,4062,REGISTERED,"Studio 1
King Circles",,Granada,DE,Vizcaya,21233662,TRUE
4063,4063,REGISTERED,482 松本 Street,,Jeffreyville,US,Pará,66126,TRUE
4064,4064,REGISTERED,"Canale Silvio, 714",,Andreaport,GB,Brandenburg,442-1733,TRUE
4065,4065,REGISTERED,061 佐藤 Street,,千代田区,CA,Bayern,862-1243,TRUE
4066,4066,REGISTERED,34187 ابو الحاج Well,,Huelva,US,Maryland,16204,TRUE
4067,4067,REGISTERED,122 青木 Street,,Pontevedra,GB,Goiás,17432,TRUE
4068,4068,REGISTERED,"Incrocio Storladi, 44 Appartamento 57",,San Valentino Torio,ES,Vizcaya,E23 0ZX,TRUE
4069,4069,REGISTERED,"Avenida Pereira, 73",,Lake Joshfort,FR,Pennsylvania,46014,TRUE
4070,4070,REGISTERED,01312 Brown Flats Suite 431,,Brandenburg,DE,Vicenza,56196,TRUE
4071,4071,REGISTERED,Via Eulalia Meléndez 17,,Córdoba,KP,Maryland,04006,TRUE
4072,4072,REGISTERED,"Incrocio Domenico, 470",,Nealstad,PA,Carbonia-Iglesias,67664,TRUE
4073,4073,REGISTERED,Carmelo-Fritsch-Ring 177,,Port Cindy,ZA,Colorado,686-2523,TRUE
4074,4074,REGISTERED,"Lagoa de Pacheco, 52",,Hettstedt,YE,Paraíba,65408,TRUE
4075,4075,REGISTERED,Glorieta Germán Bernad 90,,Kamenz,BS,Trento,11262,TRUE
4076,4076,REGISTERED,Ana-Patberg-Gasse 59-26,,Pritzwalk,RU,Maine,58297,TRUE
4077,4077,REGISTERED,78722 Lopez Rapids,,باهلةstad,MM,Pennsylvania,47379-149,TRUE
4078,4078,REGISTERED,"51, rue de Valentin",,New Stacyville,GB,Gorizia,04553-530,TRUE
4079,4079,REGISTERED,"Borgo Caterina, 88",,Trevorburgh,US,Alagoas,09607,TRUE
4080,4080,REGISTERED,"68, boulevard de Chartier",,New Robertland,IT,Asturias,297-5336,TRUE
4081,4081,REGISTERED,"52, rue Rémy Dubois",,Lake Patrickshire,GB,Sachsen-Anhalt,89939,TRUE
4082,4082,REGISTERED,"Recanto Aragão, 86",,Cavalcante das Pedras,SE,Melilla,48703488,TRUE
4083,4083,REGISTERED,"Vereda de da Conceição, 87",,横浜市栄区,US,Tarragona,72735-107,TRUE
4084,4084,REGISTERED,Rambla de Purificación Carrera 91 Apt. 68 ,,Falcade,FR,Niedersachsen,86916,TRUE
4085,4085,REGISTERED,"84, rue Legendre",,Sainte Adrienne-sur-Mer,FR,South Dakota,83163,TRUE
4086,4086,REGISTERED,"Vicolo Tartini, 0",,Badajoz,RU,Kentucky,12282,TRUE
4087,4087,REGISTERED,Urbanización de Sol Cabezas 80 Piso 0 ,,New طاهرchester,GB,Oregon,39050,TRUE
4088,4088,REGISTERED,86453 Crystal Corner Apt. 628,,تغلب بن وائلbury,AU,Hamburg,67849-192,TRUE
4089,4089,REGISTERED,114 عنز بن وائل Garden,,نعيمborough,SG,Hawaii,625-3545,TRUE
4090,4090,REGISTERED,974 Rocha Parkways Apt. 220,,East Kellytown,CA,Nordrhein-Westfalen,13176,TRUE
4091,4091,REGISTERED,"Via Paulo Montenegro, 65",,Sandersburgh,BS,Louisiana,18961,TRUE
4092,4092,REGISTERED,Atzlerstr. 7,,Toledo,FR,Vercelli,18697,TRUE
4093,4093,REGISTERED,74067 Reese Pine Suite 364,,Katieville,CA,Rio Grande do Norte,92617,TRUE
4094,4094,REGISTERED,792 高橋 Street,,Rémy,FR,Illinois,20802,TRUE
4095,4095,REGISTERED,"Vicolo Saracino, 22",,North Glenn,PA,Virginia,26376,TRUE
4096,4096,REGISTERED,0 Hall View,,Lopes dos Dourados,TR,Wyoming,23691,TRUE
4097,4097,REGISTERED,Reinhardtplatz 2,,Pacheco Grande,US,Ciudad,52150,TRUE
4098,4098,REGISTERED,837 佐藤 Street,,Lleida,RU,Rio Grande do Norte,51927,TRUE
4099,4099,REGISTERED,"Avenida Augusto Camargo, 19",,調布市,ZA,Soria,98831,TRUE
4100,4100,REGISTERED,473 佐藤 Street,,Lake فهد,AU,Cáceres,80082,TRUE
4101,4101,REGISTERED,"Incrocio Umberto, 78",,S. Lugano,NL,Como,24408,TRUE
4102,4102,REGISTERED,Alexandre-Weller-Ring 6/1,,Marktheidenfeld,RU,Lugo,54571539,TRUE
4103,4103,REGISTERED,569 سنان Row,,Saint Nicole-sur-Mer,US,Huelva,43015,TRUE
4104,4104,REGISTERED,Ingetraut-Mans-Ring 2343,,Guérin,ZA,Mecklenburg-Vorpommern,659-3066,TRUE
4105,4105,REGISTERED,"Chácara Helena Caldeira, 927",,San Gregorio Nelle Alpi,IR,Nordrhein-Westfalen,71977,TRUE
4106,4106,REGISTERED,09603 Barry Ports,,North تمّامchester,NL,Wisconsin,23069,TRUE
4107,4107,REGISTERED,"Lago de da Rosa, 38",,South Adam,KY,Bahia,23040,TRUE
4108,4108,REGISTERED,519 阿部 Street,,Reneeside,TR,Distrito Federal,53447-363,TRUE
4109,4109,REGISTERED,"Praia Porto, 21",,Las Palmas,US,Paraíba,67356-128,TRUE
4110,4110,REGISTERED,Camino Aitor Saura 48,,AlexandreBourg,DE,Sachsen,41017,TRUE
4111,4111,REGISTERED,"Studio 34
Evans Green",,عدوانmouth,IT,Sachsen-Anhalt,144-6013,TRUE
4112,4112,REGISTERED,762 伊藤 Street,,Pre' Saint Didier,ES,Piauí,17765,TRUE
4113,4113,REGISTERED,"Lago de Sousa, 36",,وحيدside,DE,Alicante,36077,TRUE
4114,4114,REGISTERED,"Borgo Benedetti, 34 Appartamento 89",,Pimenta do Campo,NL,Niedersachsen,M25 5DD,TRUE
4115,4115,REGISTERED,37785 Dixon Summit,,Tina,ES,Varese,03504,TRUE
4116,4116,REGISTERED,"Studio 2
Jodie Corners",,Schwandorf,IT,Latina,G3S 9HT,TRUE
4117,4117,REGISTERED,"76, boulevard Lévêque",,Bernburg,GB,Saarland,16641,TRUE
4118,4118,REGISTERED,Pasaje Calixto Mena 661,,Marques,FR,Matera,23709,TRUE
4119,4119,REGISTERED,"4, rue Coulon",,Ribeiro,KY,Vermont,414-2414,TRUE
4120,4120,REGISTERED,"76, rue Duhamel",,Agugliano,TR,Reggio Calabria,612-3838,TRUE
4121,4121,REGISTERED,908 坂本 Street,,Girard,GB,New Jersey,63511,TRUE
4122,4122,REGISTERED,387 Dalton Orchard Apt. 640,,Huesca,GB,Nevada,17072,TRUE
4123,4123,REGISTERED,"Campo Duarte, 33",,青ヶ島村,NG,Sachsen,47249,TRUE
4124,4124,REGISTERED,3770 Stein Mountain,,Sevilla,KY,Medio Campidano,702-2373,TRUE
4125,4125,REGISTERED,Alameda de Isabel Codina 24 Piso 3 ,,Ortezzano,DE,Michigan,07039,TRUE
4126,4126,REGISTERED,"59, boulevard Valette",,مرتجيview,KY,Texas,B1 8JW,TRUE
4127,4127,REGISTERED,"9, avenue de Lecoq",,Merseburg,DE,Louisiana,89868,TRUE
4128,4128,REGISTERED,Aldo-Hendriks-Straße 2-4,,横浜市港北区,PA,Virginia,99731,TRUE
4129,4129,REGISTERED,"Incrocio Bertolucci, 387",,目黒区,US,Ancona,30029,TRUE
4130,4130,REGISTERED,"Jardim Mendes, 7",,利島村,ZA,Arizona,08419,TRUE
4131,4131,REGISTERED,"Rotonda Lauretta, 59 Appartamento 1",,西多摩郡瑞穂町,US,Paraná,70391,TRUE
4132,4132,REGISTERED,"Conjunto de Fernandes, 94",,New Rhysmouth,IR,Ragusa,78651-851,TRUE
4133,4133,REGISTERED,"Sítio de Macedo, 16",,South Stewart,CA,Missouri,CR50 1TN,TRUE
4134,4134,REGISTERED,"Flat 3
Sutton Ways",,Melilla,DE,Iowa,14837,TRUE
4135,4135,REGISTERED,9588 بحمدوني Bridge Suite 209,,Cavalcante,ZA,North Carolina,10475,TRUE
4136,4136,REGISTERED,"23, chemin Allard",,قطينةbury,YE,Virginia,444-3883,TRUE
4137,4137,REGISTERED,227 小川 Street,,Witzenhausen,FR,Mississippi,426-2395,TRUE
4138,4138,REGISTERED,Fatima-Preiß-Platz 486,,da Conceição Alegre,NG,Paraíba,728-2355,TRUE
4139,4139,REGISTERED,"Campo Jesus, 92",,da Conceição,ES,Schleswig-Holstein,45282,TRUE
4140,4140,REGISTERED,7 Brown Cliffs,,Moia,ES,Colorado,46819,TRUE
4141,4141,REGISTERED,3375 الترجمان الصالح Inlet,,Waldmünchen,US,Pará,38016,TRUE
4142,4142,REGISTERED,Sorgatzplatz 1,,Guadalajara,SE,Cremona,352-0867,TRUE
4143,4143,REGISTERED,"Largo de Aragão, 286",,Sainte Thierry,KY,Illinois,24053315,TRUE
4144,4144,REGISTERED,695 石井 Street,,Burgos,RU,Paraná,17796,TRUE
4145,4145,REGISTERED,053 山田 Street,,三鷹市,ES,Hawaii,75848-761,TRUE
4146,4146,REGISTERED,"48, avenue de Perez",,Almeida Grande,GB,Rondônia,93468,TRUE
4147,4147,REGISTERED,"Canale Pezzali, 72",,Dos SantosBourg,SY,Michigan,57125,TRUE
4148,4148,REGISTERED,Schaafstraße 37/64,,君津市,US,Thüringen,48032,TRUE
4149,4149,REGISTERED,Urbanización Teobaldo Perales 944 Piso 3 ,,Carbonara Scrivia,US,Alagoas,23609858,TRUE
4150,4150,REGISTERED,"Borgo Tommaseo, 2 Piano 1",,North Teresaport,NG,Zaragoza,63482,TRUE
4151,4151,REGISTERED,679 中村 Street,,Günzburg,RU,Colorado,57889,TRUE
4152,4152,REGISTERED,259 صقر Rue Suite 721,,Burgos,JP,Bremen,68361,TRUE
4153,4153,REGISTERED,Christiane-Seidel-Ring 8-5,,Edwardport,TR,Brandenburg,36564,TRUE
4154,4154,REGISTERED,"Via de da Rosa, 8",,Cardoso do Campo,GB,Lecco,GY78 7QD,TRUE
4155,4155,REGISTERED,"1, chemin Susan Legrand",,横浜市泉区,CA,Florida,33468803,TRUE
4156,4156,REGISTERED,chemin Marcelle Berthelot,,昭島市,GB,Almería,00061,TRUE
4157,4157,REGISTERED,725 高橋 Street,,西多摩郡瑞穂町,ES,Palencia,52403-473,TRUE
4158,4158,REGISTERED,Carsten-Paffrath-Platz 9,,West Clareberg,JP,Asturias,58713,TRUE
4159,4159,REGISTERED,Acceso Dan Goñi 37 Apt. 90 ,,New Jack,KY,Mississippi,FK97 4GB,TRUE
4160,4160,REGISTERED,"Setor Manuela Moreira, 27",,Guyot-sur-Pereira,ES,Zaragoza,86160,TRUE
4161,4161,REGISTERED,"39, chemin de Collet",,East طاهر,DE,New Jersey,33008,TRUE
4162,4162,REGISTERED,rue Renault,,راجحstad,PA,Massachusetts,45874,TRUE
4163,4163,REGISTERED,183 中村 Street,,Ramirezbury,NL,Bayern,53967,TRUE
4164,4164,REGISTERED,"Contrada Martino, 66 Appartamento 5",,Aaronhaven,CA,Berlin,SA6A 9DR,TRUE
4165,4165,REGISTERED,"Vicolo Raffaellino, 127",,府中市,IT,Foggia,36756,TRUE
4166,4166,REGISTERED,"Via Orazio, 70",,Stade,IT,Arezzo,85453,TRUE
4167,4167,REGISTERED,"Esplanada de Leão, 21",,江東区,US,Paraíba,83022,TRUE
4168,4168,REGISTERED,"Viela de Gomes, 3",,Venetico Superiore,GB,La Coruña,015-3006,TRUE
4169,4169,REGISTERED,"Via Onisto, 96",,North عبد الغفّارmouth,ZA,Pernambuco,76262,TRUE
4170,4170,REGISTERED,374 佐藤 Street,,Pereira do Sul,ES,Agrigento,81697,TRUE
4171,4171,REGISTERED,09691 نجيب Bypass Apt. 017,,منيعstad,KY,Medio Campidano,26767,TRUE
4172,4172,REGISTERED,162 Davidson Shoals,,Gotha,GB,Kentucky,93266084,TRUE
4173,4173,REGISTERED,Setor Olívia Castro,,بنفسجfort,PA,Tarragona,02586,TRUE
4174,4174,REGISTERED,"Lagoa de Cavalcante, 80",,Port Rachael,ES,Sachsen,655-7908,TRUE
4175,4175,REGISTERED,007 Jennifer Squares Apt. 897,,Zerbst,NL,Alabama,73524,TRUE
4176,4176,REGISTERED,259 Armstrong Island Suite 374,,渋谷区,NG,Washington,56030,TRUE
4177,4177,REGISTERED,Ronda Dimas Cantero 70,,Camargo Grande,BS,Rio Grande do Norte,13555,TRUE
4178,4178,REGISTERED,Junitzstr. 7003,,David-les-Bains,BS,Thüringen,10026-049,TRUE
4179,4179,REGISTERED,Henckring 88/25,,清瀬市,IT,Burgos,66569,TRUE
4180,4180,REGISTERED,0 Debra Dale,,Ueckermünde,FR,L'Aquila,53555,TRUE
4181,4181,REGISTERED,397 田中 Street,,بني هاجرside,AU,Lugo,645-9510,TRUE
4182,4182,REGISTERED,"Viaduto Rodrigues, 93",,Villarboit,NL,Sachsen,87290,TRUE
4183,4183,REGISTERED,C. Ciro Domingo 98 Apt. 06 ,,横浜市南区,NG,Rio Grande do Norte,TS00 2XG,TRUE
4184,4184,REGISTERED,Erol-Harloff-Platz 99/88,,Lucas,FR,Oklahoma,31027,TRUE
4185,4185,REGISTERED,"5, rue Bodin",,Bodin,US,Barcelona,SN8 6JY,TRUE
4186,4186,REGISTERED,"Praça de Carvalho, 551",,Grahamton,TR,Espírito Santo,164-8695,TRUE
4187,4187,REGISTERED,507 鈴木 Street,,南房総市,PA,Bahia,10022,TRUE
4188,4188,REGISTERED,9775 مشاري Prairie,,Chauvin,KP,Málaga,M59 2SP,TRUE
4189,4189,REGISTERED,097 佐藤 Street,,León,SE,Pennsylvania,15582,TRUE
4190,4190,REGISTERED,"Viale Cutuli, 11",,Lake Gregorychester,DE,Maine,45973,TRUE
4191,4191,REGISTERED,"Travessa Ribeiro, 33",,Porto,US,Arkansas,16269,TRUE
4192,4192,REGISTERED,"6, rue de Pasquier",,مريمshire,FR,Sachsen-Anhalt,30995649,TRUE
4193,4193,REGISTERED,"Canale Morricone, 80",,荒川区,SE,Hawaii,48936,TRUE
4194,4194,REGISTERED,490 橋本 Street,,Sevilla,SG,Rheinland-Pfalz,38864,TRUE
4195,4195,REGISTERED,209 山口 Street,,South عصمتhaven,IT,Mississippi,60520-046,TRUE
4196,4196,REGISTERED,"Strada Gioele, 298",,Blot,TR,Montana,749-1996,TRUE
4197,4197,REGISTERED,"Piazza Brichese, 998 Piano 7",,Portichetto,ZA,Amazonas,W43 7DP,TRUE
4198,4198,REGISTERED,"Trevo Barros, 46",,大島町,JP,Rheinland-Pfalz,67412,TRUE
4199,4199,REGISTERED,Klemtstr. 7/8,,Senftenberg,NL,Ascoli Piceno,43520,TRUE
4200,4200,REGISTERED,"Via Liguori, 68 Piano 1",,South عبد المحييborough,CA,Barcelona,80689,TRUE
4201,4201,REGISTERED,061 Barnett Fork,,墨田区,US,Maine,92268,TRUE
4202,4202,REGISTERED,200 Margaret Points,,Sangerhausen,US,Virginia,82417,TRUE
4203,4203,REGISTERED,"Borgo Ettore, 20 Appartamento 8",,大島町,DE,Berlin,89383829,TRUE
4204,4204,REGISTERED,Pasaje de Feliciano Carvajal 49 Puerta 1 ,,New Michael,NL,North Dakota,829-4634,TRUE
4205,4205,REGISTERED,392 مرازيق البقوم Views Apt. 525,,板橋区,IR,Saarland,49159-939,TRUE
4206,4206,REGISTERED,"81, rue de Charrier",,HuetBourg,PA,Agrigento,40136,TRUE
4207,4207,REGISTERED,"Vicolo Argento, 0 Appartamento 94",,León,ES,Montana,98069,TRUE
4208,4208,REGISTERED,"Parque Rhavi Sales, 416",,Porto do Oeste,KY,Jaén,078-9706,TRUE
4209,4209,REGISTERED,"Flat 81N
Gibbs Oval",,Danafurt,DE,Pennsylvania,27646851,TRUE
4210,4210,REGISTERED,"672, avenue de Seguin",,Pires,RU,Niedersachsen,87938-381,TRUE
4211,4211,REGISTERED,147 Shannon Forge,,Serra San Bruno,NL,Massa-Carrara,97434,TRUE
4212,4212,REGISTERED,Thies-Gröttner-Gasse 5650,,Testaccio D'Ischia,GB,Michigan,57015,TRUE
4213,4213,REGISTERED,973 David Locks,,狛江市,NL,Goiás,025-5762,TRUE
4214,4214,REGISTERED,Vial Reynaldo Arellano 80 Apt. 65 ,,Saint Constance,SG,Nordrhein-Westfalen,11315,TRUE
4215,4215,REGISTERED,"Studio 77
Quinn Lodge",,Lake Jenniferville,US,Rio Grande do Norte,63088,TRUE
4216,4216,REGISTERED,"Jardim de Souza, 639",,立川市,SE,Paraíba,BS0 8RT,TRUE
4217,4217,REGISTERED,7172 بنو كلب Vista,,Burgos,TR,Piauí,69211,TRUE
4218,4218,REGISTERED,Ercan-Fiebig-Allee 3/1,,Hazelside,US,Amazonas,26045,TRUE
4219,4219,REGISTERED,"Viaduto de Sá, 41",,East Rosemaryhaven,BS,Maine,W7 6XB,TRUE
4220,4220,REGISTERED,127 西村 Street,,Tomport,TR,Roraima,76651,TRUE
4221,4221,REGISTERED,"Vereda de Dias, 26",,小平市,US,Jaén,498-0292,TRUE
4222,4222,REGISTERED,Naserallee 8,,Shaunland,US,Álava,24974504,TRUE
4223,4223,REGISTERED,"Stretto Lattuada, 510 Appartamento 5",,Marti,GB,Valencia,56024,TRUE
4224,4224,REGISTERED,"Via Fracci, 890 Piano 9",,East Aliceview,IT,Missouri,87040,TRUE
4225,4225,REGISTERED,27868 ساهر Trail Suite 490,,杉並区,JP,Berlin,23427-773,TRUE
4226,4226,REGISTERED,Donald-Schwital-Gasse 22-63,,Palencia,RU,Rhode Island,08112,TRUE
4227,4227,REGISTERED,Camino Loreto Gárate 44,,Leclercq-les-Bains,SY,Sevilla,38071,TRUE
4228,4228,REGISTERED,285 青木 Street,,Port Emma,ES,Piauí,27769633,TRUE
4229,4229,REGISTERED,Urbanización de Bernardo Pedrero 652,,Rathenow,CA,Mississippi,85697,TRUE
4230,4230,REGISTERED,596 Taylor Neck,,East Gabriella,ZA,L'Aquila,27017,TRUE
4231,4231,REGISTERED,Glorieta Remedios Gimeno 569,,Port Lee,US,Valladolid,77614-997,TRUE
4232,4232,REGISTERED,Callejón Elías Isern 112,,Chenhaven,JP,Guadalajara,27250,TRUE
4233,4233,REGISTERED,"Flat 77C
Fraser Walks",,سديمview,CA,Málaga,37259,TRUE
4234,4234,REGISTERED,772 البيطار Throughway,,Palencia,DE,Rieti,45944,TRUE
4235,4235,REGISTERED,"24, rue Margot Maréchal",,Borna,US,Lecco,80372,TRUE
4236,4236,REGISTERED,Residencial de Cassiano,,Vizcaya,RU,Tocantins,G5H 0RA,TRUE
4237,4237,REGISTERED,Eckbauergasse 70-40,,بنو كلبstad,ZA,Washington,61930,TRUE
4238,4238,REGISTERED,Hans-Dietrich-Krebs-Straße 8202,,da Paz,FR,Murcia,07378,TRUE
4239,4239,REGISTERED,Morro Mendonça,,小金井市,GB,New Jersey,49532,TRUE
4240,4240,REGISTERED,"Chácara Brenda Macedo, 63",,いすみ市,DE,South Dakota,02196,TRUE
4241,4241,REGISTERED,"Vale da Mota, 37",,Jena,IT,Texas,24100,TRUE
4242,4242,REGISTERED,Huhnstraße 71/57,,Brownland,GB,Missouri,14031,TRUE
4243,4243,REGISTERED,Ronda Segismundo Frías 99 Piso 8 ,,Rocchetta Nuova,GB,Baden-Württemberg,02651,TRUE
4244,4244,REGISTERED,"Studio 15l
Charlotte Expressway",,Osimo Stazione,PA,Messina,28816,TRUE
4245,4245,REGISTERED,8829 Jerome Park,,Almería,NL,Oklahoma,51272,TRUE
4246,4246,REGISTERED,"Contrada Calogero, 56",,Guipúzcoa,FR,Amazonas,25732,TRUE
4247,4247,REGISTERED,"26, avenue Delmas",,Berchtesgaden,GB,Rondônia,660-3996,TRUE
4248,4248,REGISTERED,87372 Michael Mall Suite 759,,Weißwasser,US,Pará,W6 1FH,TRUE
4249,4249,REGISTERED,"Via Vattimo, 7 Appartamento 4",,Jonesmouth,US,Barletta-Andria-Trani,18164-358,TRUE
4250,4250,REGISTERED,329 Perez Harbor Suite 515,,East معتوق,FR,Biella,21752,TRUE
4251,4251,REGISTERED,"Vicolo Rinaldi, 9",,Lopes,FR,Pará,E78 9TQ,TRUE
4252,4252,REGISTERED,Francesca-Liebelt-Weg 202,,بجيلةtown,GB,Roraima,52925,TRUE
4253,4253,REGISTERED,"Stretto Ginesio, 838 Piano 3",,Robertsville,PA,Kentucky,981-1160,TRUE
4254,4254,REGISTERED,"Stretto Lollobrigida, 685 Piano 3",,Cuxhaven,GB,Paraná,58037,TRUE
4255,4255,REGISTERED,C. de Isabel Lluch 35,,Sarahview,IT,Niedersachsen,75679,TRUE
4256,4256,REGISTERED,82582 الديسي Summit Suite 874,,جديسmouth,KP,Brandenburg,38437,TRUE
4257,4257,REGISTERED,372 伊藤 Street,,川崎市川崎区,SG,Ceará,12047,TRUE
4258,4258,REGISTERED,"Piazza Lolita, 6",,国分寺市,ZA,New Mexico,PA5 1GX,TRUE
4259,4259,REGISTERED,2437 Frederick Village,,Attigliano,TR,Maine,29231,TRUE
4260,4260,REGISTERED,254 橋本 Street,,Cecchina,US,Benevento,18263,TRUE
4261,4261,REGISTERED,C. de Camila Valenzuela 6,,بنو معقلview,FR,Utah,W6 3UD,TRUE
4262,4262,REGISTERED,"Setor Sampaio, 9",,Lucera,JP,Virginia,78595,TRUE
4263,4263,REGISTERED,6946 شكيب Knoll,,Großenhain,IT,Bayern,84730,TRUE
4264,4264,REGISTERED,"45, chemin Patricia Masse",,Ghizzano Di Peccioli,CH,Niedersachsen,24629,TRUE
4265,4265,REGISTERED,01275 Lee Haven Suite 803,,بنو فراسborough,JP,Mato Grosso,68044046,TRUE
4266,4266,REGISTERED,"Chácara Pimenta, 59",,Bellinzago Novarese,GB,Massachusetts,44442,TRUE
4267,4267,REGISTERED,952 高橋 Street,,富里市,ZA,Zaragoza,43856,TRUE
4268,4268,REGISTERED,"Stretto Lidia, 671 Piano 2",,New Josephfurt,TR,North Dakota,71759,TRUE
4269,4269,REGISTERED,1244 Julie Center Apt. 198,,Traorenec,SE,Ferrara,45647,TRUE
4270,4270,REGISTERED,5 Richards Loaf,,Hoyerswerda,KY,Kansas,08275,TRUE
4271,4271,REGISTERED,Avenida de Leonel Aguirre 78 Piso 2 ,,八王子市,JP,Wyoming,50105-411,TRUE
4272,4272,REGISTERED,Haufferstr. 6-6,,Reedton,SG,Modena,14192,TRUE
4273,4273,REGISTERED,Krausplatz 2/3,,Santi,AU,Pontevedra,444-0845,TRUE
4274,4274,REGISTERED,Walterring 9,,Hoyerswerda,YE,New Jersey,086-3469,TRUE
4275,4275,REGISTERED,Pasaje de Juan Luis Rius 84,,Walkerfurt,FR,Rheinland-Pfalz,64443,TRUE
4276,4276,REGISTERED,512 佐々木 Street,,江東区,JP,Santa Catarina,20847,TRUE
4277,4277,REGISTERED,01748 Sonya Corner,,Batesfurt,GB,Rio de Janeiro,21055,TRUE
4278,4278,REGISTERED,"62, rue Joséphine Bernard",,稲城市,FR,Sachsen-Anhalt,L61 3ZD,TRUE
4279,4279,REGISTERED,Camino de Celestina Querol 24,,Gonçalves de Minas,GB,Mato Grosso,06065,TRUE
4280,4280,REGISTERED,"13, avenue de Lopez",,Cavalcante,ES,Salamanca,KW53 9HZ,TRUE
4281,4281,REGISTERED,1503 Franklin Union,,Martins de Nogueira,FR,Delaware,51591,TRUE
4282,4282,REGISTERED,Eigenwilligring 5224,,Port نوّار,US,Bari,794-4888,TRUE
4283,4283,REGISTERED,"Lagoa Isadora Camargo, 32",,Madrid,BS,Teramo,E00 7SQ,TRUE
4284,4284,REGISTERED,Sieringstr. 6/2,,Casa Grande de da Mota,DE,Sergipe,76618-056,TRUE
4285,4285,REGISTERED,975 جمان Cliff,,La Coruña,NG,Schleswig-Holstein,323-2442,TRUE
4286,4286,REGISTERED,Ronda Omar Gonzalo 26,,Martinez-sur-Chartier,DE,Montana,416-5663,TRUE
4287,4287,REGISTERED,4387 Valerie Shore,,Noëlboeuf,ES,Florida,84025,TRUE
4288,4288,REGISTERED,Callejón Dorotea Abascal 90 Apt. 56 ,,South ليناberg,AU,Trieste,88202753,TRUE
4289,4289,REGISTERED,3 Tina Rest,,Sassinoro,SE,Perugia,OX69 8XF,TRUE
4290,4290,REGISTERED,Urbanización de Asdrubal Tovar 39,,Payneside,CA,La Spezia,52814,TRUE
4291,4291,REGISTERED,298 阿部 Street,,Dinslaken,SE,Mecklenburg-Vorpommern,W9 5LQ,TRUE
4292,4292,REGISTERED,"Rua Luiz Henrique Moraes, 29",,Iddiano,SG,Paraíba,13646,TRUE
4293,4293,REGISTERED,79783 عبد المحيي Harbors Suite 572,,Sainte Agathe,GB,Nevada,72567,TRUE
4294,4294,REGISTERED,"Estação Yuri da Conceição, 18",,Lucinasco,NL,Mato Grosso do Sul,117-1049,TRUE
4295,4295,REGISTERED,16956 Escobar Knolls,,Shawmouth,US,Alagoas,63624,TRUE
4296,4296,REGISTERED,"81, avenue Bernadette Roy",,Madrid,BS,Florida,02456,TRUE
4297,4297,REGISTERED,"Vereda de da Mata, 711",,Groß-Gerau,GB,Rimini,39793,TRUE
4298,4298,REGISTERED,956 Day Center Apt. 507,,Port Shelley,ES,Bremen,03026,TRUE
4299,4299,REGISTERED,912 井上 Street,,West جليلberg,FR,Amazonas,30025,TRUE
4300,4300,REGISTERED,Ronda de Olimpia Casado 206,,da Cruz,JP,Terni,67097,TRUE
4301,4301,REGISTERED,"Stretto Sagese, 0 Appartamento 30",,Almería,KP,Montana,29274,TRUE
4302,4302,REGISTERED,"Stretto Correr, 518",,South Heather,US,Indiana,52662,TRUE
4303,4303,REGISTERED,Vial Maristela Falcón 40 Apt. 32 ,,Madrid,IT,Toledo,092-2312,TRUE
4304,4304,REGISTERED,21566 Williamson Knolls Apt. 121,,New Jonathan,NG,Piauí,15009044,TRUE
4305,4305,REGISTERED,Hans-Gerd-Klapp-Weg 92-16,,Albacete,BS,New Jersey,00023,TRUE
4306,4306,REGISTERED,"Stretto Dino, 38",,Summersfort,SE,Mississippi,980-6174,TRUE
4307,4307,REGISTERED,8157 بنو الدئل Overpass Apt. 399,,Schwabmünchen,SY,Connecticut,796-7659,TRUE
4308,4308,REGISTERED,"59, boulevard de Lebrun",,Russellbury,DE,Mississippi,30013,TRUE
4309,4309,REGISTERED,"937, chemin Fernandez",,جميلةville,US,Wyoming,271-8260,TRUE
4310,4310,REGISTERED,"Strada Gualtieri, 1",,Port Rita,IT,Minnesota,12978,TRUE
4311,4311,REGISTERED,Acceso Noelia Sáenz 7 Piso 5 ,,Royer-sur-Couturier,NL,Madrid,22192,TRUE
4312,4312,REGISTERED,962 Hollie Light,,八街市,US,Indiana,79111,TRUE
4313,4313,REGISTERED,Calle Isaac Barranco 70,,横浜市西区,ZA,Alaska,20746,TRUE
4314,4314,REGISTERED,Thomas-Karge-Gasse 9852,,Sainte AgnèsVille,GB,Castellón,87084-519,TRUE
4315,4315,REGISTERED,856 حبّاب Mill,,ضاحيland,NL,Valladolid,39017,TRUE
4316,4316,REGISTERED,"Chácara de Ferreira, 209",,Port Keith,NL,Baden-Württemberg,117-4573,TRUE
4317,4317,REGISTERED,363 Lewis Mission,,Potier,DE,Santa Cruz de Tenerife,70129,TRUE
4318,4318,REGISTERED,"Travessa de Costela, 349",,South Shane,GB,Hamburg,25278,TRUE
4319,4319,REGISTERED,"Flat 58r
Ashley Mountain",,Wagnerboeuf,KY,New Jersey,46749,TRUE
4320,4320,REGISTERED,801 Elizabeth Shoal Apt. 863,,South Lawrenceland,NL,Nordrhein-Westfalen,37249-285,TRUE
4321,4321,REGISTERED,761 近藤 Street,,Pastena Di Salerno,RU,Santa Catarina,29017,TRUE
4322,4322,REGISTERED,5817 المملوك Ridges Suite 632,,ترابينberg,US,Tocantins,10711,TRUE
4323,4323,REGISTERED,"Vicolo Alessandra, 699 Piano 8",,Fordbury,IT,Berlin,LE1 4BH,TRUE
4324,4324,REGISTERED,"Borgo Bompiani, 16 Piano 7",,New Terry,TR,Zaragoza,80051464,TRUE
4325,4325,REGISTERED,boulevard Margot Auger,,Morin,ZA,Bremen,20050,TRUE
4326,4326,REGISTERED,Anita-Gieß-Platz 3,,Teterow,IR,Lodi,51318,TRUE
4327,4327,REGISTERED,517 فاتح Spur,,横浜市磯子区,ZA,Alabama,40123,TRUE
4328,4328,REGISTERED,Seifertstr. 22-89,,Lake Michael,MM,Amazonas,84015,TRUE
4329,4329,REGISTERED,Ladeira Maria Eduarda Sousa,,North Sophie,ES,Latina,65243,TRUE
4330,4330,REGISTERED,"8, boulevard de Ollivier",,فردوسhaven,GB,Udine,82364,TRUE
4331,4331,REGISTERED,"Stretto Gemma, 99",,Greiz,DE,Utah,42010,TRUE
4332,4332,REGISTERED,558 藤井 Street,,Manoppello Scalo,NG,Huesca,67017,TRUE
4333,4333,REGISTERED,Cuesta de Francisca Navarrete 85 Apt. 64 ,,Wiedenbrück,US,California,33736,TRUE
4334,4334,REGISTERED,3309 Charles Square Apt. 338,,West Gailside,SG,Jaén,12597,TRUE
4335,4335,REGISTERED,"67, avenue de Barthelemy",,Bautzen,PA,Texas,397-5131,TRUE
4336,4336,REGISTERED,9877 جوين Ridge,,Travaco' Siccomario,ZA,Girona,60530,TRUE
4337,4337,REGISTERED,7502 Tammy Centers Apt. 857,,浦安市,RU,Minas Gerais,66744,TRUE
4338,4338,REGISTERED,"Estação Aragão, 28",,Ceccano,RU,Mato Grosso do Sul,26744,TRUE
4339,4339,REGISTERED,Zlatko-Adolph-Ring 468,,RossiBourg,BS,Niedersachsen,87058,TRUE
4340,4340,REGISTERED,274 Sandra Port,,Bogen,DE,Montana,90018,TRUE
4341,4341,REGISTERED,11 Debra Pines,,Caulonia Marina,US,Mississippi,60166,TRUE
4342,4342,REGISTERED,909 伊藤 Street,,Bad Freienwalde,IT,South Dakota,00017,TRUE
4343,4343,REGISTERED,"Piazza Luigina, 10 Piano 8",,Duarte,ZA,Padova,67523,TRUE
4344,4344,REGISTERED,Camino de María Dolores Benavides 97,,Crailsheim,KY,Rondônia,EC8P 4TE,TRUE
4345,4345,REGISTERED,"Pátio Oliveira, 91",,Lake Jeannefurt,SG,Texas,38520477,TRUE
4346,4346,REGISTERED,"Strada Borrani, 53 Appartamento 16",,Ceuta,RU,São Paulo,89669,TRUE
4347,4347,REGISTERED,"Stretto Paloma, 516 Appartamento 7",,Soltau,TR,Cagliari,92634,TRUE
4348,4348,REGISTERED,025 後藤 Street,,杉並区,KY,Paraná,54796,TRUE
4349,4349,REGISTERED,790 加藤 Street,,Torresina,FR,Ceará,41043,TRUE
4350,4350,REGISTERED,837 النقيب Terrace Suite 723,,Morano Madonnuccia,GB,Caltanissetta,TR3B 0TT,TRUE
4351,4351,REGISTERED,"64, rue Dumas",,川崎市中原区,ES,Reggio Calabria,87953,TRUE
4352,4352,REGISTERED,680 斉藤 Street,,大島町,US,Amapá,08953,TRUE
4353,4353,REGISTERED,"Via Napoleone, 956",,Pavana,IT,Kentucky,45576,TRUE
4354,4354,REGISTERED,968 山下 Street,,Cherylfort,GB,Siracusa,67497,TRUE
4355,4355,REGISTERED,872 林 Street,,Navarra,JP,Minnesota,43958,TRUE
4356,4356,REGISTERED,Heckerweg 50-59,,San Benedetto Ullano,RU,Hamburg,38659,TRUE
4357,4357,REGISTERED,Jolanthe-Neureuther-Gasse 39/97,,Lake سهيلburgh,IR,Guadalajara,36119,TRUE
4358,4358,REGISTERED,"Stretto Piergiuseppe, 46 Appartamento 64",,New حياة,TR,Alagoas,47302,TRUE
4359,4359,REGISTERED,"Borgo Fernanda, 477 Appartamento 94",,Freising,IT,Louisiana,24835,TRUE
4360,4360,REGISTERED,"Flat 3
Brown Row",,匝瑳市,IR,Sachsen-Anhalt,366-6712,TRUE
4361,4361,REGISTERED,"72, rue Leclercq",,Joly,FR,Carbonia-Iglesias,83150,TRUE
4362,4362,REGISTERED,6696 Ramos Lodge,,Zamora,ES,Tennessee,95110,TRUE
4363,4363,REGISTERED,Rambla Norberto Lloret 25,,Saint Michelle-la-Forêt,FR,Como,25108,TRUE
4364,4364,REGISTERED,994 Tiffany Plains Suite 977,,Soria,TR,Alabama,116-3707,TRUE
4365,4365,REGISTERED,Estrada Rocha,,تغلب بن وائلbury,DE,Bremen,M5U 3YN,TRUE
4366,4366,REGISTERED,"Passarela de Vargas, 85",,あきる野市,DE,Tarragona,14447,TRUE
4367,4367,REGISTERED,Urbanización de Luis Miguel Carrillo 74 Apt. 97 ,,西多摩郡奥多摩町,US,Bayern,03586,TRUE
4368,4368,REGISTERED,3436 بدرالدّجى Garden,,新宿区,DE,Pernambuco,34048,TRUE
4369,4369,REGISTERED,884 طيء Underpass Suite 296,,Dunnmouth,FR,Rimini,52559,TRUE
4370,4370,REGISTERED,"Vale de Nascimento, 57",,Pettoranello Del Molise,IT,Jaén,32331,TRUE
4371,4371,REGISTERED,"Jardim Camargo, 291",,Vasconcelos,US,Tocantins,04310,TRUE
4372,4372,REGISTERED,"Borgo Torricelli, 39",,Amberg,DE,Alaska,32067-004,TRUE
4373,4373,REGISTERED,047 清水 Street,,三宅島三宅村,US,Oregon,97304,TRUE
4374,4374,REGISTERED,"Borgo Saracino, 552 Piano 1",,Badoberan,GB,Bayern,21193,TRUE
4375,4375,REGISTERED,567 吉田 Street,,Paul,GB,Siena,08519,TRUE
4376,4376,REGISTERED,136 Kathleen Cliff,,Donaueschingen,TR,Baden-Württemberg,KA73 2QH,TRUE
4377,4377,REGISTERED,"81, avenue de Simon",,HernandezBourg,US,Ohio,31922,TRUE
4378,4378,REGISTERED,"Flat 99
Bernard Forge",,Sá de Camargo,DE,Castellón,13721-013,TRUE
4379,4379,REGISTERED,"125, rue Michelle Nguyen",,Steineg,AU,Sachsen,06008,TRUE
4380,4380,REGISTERED,Hahnplatz 5363,,San Mauro A Mare,ES,Niedersachsen,51584,TRUE
4381,4381,REGISTERED,211 حياة Walk,,Sainte Juliedan,GB,Piauí,37820,TRUE
4382,4382,REGISTERED,078 山田 Street,,Cloppenburg,ES,Baden-Württemberg,15074,TRUE
4383,4383,REGISTERED,Camino Moreno Cueto 71 Puerta 7 ,,南房総市,SE,Potenza,SE86 3JT,TRUE
4384,4384,REGISTERED,"Setor Pires, 42",,نسيبةmouth,GB,León,06709,TRUE
4385,4385,REGISTERED,839 Reese Cliffs,,Port كرمberg,CA,West Virginia,30674,TRUE
4386,4386,REGISTERED,0410 نوره Crossroad,,八街市,IT,Tocantins,74884,TRUE
4387,4387,REGISTERED,"Stretto Paloma, 67",,千代田区,JP,Amapá,219-9718,TRUE
4388,4388,REGISTERED,"Estrada de Correia, 85",,Scerne,RU,Berlin,00144,TRUE
4389,4389,REGISTERED,"Vicolo Galilei, 47",,Pacheco do Sul,JP,Ohio,388-0641,TRUE
4390,4390,REGISTERED,"Studio 02
Lynne Garden",,وائلhaven,NG,Wisconsin,50692,TRUE
4391,4391,REGISTERED,Paseo Yolanda Gaya 7,,Salamanca,US,North Carolina,81491-359,TRUE
4392,4392,REGISTERED,34377 Alvarez Cliff,,品川区,TR,Oklahoma,33598764,TRUE
4393,4393,REGISTERED,chemin de Lejeune,,Cesinali,ES,Pontevedra,82655,TRUE
4394,4394,REGISTERED,"Flat 2
Amelia Land",,South Stanleytown,US,Avellino,24125,TRUE
4395,4395,REGISTERED,"Contrada Allegra, 14",,Malloryton,US,Massachusetts,717-5820,TRUE
4396,4396,REGISTERED,78074 الخالدي Lodge,,Segovia,RU,Siracusa,643-3642,TRUE
4397,4397,REGISTERED,2554 Laura Shores,,Saint Matthieu,JP,Guipúzcoa,53036,TRUE
4398,4398,REGISTERED,Liebeltstr. 621,,León,JP,São Paulo,34895,TRUE
4399,4399,REGISTERED,Cuesta Verónica Valcárcel 123,,Martinfort,US,Berlin,45498,TRUE
4400,4400,REGISTERED,426 بنفسج Forest,,墨田区,PA,Bari,31322,TRUE
4401,4401,REGISTERED,Tintzmanngasse 50/76,,Lake Jessica,ES,Oklahoma,54516507,TRUE
4402,4402,REGISTERED,"Canale Rapisardi, 78",,Navarra,GB,New Mexico,56522,TRUE
4403,4403,REGISTERED,"Viaduto de Santos, 19",,East Martinfurt,TR,Prato,20677,TRUE
4404,4404,REGISTERED,929 鈴木 Street,,Fallingbostel,US,Lodi,93046,TRUE
4405,4405,REGISTERED,Brigitta-Thanel-Weg 6,,بنو الأحمر بن الحارثtown,ES,Hessen,40036,TRUE
4406,4406,REGISTERED,"Contrada Tartaglia, 431 Piano 6",,West حسامfurt,FR,Tarragona,71261228,TRUE
4407,4407,REGISTERED,27474 Cortez Shoal Apt. 642,,La Rioja,PA,South Carolina,95146,TRUE
4408,4408,REGISTERED,Pasaje de Roberta Velasco 6 Apt. 91 ,,Dohertychester,RU,Guadalajara,08016,TRUE
4409,4409,REGISTERED,"Studio 8
Bernard Crossroad",,多摩市,DE,Rio Grande do Sul,984-9716,TRUE
4410,4410,REGISTERED,Beatrix-Roskoth-Ring 2/8,,Howardfurt,DE,Niedersachsen,71455,TRUE
4411,4411,REGISTERED,"Flat 98q
Lesley Vista",,Lopes,US,Mecklenburg-Vorpommern,87894,TRUE
4412,4412,REGISTERED,Vila Jesus,,Palencia,GB,Zaragoza,07314,TRUE
4413,4413,REGISTERED,"Studio 50
Jones Loop",,Lake Mary,IT,South Carolina,956-9443,TRUE
4414,4414,REGISTERED,Christian-Blümel-Platz 81-60,,Riomagno,KY,Mecklenburg-Vorpommern,64637,TRUE
4415,4415,REGISTERED,77431 Timothy Motorway,,Brazzolo,US,Rio de Janeiro,27342,TRUE
4416,4416,REGISTERED,"Stretto Galvani, 9 Piano 1",,Genthin,TR,Washington,07133,TRUE
4417,4417,REGISTERED,"Estação Guerra, 3",,Lake Abigail,CA,Milano,23904-412,TRUE
4418,4418,REGISTERED,549 遠藤 Street,,Sainte JérômeBourg,FR,Hessen,97446626,TRUE
4419,4419,REGISTERED,"Strada Nanni, 45 Appartamento 7",,Bassignana,IR,Sachsen-Anhalt,84431-599,TRUE
4420,4420,REGISTERED,6 Payne Mount,,Jenniferhaven,RU,Valladolid,49311-042,TRUE
4421,4421,REGISTERED,"Rua de Borges, 35",,Cantabria,DE,Distrito Federal,17575,TRUE
4422,4422,REGISTERED,"91, boulevard Marguerite Dupuis",,Ansbach,US,Bayern,81071,TRUE
4423,4423,REGISTERED,"Sítio de Barros, 33",,Dias,KP,Biella,11432,TRUE
4424,4424,REGISTERED,"3, chemin Yves Pons",,Zamora,CA,Saarland,42239,TRUE
4425,4425,REGISTERED,Pasadizo Leonel Barragán 364,,Marchand-sur-Fischer,TR,Perugia,86240,TRUE
4426,4426,REGISTERED,"Studio 8
Thomas Via",,RémyBourg,SE,Rio Grande do Sul,63144,TRUE
4427,4427,REGISTERED,"Flat 10
Joan Loop",,New مرعي,AU,Rio Grande do Sul,483-9988,TRUE
4428,4428,REGISTERED,914 松本 Street,,横浜市青葉区,ZA,Mecklenburg-Vorpommern,60823,TRUE
4429,4429,REGISTERED,722 المهرة Stravenue,,Tregnago,FR,Zamora,44628,TRUE
4430,4430,REGISTERED,"Via Torricelli, 87 Piano 7",,New وسام,SE,Alicante,023-5016,TRUE
4431,4431,REGISTERED,"Strada Trapani, 59",,Moreira,US,Brandenburg,31283,TRUE
4432,4432,REGISTERED,68215 Lewis Mountain,,足立区,DE,Schleswig-Holstein,76650,TRUE
4433,4433,REGISTERED,"Via Giada, 890 Piano 6",,Rolland,ZA,Foggia,44368,TRUE
4434,4434,REGISTERED,Süßebierplatz 26/50,,San Martino In Beliseto,JP,Pontevedra,41058,TRUE
4435,4435,REGISTERED,48620 Daniel Alley Suite 371,,Pinto Grande,PA,Nevada,13638626,TRUE
4436,4436,REGISTERED,"Chácara Campos, 8",,Erkelenz,NL,Idaho,20027,TRUE
4437,4437,REGISTERED,"Estação Benício Nascimento, 803",,La Coruña,DE,Córdoba,05643,TRUE
4438,4438,REGISTERED,453 林 Street,,Pacheco,SG,Brescia,894-2682,TRUE
4439,4439,REGISTERED,"16, rue Guillaume",,Mooreshire,KY,Pennsylvania,63254,TRUE
4440,4440,REGISTERED,"Via Alina, 438",,Bergiola,GB,Albacete,67216,TRUE
4441,4441,REGISTERED,"87, rue de Torres",,عبد المجيدmouth,CA,Niedersachsen,97612,TRUE
4442,4442,REGISTERED,113 渡辺 Street,,Stazione Masotti,FR,Niedersachsen,IP7E 7SF,TRUE
4443,4443,REGISTERED,100 Willie Cove,,江戸川区,NG,Schleswig-Holstein,88291,TRUE
4444,4444,REGISTERED,"Rotonda Garobbio, 2 Appartamento 6",,West Garryfort,US,Iowa,28011,TRUE
4445,4445,REGISTERED,53133 شامخ Freeway,,Ávila,US,Barcelona,M08 2RF,TRUE
4446,4446,REGISTERED,0212 مذحج Greens,,Lake Chrisshire,DE,Vizcaya,77782,TRUE
4447,4447,REGISTERED,754 松本 Street,,West غوىstad,US,Rheinland-Pfalz,26210,TRUE
4448,4448,REGISTERED,Wirthgasse 21-70,,長生郡長生村,US,Saarland,37397,TRUE
4449,4449,REGISTERED,"Morro da Rosa, 67",,Cuenca,ES,Girona,50492,TRUE
4450,4450,REGISTERED,Schachtgasse 11-32,,Peterborough,US,Murcia,02377,TRUE
4451,4451,REGISTERED,92 Adams Lodge,,横浜市西区,PA,Paraíba,56652,TRUE
4452,4452,REGISTERED,3261 دوبلال Plains Apt. 810,,横浜市南区,US,New Hampshire,42408,TRUE
4453,4453,REGISTERED,454 渡辺 Street,,Renard-sur-Bodin,IT,Barcelona,W08 8WR,TRUE
4454,4454,REGISTERED,"Contrada Pignatti, 19 Appartamento 56",,Gransee,SY,Florida,75218,TRUE
4455,4455,REGISTERED,avenue Collet,,Velo,CA,Trapani,16142417,TRUE
4456,4456,REGISTERED,Acceso de Baltasar Morcillo 68 Piso 8 ,,夷隅郡御宿町,KP,Ceará,307-4905,TRUE
4457,4457,REGISTERED,712 橋本 Street,,Matthewside,TR,Paraíba,049-7817,TRUE
4458,4458,REGISTERED,"893, boulevard Christelle Torres",,Garcia,NL,Amapá,57587,TRUE
4459,4459,REGISTERED,"Flat 95
Richard Lodge",,Carolland,US,Connecticut,82103,TRUE
4460,4460,REGISTERED,Pieperweg 62-10,,Lake Josephview,TR,Ceuta,53638,TRUE
4461,4461,REGISTERED,"676, rue Giraud",,Jeantown,ES,Nebraska,15903035,TRUE
4462,4462,REGISTERED,"37, boulevard Célina Lefebvre",,Lake Sandraside,AU,Catania,33434,TRUE
4463,4463,REGISTERED,49 Brooks Garden,,La Rioja,CH,Olbia-Tempio,01156,TRUE
4464,4464,REGISTERED,Glorieta Otilia Galván 9,,Guadalajara,KY,Schleswig-Holstein,738-1347,TRUE
4465,4465,REGISTERED,5219 العجمان Underpass Apt. 435,,da Rocha,SE,Illinois,38284,TRUE
4466,4466,REGISTERED,"Rodovia Josué Alves, 37",,Sant'Antonio Di Mavignola,BS,Idaho,44505,TRUE
4467,4467,REGISTERED,"555, avenue Pénélope Jacquot",,da Rosa,RU,La Rioja,14148,TRUE
4468,4468,REGISTERED,"Piazza Micheletto, 46",,Costa do Sul,KP,L'Aquila,19182134,TRUE
4469,4469,REGISTERED,"38, chemin Bruneau",,山武郡芝山町,MM,Paraíba,05199,TRUE
4470,4470,REGISTERED,82311 Steven Ranch,,Civago,GB,Iowa,15594,TRUE
4471,4471,REGISTERED,Ernst-August-Knappe-Weg 8875,,North ناجحville,FR,Palencia,G1 9PZ,TRUE
4472,4472,REGISTERED,Glorieta de Sancho Reyes 98 Piso 1 ,,Michelleburgh,TR,New York,35164,TRUE
4473,4473,REGISTERED,Camino Graciano Márquez 3 Puerta 1 ,,Teixeira das Pedras,YE,Acre,27061,TRUE
4474,4474,REGISTERED,"Via Gianinazzi, 81 Appartamento 2",,Lippstadt,TR,Baden-Württemberg,38970,TRUE
4475,4475,REGISTERED,47735 Barbara Crossing,,Marina Di Minturno,NL,Hessen,01597,TRUE
4476,4476,REGISTERED,449 Andrew Mountains Suite 506,,Soltau,SE,Enna,17038,TRUE
4477,4477,REGISTERED,Pasadizo de Iker Amorós 9 Puerta 8 ,,Baleares,SE,North Dakota,779-8134,TRUE
4478,4478,REGISTERED,Meta-Werner-Platz 18/19,,Brand,MM,Bayern,57125,TRUE
4479,4479,REGISTERED,Rohledergasse 5,,Bradshawport,IT,Hawaii,46957,TRUE
4480,4480,REGISTERED,boulevard de Boyer,,Joshuaberg,NL,Hamburg,68229,TRUE
4481,4481,REGISTERED,190 Meyer Dale Suite 032,,Lugo,NG,Cádiz,M7G 3GW,TRUE
4482,4482,REGISTERED,Karina-Flantz-Ring 83,,Pastor dos Dourados,JP,Rhode Island,704-7316,TRUE
4483,4483,REGISTERED,Callejón de Marc Riquelme 18 Piso 7 ,,Hardingbury,GB,Bayern,56846,TRUE
4484,4484,REGISTERED,5 Wilson Mountains,,Girona,FR,Sachsen-Anhalt,35704,TRUE
4485,4485,REGISTERED,"7, boulevard Pierre Gaillard",,Melilla,US,Savona,90048,TRUE
4486,4486,REGISTERED,Avenida Heraclio Zamora 816 Piso 6 ,,Stewarthaven,JP,Iowa,857-8073,TRUE
4487,4487,REGISTERED,"55, boulevard Laporte",,横浜市南区,FR,Hessen,51024,TRUE
4488,4488,REGISTERED,831 森 Street,,South Donald,KY,Barcelona,93520,TRUE
4489,4489,REGISTERED,"25, rue de Antoine",,LenoirVille,GB,Mato Grosso,42830,TRUE
4490,4490,REGISTERED,"Rotonda Bocelli, 2 Appartamento 61",,横浜市栄区,NG,Maranhão,28922,TRUE
4491,4491,REGISTERED,073 長谷川 Street,,Northeim,IR,Arkansas,48242,TRUE
4492,4492,REGISTERED,"Vicolo Mirco, 514",,South حارثfurt,NL,Paraná,68995,TRUE
4493,4493,REGISTERED,Witold-Haase-Weg 6781,,Charleschester,DE,São Paulo,98154,TRUE
4494,4494,REGISTERED,"Parque Peixoto, 13",,Guerra do Norte,SE,Brandenburg,17932,TRUE
4495,4495,REGISTERED,7814 سموم Light,,Jacksonchester,DE,Paraná,63822,TRUE
4496,4496,REGISTERED,3499 Hensley Plains Apt. 521,,Almeida do Sul,IT,Rio Grande do Sul,98300,TRUE
4497,4497,REGISTERED,96 Fletcher Glens,,Farias Alegre,TR,Espírito Santo,G54 6ZQ,TRUE
4498,4498,REGISTERED,989 石井 Street,,West Jaynehaven,NG,Saarland,26942,TRUE
4499,4499,REGISTERED,"Flat 63Y
Green Pines",,West Kelsey,FR,Madrid,28632,TRUE
4500,4500,REGISTERED,Frieda-Löffler-Allee 1659,,Saint Joseph,DE,Oregon,52358,TRUE
4501,4501,REGISTERED,"Studio 49t
Emily Land",,Macchia,US,Lugo,19137,TRUE
4502,4502,REGISTERED,"63, chemin Étienne Charles",,目黒区,AU,Navarra,557-4461,TRUE
4503,4503,REGISTERED,Callejón de Jorge Pedrero 10 Puerta 7 ,,Zerbst,PA,Maranhão,367-5533,TRUE
4504,4504,REGISTERED,"Studio 80v
Brown Spring",,Nichollsstad,ZA,Hawaii,74348-531,TRUE
4505,4505,REGISTERED,1899 Billy Lane,,Moreira,CA,La Rioja,58776,TRUE
4506,4506,REGISTERED,121 Ricky Streets Apt. 073,,Pieve Al Bagnoro,GB,South Carolina,94489-197,TRUE
4507,4507,REGISTERED,069 高橋 Street,,Martins,SE,New Mexico,46777-407,TRUE
4508,4508,REGISTERED,"510, rue Da Silva",,Sainte AudreyBourg,FR,Hawaii,84983,TRUE
4509,4509,REGISTERED,"Via Gioachino, 885",,Cavalcanti Paulista,ES,Alicante,589-7652,TRUE
4510,4510,REGISTERED,Rambla Eutropio Samper 98,,Charlenehaven,ES,Ohio,74925,TRUE
4511,4511,REGISTERED,4 Jennifer Mews,,New Kerryview,CA,Distrito Federal,30634,TRUE
4512,4512,REGISTERED,Pasadizo Bernardino Carbajo 82 Piso 9 ,,Moreira,CA,Amapá,02546,TRUE
4513,4513,REGISTERED,3222 Blevins Villages,,Tirschenreuth,GB,Iowa,80074,TRUE
4514,4514,REGISTERED,"19, chemin Zacharie Neveu",,Fernandes do Amparo,FR,Hamburg,12855-700,TRUE
4515,4515,REGISTERED,"56, boulevard Monique Maury",,Ávila,FR,Trento,M2 5JH,TRUE
4516,4516,REGISTERED,97463 الأوس Extensions Suite 219,,中野区,US,Arizona,85005-024,TRUE
4517,4517,REGISTERED,"Studio 6
Robert Fords",,Segovia,KP,Latina,09078,TRUE
4518,4518,REGISTERED,"51, rue de Guérin",,Sainte Adrien,AU,Vermont,26287,TRUE
4519,4519,REGISTERED,31468 James Trace,,Sottomarina,DE,Distrito Federal,73058,TRUE
4520,4520,REGISTERED,"Viale Ottavio, 126 Piano 1",,New James,SE,Rio Grande do Sul,W9J 0QG,TRUE
4521,4521,REGISTERED,7146 Keller Springs,,San Giusto Canavese,KP,Louisiana,80936,TRUE
4522,4522,REGISTERED,724 Julie Plains Apt. 520,,Pinto,IT,Minnesota,27812,TRUE
4523,4523,REGISTERED,Schulzallee 887,,山武郡九十九里町,JP,Massachusetts,79620,TRUE
4524,4524,REGISTERED,"Flat 0
Catherine Crescent",,Stade,SG,Texas,09819,TRUE
4525,4525,REGISTERED,25128 الألجاوي Hills Suite 502,,Regen,DE,Genova,09899,TRUE
4526,4526,REGISTERED,5342 Mcguire Summit Suite 424,,Costela do Oeste,NL,Ragusa,10051,TRUE
4527,4527,REGISTERED,Cañada Francisco Castellanos 10 Puerta 4 ,,横浜市港北区,GB,Delaware,27259,TRUE
4528,4528,REGISTERED,"Alameda Mariane Mendes, 356",,Concorezzo,US,Huesca,60654-182,TRUE
4529,4529,REGISTERED,Alameda Vera Robledo 59 Piso 8 ,,da Rosa,NL,Maranhão,45465,TRUE
4530,4530,REGISTERED,"Trevo Igor Camargo, 815",,New عميرtown,DE,Sachsen-Anhalt,46486,TRUE
4531,4531,REGISTERED,73000 عمران Squares Suite 727,,Schwandorf,IT,Arkansas,60918,TRUE
4532,4532,REGISTERED,78514 Jonathan Street Suite 171,,Valladolid,US,Segovia,46753,TRUE
4533,4533,REGISTERED,"245, chemin de Blot",,Melaniebury,IT,South Dakota,197-7774,TRUE
4534,4534,REGISTERED,"Contrada Concetta, 2",,Duvalnec,ES,Delaware,30372,TRUE
4535,4535,REGISTERED,Via Encarnación Escudero 91 Apt. 39 ,,Valmorbia,DE,Pontevedra,73958,TRUE
4536,4536,REGISTERED,"Strada Livio, 826",,East Priscilla,AU,New Hampshire,40042,TRUE
4537,4537,REGISTERED,4 Albert Highway,,Ramos de Peixoto,GB,Ogliastra,03472,TRUE
4538,4538,REGISTERED,"Incrocio Garibaldi, 0 Piano 7",,طامحfort,DE,Albacete,01165,TRUE
4539,4539,REGISTERED,702 坂本 Street,,Camargo,US,Prato,68170,TRUE
4540,4540,REGISTERED,"Viale Prati, 120 Piano 5",,Nascimento,NL,Pordenone,17021,TRUE
4541,4541,REGISTERED,531 نور الدين Knoll Apt. 823,,New Heathermouth,NL,Missouri,78293,TRUE
4542,4542,REGISTERED,94091 بنو الأسمر Dam Suite 537,,白井市,US,Álava,96074,TRUE
4543,4543,REGISTERED,"Vicolo Zanichelli, 0",,長生郡長生村,TR,Saarland,81129,TRUE
4544,4544,REGISTERED,Jäntschring 92,,Casa Grande das Pedras,GB,Indiana,325-6433,TRUE
4545,4545,REGISTERED,99 Johnston Haven,,Port رسمي,US,Tarragona,55901,TRUE
4546,4546,REGISTERED,Travessa de da Conceição,,Cirino,PA,South Carolina,05289,TRUE
4547,4547,REGISTERED,506 石井 Street,,Ourense,GB,Almería,061-9667,TRUE
4548,4548,REGISTERED,"Incrocio Raimondo, 38 Piano 6",,Vaiano Cremasco,PA,Reggio Calabria,25734,TRUE
4549,4549,REGISTERED,Jolanda-Ruppert-Straße 5-1,,طقشville,SE,Rheinland-Pfalz,13373,TRUE
4550,4550,REGISTERED,442 石井 Street,,Höxter,GB,Hamburg,44719,TRUE
4551,4551,REGISTERED,Paseo de Verónica Lladó 557,,North سائد,GB,Niedersachsen,00733248,TRUE
4552,4552,REGISTERED,"Viela Lima, 60",,Calau,DE,Brandenburg,03328361,TRUE
4553,4553,REGISTERED,"93, boulevard Christophe Boyer",,North نوالview,FR,Mato Grosso do Sul,36347095,TRUE
4554,4554,REGISTERED,335 岡本 Street,,Pinneberg,TR,Soria,32715,TRUE
4555,4555,REGISTERED,"Stretto Juvara, 21",,稲城市,KY,Baden-Württemberg,75541,TRUE
4556,4556,REGISTERED,289 بنو حنيفة Valley,,Ostia Di Borgo Val Di Taro,NG,Rheinland-Pfalz,54016,TRUE
4557,4557,REGISTERED,54808 رخاء Hills Suite 091,,Boves,TR,Rondônia,38288,TRUE
4558,4558,REGISTERED,"Flat 0
Jeremy Glen",,South Davidton,NL,Baden-Württemberg,17002,TRUE
4559,4559,REGISTERED,586 Mccoy Court Suite 971,,الجعليينbury,ES,Thüringen,40106836,TRUE
4560,4560,REGISTERED,Viela Alves,,Cuenca,CA,Pará,961-7650,TRUE
4561,4561,REGISTERED,Bolzmannring 9499,,Cassiano do Campo,IT,Reggio Emilia,80215,TRUE
4562,4562,REGISTERED,"15, rue Munoz",,Ciudad,PA,Sachsen-Anhalt,72847,TRUE
4563,4563,REGISTERED,06197 Jessica Extensions Apt. 004,,Aparecida,CH,Arizona,78312,TRUE
4564,4564,REGISTERED,"Studio 1
Noble Ramp",,North عادلshire,AU,Vercelli,61832,TRUE
4565,4565,REGISTERED,4862 Martin Court,,Badajoz,AU,Cantabria,65496,TRUE
4566,4566,REGISTERED,"Flat 38
Robert Ford",,横浜市保土ケ谷区,NL,Sachsen,G0H 0PJ,TRUE
4567,4567,REGISTERED,3842 المهرة Drive,,Nelsonbury,JP,Washington,53064,TRUE
4568,4568,REGISTERED,873 Abigail Turnpike Suite 587,,Stramentizzo,IT,Colorado,64207,TRUE
4569,4569,REGISTERED,"Rua Júlia Brito, 29",,Jenniferhaven,AU,Brescia,43148,TRUE
4570,4570,REGISTERED,Cañada de Miguel Sanz 86,,بنو الأسمرland,GB,Bayern,38991-876,TRUE
4571,4571,REGISTERED,Klingelhöferstr. 783,,Navarra,US,Bayern,70294,TRUE
4572,4572,REGISTERED,907 Stephanie Greens,,Cremolino,PA,Oklahoma,554-3116,TRUE
4573,4573,REGISTERED,1046 Gregory Harbors,,Port مشرقville,IT,Cremona,67832,TRUE
4574,4574,REGISTERED,66559 Jackson River Suite 781,,Lake Nicolemouth,SG,Virginia,189-6700,TRUE
4575,4575,REGISTERED,224 佐藤 Street,,New Holly,IT,Melilla,87626748,TRUE
4576,4576,REGISTERED,Schlosserweg 2-8,,Lake Amber,GB,South Carolina,90013,TRUE
4577,4577,REGISTERED,Florentine-Atzler-Ring 55/48,,New فتوحville,FR,Salamanca,67051,TRUE
4578,4578,REGISTERED,"Via Montessori, 56",,Lake ابتكارfort,NL,Varese,412-2331,TRUE
4579,4579,REGISTERED,08610 Walter Parkways,,青梅市,US,Latina,56603,TRUE
4580,4580,REGISTERED,"Feira de Vasconcelos, 22",,Powerside,GB,Badajoz,59013,TRUE
4581,4581,REGISTERED,080 Hunt Roads,,Teterow,JP,Sassari,03678870,TRUE
4582,4582,REGISTERED,"91, boulevard de Noël",,East Sandraberg,TR,Cuenca,722-6673,TRUE
4583,4583,REGISTERED,Camino de Emelina Gallo 7,,Lake Stephanie,GB,Cantabria,91748,TRUE
4584,4584,REGISTERED,732 ممدوح Oval Suite 239,,稲城市,CA,Mecklenburg-Vorpommern,16300-566,TRUE
4585,4585,REGISTERED,"Flat 64q
Sharon Alley",,Delitzsch,DE,Arizona,23811,TRUE
4586,4586,REGISTERED,"Vicolo Inzaghi, 22 Appartamento 8",,East Darren,FR,Firenze,30951,TRUE
4587,4587,REGISTERED,"Travessa de Monteiro, 10",,Roding,IT,Amapá,905-1888,TRUE
4588,4588,REGISTERED,013 رائف Ports Suite 387,,Rovere' Veronese,FR,Nordrhein-Westfalen,83618,TRUE
4589,4589,REGISTERED,Henschelplatz 50-76,,Álava,FR,Tocantins,S0S 0GN,TRUE
4590,4590,REGISTERED,"Lagoa Melina Costa, 33",,da Costa,SE,Reggio Calabria,33036-835,TRUE
4591,4591,REGISTERED,610 山崎 Street,,Platt,NL,Zaragoza,54271456,TRUE
4592,4592,REGISTERED,"37, avenue de Voisin",,مسرورport,CA,Minas Gerais,37091004,TRUE
4593,4593,REGISTERED,701 Steven Drives,,da Mota da Serra,GB,Rondônia,94597,TRUE
4594,4594,REGISTERED,4058 الأزد Fork,,Pasiano Di Pordenone,SE,Almería,352-5874,TRUE
4595,4595,REGISTERED,789 田中 Street,,Lake Michael,IT,Tarragona,50321,TRUE
4596,4596,REGISTERED,459 خالد Plain Suite 034,,横浜市栄区,IT,Texas,596-5637,TRUE
4597,4597,REGISTERED,"Alameda Vieira, 134",,八丈島八丈町,ZA,Goiás,82011,TRUE
4598,4598,REGISTERED,"Canale Pederiva, 39 Appartamento 23",,Rostock,ES,Massachusetts,19675,TRUE
4599,4599,REGISTERED,168 清水 Street,,Melle,US,Maranhão,39925,TRUE
4600,4600,REGISTERED,boulevard Dorothée De Sousa,,Toledo,IT,Vizcaya,91079,TRUE
4601,4601,REGISTERED,Hannchen-Mühle-Gasse 99,,Barcelona,MM,Minas Gerais,81036-345,TRUE
4602,4602,REGISTERED,0652 لخم Expressway,,هذيلberg,CA,Georgia,46831,TRUE
4603,4603,REGISTERED,C. de Eva Alcalde 61,,Barbeano,US,Frosinone,54192,TRUE
4604,4604,REGISTERED,642 حنفي Canyon,,South Curtisfurt,NG,Pisa,20142,TRUE
4605,4605,REGISTERED,"298, chemin Diane Goncalves",,Chartier,US,Bolzano,38681-029,TRUE
4606,4606,REGISTERED,90 Joanne Harbors,,East سجاport,ZA,Bahia,40010,TRUE
4607,4607,REGISTERED,"7, boulevard de Delannoy",,目黒区,GB,Missouri,41056,TRUE
4608,4608,REGISTERED,433 加藤 Street,,Barros,MM,Baleares,27055,TRUE
4609,4609,REGISTERED,"Via Zacco, 63",,Lemoinenec,ZA,Mecklenburg-Vorpommern,42139172,TRUE
4610,4610,REGISTERED,"9, avenue Hubert",,Soltau,CA,Zamora,01143,TRUE
4611,4611,REGISTERED,Pasaje de Ramón Berenguer 88 Puerta 5 ,,Port Richardton,ES,Texas,06300,TRUE
4612,4612,REGISTERED,"13, rue de Richard",,Lake Kimborough,ZA,Hawaii,SW0A 9ZL,TRUE
4613,4613,REGISTERED,Plaza Felisa Guardia 76 Apt. 35 ,,Lake Peterfurt,IR,Kentucky,52077-297,TRUE
4614,4614,REGISTERED,"Passarela Sampaio, 1",,العسليbury,NL,Rio Grande do Norte,03277,TRUE
4615,4615,REGISTERED,"Flat 57
Jill Isle",,Albacete,JP,Bahia,IG7 8PQ,TRUE
4616,4616,REGISTERED,"Travessa de Melo, 87",,武蔵村山市,IT,La Rioja,20057,TRUE
4617,4617,REGISTERED,2039 Jensen Plains Suite 937,,横浜市中区,US,Olbia-Tempio,71039,TRUE
4618,4618,REGISTERED,6139 Heather Squares Suite 595,,Sainte Laetitia,DE,Ciudad,02040,TRUE
4619,4619,REGISTERED,Plaza Leandro Gálvez 582 Piso 1 ,,West Paige,GB,Bahia,73399,TRUE
4620,4620,REGISTERED,81 Moore Isle,,المرازيقmouth,IT,Maine,30179,TRUE
4621,4621,REGISTERED,Acceso de Nicodemo Alcolea 762 Apt. 40 ,,Murcia,FR,Valencia,21401,TRUE
4622,4622,REGISTERED,"8, rue Samson",,Possidente,ES,Alabama,56812,TRUE
4623,4623,REGISTERED,"Studio 4
Hannah Stravenue",,Roccapiemonte,PA,Oklahoma,06949,TRUE
4624,4624,REGISTERED,69760 ميار Landing,,Albacete,BS,Arizona,W77 2ZR,TRUE
4625,4625,REGISTERED,"Piazza Salvo, 82",,Charlotteton,SE,Matera,40600,TRUE
4626,4626,REGISTERED,"Ladeira da Rosa, 166",,South حسن,SY,Kansas,39783,TRUE
4627,4627,REGISTERED,016 岡本 Street,,Toledo,GB,Huesca,933-1447,TRUE
4628,4628,REGISTERED,"96, avenue Cécile Louis",,我孫子市,BS,Idaho,81299,TRUE
4629,4629,REGISTERED,6 Andrea Cove,,Chauveau-sur-Tanguy,ZA,West Virginia,41835,TRUE
4630,4630,REGISTERED,C. Álvaro Rocha 6,,East بهاء,TR,Baden-Württemberg,69095,TRUE
4631,4631,REGISTERED,"696, avenue Mathilde Raynaud",,La Rioja,US,Melilla,04353,TRUE
4632,4632,REGISTERED,"Strada Massimo, 7 Piano 2",,Ourense,ZA,Bayern,01588,TRUE
4633,4633,REGISTERED,Ronda de Jenny Espada 626,,Jameschester,SE,Colorado,23816,TRUE
4634,4634,REGISTERED,2311 Tyler Trafficway Suite 215,,Fogaça de Goiás,CH,Livorno,85593-329,TRUE
4635,4635,REGISTERED,"876, rue Margaret Valette",,Biedenkopf,NL,Ávila,26005,TRUE
4636,4636,REGISTERED,"Flat 34
Malcolm Crossing",,da Mota de Cassiano,GB,Isernia,12015,TRUE
4637,4637,REGISTERED,"77, boulevard de Mendès",,西東京市,NL,Nordrhein-Westfalen,16123,TRUE
4638,4638,REGISTERED,Avenida Rafa Campoy 20,,千代田区,PA,Illinois,20974,TRUE
4639,4639,REGISTERED,"Canale Borromini, 21",,East Terry,SG,Segovia,S01 5SZ,TRUE
4640,4640,REGISTERED,507 佐藤 Street,,横浜市都筑区,GB,Baden-Württemberg,80351,TRUE
4641,4641,REGISTERED,49352 Michelle Highway Suite 778,,Castellón,DE,Lecce,01022,TRUE
4642,4642,REGISTERED,"Via Giuliano, 468 Piano 1",,青梅市,SY,South Carolina,38020,TRUE
4643,4643,REGISTERED,"Rotonda Argentero, 53 Piano 9",,Sevilla,TR,Oklahoma,25719,TRUE
4644,4644,REGISTERED,747 高橋 Street,,Ciudad,BS,Nuoro,25022,TRUE
4645,4645,REGISTERED,5799 نوره Ridges,,Daychester,NL,Maranhão,56028,TRUE
4646,4646,REGISTERED,779 鈴木 Street,,Fernandes de Oliveira,US,Amazonas,73848,TRUE
4647,4647,REGISTERED,Avenida de Sabas Córdoba 64,,La Coruña,KY,Montana,32827,TRUE
4648,4648,REGISTERED,"Studio 10
Bates Tunnel",,Husum,RU,Bahia,97351,TRUE
4649,4649,REGISTERED,18205 Gray Branch Suite 950,,Evanchester,DE,Bremen,17508,TRUE
4650,4650,REGISTERED,C. Ofelia Giralt 54 Piso 9 ,,Johnmouth,GB,Enna,09431,TRUE
4651,4651,REGISTERED,Scholzstraße 759,,Sauvage-sur-Pages,NL,Matera,86537,TRUE
4652,4652,REGISTERED,"Passarela de Barbosa, 99",,Costa do Sul,GB,Sachsen,46905,TRUE
4653,4653,REGISTERED,Paseo Seve Castelló 29,,East خطيبside,AU,Arizona,54754,TRUE
4654,4654,REGISTERED,Oderwaldweg 65,,Pamelabury,GB,Amazonas,31964,TRUE
4655,4655,REGISTERED,9667 الأزد Avenue,,Segovia,PA,Vermont,846-1570,TRUE
4656,4656,REGISTERED,534 橋本 Street,,Guardia Piemontese Marina,CA,Sachsen-Anhalt,17645,TRUE
4657,4657,REGISTERED,Schottinallee 2-5,,Meißen,RU,Piauí,23881,TRUE
4658,4658,REGISTERED,"Rotonda Emo, 16",,Güstrow,GB,Napoli,79126,TRUE
4659,4659,REGISTERED,57036 Williams Extensions Suite 236,,Fernandes-sur-Mer,NL,Segovia,18986-104,TRUE
4660,4660,REGISTERED,"Canale Foletti, 123 Piano 3",,سلطانbury,KY,Caserta,632-8880,TRUE
4661,4661,REGISTERED,"Viale Volta, 13 Piano 8",,横浜市都筑区,GB,Girona,14057,TRUE
4662,4662,REGISTERED,1956 الفتياني Neck Apt. 912,,Guadalajara,ES,Iowa,18070,TRUE
4663,4663,REGISTERED,"681, avenue de Rolland",,Duncanview,FR,La Rioja,WN37 4GE,TRUE
4664,4664,REGISTERED,866 佐藤 Street,,Sangerhausen,BS,Niedersachsen,79245,TRUE
4665,4665,REGISTERED,7930 ظهير Lodge,,Aue,JP,Rio Grande do Norte,03250,TRUE
4666,4666,REGISTERED,"Vale de Borges, 70",,Bourdon,NL,Maryland,68357150,TRUE
4667,4667,REGISTERED,"Studio 37
Bruce Cove",,横浜市神奈川区,RU,Bremen,E7 8SB,TRUE
4668,4668,REGISTERED,Vial Alfredo Gaya 98 Piso 2 ,,سجىtown,JP,Arizona,N82 2HX,TRUE
4669,4669,REGISTERED,61177 Singh Inlet Apt. 497,,Brito da Mata,DE,Sevilla,75899,TRUE
4670,4670,REGISTERED,"Studio 7
Helen Club",,Segovia,CA,Toledo,G7W 0BH,TRUE
4671,4671,REGISTERED,280 藤原 Street,,North Kevin,TR,Virginia,N7 1JS,TRUE
4672,4672,REGISTERED,"Vereda Lívia Monteiro, 88",,زبيرland,AU,Rhode Island,21639769,TRUE
4673,4673,REGISTERED,103 太田 Street,,Dupuisboeuf,ES,Parma,30245,TRUE
4674,4674,REGISTERED,933 حمير Brooks,,Port Guytown,US,Nebraska,G6 1GD,TRUE
4675,4675,REGISTERED,35443 بعلبكي Drive,,大網白里市,DE,Sachsen,48826613,TRUE
4676,4676,REGISTERED,Cañada Rosalía Gutiérrez 50,,Gemmamouth,FR,Schleswig-Holstein,S87 5HP,TRUE
4677,4677,REGISTERED,"Rotonda Liliana, 95",,الدقاقville,IT,Wyoming,B11 0YN,TRUE
4678,4678,REGISTERED,Knud-Klemm-Weg 69-20,,Toledo,IT,Sevilla,12838,TRUE
4679,4679,REGISTERED,"Vicolo Cabibbo, 92",,Ravina,ES,New Jersey,51809,TRUE
4680,4680,REGISTERED,7980 كريم Shoals Apt. 023,,West Lydia,GB,Niedersachsen,04532,TRUE
4681,4681,REGISTERED,78917 كمال Village,,Capoliveri,FR,Niedersachsen,L5B 1FB,TRUE
4682,4682,REGISTERED,Parque Dom Nascimento,,Weißwasser,FR,North Dakota,00523,TRUE
4683,4683,REGISTERED,Kästergasse 863,,江東区,FR,Idaho,06943-579,TRUE
4684,4684,REGISTERED,180 佐々木 Street,,Alicemouth,DE,Ávila,09819,TRUE
4685,4685,REGISTERED,350 Bradley Mission,,Pfalzen,CA,Almería,19916,TRUE
4686,4686,REGISTERED,3702 عجرمة (العجارمة) Fall,,Nascimento da Praia,RU,Mato Grosso,469-6276,TRUE
4687,4687,REGISTERED,"Viaduto Pires, 420",,Lake Jordan,GB,Soria,36234,TRUE
4688,4688,REGISTERED,453 Fletcher Isle,,Valvasone Arzene,RU,Thüringen,22030,TRUE
4689,4689,REGISTERED,33274 رامي Valley,,North إباءton,RU,Louisiana,40906,TRUE
4690,4690,REGISTERED,23830 Vaughn Trafficway,,Ravascletto,NG,Connecticut,49766903,TRUE
4691,4691,REGISTERED,384 加藤 Street,,South Sheila,IT,Thüringen,01386,TRUE
4692,4692,REGISTERED,895 斉藤 Street,,da Mata,ZA,Ohio,616-2345,TRUE
4693,4693,REGISTERED,5161 Brian Forges Apt. 785,,Querfurt,MM,Bayern,39433,TRUE
4694,4694,REGISTERED,Kristina-Bachmann-Ring 77,,Wertingen,NL,Espírito Santo,85046,TRUE
4695,4695,REGISTERED,"Borgo Ninetta, 380",,حب رمانmouth,YE,Idaho,19916444,TRUE
4696,4696,REGISTERED,Pasaje Albano Manjón 1,,Saint Bernadette,KY,Paraná,83714,TRUE
4697,4697,REGISTERED,879 تاليا Springs Apt. 348,,Garciahaven,DE,Wyoming,SM85 9HF,TRUE
4698,4698,REGISTERED,738 سراج الدّين Lock Suite 777,,Montenegro Paulista,DE,Sergipe,06572,TRUE
4699,4699,REGISTERED,0670 وليف Cove Apt. 930,,Bad Freienwalde,CA,Mato Grosso,43803,TRUE
4700,4700,REGISTERED,"Studio 36w
Bernard Lakes",,Saint Christophe,SE,North Carolina,31713,TRUE
4701,4701,REGISTERED,1203 Williams Unions,,Lucas,RU,Hessen,37548,TRUE
4702,4702,REGISTERED,Undine-Austermühle-Gasse 1689,,Asturias,DE,Lugo,90328,TRUE
4703,4703,REGISTERED,687 田中 Street,,Ciudad,GB,Granada,61925,TRUE
4704,4704,REGISTERED,88445 Burton Summit Apt. 039,,Lake Suzanneshire,JP,Padova,27363,TRUE
4705,4705,REGISTERED,"Studio 55
Gordon Roads",,South Emily,NL,Washington,37644,TRUE
4706,4706,REGISTERED,1 Atkins Fork,,横浜市港北区,US,Sachsen-Anhalt,80166,TRUE
4707,4707,REGISTERED,631 山口 Street,,Toledo,IR,Albacete,15153-601,TRUE
4708,4708,REGISTERED,327 岡田 Street,,Aschaffenburg,US,Baden-Württemberg,528-0061,TRUE
4709,4709,REGISTERED,16823 عالم Throughway,,Aparecida,ES,Hamburg,689-5670,TRUE
4710,4710,REGISTERED,"Flat 25
Barnes Ports",,Oberolang,US,Huesca,26148,TRUE
4711,4711,REGISTERED,Callejón Felix Navas 6,,New Melissaburgh,NG,Delaware,96905,TRUE
4712,4712,REGISTERED,1169 الحلواني Drive Apt. 861,,Lake Jacobview,TR,Isernia,01185,TRUE
4713,4713,REGISTERED,Camino Gerónimo Pol 44 Piso 7 ,,神津島村,DE,Louisiana,59404-747,TRUE
4714,4714,REGISTERED,86182 Robert Lodge,,神津島村,US,Maine,180-2732,TRUE
4715,4715,REGISTERED,9 Billy Trail,,Scottton,IT,Georgia,20162,TRUE
4716,4716,REGISTERED,"7, boulevard de Bazin",,Leleu-sur-Collin,DE,Minnesota,BB5 4ZZ,TRUE
4717,4717,REGISTERED,2353 غنيم Park,,Bad Freienwalde,AU,Verona,142-9486,TRUE
4718,4718,REGISTERED,"Núcleo Enzo Barbosa, 613",,Ávila,IR,West Virginia,44698,TRUE
4719,4719,REGISTERED,"Rotonda Flavia, 1 Piano 2",,Guerra da Prata,US,Reggio Emilia,21511,TRUE
4720,4720,REGISTERED,Peukertweg 13,,Blin-sur-Mer,KY,Jaén,30310,TRUE
4721,4721,REGISTERED,C. de Mónica Pavón 168 Piso 5 ,,Legros,ZA,Georgia,17235,TRUE
4722,4722,REGISTERED,915 石川 Street,,Lake William,KY,Granada,220-7836,TRUE
4723,4723,REGISTERED,"Incrocio Priscilla, 9 Piano 7",,Ferreira,IT,Sachsen,29866,TRUE
4724,4724,REGISTERED,Ronda de Hipólito Peña 7,,Ravensburg,ES,Baden-Württemberg,80618,TRUE
4725,4725,REGISTERED,"Passarela Stella Freitas, 624",,Denis,JP,Baden-Württemberg,17860,TRUE
4726,4726,REGISTERED,Pasaje Feliciana Lasa 98,,Olpe,FR,Palencia,84019,TRUE
4727,4727,REGISTERED,"92, rue de Germain",,長生郡白子町,US,New York,20371,TRUE
4728,4728,REGISTERED,Plaza de Tatiana Carrera 62,,中央区,DE,Palencia,LD75 9FG,TRUE
4729,4729,REGISTERED,"Morro de Machado, 6",,North Stevenport,NL,Brescia,L94 7UQ,TRUE
4730,4730,REGISTERED,04901 Cordova Stravenue Apt. 594,,Teruel,TR,Saarland,SG7B 8SQ,TRUE
4731,4731,REGISTERED,628 山田 Street,,Peterchester,PA,Perugia,142-7403,TRUE
4732,4732,REGISTERED,Tülay-Hornig-Platz 84/54,,Popiglio,IT,Niedersachsen,09025,TRUE
4733,4733,REGISTERED,0294 Kristin Knolls,,West Stevenville,FR,Ceará,31283,TRUE
4734,4734,REGISTERED,"76, avenue de Chauvin",,Gonnosfanadiga,YE,Kentucky,44809,TRUE
4735,4735,REGISTERED,"Studio 64i
Lydia Brook",,Saint ÉliseVille,BS,Arkansas,46415,TRUE
4736,4736,REGISTERED,"Studio 74
Zoe Mall",,横浜市南区,JP,Burgos,51350,TRUE
4737,4737,REGISTERED,2583 خالد Club Suite 014,,Schwäbisch Hall,GB,Berlin,28837,TRUE
4738,4738,REGISTERED,621 ظهير Walk,,das Neves de Casa Grande,US,Texas,32307,TRUE
4739,4739,REGISTERED,195 佐々木 Street,,中野区,JP,Girona,48099,TRUE
4740,4740,REGISTERED,"Viale Semitecolo, 53 Appartamento 83",,横浜市磯子区,AU,Sachsen-Anhalt,60294,TRUE
4741,4741,REGISTERED,Jäntschplatz 4,,Boyer,ES,Sachsen-Anhalt,00258,TRUE
4742,4742,REGISTERED,Cañada Amaya Maestre 5,,Cloppenburg,MM,Niedersachsen,G8F 5EA,TRUE
4743,4743,REGISTERED,Steyplatz 71,,Jaén,DE,Brindisi,81039,TRUE
4744,4744,REGISTERED,64460 Collins Lodge Apt. 774,,Güstrow,CA,Belluno,70406,TRUE
4745,4745,REGISTERED,825 前田 Street,,Bouvet-la-Forêt,FR,Rio Grande do Sul,TR85 9PJ,TRUE
4746,4746,REGISTERED,450 Danielle Stream,,横浜市神奈川区,DE,Wisconsin,73459,TRUE
4747,4747,REGISTERED,Klothilde-Krein-Weg 567,,Port مُرضي,DE,Delaware,18503,TRUE
4748,4748,REGISTERED,"Contrada Cattaneo, 2",,Lévêque,RU,Sachsen-Anhalt,26554,TRUE
4749,4749,REGISTERED,"Studio 18G
Murphy Mission",,豊島区,BS,Arkansas,82173,TRUE
4750,4750,REGISTERED,8320 Robinson Underpass Apt. 743,,خولانside,US,Ohio,80174,TRUE
4751,4751,REGISTERED,"Vereda Novaes, 79",,Gonçalves,ES,Georgia,71846,TRUE
4752,4752,REGISTERED,"Borgo Coluccio, 61 Piano 8",,Ciudad,GB,Bremen,07413,TRUE
4753,4753,REGISTERED,025 坂本 Street,,西多摩郡日の出町,IT,North Dakota,384-4095,TRUE
4754,4754,REGISTERED,"Vicolo Bosurgi, 991",,Tuttlingen,NG,Reggio Calabria,46379538,TRUE
4755,4755,REGISTERED,Setor Daniel Porto,,西多摩郡檜原村,JP,Nuoro,11850,TRUE
4756,4756,REGISTERED,"Residencial Pimenta, 413",,Chauvin,YE,Bayern,984-1128,TRUE
4757,4757,REGISTERED,Beatrice-Butte-Weg 25,,New Trevor,ZA,Nebraska,73801,TRUE
4758,4758,REGISTERED,786 岡田 Street,,La Serra,IR,Paraíba,57109974,TRUE
4759,4759,REGISTERED,"Via Giorgetti, 536 Appartamento 24",,Lamport,KP,Ourense,81121,TRUE
4760,4760,REGISTERED,"Stretto Marrone, 42 Piano 0",,Rossi,NL,Pará,11297,TRUE
4761,4761,REGISTERED,Camino Ema Zurita 6,,Beeskow,FR,Nordrhein-Westfalen,37165-524,TRUE
4762,4762,REGISTERED,"Chácara Silveira, 4",,八丈島八丈町,JP,Mato Grosso do Sul,50497,TRUE
4763,4763,REGISTERED,"Pátio Albuquerque, 856",,East مرتقيborough,RU,Amazonas,32377,TRUE
4764,4764,REGISTERED,491 Stevens Plain,,East Lukeland,US,Brindisi,89389,TRUE
4765,4765,REGISTERED,"331, rue Étienne Toussaint",,Ciudad,IT,Sachsen-Anhalt,14698,TRUE
4766,4766,REGISTERED,37088 القزاز Camp Apt. 750,,Glen,US,Nebraska,58211,TRUE
4767,4767,REGISTERED,456 福田 Street,,Siegen,DE,Montana,KA94 0UP,TRUE
4768,4768,REGISTERED,"Vila de Campos, 58",,Port نادر,ZA,Enna,267-5687,TRUE
4769,4769,REGISTERED,Slobodan-Faust-Gasse 8/8,,Marienberg,IT,Parma,293-0228,TRUE
4770,4770,REGISTERED,1187 البيسار القعقور Squares Suite 019,,Thierry-sur-Mer,TR,Hamburg,47993,TRUE
4771,4771,REGISTERED,3019 ضحّاك Lodge Apt. 316,,Martins do Amparo,MM,Alabama,83666-846,TRUE
4772,4772,REGISTERED,"228, boulevard Albert",,Fallingbostel,RU,São Paulo,84029,TRUE
4773,4773,REGISTERED,"Viale Zoppetti, 7",,West Mandyfurt,CA,Pontevedra,05803,TRUE
4774,4774,REGISTERED,Nohlmansgasse 6-6,,خثعمtown,NL,Roraima,158-6353,TRUE
4775,4775,REGISTERED,"Parque Antony Costa, 77",,Caneva,US,Valencia,39907,TRUE
4776,4776,REGISTERED,"3, chemin Camille Schmitt",,横浜市神奈川区,IT,North Dakota,11685,TRUE
4777,4777,REGISTERED,219 佐々木 Street,,Almeida,MM,Brandenburg,35418,TRUE
4778,4778,REGISTERED,"17, chemin de Boulanger",,Brenta,CA,Vibo Valentia,48336,TRUE
4779,4779,REGISTERED,"Flat 48
Mary Vista",,Davidhaven,SE,Espírito Santo,17719,TRUE
4780,4780,REGISTERED,52 Shepherd Green,,Albacete,GB,Oristano,54823,TRUE
4781,4781,REGISTERED,"956, avenue Joséphine Fouquet",,Andreafurt,PA,La Rioja,00423,TRUE
4782,4782,REGISTERED,4 Diane Union,,Saint Sophienec,CA,North Carolina,05497,TRUE
4783,4783,REGISTERED,496 橋本 Street,,da Rocha,GB,Niedersachsen,29152,TRUE
4784,4784,REGISTERED,"34, rue de Lacombe",,Mahe-la-Forêt,ES,Washington,368-6438,TRUE
4785,4785,REGISTERED,Trappring 4620,,大島町,RU,Zamora,339-4328,TRUE
4786,4786,REGISTERED,212 佐藤 Street,,Pearcehaven,IT,Amapá,91740,TRUE
4787,4787,REGISTERED,Pátio Nogueira,,Pereira,DE,Varese,95658,TRUE
4788,4788,REGISTERED,38076 الامام Creek,,立川市,DE,Arkansas,95438285,TRUE
4789,4789,REGISTERED,"Contrada Paulina, 85 Piano 3",,New لتين,US,Jaén,47854,TRUE
4790,4790,REGISTERED,Thekla-Weller-Weg 1-9,,Guerra,FR,Hessen,35760,TRUE
4791,4791,REGISTERED,"85, rue Bonneau",,New Brandonside,IR,Kansas,53904,TRUE
4792,4792,REGISTERED,58603 هلالي Union Apt. 709,,Soria,IR,Amazonas,724-9826,TRUE
4793,4793,REGISTERED,88 Jean Harbors,,Farias do Sul,NG,Segovia,262-8706,TRUE
4794,4794,REGISTERED,04345 جهراء Brooks Apt. 045,,南房総市,BS,New Jersey,041-2653,TRUE
4795,4795,REGISTERED,Rambla de Eutimio Bello 16 Piso 5 ,,Corno Giovine,NL,Cantabria,54480,TRUE
4796,4796,REGISTERED,93536 علي Wells Apt. 672,,Duarte da Prata,PA,Granada,339-9081,TRUE
4797,4797,REGISTERED,Via de Noé Ribas 43 Puerta 4 ,,Almeida das Flores,US,Baden-Württemberg,65726,TRUE
4798,4798,REGISTERED,"Fazenda Kevin Costela, 20",,Guillon,FR,Verona,19479,TRUE
4799,4799,REGISTERED,3 Hall Run,,South Kenneth,TR,Alagoas,03948,TRUE
4800,4800,REGISTERED,"Largo Rodrigo Teixeira, 69",,South Tracey,US,Ceuta,PR0X 5SU,TRUE
4801,4801,REGISTERED,198 森 Street,,港区,SG,Verona,27008,TRUE
4802,4802,REGISTERED,Müllerstraße 19/68,,عبد الجبّارchester,BS,Genova,94753,TRUE
4803,4803,REGISTERED,425 鈴木 Street,,West Don,JP,Sachsen-Anhalt,B94 0NS,TRUE
4804,4804,REGISTERED,rue Sophie Lesage,,Staffelstein,IT,Avellino,09430,TRUE
4805,4805,REGISTERED,Luzia-Hentschel-Straße 94,,Vanga,IR,New Hampshire,20508,TRUE
4806,4806,REGISTERED,804 中村 Street,,New Rachelburgh,IT,Cosenza,97665,TRUE
4807,4807,REGISTERED,9074 طسم Causeway,,Kulmbach,SE,Nebraska,20807,TRUE
4808,4808,REGISTERED,Berend-Löchel-Straße 571,,Murrayport,AU,Goiás,74147,TRUE
4809,4809,REGISTERED,"Stretto Priscilla, 5 Appartamento 8",,da Cunha dos Dourados,SE,Barletta-Andria-Trani,93988-058,TRUE
4810,4810,REGISTERED,Rohtring 48/63,,Nunes do Oeste,JP,Palencia,09012,TRUE
4811,4811,REGISTERED,"Via Monteiro, 20",,Rossfurt,DE,California,27412,TRUE
4812,4812,REGISTERED,Pasadizo Sandalio Montero 47,,شكيبborough,KY,Schleswig-Holstein,26303934,TRUE
4813,4813,REGISTERED,45148 Ronald Drive Suite 524,,السيفيbury,DE,Espírito Santo,68660,TRUE
4814,4814,REGISTERED,"33, rue Matthieu Bouvier",,Bresseo,KP,Montana,95033,TRUE
4815,4815,REGISTERED,"Esplanada Maria Alice Guerra, 19",,East ممدوح,DE,Saarland,811-7190,TRUE
4816,4816,REGISTERED,9900 Raymond Canyon Suite 349,,Bentleyberg,CA,South Carolina,29911,TRUE
4817,4817,REGISTERED,Ronda Jafet Corominas 8 Piso 0 ,,Civiglio,JP,Idaho,41936,TRUE
4818,4818,REGISTERED,892 Jennifer Park,,Morin,KY,Vermont,60222,TRUE
4819,4819,REGISTERED,Cuesta Soledad Valle 93,,BoulayBourg,GB,Fermo,40567197,TRUE
4820,4820,REGISTERED,Via de Pepita Ramirez 95 Apt. 11 ,,Mendonça do Sul,PA,Sachsen-Anhalt,13883,TRUE
4821,4821,REGISTERED,5716 حنفي Villages,,da Mota,RU,Mato Grosso,317-7508,TRUE
4822,4822,REGISTERED,663 Ronald Islands,,Espinozashire,GB,New Mexico,86081,TRUE
4823,4823,REGISTERED,"Via Alina, 3",,Campos Alegre,ES,Michigan,75806,TRUE
4824,4824,REGISTERED,"Strada Scarponi, 765",,Barcelona,CH,Amazonas,21191,TRUE
4825,4825,REGISTERED,"Estrada Duarte, 255",,Lake Paige,RU,Pernambuco,63280,TRUE
4826,4826,REGISTERED,5504 الرباب Extension,,Saint OlivierBourg,TR,Utah,06551,TRUE
4827,4827,REGISTERED,58818 Costa River Apt. 330,,Waynestad,RU,Distrito Federal,425-2214,TRUE
4828,4828,REGISTERED,657 عبد الخالق Heights Apt. 938,,Lucas,FR,Baden-Württemberg,92860,TRUE
4829,4829,REGISTERED,956 عزّت Stravenue Suite 928,,West Justin,ES,Washington,M5 3PL,TRUE
4830,4830,REGISTERED,"Flat 8
Morris Mountain",,横浜市旭区,NG,Piauí,662-1297,TRUE
4831,4831,REGISTERED,Celal-Gotthard-Platz 30-84,,Vizcaya,SY,Texas,791-1465,TRUE
4832,4832,REGISTERED,"Recanto Arthur Gabriel Viana, 291",,Colemanberg,SG,Sergipe,CB1 3BJ,TRUE
4833,4833,REGISTERED,Via Felix Ríos 585 Apt. 41 ,,Chartierboeuf,IR,Tarragona,85564,TRUE
4834,4834,REGISTERED,490 Rodriguez Point,,Viechtach,IR,Iowa,54304,TRUE
4835,4835,REGISTERED,3720 حاشد Mission,,East Robert,SE,Valencia,26122,TRUE
4836,4836,REGISTERED,"Piazza Delle, 43 Appartamento 58",,Hannoversch Münden,CH,Vicenza,86587-485,TRUE
4837,4837,REGISTERED,"4, avenue Émilie Hoarau",,North Rebekahville,DE,Louisiana,82556,TRUE
4838,4838,REGISTERED,8125 ناضر Mountain,,我孫子市,NG,Lleida,32933,TRUE
4839,4839,REGISTERED,"76, chemin Aubert",,South Megan,GB,Amapá,02184,TRUE
4840,4840,REGISTERED,56688 Santos Pines Apt. 524,,Derekbury,JP,Rio Grande do Norte,77056,TRUE
4841,4841,REGISTERED,"Contrada Rosaria, 60 Appartamento 89",,Valladolid,SY,Massachusetts,97632,TRUE
4842,4842,REGISTERED,"49, rue de Thibault",,Tecklenburg,ES,Virginia,381-6498,TRUE
4843,4843,REGISTERED,"Vicolo Valentino, 27",,Granzette,KY,Brandenburg,WR4 7TA,TRUE
4844,4844,REGISTERED,2 Fletcher Place,,小金井市,US,Alicante,10050,TRUE
4845,4845,REGISTERED,0065 عبد الحكيم Overpass,,Allume,US,Amapá,67184,TRUE
4846,4846,REGISTERED,Plaza Narciso Font 71,,West Glenhaven,KP,Tocantins,19322709,TRUE
4847,4847,REGISTERED,05834 Jennifer Street,,Carolport,BS,Hamburg,S3 6JU,TRUE
4848,4848,REGISTERED,"73, avenue Guyon",,Lüdinghausen,DE,Hamburg,36066,TRUE
4849,4849,REGISTERED,Glorieta de Luz Acuña 4,,Delattre-les-Bains,GB,Segovia,39469,TRUE
4850,4850,REGISTERED,Finkeplatz 1978,,Bad Liebenwerda,ES,Saarland,BB7 8EL,TRUE
4851,4851,REGISTERED,Etzoldallee 48,,足立区,KY,Schleswig-Holstein,N82 7SE,TRUE
4852,4852,REGISTERED,Rambla de Bibiana Yáñez 261 Piso 1 ,,Benjaminberg,US,Connecticut,33922,TRUE
4853,4853,REGISTERED,29929 Denise Ville,,BuissonVille,YE,New Jersey,37677,TRUE
4854,4854,REGISTERED,Reiner-Sauer-Platz 6-3,,八王子市,FR,La Spezia,19162,TRUE
4855,4855,REGISTERED,Pruschkeplatz 9/9,,Santa Cruz de Tenerife,FR,Santa Cruz de Tenerife,42026,TRUE
4856,4856,REGISTERED,921 Rosemary Shores,,Göflan,GB,Maranhão,00019,TRUE
4857,4857,REGISTERED,5210 ثائر Islands Suite 177,,Almería,FR,Madrid,23720,TRUE
4858,4858,REGISTERED,"43, rue de Mallet",,North رشاد,TR,Amazonas,24537-592,TRUE
4859,4859,REGISTERED,"Parque de Macedo, 7",,Rios Verde,NL,Arkansas,41674,TRUE
4860,4860,REGISTERED,"Condomínio Costela, 5",,Polizzi Generosa,GB,Kentucky,23381,TRUE
4861,4861,REGISTERED,"Piazza Riccati, 0 Appartamento 66",,Melo,US,Iowa,BB7B 1GQ,TRUE
4862,4862,REGISTERED,228 鈴木 Street,,Belzig,JP,Distrito Federal,GY1 0SQ,TRUE
4863,4863,REGISTERED,Glorieta de Georgina Torrent 465 Puerta 1 ,,Vizcaya,SG,Zaragoza,W4 4TD,TRUE
4864,4864,REGISTERED,"Rotonda Fornaciari, 24",,富里市,PA,Nevada,52077,TRUE
4865,4865,REGISTERED,968 التوتنجي Via,,Gerolzhofen,DE,Pará,97278,TRUE
4866,4866,REGISTERED,202 Anne Islands Apt. 279,,Melle,ES,Mississippi,49346,TRUE
4867,4867,REGISTERED,Urbanización de Purificación Corral 88,,Lübz,KP,Huelva,609-4260,TRUE
4868,4868,REGISTERED,"Alameda de Ribeiro, 19",,Paigeberg,DE,Santa Catarina,27057,TRUE
4869,4869,REGISTERED,412 遠藤 Street,,鎌ケ谷市,PA,Rio Grande do Sul,97179,TRUE
4870,4870,REGISTERED,Täschering 90-15,,Morvan,IT,New Mexico,08798,TRUE
4871,4871,REGISTERED,92349 Kramer Track Suite 913,,San Quirico Trecasali,CA,Goiás,159-6205,TRUE
4872,4872,REGISTERED,566 小川 Street,,Fraserburgh,DE,Vermont,77216,TRUE
4873,4873,REGISTERED,47 Butcher Vista,,سامحtown,US,Mato Grosso,B93 1PZ,TRUE
4874,4874,REGISTERED,5 Caroline Springs,,New Kathleenton,JP,Brandenburg,32447,TRUE
4875,4875,REGISTERED,Slawomir-Warmer-Weg 65,,板橋区,IT,Niedersachsen,17656,TRUE
4876,4876,REGISTERED,683 斎藤 Street,,Dias de Campos,NL,North Carolina,48977,TRUE
4877,4877,REGISTERED,Hanny-Tlustek-Straße 6345,,練馬区,BS,Georgia,16125,TRUE
4878,4878,REGISTERED,"Setor de Costa, 867",,Cinaglio,GB,Cádiz,83048,TRUE
4879,4879,REGISTERED,"Studio 78
Damien Walks",,West قيس,US,Bayern,16300,TRUE
4880,4880,REGISTERED,"Vicolo Pierluigi, 1",,Lugo,GB,Alagoas,655-9289,TRUE
4881,4881,REGISTERED,37439 Rivera Union,,Rodriguezfort,FR,Nebraska,28161046,TRUE
4882,4882,REGISTERED,Rambla de Felisa Donaire 71 Puerta 9 ,,Riesa,FR,Baden-Württemberg,814-8641,TRUE
4883,4883,REGISTERED,"Canale Pacomio, 74",,Caldeira de Novaes,ES,Baden-Württemberg,462-2776,TRUE
4884,4884,REGISTERED,"62, rue de Thomas",,Owensport,ZA,Espírito Santo,49296,TRUE
4885,4885,REGISTERED,903 池田 Street,,East صادح,GB,Lugo,051-9676,TRUE
4886,4886,REGISTERED,644 Alexandra Freeway,,North مُسعف,US,Álava,13396,TRUE
4887,4887,REGISTERED,380 中川 Street,,Pontevedra,SG,Pontevedra,24845,TRUE
4888,4888,REGISTERED,"Borgo Melina, 198",,León,IT,Missouri,480-0299,TRUE
4889,4889,REGISTERED,"Studio 28
Hugh Island",,South صباح,CH,New York,W32 0HE,TRUE
4890,4890,REGISTERED,721 藤田 Street,,Kieranville,US,Verona,98837-252,TRUE
4891,4891,REGISTERED,85816 Mary Drive,,Sainte Hélène-la-Forêt,US,Pennsylvania,M9G 5UZ,TRUE
4892,4892,REGISTERED,Atzlerring 54/20,,Josephberg,SE,Salerno,36959,TRUE
4893,4893,REGISTERED,60663 Holland Locks,,Leefort,CA,Málaga,40493,TRUE
4894,4894,REGISTERED,662 加藤 Street,,Girona,IT,Nordrhein-Westfalen,834-4206,TRUE
4895,4895,REGISTERED,"Via Ermanno, 1",,Staßfurt,GB,Maine,315-3298,TRUE
4896,4896,REGISTERED,Scheelallee 5983,,Port Donnamouth,IT,Delaware,75660,TRUE
4897,4897,REGISTERED,Krausstraße 26,,West Antony,SE,La Coruña,68859,TRUE
4898,4898,REGISTERED,"Via Luigi, 74",,Madrigale,FR,Roraima,86143,TRUE
4899,4899,REGISTERED,"594, avenue Lagarde",,Lévêque-la-Forêt,IT,South Dakota,08296,TRUE
4900,4900,REGISTERED,47 Cox Fall,,New Carly,ES,Pennsylvania,02630,TRUE
4901,4901,REGISTERED,23250 بو مدين Falls,,Berlin,ES,Rio Grande do Sul,11567,TRUE
4902,4902,REGISTERED,"Conjunto Isabelly Cirino, 22",,Celle Sul Rigo,TR,Washington,79696,TRUE
4903,4903,REGISTERED,1396 اليوزباشي Ranch Suite 717,,East Nicholeland,KY,Álava,05227,TRUE
4904,4904,REGISTERED,98 Andrea Haven,,Marina Di Vasto,CH,Mecklenburg-Vorpommern,747-0687,TRUE
4905,4905,REGISTERED,"Canale Pierpaolo, 838 Piano 6",,Sales das Pedras,KP,Louisiana,72337,TRUE
4906,4906,REGISTERED,05582 Danielle Pine,,San Michele Delle Badesse,JP,Rheinland-Pfalz,19370,TRUE
4907,4907,REGISTERED,590 小林 Street,,小平市,KY,Tennessee,06498,TRUE
4908,4908,REGISTERED,"552, chemin Maillot",,Soria,GB,Bayern,11261,TRUE
4909,4909,REGISTERED,Avenida de Lucila Beltrán 2,,青ヶ島村,SE,Thüringen,708-2010,TRUE
4910,4910,REGISTERED,Loteamento das Neves,,Melilla,IR,South Carolina,344-5565,TRUE
4911,4911,REGISTERED,"37, rue de Hubert",,Siligo,JP,Delaware,24145,TRUE
4912,4912,REGISTERED,Calle Tere Campillo 75 Apt. 00 ,,Jarviston,AU,Pesaro e Urbino,803-7661,TRUE
4913,4913,REGISTERED,263 يافع Highway Suite 761,,Port ثاقب,FR,Crotone,473-8993,TRUE
4914,4914,REGISTERED,1256 بنو خالد Meadows,,横浜市神奈川区,US,Hamburg,98663,TRUE
4915,4915,REGISTERED,12808 حسن Unions,,East Leahhaven,KY,Rimini,28453,TRUE
4916,4916,REGISTERED,161 加藤 Street,,Gainazzo,BS,Mato Grosso,68172,TRUE
4917,4917,REGISTERED,Anke-Höfig-Ring 8/8,,نمرton,IT,South Dakota,97997,TRUE
4918,4918,REGISTERED,05716 البقوم Plaza Apt. 903,,Caldeira,PA,West Virginia,85017,TRUE
4919,4919,REGISTERED,"2, chemin Timothée Masson",,Scano Al Brembo,TR,Cosenza,69230386,TRUE
4920,4920,REGISTERED,"Praia de Ribeiro, 20",,狛江市,US,Schleswig-Holstein,48803,TRUE
4921,4921,REGISTERED,Horst-Peter-Bauer-Platz 2-5,,Montereale Valcellina,SG,Bahia,88224,TRUE
4922,4922,REGISTERED,465 Woodward Path,,Ponte In Valtellina,BS,Pernambuco,36585,TRUE
4923,4923,REGISTERED,Ronda Leonardo Morán 909,,山武郡横芝光町,FR,Nordrhein-Westfalen,20545,TRUE
4924,4924,REGISTERED,"Estrada Heloisa Pereira, 30",,Kaiserslautern,NL,California,G5 1PA,TRUE
4925,4925,REGISTERED,601 عبد الجبّار Streets,,足立区,GB,Bologna,30132,TRUE
4926,4926,REGISTERED,Cuesta de Graciela Expósito 76 Puerta 3 ,,West Julie,ES,Paraná,13401628,TRUE
4927,4927,REGISTERED,7 Shane Summit,,العلميberg,DE,Ohio,02611,TRUE
4928,4928,REGISTERED,Pasaje Calixto Torralba 30,,La Coruña,FR,Vermont,41572,TRUE
4929,4929,REGISTERED,08643 Vargas Hollow Suite 533,,South روحيbury,FR,Arizona,W5F 3RB,TRUE
4930,4930,REGISTERED,"Studio 14
Frances Underpass",,Toussaint,GB,Nebraska,L5E 8YH,TRUE
4931,4931,REGISTERED,024 بدرية Land,,Norrisfort,FR,Minas Gerais,14494,TRUE
4932,4932,REGISTERED,43520 Autumn Terrace Suite 630,,青梅市,GB,Rio Grande do Sul,119-8062,TRUE
4933,4933,REGISTERED,67 Mitchell View,,ياسرmouth,FR,Louisiana,51604,TRUE
4934,4934,REGISTERED,"Vicolo Adriana, 91 Piano 4",,Mccarthymouth,ES,North Dakota,65556,TRUE
4935,4935,REGISTERED,238 Diana Neck,,Sainte Diane,GB,Maranhão,86963,TRUE
4936,4936,REGISTERED,"Borgo Concetta, 9 Appartamento 3",,Fondi,BS,North Dakota,856-8973,TRUE
4937,4937,REGISTERED,"Borgo Boitani, 2 Appartamento 2",,Azevedo Paulista,KP,Schleswig-Holstein,32055,TRUE
4938,4938,REGISTERED,6246 Thomas Radial,,Albacete,FR,Córdoba,693-3549,TRUE
4939,4939,REGISTERED,74308 Coleman Squares,,جريرtown,CA,Gorizia,63083,TRUE
4940,4940,REGISTERED,128 橋本 Street,,Martinnec,GB,Cáceres,78853,TRUE
4941,4941,REGISTERED,Benthingasse 8/4,,Duffyton,GB,Sondrio,67031,TRUE
4942,4942,REGISTERED,61958 البيسار القعقور Hollow,,Großenhain,NG,Pennsylvania,23727,TRUE
4943,4943,REGISTERED,"94, rue Colas",,South مُرضي,US,Pistoia,88431,TRUE
4944,4944,REGISTERED,"Largo João Gabriel da Costa, 6",,Alexandermouth,JP,Washington,754-1914,TRUE
4945,4945,REGISTERED,00 Ian Villages,,Mendes,DE,Guadalajara,02605,TRUE
4946,4946,REGISTERED,"Incrocio Castiglione, 6 Piano 0",,川崎市川崎区,NL,Terni,15908,TRUE
4947,4947,REGISTERED,Zobelallee 8-9,,Geldern,SY,Ciudad,52690,TRUE
4948,4948,REGISTERED,407 池田 Street,,North Reecechester,ES,Texas,873-1280,TRUE
4949,4949,REGISTERED,Acceso de Montserrat Peñas 72 Piso 1 ,,Ripe,SY,Nebraska,66560,TRUE
4950,4950,REGISTERED,Steuerstraße 90,,North مكرّمton,NL,Bremen,44987,TRUE
4951,4951,REGISTERED,7865 ابتهاج Trail,,Aubry,SE,Hessen,08523,TRUE
4952,4952,REGISTERED,"Studio 37
Keith Haven",,Nunes,FR,Idaho,14744,TRUE
4953,4953,REGISTERED,477 Brenda Branch,,西東京市,PA,Rheinland-Pfalz,09686,TRUE
4954,4954,REGISTERED,"Rotonda Elmo, 34",,印西市,BS,Utah,238-3966,TRUE
4955,4955,REGISTERED,533 佐々木 Street,,Erding,GB,Virginia,531-5497,TRUE
4956,4956,REGISTERED,"Flat 3
Shaw Mission",,Saint DianeVille,FR,Roraima,46752,TRUE
4957,4957,REGISTERED,40426 لارا Wall,,Cavalcante de Ferreira,DE,New Hampshire,92928,TRUE
4958,4958,REGISTERED,958 橋本 Street,,Bigotnec,ZA,Fermo,94574,TRUE
4959,4959,REGISTERED,915 Robin Ferry,,South مجاهد,JP,North Carolina,SK4 4WF,TRUE
4960,4960,REGISTERED,"385, boulevard de Perrin",,Byrneshire,GB,Bolzano,47021,TRUE
4961,4961,REGISTERED,Avenida Eufemia Camacho 54,,East شادي,CA,Baden-Württemberg,32397,TRUE
4962,4962,REGISTERED,853 Salas Mill,,East خلف,NL,Ancona,001-3870,TRUE
4963,4963,REGISTERED,Hövelstr. 47/63,,神津島村,RU,Indiana,86270,TRUE
4964,4964,REGISTERED,avenue de Leblanc,,East لوليا,US,Goiás,24809,TRUE
4965,4965,REGISTERED,089 Henry Square,,横浜市港南区,FR,Hawaii,03945,TRUE
4966,4966,REGISTERED,Gabi-Dietz-Platz 491,,Abreu do Galho,GB,Wisconsin,43151,TRUE
4967,4967,REGISTERED,10 Elliott Corners,,South Jasontown,ES,Amazonas,60491-913,TRUE
4968,4968,REGISTERED,"Studio 22i
Lyons Springs",,Richardside,US,Ohio,19008,TRUE
4969,4969,REGISTERED,"Canale Spallanzani, 64 Appartamento 7",,文京区,BS,Washington,49212,TRUE
4970,4970,REGISTERED,5067 مرزوق Port Apt. 145,,Allain,CA,Frosinone,85271,TRUE
4971,4971,REGISTERED,1523 عبد الملك Ville,,Saint Paulette,US,California,50817,TRUE
4972,4972,REGISTERED,Marika-Schuchhardt-Straße 3/5,,Pontedassio,US,Caltanissetta,97394,TRUE
4973,4973,REGISTERED,Karin-Briemer-Weg 190,,Murcia,US,Bayern,SY6A 3ZT,TRUE
4974,4974,REGISTERED,"Rodovia Montenegro, 23",,八王子市,ZA,Campobasso,N8 6XT,TRUE
4975,4975,REGISTERED,340 نصري Square Suite 921,,Husum,NL,Hessen,77650,TRUE
4976,4976,REGISTERED,26558 عبد القادر Cove,,Murcia,DE,North Carolina,136-7256,TRUE
4977,4977,REGISTERED,Urbanización de Valentina Abascal 26,,Baleares,TR,Tarragona,FK4 9DL,TRUE
4978,4978,REGISTERED,Preißstraße 350,,Burgos,DE,Lucca,B7 1PR,TRUE
4979,4979,REGISTERED,7643 Sheryl Cove,,Pianche,RU,Bremen,49398,TRUE
4980,4980,REGISTERED,"Praça Santos, 26",,Ello,GB,Georgia,22238,TRUE
4981,4981,REGISTERED,"52, rue de Morin",,Asturias,US,Tocantins,50641,TRUE
4982,4982,REGISTERED,55919 Fisher View,,da Rosa da Mata,US,Sondrio,47879,TRUE
4983,4983,REGISTERED,"797, boulevard Bodin",,New Bethany,AU,Segovia,75266,TRUE
4984,4984,REGISTERED,"Flat 16
Kieran Street",,Gonçalves da Mata,PA,Alaska,45011,TRUE
4985,4985,REGISTERED,9533 قليبو Parks,,Vigo Di Cadore,GB,Nordrhein-Westfalen,58830-842,TRUE
4986,4986,REGISTERED,"9, rue de Petit",,Moura de Ferreira,PA,Las Palmas,01318,TRUE
4987,4987,REGISTERED,Avenida Eligio Vaquero 38,,بنانview,US,Massachusetts,81250,TRUE
4988,4988,REGISTERED,9675 Jennifer Camp Apt. 459,,Trevozzo,IT,West Virginia,45923,TRUE
4989,4989,REGISTERED,"Rua Theo Vieira, 65",,Rapagnano,SE,Rheinland-Pfalz,84915,TRUE
4990,4990,REGISTERED,2865 Henry Bridge Suite 649,,Saint Thierry-la-Forêt,FR,Santa Cruz de Tenerife,45514,TRUE
4991,4991,REGISTERED,"Canale Laureano, 553",,武蔵村山市,GB,Hessen,76542,TRUE
4992,4992,REGISTERED,"Studio 10a
Dobson Estate",,New خطيبbury,US,Saarland,51326,TRUE
4993,4993,REGISTERED,Cañada Aníbal Sanz 5 Apt. 01 ,,Girona,ES,Amapá,631-7524,TRUE
4994,4994,REGISTERED,498 前田 Street,,ثقيفfurt,ES,Sachsen,49399-969,TRUE
4995,4995,REGISTERED,Calle Gala Guitart 84 Piso 2 ,,Erding,ES,Ceará,41887,TRUE
4996,4996,REGISTERED,Judith-Koch II-Gasse 3,,Lake مكّي,CH,Montana,16802,TRUE
4997,4997,REGISTERED,172 松本 Street,,Pontevedra,ES,Saarland,GL4H 3WF,TRUE
4998,4998,REGISTERED,Heidemarie-Roskoth-Straße 6978,,Cáceres,SE,Rondônia,93666,TRUE
4999,4999,REGISTERED,"84, rue de Vaillant",,Lake فارس,DE,Saarland,03607,TRUE
5000,5000,REGISTERED,780 山本 Street,,Lawsonhaven,GB,Massachusetts,27116,TRUE
5001,5001,REGISTERED,958 中村 Street,,新島村,TR,Utah,76201259,TRUE
5002,5002,REGISTERED,6 Clarke Divide,,Youngchester,US,Amazonas,10059,TRUE
5003,5003,REGISTERED,199 Emily Extensions,,New Nicholas,IT,Saarland,64388,TRUE
5004,5004,REGISTERED,"Incrocio Grossi, 6",,الموركةchester,DE,Bayern,183-6337,TRUE
5005,5005,REGISTERED,Urbanización de Cruz Casanovas 15 Apt. 17 ,,Ceuta,NL,Cuneo,CO7M 8ZP,TRUE
5006,5006,REGISTERED,02397 يمام Rapids,,South Jaynemouth,US,Amazonas,97123,TRUE
5007,5007,REGISTERED,C. Miguela Rocha 79,,東久留米市,GB,Olbia-Tempio,64260,TRUE
5008,5008,REGISTERED,274 طه Forest Apt. 139,,South Briantown,NL,Navarra,TQ8R 0SF,TRUE
5009,5009,REGISTERED,Kargegasse 63/52,,Aragão,MM,Málaga,09326,TRUE
5010,5010,REGISTERED,"Flat 97O
Wilson Extension",,North خاطرberg,GB,Santa Cruz de Tenerife,36072,TRUE
5011,5011,REGISTERED,Esplanada Novais,,Lleida,FR,Oklahoma,00165,TRUE
5012,5012,REGISTERED,9575 Matthew Courts Apt. 655,,東久留米市,FR,Bayern,93482,TRUE
5013,5013,REGISTERED,"Studio 34
Zoe Common",,Riou-sur-Blanchet,GB,São Paulo,262-4140,TRUE
5014,5014,REGISTERED,Sölzerstraße 7/4,,Rostock,GB,Schleswig-Holstein,92080,TRUE
5015,5015,REGISTERED,"Flat 46Z
Naomi Rapid",,Loiseau-sur-Mer,RU,Virginia,53989,TRUE
5016,5016,REGISTERED,C. de Leocadio Diéguez 65,,Petersonchester,DE,Michigan,77521,TRUE
5017,5017,REGISTERED,100 عالية Fall Suite 240,,بارقfurt,GB,Paraná,S3 4FA,TRUE
5018,5018,REGISTERED,07 Charlotte Street,,多摩市,IR,Roraima,954-6619,TRUE
5019,5019,REGISTERED,"66, avenue de Hoarau",,Lopes do Campo,BS,Baden-Württemberg,750-6255,TRUE
5020,5020,REGISTERED,21298 بلقيس Forks Suite 758,,Hernandez-sur-Delaunay,ZA,Guipúzcoa,316-2938,TRUE
5021,5021,REGISTERED,5098 وحيد Expressway Apt. 644,,León,DE,Aosta,28045,TRUE
5022,5022,REGISTERED,210 بكيل Haven,,Santa Cruz de Tenerife,US,Toledo,14047,TRUE
5023,5023,REGISTERED,23501 Thomas Loop,,Castel Del Piano,US,Thüringen,63506,TRUE
5024,5024,REGISTERED,"Piazza Beatrice, 1",,Fai Della Paganella,PA,Burgos,93709,TRUE
5025,5025,REGISTERED,rue Nicolas Guillon,,Lovere,IT,Nevada,18612,TRUE
5026,5026,REGISTERED,"Viale Staglieno, 14",,Lake Rachel,TR,Teramo,77190,TRUE
5027,5027,REGISTERED,417 لخم Lodge Apt. 984,,Vallo,NL,Pennsylvania,29771-501,TRUE
5028,5028,REGISTERED,"687, avenue Dufour",,Sainte Lucnec,ES,Maryland,012-0586,TRUE
5029,5029,REGISTERED,Heuserweg 4877,,Markburgh,BS,West Virginia,659-6484,TRUE
5030,5030,REGISTERED,4876 Sara Hills,,Vargas de Leão,JP,Ascoli Piceno,47230,TRUE
5031,5031,REGISTERED,Cañada de Gervasio Ramón 3 Apt. 07 ,,East Joshua,JP,Zaragoza,63827,TRUE
5032,5032,REGISTERED,Pasaje Sabina Carbó 56 Puerta 8 ,,Allainboeuf,ES,Almería,18010,TRUE
5033,5033,REGISTERED,Adem-Schmidtke-Allee 4-2,,Dolceacqua,RU,New Jersey,42404,TRUE
5034,5034,REGISTERED,Rambla de Melania Estevez 5,,da Costa do Oeste,CA,Schleswig-Holstein,89852,TRUE
5035,5035,REGISTERED,"Studio 3
Dean Crescent",,Wrighthaven,NL,Florida,51789,TRUE
5036,5036,REGISTERED,Hans-Rainer-Hellwig-Platz 2/7,,Grafenau,US,Chieti,73001,TRUE
5037,5037,REGISTERED,7199 الغوانمة Turnpike,,South Bethany,US,Mato Grosso,64958,TRUE
5038,5038,REGISTERED,7867 جعفر Vista,,Rowleyville,NL,Iowa,15049,TRUE
5039,5039,REGISTERED,Campo Nunes,,Kamenz,GB,Palermo,56126,TRUE
5040,5040,REGISTERED,0 Kerry View,,Viersen,FR,Verbano-Cusio-Ossola,69695-778,TRUE
5041,5041,REGISTERED,Paseo de Máximo Múñiz 7 Piso 2 ,,North Jenniferton,ES,Illinois,235-9937,TRUE
5042,5042,REGISTERED,150 ضيائي Gardens,,West Laurie,CH,New Jersey,43360-971,TRUE
5043,5043,REGISTERED,"Campo de Cavalcante, 411",,Letellierboeuf,IR,Pennsylvania,IP1E 7AE,TRUE
5044,5044,REGISTERED,"Flat 8
Hughes Square",,Saint Hélène,DE,Valencia,00125,TRUE
5045,5045,REGISTERED,Ronda de Simón Puente 17 Apt. 54 ,,Linmouth,ZA,Virginia,ML28 0GZ,TRUE
5046,5046,REGISTERED,Alma-Klapp-Platz 2/3,,Lake Allanshire,NG,Sassari,EN19 8FY,TRUE
5047,5047,REGISTERED,Plaza de Piedad Sedano 3 Piso 8 ,,Guadalajara,IT,Mississippi,25847,TRUE
5048,5048,REGISTERED,809 عبد اللطيف Green Suite 639,,Pereira Paulista,IT,Roraima,40888,TRUE
5049,5049,REGISTERED,78574 بنو ذي أصبح Islands,,Knighthaven,KP,Arizona,20073,TRUE
5050,5050,REGISTERED,7 Williams Hills,,South Charlie,ES,Kentucky,87038,TRUE
5051,5051,REGISTERED,"Flat 61h
Rees Rapids",,Fiumara,ZA,Maranhão,80191,TRUE
5052,5052,REGISTERED,5783 راجح Place Apt. 163,,West Gary,FR,Vizcaya,27053,TRUE
5053,5053,REGISTERED,Jäkelplatz 873,,Bonnin-les-Bains,FR,Treviso,G9 2GY,TRUE
5054,5054,REGISTERED,Swetlana-Heinz-Weg 2035,,صدّاحshire,DE,Como,02646,TRUE
5055,5055,REGISTERED,845 小林 Street,,عويضةborough,IT,Paraná,790-9234,TRUE
5056,5056,REGISTERED,Sebastiano-Rust-Allee 6/6,,Amandahaven,US,Wisconsin,04593,TRUE
5057,5057,REGISTERED,"219, boulevard Denise Wagner",,Johnsonborough,SE,Mato Grosso,040-1831,TRUE
5058,5058,REGISTERED,"7, avenue Manon Marchal",,Toledo,KY,Cuenca,53475088,TRUE
5059,5059,REGISTERED,"Flat 3
Wright Walk",,قليبوfort,FR,Massachusetts,324-9707,TRUE
5060,5060,REGISTERED,"Vicolo Giradello, 2",,Carlosborough,GB,Oregon,EH1 5NL,TRUE
5061,5061,REGISTERED,"Colônia Benicio Duarte, 32",,Williamsborough,DE,Palencia,96930,TRUE
5062,5062,REGISTERED,"20, rue Arthur Lelièvre",,Baleares,US,Bremen,11417,TRUE
5063,5063,REGISTERED,"Alameda de da Luz, 61",,LedouxBourg,GB,Arizona,47588-343,TRUE
5064,5064,REGISTERED,Calle Maite Alcalde 1,,East Garry,US,Livorno,14431,TRUE
5065,5065,REGISTERED,85 Carpenter Shoal,,Hamel-sur-Mer,MM,Lleida,11330,TRUE
5066,5066,REGISTERED,154 Moss Mission,,Moura Grande,NG,Maine,22024,TRUE
5067,5067,REGISTERED,373 يسرى Land Suite 984,,Cedas,US,Rhode Island,33316,TRUE
5068,5068,REGISTERED,Ritterstr. 9/1,,Marebbe,US,Roraima,39029,TRUE
5069,5069,REGISTERED,042 Khan Mall,,New Carolinechester,PA,Niedersachsen,49563,TRUE
5070,5070,REGISTERED,"99, boulevard Stéphanie Léger",,豊島区,DE,Maryland,32656,TRUE
5071,5071,REGISTERED,Rambla de Nando Tello 14 Piso 9 ,,Guipúzcoa,FR,Valencia,15430,TRUE
5072,5072,REGISTERED,07930 Brown Plains,,西多摩郡瑞穂町,KY,Modena,32110,TRUE
5073,5073,REGISTERED,7822 Sampson Squares,,East Samuelport,TR,Pescara,20813,TRUE
5074,5074,REGISTERED,"4, avenue Delannoy",,Sciarborasca,NG,La Coruña,E4D 1NS,TRUE
5075,5075,REGISTERED,510 Bethan Mission,,Marques,ES,Hamburg,34562,TRUE
5076,5076,REGISTERED,Vial Mamen Beltrán 514 Puerta 1 ,,Cavalcante,KY,Delaware,77252,TRUE
5077,5077,REGISTERED,"Canale Benedetto, 1 Appartamento 4",,Mendes,ES,Paraná,56667,TRUE
5078,5078,REGISTERED,"29, boulevard Marthe Tanguy",,品川区,ES,Saarland,55815,TRUE
5079,5079,REGISTERED,296 Collier Station Suite 713,,Laroche,SE,Tennessee,215-2250,TRUE
5080,5080,REGISTERED,"Borgo Bernardo, 415",,Port نيازيborough,SG,Vermont,611-9685,TRUE
5081,5081,REGISTERED,"Contrada Gianfrancesco, 3 Piano 6",,Wismar,SE,Berlin,26124707,TRUE
5082,5082,REGISTERED,"89, rue de Chartier",,Cáceres,DE,Lleida,65722,TRUE
5083,5083,REGISTERED,334 نسيبة Canyon,,羽村市,FR,Maine,25941,TRUE
5084,5084,REGISTERED,"Borgo Fabrizio, 1",,Werdau,ZA,Asturias,48685,TRUE
5085,5085,REGISTERED,"813, boulevard de Bernier",,Sainte Huguesnec,ES,Bremen,47568,TRUE
5086,5086,REGISTERED,"80, rue de Marques",,Costa de Goiás,US,Utah,15843,TRUE
5087,5087,REGISTERED,Rambla de Celestino Bueno 93 Piso 3 ,,South Henrytown,GB,Cuenca,97149,TRUE
5088,5088,REGISTERED,Glorieta de Moisés Rocamora 218 Apt. 92 ,,Waren,ES,Ohio,11796,TRUE
5089,5089,REGISTERED,767 坂本 Street,,Palencia,ES,Pará,12029,TRUE
5090,5090,REGISTERED,519 Mitchell Rapids,,Hannover,BS,Louisiana,42286,TRUE
5091,5091,REGISTERED,409 Gerald Street,,Thomasfurt,GB,South Carolina,32038,TRUE
5092,5092,REGISTERED,"38, rue Marianne Sauvage",,Pimenta,CA,Trapani,28517,TRUE
5093,5093,REGISTERED,"Alameda Nascimento, 6",,Huesca,NG,Pisa,19838,TRUE
5094,5094,REGISTERED,Heinrich-Kostolzin-Platz 24,,Machado da Serra,ES,Trento,00062,TRUE
5095,5095,REGISTERED,"Stretto Vitturi, 8 Appartamento 9",,千代田区,ZA,Guadalajara,29048,TRUE
5096,5096,REGISTERED,"26, rue de De Sousa",,Duarte,SG,Rhode Island,62394036,TRUE
5097,5097,REGISTERED,Ehrenfried-Mitschke-Ring 31/10,,Rodrigues,DE,Sachsen-Anhalt,75587989,TRUE
5098,5098,REGISTERED,5430 Natalie Rest,,Langosco,US,Connecticut,207-0622,TRUE
5099,5099,REGISTERED,071 池田 Street,,長生郡一宮町,JP,Hawaii,79883,TRUE
5100,5100,REGISTERED,"Contrada Staglieno, 133 Piano 5",,Quassolo,SG,Bayern,33567,TRUE
5101,5101,REGISTERED,Hendriksstraße 560,,Lake كمال,SE,Madrid,99543,TRUE
5102,5102,REGISTERED,392 Porter Port,,Moraes de Monteiro,IT,La Rioja,S89 5QX,TRUE
5103,5103,REGISTERED,881 高橋 Street,,Cardoso da Serra,IT,Alaska,24657,TRUE
5104,5104,REGISTERED,5252 Joseph Union,,Hannahborough,CA,Nuoro,38488,TRUE
5105,5105,REGISTERED,440 عاقل Stravenue,,West Tinaberg,DE,Sergipe,179-7070,TRUE
5106,5106,REGISTERED,"Vicolo Zanazzo, 231 Piano 8",,Port ميراville,PA,Thüringen,76785,TRUE
5107,5107,REGISTERED,6388 طائع Ramp Apt. 146,,Navarra,FR,Soria,60065,TRUE
5108,5108,REGISTERED,Fazenda Heloísa Costela,,Sheppardport,US,Pernambuco,31823571,TRUE
5109,5109,REGISTERED,Lübsstraße 156,,Niccioleta,ES,Sassari,55048,TRUE
5110,5110,REGISTERED,"Borgo Giuliana, 25 Appartamento 4",,Timothyborough,GB,Connecticut,03618,TRUE
5111,5111,REGISTERED,7 Jack Forge,,Bad Freienwalde,US,São Paulo,68163,TRUE
5112,5112,REGISTERED,"Piazza Tolentino, 8 Appartamento 4",,Pastor de Melo,US,Udine,72486,TRUE
5113,5113,REGISTERED,75 Jemma Courts,,Sevilla,ES,Mississippi,13892,TRUE
5114,5114,REGISTERED,65 Wood Crossing,,Amandahaven,KY,Hamburg,31870,TRUE
5115,5115,REGISTERED,Rambla Clarisa Ariño 8 Piso 9 ,,North منصور,YE,Texas,04113,TRUE
5116,5116,REGISTERED,7049 Keith Rest Suite 866,,Lake بنانshire,US,Thüringen,669-8054,TRUE
5117,5117,REGISTERED,119 قحطان Highway Suite 959,,Borges do Campo,CA,Hessen,795-3926,TRUE
5118,5118,REGISTERED,Ronda de Florencio Vera 50 Puerta 4 ,,Oberviechtach,SG,Tocantins,B8 1XP,TRUE
5119,5119,REGISTERED,7428 زهران Route,,نادرborough,ES,Pernambuco,19426,TRUE
5120,5120,REGISTERED,Theda-Eberth-Ring 1,,Normanfort,MM,Michigan,73031,TRUE
5121,5121,REGISTERED,"630, rue Guy Dupuis",,御蔵島村,BS,Paraná,38865,TRUE
5122,5122,REGISTERED,771 松本 Street,,Cassiano das Flores,RU,Huelva,74122,TRUE
5123,5123,REGISTERED,"Stretto Bernardo, 51 Appartamento 2",,North عارف,BS,Campobasso,26884,TRUE
5124,5124,REGISTERED,799 Hodge Dale Apt. 113,,Anklam,US,Maine,50518,TRUE
5125,5125,REGISTERED,"Vale de Casa Grande, 2",,Port Madelinechester,KY,Minnesota,68881,TRUE
5126,5126,REGISTERED,616 山崎 Street,,Albacete,RU,Bayern,58042,TRUE
5127,5127,REGISTERED,7058 ساجد Lodge,,Helmstedt,DE,Maryland,34492,TRUE
5128,5128,REGISTERED,Peukertstraße 5350,,世田谷区,DE,Tarragona,94991,TRUE
5129,5129,REGISTERED,771 الجعليين Streets Apt. 025,,Murcia,IT,Thüringen,38697-518,TRUE
5130,5130,REGISTERED,"Rotonda Maura, 640 Piano 6",,North Rebecca,BS,Latina,49351,TRUE
5131,5131,REGISTERED,"Borgo Sforza, 1 Appartamento 5",,Granada,SG,Berlin,764-5679,TRUE
5132,5132,REGISTERED,"Passarela de Souza, 45",,Carpino,FR,Las Palmas,46512,TRUE
5133,5133,REGISTERED,7857 Michael Falls,,Jessicamouth,US,New Hampshire,18620,TRUE
5134,5134,REGISTERED,Vereda Luigi Gonçalves,,Villaggio Boncore,AU,Bahia,16111-753,TRUE
5135,5135,REGISTERED,C. de Eustaquio Tello 748 Puerta 9 ,,Costa de Souza,ES,Madrid,18513177,TRUE
5136,5136,REGISTERED,22764 Robert Isle,,Johnbury,RU,Tarragona,34100,TRUE
5137,5137,REGISTERED,334 近藤 Street,,川崎市高津区,ES,Vizcaya,45035,TRUE
5138,5138,REGISTERED,"Viale Andreozzi, 9",,Stuttgart,IT,Enna,07868,TRUE
5139,5139,REGISTERED,rue Margaret Hernandez,,Colla,NG,Pennsylvania,67814,TRUE
5140,5140,REGISTERED,Rambla Javier Becerra 54,,عبد المحييside,US,Florida,792-9155,TRUE
5141,5141,REGISTERED,95 Beverley Pike,,بهجةburgh,MM,Albacete,80411208,TRUE
5142,5142,REGISTERED,131 山本 Street,,New فخري,US,Paraná,55036044,TRUE
5143,5143,REGISTERED,Paul-Heinz-Jäkel-Allee 77/97,,Vizcaya,NG,Barcelona,43121,TRUE
5144,5144,REGISTERED,86873 فؤاد Hills Suite 932,,ثاقبside,SE,Rio Grande do Sul,72400,TRUE
5145,5145,REGISTERED,016 藤田 Street,,Wolfenbüttel,FR,Espírito Santo,62584,TRUE
5146,5146,REGISTERED,"Rotonda Pina, 43 Piano 0",,Wendyland,GB,Texas,392-4636,TRUE
5147,5147,REGISTERED,Plaza de Evaristo Carlos 67 Apt. 47 ,,Lake Aaron,DE,Paraíba,40039,TRUE
5148,5148,REGISTERED,"427, chemin Isaac Hervé",,Saint Nicoledan,US,Piauí,53030,TRUE
5149,5149,REGISTERED,499 伊藤 Street,,Port Austin,US,Valencia,44677,TRUE
5150,5150,REGISTERED,"50, rue de Petit",,Monteiro,GB,Cuneo,51315,TRUE
5151,5151,REGISTERED,835 木村 Street,,Fernandes Verde,DE,Lucca,25549-161,TRUE
5152,5152,REGISTERED,Magret-Stey-Ring 1,,West Carlosmouth,US,Brindisi,00745064,TRUE
5153,5153,REGISTERED,6914 لارا Crescent Apt. 702,,Luckenwalde,SE,Brindisi,017-0367,TRUE
5154,5154,REGISTERED,C. Noé Larrañaga 98,,浦安市,US,Rheinland-Pfalz,65268,TRUE
5155,5155,REGISTERED,"Viela de Costela, 8",,Zaragoza,BS,Saarland,00910,TRUE
5156,5156,REGISTERED,0 Ian Forks,,Rodrigues-sur-Da Costa,GB,New Jersey,37421,TRUE
5157,5157,REGISTERED,06512 جهراء Harbors Apt. 009,,Abreu,RU,Zamora,G3 6DY,TRUE
5158,5158,REGISTERED,"312, rue Masson",,عتيقberg,IT,Roma,788-8127,TRUE
5159,5159,REGISTERED,44101 Jennifer Crossing Apt. 578,,Casa Grande de Silveira,ES,Idaho,092-2883,TRUE
5160,5160,REGISTERED,"Morro Campos, 582",,New Phyllisland,SE,Rio Grande do Norte,97752,TRUE
5161,5161,REGISTERED,Urbanización de Estefanía Millán 628 Piso 1 ,,Novais,FR,Alabama,09483,TRUE
5162,5162,REGISTERED,157 كاظم Expressway Apt. 834,,Girona,SG,Sevilla,80018,TRUE
5163,5163,REGISTERED,"Flat 47
Victoria Pike",,North Cindyside,NL,Montana,721-5613,TRUE
5164,5164,REGISTERED,090 Callum Ridges,,Port Cassandra,SE,Nordrhein-Westfalen,01873,TRUE
5165,5165,REGISTERED,Vial de Isa Sanjuan 494 Piso 6 ,,いすみ市,KY,Asti,69021,TRUE
5166,5166,REGISTERED,Glorieta de Victorino Alberdi 161 Piso 0 ,,Becker,US,Saarland,15963,TRUE
5167,5167,REGISTERED,Paseo de Andrés Felipe Alba 57 Apt. 35 ,,武蔵野市,JP,Bayern,56850576,TRUE
5168,5168,REGISTERED,676 Catherine Corners Suite 844,,Osimo,PA,Reggio Calabria,B65 0RL,TRUE
5169,5169,REGISTERED,912 Rush Orchard,,Pacheco do Oeste,GB,Acre,06736168,TRUE
5170,5170,REGISTERED,"Studio 42e
Samuel View",,Barbier-sur-Laporte,NG,Álava,E68 3JD,TRUE
5171,5171,REGISTERED,"Canale Pacomio, 344",,Sevilla,KY,Alicante,62700,TRUE
5172,5172,REGISTERED,"Morro Juan Ferreira, 42",,نافذhaven,US,Alabama,028-7534,TRUE
5173,5173,REGISTERED,"Flat 31
Richards View",,Lake Maria,KP,Arkansas,54295-557,TRUE
5174,5174,REGISTERED,152 西村 Street,,Jaén,DE,Asturias,EN4N 9LF,TRUE
5175,5175,REGISTERED,021 藤原 Street,,Palazzuolo,RU,Amapá,24723,TRUE
5176,5176,REGISTERED,51 Charles Station,,La Martella,KY,Ohio,58003,TRUE
5177,5177,REGISTERED,"Via Vecoli, 627 Piano 0",,Lake Amberfurt,NG,Sachsen,064-8333,TRUE
5178,5178,REGISTERED,"Viale Ermenegildo, 91 Piano 4",,Asturias,FR,Oregon,65170,TRUE
5179,5179,REGISTERED,"Loteamento Rezende, 31",,Montedecoro,NG,Roraima,67217076,TRUE
5180,5180,REGISTERED,"7, chemin de Bouvier",,West يسارburgh,ZA,Cantabria,88382,TRUE
5181,5181,REGISTERED,Callejón de Cebrián Izquierdo 7 Piso 0 ,,Erbisdorf,GB,Jaén,000-4061,TRUE
5182,5182,REGISTERED,Stumpfgasse 2-5,,North Jeffreyland,RU,Alabama,09704,TRUE
5183,5183,REGISTERED,872 鈴木 Street,,Oliveira,GB,Novara,14854,TRUE
5184,5184,REGISTERED,48141 الشهابي Estates Apt. 356,,Cáceres,DE,Sevilla,86315101,TRUE
5185,5185,REGISTERED,087 田中 Street,,Garcia,SG,Maine,631-6477,TRUE
5186,5186,REGISTERED,Favela Silveira,,South Sheila,JP,Utah,89817,TRUE
5187,5187,REGISTERED,Feira Pinto,,Monnier,KY,South Dakota,79398-918,TRUE
5188,5188,REGISTERED,489 吉田 Street,,Viechtach,GB,Huesca,16047,TRUE
5189,5189,REGISTERED,184 伊藤 Street,,Thibaultboeuf,DE,Utah,00046,TRUE
5190,5190,REGISTERED,Vial Josué Ropero 879 Puerta 3 ,,Roweburgh,IT,California,82909,TRUE
5191,5191,REGISTERED,Acceso de Marisol Sanjuan 60 Puerta 7 ,,منيبport,KP,Lecce,83054,TRUE
5192,5192,REGISTERED,Kasimir-Oderwald-Weg 61-45,,夷隅郡大多喜町,SE,Nuoro,20116,TRUE
5193,5193,REGISTERED,91047 شمران Tunnel Suite 978,,Parsberg,ES,Wisconsin,28003,TRUE
5194,5194,REGISTERED,"Borgo Desio, 6",,Teruel,ES,Almería,44288946,TRUE
5195,5195,REGISTERED,"Conjunto Santos, 62",,Marchand-sur-Chartier,JP,Niedersachsen,38740,TRUE
5196,5196,REGISTERED,95018 Hill Green,,神津島村,RU,Mantova,68080,TRUE
5197,5197,REGISTERED,Sarah-Briemer-Straße 5447,,香取郡東庄町,US,Arkansas,E58 5SP,TRUE
5198,5198,REGISTERED,"93, chemin de Reynaud",,青ヶ島村,JP,Bahia,69925,TRUE
5199,5199,REGISTERED,"909, avenue de Traore",,Jaén,MM,Rio Grande do Sul,942-7926,TRUE
5200,5200,REGISTERED,"Stretto Tonia, 637",,Prelo,DE,Acre,71974,TRUE
5201,5201,REGISTERED,Urbanización Maximino Zurita 509 Apt. 61 ,,Ivanborough,PA,Vizcaya,21381,TRUE
5202,5202,REGISTERED,76 Pickering Haven,,East كاظمfurt,RU,California,22466,TRUE
5203,5203,REGISTERED,81654 البقوم Streets,,Celle,SY,Soria,95774,TRUE
5204,5204,REGISTERED,"81, rue Weber",,Port Courtneyberg,US,Hamburg,77793,TRUE
5205,5205,REGISTERED,6523 Hurley Trail Apt. 394,,North صاحب,IR,South Dakota,387-7793,TRUE
5206,5206,REGISTERED,137 山本 Street,,South Jaimehaven,ES,Tocantins,996-3042,TRUE
5207,5207,REGISTERED,939 中村 Street,,Santa Ninfa,US,Ohio,89532,TRUE
5208,5208,REGISTERED,"Canale Antonietta, 77 Piano 5",,Nogueira,ES,Kentucky,01698,TRUE
5209,5209,REGISTERED,02786 Wells Rapids,,اميونيview,TR,Roraima,031-9079,TRUE
5210,5210,REGISTERED,681 村上 Street,,Costela do Campo,IT,Michigan,SP4A 3AH,TRUE
5211,5211,REGISTERED,Hertrampfgasse 52,,Vizcaya,GB,Roraima,089-7973,TRUE
5212,5212,REGISTERED,100 加藤 Street,,South Robertville,ZA,Paraná,50468-896,TRUE
5213,5213,REGISTERED,"Lagoa de Montenegro, 1",,North Jerryfurt,DE,West Virginia,33923-172,TRUE
5214,5214,REGISTERED,0473 مجد Pines,,da Rocha do Sul,ES,Navarra,447-1852,TRUE
5215,5215,REGISTERED,"Via Fabrizia, 45",,Boulay,US,Varese,00986,TRUE
5216,5216,REGISTERED,Scholtzgasse 37/47,,八千代市,US,Mato Grosso,56562,TRUE
5217,5217,REGISTERED,Cuesta Tecla Cáceres 57,,Hechingen,US,Madrid,33425,TRUE
5218,5218,REGISTERED,"Canale Rosalia, 62",,Rousset-la-Forêt,GB,Santa Catarina,13310,TRUE
5219,5219,REGISTERED,C. de Nicolasa Iborra 91,,Silveira de Goiás,AU,Vizcaya,RG2 1PT,TRUE
5220,5220,REGISTERED,4400 White Turnpike,,Port مسلم,IT,Roma,91864,TRUE
5221,5221,REGISTERED,56024 Vincent Divide Suite 155,,羽村市,ZA,Maine,80534,TRUE
5222,5222,REGISTERED,avenue de Hardy,,Cervicati,SE,Tennessee,47757,TRUE
5223,5223,REGISTERED,"41, avenue Ledoux",,Bovolone,FR,Palencia,31546,TRUE
5224,5224,REGISTERED,7844 John Divide Suite 773,,Bouvier-les-Bains,US,North Carolina,16997,TRUE
5225,5225,REGISTERED,"Flat 2
Neil Mill",,Zibido San Giacomo,IT,São Paulo,75872,TRUE
5226,5226,REGISTERED,"12, rue Éric Monnier",,Scarlino Stazione,GB,Hamburg,00139,TRUE
5227,5227,REGISTERED,Marie-Theres-Barth-Straße 22-85,,Großenhain,GB,Piauí,71015,TRUE
5228,5228,REGISTERED,"Viaduto Rocha, 43",,Santa Domenica,DE,Girona,15586,TRUE
5229,5229,REGISTERED,Alameda Manuel Zabaleta 41,,Durand,GB,León,86173,TRUE
5230,5230,REGISTERED,"19, avenue Vincent",,Cavalcante Grande,ZA,Virginia,42855,TRUE
5231,5231,REGISTERED,"82, boulevard Sophie Evrard",,Marienberg,BS,Maryland,005-8948,TRUE
5232,5232,REGISTERED,Pasadizo de Pascual Arco 12 Puerta 4 ,,Cranebury,US,Ascoli Piceno,27813703,TRUE
5233,5233,REGISTERED,"156, chemin Laurent Pages",,東村山市,DE,Illinois,E3B 8AF,TRUE
5234,5234,REGISTERED,"Stretto Ponti, 12",,Brucemouth,CA,Schleswig-Holstein,78433,TRUE
5235,5235,REGISTERED,204 高橋 Street,,Port نصريborough,NL,Sachsen,10834472,TRUE
5236,5236,REGISTERED,Cañada Coral Torre 1 Piso 8 ,,بيروتيmouth,US,Cáceres,01576,TRUE
5237,5237,REGISTERED,031 Chandler Shore Suite 385,,Barros,TR,Zamora,50605,TRUE
5238,5238,REGISTERED,643 高橋 Street,,Lake جهاد,FR,Gorizia,14070,TRUE
5239,5239,REGISTERED,Cañada de Pili Barrera 889 Apt. 14 ,,Mendes das Pedras,ES,Berlin,78183,TRUE
5240,5240,REGISTERED,64670 بنو النجار Course,,Bersenbrück,SG,La Spezia,37461,TRUE
5241,5241,REGISTERED,41594 الشايقية Plains Apt. 990,,León,IT,Cremona,46231,TRUE
5242,5242,REGISTERED,1299 Graham Port,,青ヶ島村,IR,Amazonas,932-5798,TRUE
5243,5243,REGISTERED,"Sítio Letícia Brito, 31",,Ferrara Di Monte Baldo,IT,São Paulo,299-3788,TRUE
5244,5244,REGISTERED,"Studio 62
Smith Highway",,Marques Alegre,US,Guadalajara,12681,TRUE
5245,5245,REGISTERED,"334, boulevard Émile Philippe",,八王子市,TR,Berlin,10100,TRUE
5246,5246,REGISTERED,16102 Smith Station Suite 935,,ClercBourg,ES,Acre,77979,TRUE
5247,5247,REGISTERED,825 الدليم Lane,,East Rhys,FR,Kentucky,03084,TRUE
5248,5248,REGISTERED,542 長谷川 Street,,Saint Guillaume-les-Bains,SE,Hawaii,45039,TRUE
5249,5249,REGISTERED,718 Cooper Spring,,Lake Juneport,US,Mecklenburg-Vorpommern,10872,TRUE
5250,5250,REGISTERED,Irmgard-Höfig-Straße 36/38,,Cordier-sur-Buisson,GB,Ávila,707-1165,TRUE
5251,5251,REGISTERED,9564 السادة الراويون Pass,,Fara Novarese,TR,Granada,40503,TRUE
5252,5252,REGISTERED,"Incrocio Vivaldi, 964",,Lake عبد الغفّارtown,FR,Massachusetts,74893,TRUE
5253,5253,REGISTERED,"Flat 30R
Hanson Park",,Pontevedra,YE,Maranhão,34270,TRUE
5254,5254,REGISTERED,"82, boulevard de Duval",,Lake Heathershire,IT,Montana,30430-392,TRUE
5255,5255,REGISTERED,"Flat 3
Curtis Skyway",,Araújo,ES,Sondrio,04273,TRUE
5256,5256,REGISTERED,"Colônia de Pastor, 73",,Pozzo Sant'Evasio,MM,Ohio,80708,TRUE
5257,5257,REGISTERED,"Flat 72I
Kenneth Mill",,Osterburg,TR,Parma,60758,TRUE
5258,5258,REGISTERED,185 Gavin Estates,,Craigborough,FR,Baden-Württemberg,48122-738,TRUE
5259,5259,REGISTERED,8288 عبد المولى Crest,,East Sophie,IR,Zaragoza,83462,TRUE
5260,5260,REGISTERED,02868 Jackson Well Suite 442,,شاطرstad,BS,Mecklenburg-Vorpommern,42498-534,TRUE
5261,5261,REGISTERED,"72, avenue Adrien Marion",,Bakerfort,SE,Nebraska,53110-136,TRUE
5262,5262,REGISTERED,32017 Victoria Light,,Jonathanmouth,US,Mato Grosso,31751,TRUE
5263,5263,REGISTERED,Sabrina-Schwital-Straße 8179,,安房郡鋸南町,MM,Thüringen,822-6361,TRUE
5264,5264,REGISTERED,"Largo Pedro Lucas da Costa, 117",,LegrosBourg,IR,New York,11322,TRUE
5265,5265,REGISTERED,Johanne-Stolze-Platz 11,,Karlsruhe,SY,Ragusa,19214,TRUE
5266,5266,REGISTERED,"17, rue de Fabre",,Leipziger Land,DE,Lleida,37618,TRUE
5267,5267,REGISTERED,Rambla Ainoa Simó 58 Apt. 32 ,,鎌ケ谷市,CA,Huesca,61108,TRUE
5268,5268,REGISTERED,463 伊藤 Street,,East Josephinefurt,ES,Rio de Janeiro,DA01 9GP,TRUE
5269,5269,REGISTERED,boulevard de Collin,,Schnauders,US,Tarragona,070-4749,TRUE
5270,5270,REGISTERED,"Rodovia de Rocha, 39",,Las Palmas,ES,Baden-Württemberg,73482,TRUE
5271,5271,REGISTERED,650 Jade Crossing,,Gallignano,FR,Ohio,10515,TRUE
5272,5272,REGISTERED,"Setor Mariane Fogaça, 41",,Sainte Alfred,BS,Oregon,80907889,TRUE
5273,5273,REGISTERED,1600 Walter Mountain Apt. 966,,横浜市戸塚区,ES,Caltanissetta,88465,TRUE
5274,5274,REGISTERED,"Campo Santos, 9",,Weiss,SE,Oklahoma,62167,TRUE
5275,5275,REGISTERED,3 Eileen Highway,,Sainte Josette,JP,Ragusa,20041,TRUE
5276,5276,REGISTERED,"Piazza Almagià, 84",,West صبريtown,US,Rheinland-Pfalz,58390,TRUE
5277,5277,REGISTERED,"8, chemin Alex Dumas",,Abatemarco,BS,Ceará,19031,TRUE
5278,5278,REGISTERED,"92, rue Masse",,西東京市,JP,Berlin,PE8 2NR,TRUE
5279,5279,REGISTERED,7 Gemma Forges,,Martinview,FR,Espírito Santo,77565,TRUE
5280,5280,REGISTERED,54216 Mary Harbor,,New شعيبland,US,Lecce,20925,TRUE
5281,5281,REGISTERED,Isidor-Patberg-Gasse 36,,Pereira Grande,GB,Virginia,74860,TRUE
5282,5282,REGISTERED,"Vicolo Mastandrea, 12",,Rios de Goiás,ES,Idaho,84407,TRUE
5283,5283,REGISTERED,Ron-Ernst-Gasse 86,,Asturias,IT,Tennessee,51583,TRUE
5284,5284,REGISTERED,7880 Jackson Estates Apt. 237,,Badajoz,IT,Niedersachsen,59828,TRUE
5285,5285,REGISTERED,"Studio 21
Sara Turnpike",,Pontevedra,JP,Amapá,26793,TRUE
5286,5286,REGISTERED,10453 Delacruz Rest Suite 246,,خندفmouth,BS,Toledo,03907,TRUE
5287,5287,REGISTERED,41495 Hannah Street,,North Tyler,DE,La Coruña,27440-392,TRUE
5288,5288,REGISTERED,Paseo de Fernando Pablo 11,,Palencia,IT,Montana,54978,TRUE
5289,5289,REGISTERED,Via Dionisia Luna 43 Apt. 06 ,,Benestare,DE,Zamora,59164,TRUE
5290,5290,REGISTERED,67458 كنانة Circles,,Narni,IT,Mato Grosso,83116-041,TRUE
5291,5291,REGISTERED,"Estação de Aparecida, 5",,Granada,FR,Maranhão,234-1669,TRUE
5292,5292,REGISTERED,53326 نوال Village Suite 702,,East Alexanderville,MM,Mississippi,B21 3GQ,TRUE
5293,5293,REGISTERED,605 Russell Springs Apt. 255,,عبد السّلامstad,ES,Paraná,95903,TRUE
5294,5294,REGISTERED,Calle de Silvestre Romero 10,,South Davidfort,DE,Palencia,90654526,TRUE
5295,5295,REGISTERED,731 井上 Street,,Thomasville,ES,Brandenburg,41431,TRUE
5296,5296,REGISTERED,662 松本 Street,,Clerc-sur-Mer,US,Catania,14030,TRUE
5297,5297,REGISTERED,362 حامد Manor Apt. 720,,Aragão,US,Lugo,37920,TRUE
5298,5298,REGISTERED,934 鈴木 Street,,Sainte Marthenec,DE,Florida,52122,TRUE
5299,5299,REGISTERED,"Flat 84e
Abigail Inlet",,Lévy,NL,Niedersachsen,67483,TRUE
5300,5300,REGISTERED,"Avenida Fogaça, 10",,Jaén,NG,Wyoming,67984,TRUE
5301,5301,REGISTERED,24894 Cynthia Viaduct Apt. 359,,Pacheco,ES,Wyoming,590-9134,TRUE
5302,5302,REGISTERED,"74, chemin de Bègue",,Huesca,ES,Amapá,291-2982,TRUE
5303,5303,REGISTERED,798 小林 Street,,Matthewmouth,IR,Mecklenburg-Vorpommern,13070-655,TRUE
5304,5304,REGISTERED,"Flat 17k
Lane Stravenue",,Sainte Juliette,SY,Rhode Island,16601,TRUE
5305,5305,REGISTERED,14816 الحلاق Key Suite 470,,八丈島八丈町,ZA,Hamburg,41059,TRUE
5306,5306,REGISTERED,"Stretto Damiano, 5",,East Jacob,JP,Oklahoma,696-4499,TRUE
5307,5307,REGISTERED,39588 Mark Mission Apt. 289,,بكر بن عبد مناةtown,SY,Michigan,PO9M 8TR,TRUE
5308,5308,REGISTERED,Rambla de Adalberto Castilla 28,,Chiusa Di Pesio,FR,Tennessee,30142,TRUE
5309,5309,REGISTERED,"91, rue de Garcia",,Norden,US,Pavia,51738,TRUE
5310,5310,REGISTERED,33987 ابو السعود Mall Suite 928,,عزّتbury,DE,Guadalajara,18024,TRUE
5311,5311,REGISTERED,Dehmelallee 2,,横浜市緑区,TR,North Carolina,292-4857,TRUE
5312,5312,REGISTERED,3582 ضحّاك Mill Apt. 206,,Huesca,ES,La Rioja,253-8430,TRUE
5313,5313,REGISTERED,"152, rue Meyer",,La Rioja,SG,Alagoas,46978,TRUE
5314,5314,REGISTERED,56356 Christopher Garden Suite 947,,Port Jenniferton,JP,Sachsen,00658,TRUE
5315,5315,REGISTERED,9521 Debra Trail Suite 872,,Lake هاجر,JP,Rimini,70454,TRUE
5316,5316,REGISTERED,"Canale Mattia, 17 Appartamento 36",,هيامberg,TR,Maine,73087,TRUE
5317,5317,REGISTERED,415 Max Road,,東大和市,US,Alessandria,17763,TRUE
5318,5318,REGISTERED,Cañada Felipa Fortuny 1,,板橋区,IT,Perugia,531-9341,TRUE
5319,5319,REGISTERED,97 Gregory Locks,,حارثland,JP,Roraima,CA0E 6PY,TRUE
5320,5320,REGISTERED,916 الحسيني Crossroad,,Álava,US,Georgia,62015,TRUE
5321,5321,REGISTERED,96 Greenwood Drives,,East Aaron,SG,Montana,98697,TRUE
5322,5322,REGISTERED,"Estrada da Paz, 2",,Neveu,FR,Thüringen,29915587,TRUE
5323,5323,REGISTERED,289 山口 Street,,East Nicholasville,FR,Washington,46349,TRUE
5324,5324,REGISTERED,"Borgo Milo, 574 Piano 4",,La Coruña,FR,Alagoas,00247,TRUE
5325,5325,REGISTERED,Paseo de Albino Rovira 3,,اميونيfort,ES,Badajoz,888-4108,TRUE
5326,5326,REGISTERED,3455 زحيكة Lane Apt. 419,,Cádiz,SE,Wisconsin,BB8 0TY,TRUE
5327,5327,REGISTERED,"Favela Liz da Cruz, 9",,印旛郡栄町,NG,Huelva,211-7195,TRUE
5328,5328,REGISTERED,Arif-Beckmann-Weg 1/4,,Connorport,GB,Bolzano,75637,TRUE
5329,5329,REGISTERED,"Flat 55p
Henry Tunnel",,Baileymouth,US,Alicante,26548,TRUE
5330,5330,REGISTERED,438 سرندح Islands,,Lake Megan,KP,Guadalajara,36653170,TRUE
5331,5331,REGISTERED,360 Swanson Plain,,Iserlohn,FR,Saarland,54573,TRUE
5332,5332,REGISTERED,"Chácara Murilo Montenegro, 128",,Palmerfurt,CA,Thüringen,28068,TRUE
5333,5333,REGISTERED,Mahmut-Ditschlerin-Platz 1/2,,Argegno,US,Granada,404-2652,TRUE
5334,5334,REGISTERED,944 鈴木 Street,,New Sophieland,SE,Rondônia,17824,TRUE
5335,5335,REGISTERED,968 George Flats,,Santos,IT,Almería,04972,TRUE
5336,5336,REGISTERED,576 高橋 Street,,Chandlertown,RU,Tocantins,11925,TRUE
5337,5337,REGISTERED,573 近藤 Street,,香取郡多古町,KY,L'Aquila,369-6046,TRUE
5338,5338,REGISTERED,4987 ذريع Vista Apt. 675,,Hünfeld,BS,Amazonas,11636,TRUE
5339,5339,REGISTERED,Avenida Ramos,,Pegnitz,NL,Amapá,347-1989,TRUE
5340,5340,REGISTERED,Acceso Jimena Carretero 6 Apt. 19 ,,New مشرقshire,ES,Isernia,10155,TRUE
5341,5341,REGISTERED,18 Paula Rapid,,Sbarre,FR,Nevada,33672,TRUE
5342,5342,REGISTERED,3 Howe Trace,,Guibert-sur-Mer,IT,Kansas,74525951,TRUE
5343,5343,REGISTERED,Camino de Daniela Tirado 472,,Melissatown,CA,Piauí,31215541,TRUE
5344,5344,REGISTERED,87736 Warren Land Apt. 596,,Lake خطيبbury,IT,Vibo Valentia,83424,TRUE
5345,5345,REGISTERED,540 鈴木 Street,,Duderstadt,DE,West Virginia,27036,TRUE
5346,5346,REGISTERED,Löchelallee 64-13,,Ryantown,NL,Minas Gerais,773-6613,TRUE
5347,5347,REGISTERED,716 شمر Avenue,,練馬区,FR,Vibo Valentia,78551,TRUE
5348,5348,REGISTERED,Glorieta Eduardo Alvarado 2 Piso 2 ,,Sainte DianeBourg,NG,Ohio,33616,TRUE
5349,5349,REGISTERED,Burckhard-Dowerg-Weg 1049,,Maillard,JP,Goiás,W9 0RY,TRUE
5350,5350,REGISTERED,393 Lewis Motorway Suite 844,,North صافي,IT,Lecce,003-4241,TRUE
5351,5351,REGISTERED,"Incrocio Costanzo, 88",,Lobenstein,BS,Niedersachsen,63463,TRUE
5352,5352,REGISTERED,388 شتية Turnpike,,Hardy-sur-Perrin,US,Alabama,45844218,TRUE
5353,5353,REGISTERED,256 鈴木 Street,,Port Deborahberg,SE,South Dakota,88055,TRUE
5354,5354,REGISTERED,0 Hodgson Prairie,,長生郡長南町,IT,Schleswig-Holstein,83015,TRUE
5355,5355,REGISTERED,Francoise-Krein-Ring 1195,,Zaragoza,PA,Ceuta,64929,TRUE
5356,5356,REGISTERED,Försterring 3-1,,Barcelona,RU,Cáceres,30514-602,TRUE
5357,5357,REGISTERED,441 小林 Street,,Almería,NG,Hamburg,67551,TRUE
5358,5358,REGISTERED,"Studio 25K
Jessica Spur",,Lake مُنيرberg,JP,Pescara,187-0063,TRUE
5359,5359,REGISTERED,Rambla Tadeo Jordán 216 Puerta 2 ,,Lavone Di Pezzaze,GB,North Dakota,G98 9EE,TRUE
5360,5360,REGISTERED,051 جوليا Throughway,,Stevensbury,GB,Louisiana,16871,TRUE
5361,5361,REGISTERED,Callejón Hipólito Quintanilla 8,,Lagarde,GB,West Virginia,09083,TRUE
5362,5362,REGISTERED,"10, rue Maurice Costa",,Lake Victoria,US,Oristano,99197,TRUE
5363,5363,REGISTERED,"Chácara Henry Gabriel Rios, 786",,Pontevedra,NG,Cantabria,04547,TRUE
5364,5364,REGISTERED,"70, rue Gimenez",,Bouvier,DE,Palencia,64218-294,TRUE
5365,5365,REGISTERED,"10, rue Chartier",,Vidal-les-Bains,ES,Segovia,95991,TRUE
5366,5366,REGISTERED,Wilmsenallee 67,,Gomes,TR,Michigan,978-4072,TRUE
5367,5367,REGISTERED,"Piazza Comboni, 9 Piano 1",,New صلاح,KY,Kansas,97906-924,TRUE
5368,5368,REGISTERED,"94, rue Dupuy",,ثامرberg,US,Tennessee,12523,TRUE
5369,5369,REGISTERED,"Incrocio Guglielmo, 0 Appartamento 1",,Allisonhaven,KY,Valladolid,26108,TRUE
5370,5370,REGISTERED,"Flat 83F
Smith Pike",,Maréchal,PA,Rhode Island,192-8016,TRUE
5371,5371,REGISTERED,"Canale Guido, 932 Piano 9",,Hallshire,NG,Wyoming,398-5246,TRUE
5372,5372,REGISTERED,"93, rue Clémence Da Costa",,North محسنmouth,US,Tocantins,10044,TRUE
5373,5373,REGISTERED,rue de Lebreton,,Gomes-sur-Maillot,SE,Salerno,277-9075,TRUE
5374,5374,REGISTERED,53467 الشايقية Neck Apt. 628,,Niesky,ES,Arkansas,31861-552,TRUE
5375,5375,REGISTERED,Hans-Günther-Scheuermann-Gasse 3-2,,Auerbach,ES,Pontevedra,717-7655,TRUE
5376,5376,REGISTERED,61452 نيازي Radial,,Smithfurt,FR,Mecklenburg-Vorpommern,861-3539,TRUE
5377,5377,REGISTERED,Glorieta de Macaria Calderón 61 Piso 2 ,,Colasnec,ES,Montana,49271-781,TRUE
5378,5378,REGISTERED,Calle de Georgina Torrecilla 96,,横浜市港北区,JP,Idaho,30297,TRUE
5379,5379,REGISTERED,"Trevo Brayan Pinto, 79",,New Benjamin,SE,New Mexico,02641,TRUE
5380,5380,REGISTERED,004 近藤 Street,,Antonyshire,KY,Vermont,24115632,TRUE
5381,5381,REGISTERED,Riehlring 1946,,Port باهرة,RU,Maranhão,76415,TRUE
5382,5382,REGISTERED,Via de Anacleto Lago 79,,Lake Barrystad,RU,Paraíba,08993,TRUE
5383,5383,REGISTERED,495 مشرف Springs,,印旛郡本埜村,IT,Rheinland-Pfalz,92716,TRUE
5384,5384,REGISTERED,960 بنو كنز Mountains Apt. 916,,South Leannefort,BS,Ceará,145-9659,TRUE
5385,5385,REGISTERED,59292 طرابلسي Springs Apt. 420,,Burkeland,GB,Rio de Janeiro,36440,TRUE
5386,5386,REGISTERED,094 Jared Locks Apt. 051,,Meppen,US,Thüringen,15098,TRUE
5387,5387,REGISTERED,"Viale Pepe, 8",,Sainte Amélie,IT,New Jersey,66023,TRUE
5388,5388,REGISTERED,00990 العارف Flat Apt. 876,,North عبّود,ZA,Palencia,51422,TRUE
5389,5389,REGISTERED,7610 حبّاب Garden Apt. 791,,Ludwigslust,US,Soria,27234,TRUE
5390,5390,REGISTERED,"Incrocio Ligorio, 6",,Geoffreyborough,SG,Louisiana,04546-507,TRUE
5391,5391,REGISTERED,439 山田 Street,,Aragão do Campo,NL,Asturias,01881,TRUE
5392,5392,REGISTERED,"26, rue de Regnier",,Jüterbog,GB,Alagoas,31329,TRUE
5393,5393,REGISTERED,888 太田 Street,,Salamanca,FR,Espírito Santo,16969,TRUE
5394,5394,REGISTERED,"Contrada Righi, 7 Piano 0",,Cuenca,IR,Brandenburg,06079,TRUE
5395,5395,REGISTERED,327 Davis Brooks Suite 392,,小金井市,CH,Valladolid,31034,TRUE
5396,5396,REGISTERED,avenue Thierry,,大島町,TR,Mecklenburg-Vorpommern,851-1672,TRUE
5397,5397,REGISTERED,"Rotonda Trebbi, 12 Piano 9",,Gimenez,SG,Bremen,97897,TRUE
5398,5398,REGISTERED,"Flat 42C
Flynn Junctions",,Toussaintdan,ES,Lecce,W9 3XU,TRUE
5399,5399,REGISTERED,"24, avenue de Durand",,Crailsheim,US,Wisconsin,46324,TRUE
5400,5400,REGISTERED,"Flat 71K
Allan Plains",,Olpe,SE,New Hampshire,51555,TRUE
5401,5401,REGISTERED,"Contrada Pisano, 2",,East Chad,PA,Málaga,24668,TRUE
5402,5402,REGISTERED,733 小川 Street,,Costela das Flores,NL,Michigan,93763-201,TRUE
5403,5403,REGISTERED,"Incrocio Segni, 930 Appartamento 31",,Coburg,US,Minnesota,SR1 3GN,TRUE
5404,5404,REGISTERED,Chácara Cirino,,Laurenside,GB,Mississippi,243-8148,TRUE
5405,5405,REGISTERED,"Flat 34m
Patrick Ways",,أفغانيtown,RU,Sachsen-Anhalt,93231,TRUE
5406,5406,REGISTERED,867 小林 Street,,New Antonioport,KY,Paraná,35790,TRUE
5407,5407,REGISTERED,"Estrada Mendonça, 52",,Lleida,TR,Brandenburg,19198,TRUE
5408,5408,REGISTERED,614 رخاء Trafficway Suite 879,,Santa Cruz de Tenerife,SG,Prato,577-6969,TRUE
5409,5409,REGISTERED,"Recanto de da Rosa, 59",,Patrickville,FR,Sergipe,PA0 7YB,TRUE
5410,5410,REGISTERED,998 小林 Street,,印旛郡栄町,US,Alaska,30131,TRUE
5411,5411,REGISTERED,1412 فهم Lane Suite 581,,Hollieberg,DE,Thüringen,03267,TRUE
5412,5412,REGISTERED,Camino León Amo 83 Apt. 02 ,,Sant'Angelo In Mercole,ZA,Niedersachsen,99320,TRUE
5413,5413,REGISTERED,905 渡辺 Street,,荒川区,DE,São Paulo,69239-112,TRUE
5414,5414,REGISTERED,Heinzplatz 4-2,,Aosta,MM,Brandenburg,94973,TRUE
5415,5415,REGISTERED,Bohnbachallee 527,,三宅島三宅村,KP,Rheinland-Pfalz,004-2300,TRUE
5416,5416,REGISTERED,135 Harrington Ferry,,Evangelisti,GB,Acre,32286,TRUE
5417,5417,REGISTERED,Tschentscherring 502,,Scottton,FR,Saarland,97637,TRUE
5418,5418,REGISTERED,"Quadra de Ribeiro, 77",,South Stewartton,RU,Amapá,14219,TRUE
5419,5419,REGISTERED,159 高橋 Street,,North Olivia,DE,Sergipe,81436063,TRUE
5420,5420,REGISTERED,Cuesta de Eugenia Tirado 43 Puerta 9 ,,Tanyamouth,DE,São Paulo,33806,TRUE
5421,5421,REGISTERED,"Feira de Cassiano, 1",,Mastromarco,DE,Georgia,38083,TRUE
5422,5422,REGISTERED,071 Porter Route,,Laceno,RU,Florida,367-2994,TRUE
5423,5423,REGISTERED,94452 ازحيمان Gateway,,South رابحfort,US,Hamburg,23364,TRUE
5424,5424,REGISTERED,"Flat 60
Teresa Underpass",,Lopes do Campo,AU,Niedersachsen,CW2 7TX,TRUE
5425,5425,REGISTERED,Plaza Pablo Acosta 2 Apt. 34 ,,Fonseca da Prata,US,Murcia,78780,TRUE
5426,5426,REGISTERED,134 Deborah Locks,,Kaylaport,DE,Missouri,G1T 9UP,TRUE
5427,5427,REGISTERED,Calle de Juliana Tovar 3 Apt. 74 ,,Le Croci,ES,Bahia,L8C 0WH,TRUE
5428,5428,REGISTERED,215 山崎 Street,,Legrand-sur-Bailly,DE,Vercelli,W44 0LE,TRUE
5429,5429,REGISTERED,Claudius-Jacob-Platz 3-8,,Duprédan,GB,Cuneo,42274,TRUE
5430,5430,REGISTERED,avenue de Garnier,,Almeida do Amparo,US,Tennessee,65552,TRUE
5431,5431,REGISTERED,"Strada Sollima, 26 Piano 8",,Bernier,FR,Tocantins,07347,TRUE
5432,5432,REGISTERED,Rambla de Carmelita Diaz 60 Apt. 80 ,,Pires,IR,Sachsen-Anhalt,39452,TRUE
5433,5433,REGISTERED,501 Briggs Station,,West Valerie,JP,Wisconsin,25459,TRUE
5434,5434,REGISTERED,Frederike-auch Schlauchin-Allee 1-1,,Lozzo Di Cadore,AU,Schleswig-Holstein,N7 6HW,TRUE
5435,5435,REGISTERED,Cañada de Edgardo Sanabria 86 Piso 2 ,,西多摩郡檜原村,GB,Rondônia,777-1157,TRUE
5436,5436,REGISTERED,319 中村 Street,,Teterow,FR,Nebraska,27802,TRUE
5437,5437,REGISTERED,Paseo César Rivera 13,,East Mark,SY,Latina,38550,TRUE
5438,5438,REGISTERED,"Studio 12f
Shepherd Fork",,匝瑳市,CA,Rio Grande do Sul,40403,TRUE
5439,5439,REGISTERED,3 John Expressway,,Palencia,GB,Illinois,23861,TRUE
5440,5440,REGISTERED,661 غامد Squares,,Thomasside,CA,Rimini,SY9W 2ZB,TRUE
5441,5441,REGISTERED,"11, chemin de Lebon",,Sonneberg,ES,Hawaii,89789,TRUE
5442,5442,REGISTERED,806 福田 Street,,Wolgast,DE,Sachsen,88237,TRUE
5443,5443,REGISTERED,947 佐藤 Street,,Jacksonchester,US,South Carolina,55181,TRUE
5444,5444,REGISTERED,552 Williams Park,,Pontone,FR,Cáceres,976-7659,TRUE
5445,5445,REGISTERED,Mareike-Segebahn-Allee 45-99,,San Nicolo' Gerrei,RU,Thüringen,10725,TRUE
5446,5446,REGISTERED,Huhnstraße 9623,,Wittmund,CA,Arizona,33133,TRUE
5447,5447,REGISTERED,79956 Leslie Mission Suite 223,,بنو ليثfurt,ES,Espírito Santo,268-4081,TRUE
5448,5448,REGISTERED,Núcleo de Sá,,Altötting,NG,Treviso,LL7H 2AB,TRUE
5449,5449,REGISTERED,rue de Arnaud,,South Francis,NG,Pontevedra,35361,TRUE
5450,5450,REGISTERED,"Borgo Ferrucci, 20 Appartamento 59",,Gosselin,BS,Louisiana,76696,TRUE
5451,5451,REGISTERED,5 Thornton Path,,سلطانborough,DE,Ohio,57276,TRUE
5452,5452,REGISTERED,Acceso Fernanda Bertrán 93,,New حلاfurt,FR,Bremen,15407,TRUE
5453,5453,REGISTERED,Pietro-Vollbrecht-Straße 44,,御蔵島村,KY,Genova,JE1W 1UZ,TRUE
5454,5454,REGISTERED,"Strada Lucio, 36 Piano 9",,Pacheco das Flores,BS,Murcia,AB31 4UX,TRUE
5455,5455,REGISTERED,Paseo Urbano Rey 7 Apt. 50 ,,Nigelstad,JP,Michigan,50708,TRUE
5456,5456,REGISTERED,"Residencial Fonseca, 6",,O'Connorborough,CA,Rheinland-Pfalz,88821,TRUE
5457,5457,REGISTERED,"Flat 3
Hughes Curve",,Ochsenfurt,KY,South Carolina,001-4477,TRUE
5458,5458,REGISTERED,Rambla de Calixto Velázquez 43,,Beverleytown,GB,Tennessee,93462,TRUE
5459,5459,REGISTERED,"Studio 2
Lawrence Meadow",,Vargas,SY,Connecticut,59054,TRUE
5460,5460,REGISTERED,Camino de Leocadia Mateu 286 Apt. 94 ,,Albacete,IT,Hawaii,75019,TRUE
5461,5461,REGISTERED,662 高橋 Street,,Casa Grande,NL,Bremen,737-3211,TRUE
5462,5462,REGISTERED,5 Howard Branch,,Staßfurt,RU,Pontevedra,23891,TRUE
5463,5463,REGISTERED,"Canale Salvini, 327",,Dayfort,IT,Wyoming,54285,TRUE
5464,5464,REGISTERED,Heintzeallee 624,,Lake Allison,YE,Melilla,BD94 1LH,TRUE
5465,5465,REGISTERED,"57, chemin de Leroux",,Valencia,BS,León,LA01 0DL,TRUE
5466,5466,REGISTERED,"13, rue Maillot",,Jaén,JP,Rio Grande do Sul,06936492,TRUE
5467,5467,REGISTERED,"Stretto Federici, 94 Piano 9",,Kyleberg,DE,Idaho,83752,TRUE
5468,5468,REGISTERED,Ekkehart-Benthin-Straße 4/2,,Vargas,IT,Pará,834-5946,TRUE
5469,5469,REGISTERED,"Studio 77
Victor Spur",,Licciana Nardi,GB,South Carolina,FK48 7YT,TRUE
5470,5470,REGISTERED,75927 روبا Cove,,New Keithfort,ZA,Massa-Carrara,CM51 6PR,TRUE
5471,5471,REGISTERED,283 木村 Street,,Stewartberg,FR,Nordrhein-Westfalen,49335855,TRUE
5472,5472,REGISTERED,11339 وديع Hollow Apt. 865,,Alves,NG,Minnesota,20619,TRUE
5473,5473,REGISTERED,70401 Susan Stream Suite 215,,Port Joshua,FR,Lecce,345-5075,TRUE
5474,5474,REGISTERED,690 George Crest,,清瀬市,US,Georgia,82038,TRUE
5475,5475,REGISTERED,421 佐藤 Street,,Câmara de Monteiro,DE,Idaho,17468,TRUE
5476,5476,REGISTERED,7581 Clarke Fords Suite 374,,Da Costa,TR,Virginia,29011684,TRUE
5477,5477,REGISTERED,469 吉田 Street,,Onach,DE,Madrid,50587-123,TRUE
5478,5478,REGISTERED,"Colônia Farias, 21",,Lübz,GB,Schleswig-Holstein,145-5940,TRUE
5479,5479,REGISTERED,29151 طيّع Village,,Cookebury,TR,Reggio Emilia,86070,TRUE
5480,5480,REGISTERED,44839 Steven Plains,,East شكريborough,US,Bahia,95992,TRUE
5481,5481,REGISTERED,Cuesta Hermenegildo Durán 2 Puerta 9 ,,Córdoba,GB,Cuenca,47915,TRUE
5482,5482,REGISTERED,Cuesta Manola Castillo 28 Piso 3 ,,Nascimento do Galho,US,Benevento,09661,TRUE
5483,5483,REGISTERED,"72, avenue Frédéric Fleury",,稲城市,KY,Soria,62646,TRUE
5484,5484,REGISTERED,091 木村 Street,,New Graeme,FR,Rio Grande do Sul,54155,TRUE
5485,5485,REGISTERED,359 Scott Lock,,Gallagherberg,GB,Missouri,94836,TRUE
5486,5486,REGISTERED,308 Horton Circles,,Port زاهي,RU,Arkansas,81033,TRUE
5487,5487,REGISTERED,Cañada Macario Ayala 18,,Birgi Aerostazione,PA,Delaware,39037,TRUE
5488,5488,REGISTERED,84889 Smith Key Apt. 762,,Baleares,ES,Tennessee,72712,TRUE
5489,5489,REGISTERED,Armin-Dowerg-Platz 7/3,,Teruel,IT,Louisiana,15211,TRUE
5490,5490,REGISTERED,92323 كافور Rapids,,Lugo,NL,Niedersachsen,54145,TRUE
5491,5491,REGISTERED,203 Latoya Village Suite 559,,Casaferro,US,Catania,30835,TRUE
5492,5492,REGISTERED,"Via Mauro, 225",,Werdau,ES,Hawaii,W3 6FB,TRUE
5493,5493,REGISTERED,Paseo María Belda 22 Apt. 80 ,,Maletto,SE,Texas,39608,TRUE
5494,5494,REGISTERED,579 سالم Flats Apt. 963,,Zamora,US,Ohio,14937,TRUE
5495,5495,REGISTERED,0422 Reed Brooks Apt. 722,,Pritzwalk,RU,New Hampshire,48663,TRUE
5496,5496,REGISTERED,Alameda Arcelia Cuadrado 4,,Sainte Sébastien,KY,Distrito Federal,99729-696,TRUE
5497,5497,REGISTERED,"15, rue de Lambert",,Vinzaglio,GB,Mato Grosso do Sul,51077,TRUE
5498,5498,REGISTERED,Vial de Marisol Milla 1 Puerta 0 ,,ابو السعودmouth,CA,Ohio,80740,TRUE
5499,5499,REGISTERED,841 هيام Field,,Kellyhaven,KY,New Mexico,81085,TRUE
5500,5500,REGISTERED,"29, chemin Lemaire",,East Kelly,US,Mississippi,45938,TRUE
5501,5501,REGISTERED,Glorieta de Adela Benito 97,,Brettview,KY,Mato Grosso do Sul,358-1960,TRUE
5502,5502,REGISTERED,24738 Alison Pine,,أجوانhaven,ES,Genova,62024,TRUE
5503,5503,REGISTERED,Wulffstr. 84-44,,Dachau,US,Venezia,NR9M 6JY,TRUE
5504,5504,REGISTERED,Ronda de Etelvina Suárez 16 Puerta 3 ,,Foucher,NL,Huesca,63124,TRUE
5505,5505,REGISTERED,6331 آلاء Plain Suite 494,,كرمchester,US,Montana,53875,TRUE
5506,5506,REGISTERED,59169 القطب Springs,,Henry,CA,Mississippi,34583,TRUE
5507,5507,REGISTERED,"6, rue de Hoarau",,Huet,NL,Toledo,16992,TRUE
5508,5508,REGISTERED,052 Hussain Union,,横浜市金沢区,NL,Palermo,42612,TRUE
5509,5509,REGISTERED,9185 فارع Square,,Melilla,GB,Idaho,147-1163,TRUE
5510,5510,REGISTERED,"96, boulevard Sanchez",,Teixeira de Goiás,AU,Maine,10432,TRUE
5511,5511,REGISTERED,"Borgo Crispi, 19",,Clarkestad,SG,Palencia,55604473,TRUE
5512,5512,REGISTERED,12847 Mcgrath Crossing Suite 892,,Barbosa de Minas,FR,Saarland,B82 0AT,TRUE
5513,5513,REGISTERED,422 Tonya Bridge,,Hohenstein-Ernstthal,KP,Michigan,44021,TRUE
5514,5514,REGISTERED,67325 Ramos Skyway Suite 253,,川崎市川崎区,GB,Hawaii,11103,TRUE
5515,5515,REGISTERED,"Contrada Lando, 74 Appartamento 76",,Pastor,DE,Minas Gerais,77652,TRUE
5516,5516,REGISTERED,88868 Kathleen Ford,,Wanzleben,BS,Massachusetts,97454,TRUE
5517,5517,REGISTERED,1085 الدجاني Mission,,Janechester,US,Thüringen,05066,TRUE
5518,5518,REGISTERED,12 Donald Center,,Girona,NG,Murcia,72830,TRUE
5519,5519,REGISTERED,"31, rue de Hamon",,荒川区,IT,Vizcaya,785-1645,TRUE
5520,5520,REGISTERED,Kreinplatz 84/40,,Sonneberg,FR,Idaho,SN36 9HT,TRUE
5521,5521,REGISTERED,"Studio 02A
Kelly Parks",,Sandraborough,NL,Nordrhein-Westfalen,55138,TRUE
5522,5522,REGISTERED,Claus-Peter-Hecker-Straße 5/2,,Bourgeois,JP,Illinois,MK9 7PL,TRUE
5523,5523,REGISTERED,"Condomínio Pinto, 78",,Novaes,ES,Tennessee,11498,TRUE
5524,5524,REGISTERED,Avenida de Jose Carlos Almeida 408,,الحلوانيburgh,TR,Sergipe,769-8126,TRUE
5525,5525,REGISTERED,"Condomínio Machado, 68",,Machado das Pedras,AU,Wisconsin,63303,TRUE
5526,5526,REGISTERED,Stefano-Klemt-Platz 3-2,,Port روعةview,YE,Pesaro e Urbino,19872,TRUE
5527,5527,REGISTERED,44166 عمير Isle,,Bologna,GB,Nebraska,16710,TRUE
5528,5528,REGISTERED,Paseo Casemiro Barrena 49 Puerta 0 ,,足立区,US,Castellón,91702,TRUE
5529,5529,REGISTERED,"Avenida de Jesus, 3",,Fondachello,FR,Alagoas,29548,TRUE
5530,5530,REGISTERED,Vial Hortensia Bilbao 78,,Meyer-la-Forêt,AU,Sachsen-Anhalt,407-8250,TRUE
5531,5531,REGISTERED,739 山崎 Street,,Monteparano,YE,Girona,34569,TRUE
5532,5532,REGISTERED,"Viale Ficino, 8",,Kyritz,RU,Texas,366-0784,TRUE
5533,5533,REGISTERED,15354 مظهر Loaf Suite 585,,Navarra,AU,Hamburg,55863,TRUE
5534,5534,REGISTERED,"Largo da Cunha, 11",,Tapiamouth,SE,Berlin,35096,TRUE
5535,5535,REGISTERED,rue Mary,,Ribeiro de Rodrigues,YE,Zaragoza,61834,TRUE
5536,5536,REGISTERED,"Trecho Arthur Carvalho, 723",,Barbosa do Norte,GB,Mato Grosso do Sul,49656,TRUE
5537,5537,REGISTERED,129 橋本 Street,,East Roberta,NG,Palencia,85749,TRUE
5538,5538,REGISTERED,"Lagoa da Conceição, 12",,Novais do Norte,US,Pennsylvania,L05 2FZ,TRUE
5539,5539,REGISTERED,Pasaje Olalla Mulet 391 Puerta 9 ,,Tarragona,NG,Tocantins,16823,TRUE
5540,5540,REGISTERED,Pasaje Eusebia Vaquero 58 Piso 4 ,,Lake Heather,KY,Teruel,87857255,TRUE
5541,5541,REGISTERED,"Flat 2
Elliott Fort",,Reyeschester,ZA,Kentucky,07026,TRUE
5542,5542,REGISTERED,"Studio 00G
Davis Drives",,Chauvin-la-Forêt,US,Schleswig-Holstein,87171,TRUE
5543,5543,REGISTERED,321 Jade Land,,Lefebvre-sur-Mer,KY,Castellón,12223,TRUE
5544,5544,REGISTERED,265 鈴木 Street,,Fogaça,GB,Connecticut,973-3732,TRUE
5545,5545,REGISTERED,19408 Snyder Oval Apt. 261,,新島村,SE,Kansas,47956159,TRUE
5546,5546,REGISTERED,Pasadizo Ale Caballero 188,,Venezia Mestre,FR,Georgia,14338,TRUE
5547,5547,REGISTERED,"Piazza Orlando, 961",,East Alexander,ZA,Ascoli Piceno,80001-099,TRUE
5548,5548,REGISTERED,0229 نور الدين Brooks Suite 214,,نورهbury,DE,Girona,11203,TRUE
5549,5549,REGISTERED,34 Tracey Plains,,横浜市南区,IT,Hessen,75327,TRUE
5550,5550,REGISTERED,133 أولاد بوعزيز Turnpike Apt. 324,,Sainte Gilles,KY,Vermont,38057,TRUE
5551,5551,REGISTERED,"Via Manacorda, 97 Appartamento 74",,Bertrand,IT,Saarland,BL28 9LR,TRUE
5552,5552,REGISTERED,"47, rue de Martins",,East Marcville,SE,Rio de Janeiro,28383,TRUE
5553,5553,REGISTERED,839 山崎 Street,,Carde',US,Cuenca,61217,TRUE
5554,5554,REGISTERED,Cañada Loida Ballester 713 Piso 4 ,,Robertsport,FR,Navarra,14868,TRUE
5555,5555,REGISTERED,"Residencial Aylla Sampaio, 470",,Saint MargotBourg,GB,Montana,81403,TRUE
5556,5556,REGISTERED,Alameda Bautista Pérez 5,,New Robinview,IT,Pará,19118,TRUE
5557,5557,REGISTERED,"Via Carvalho, 269",,Vilsbiburg,NL,Niedersachsen,DY78 0HH,TRUE
5558,5558,REGISTERED,5656 السيفي Light,,Stewartchester,YE,Georgia,150-1638,TRUE
5559,5559,REGISTERED,572 木村 Street,,Guipúzcoa,ES,Asturias,39306,TRUE
5560,5560,REGISTERED,"Via Capuana, 4 Piano 4",,Edwardchester,GB,Ceuta,29647429,TRUE
5561,5561,REGISTERED,"Rotonda Filippa, 91 Piano 5",,La Coruña,NG,Mecklenburg-Vorpommern,55841,TRUE
5562,5562,REGISTERED,506 渡辺 Street,,Oberviechtach,IT,Espírito Santo,18580,TRUE
5563,5563,REGISTERED,Anett-Davids-Allee 4-2,,Hodgesstad,PA,Amazonas,18716,TRUE
5564,5564,REGISTERED,9418 Johnson Burg Suite 682,,Rey-sur-Mer,GB,Amapá,04604,TRUE
5565,5565,REGISTERED,7589 Tyler Groves Apt. 607,,Lelièvrenec,GB,Mississippi,44202,TRUE
5566,5566,REGISTERED,Travessa da Cruz,,Veleso,US,Modena,94261,TRUE
5567,5567,REGISTERED,Callejón de Baudelio Solano 59,,Campos de Costa,DE,Vermont,84053,TRUE
5568,5568,REGISTERED,35425 Lisa Circles,,調布市,FR,Hawaii,33056,TRUE
5569,5569,REGISTERED,"Loteamento Fonseca, 566",,Ceuta,CA,Paraíba,43014127,TRUE
5570,5570,REGISTERED,375 لورا Lodge,,New William,GB,New York,536-0687,TRUE
5571,5571,REGISTERED,"Studio 3
Mathew Walks",,Johnsonside,FR,Zamora,04811,TRUE
5572,5572,REGISTERED,"56, rue Susan Alexandre",,Fischer,JP,Missouri,B8K 6HU,TRUE
5573,5573,REGISTERED,"10, avenue de Huet",,Wunsiedel,IR,Amazonas,CO4 2HB,TRUE
5574,5574,REGISTERED,Rambla de Gastón Gargallo 3 Piso 7 ,,مخلصchester,FR,Perugia,527-3136,TRUE
5575,5575,REGISTERED,Paseo de Delfina Julián 83,,北区,ES,California,993-0231,TRUE
5576,5576,REGISTERED,"Studio 38
Howell Mountains",,Parsonsbury,BS,Georgia,10072,TRUE
5577,5577,REGISTERED,"Vicolo Niggli, 7",,Loweburgh,US,Mississippi,12839,TRUE
5578,5578,REGISTERED,5078 النمر Lodge,,横浜市青葉区,NL,Maranhão,09090,TRUE
5579,5579,REGISTERED,8226 ابو السعود Ridges,,Madrid,GB,Cáceres,76443,TRUE
5580,5580,REGISTERED,chemin Maurice Legros,,Brembio,DE,Washington,04099,TRUE
5581,5581,REGISTERED,11832 بنو شهر Turnpike Suite 539,,Begumville,PA,California,267-5222,TRUE
5582,5582,REGISTERED,1335 يسري Cove,,Cáceres,GB,Brandenburg,48285,TRUE
5583,5583,REGISTERED,Pasaje de Nieves Arenas 82 Piso 7 ,,Bosentino,ES,Hawaii,13373-359,TRUE
5584,5584,REGISTERED,"Viale Giunti, 677 Appartamento 61",,Morrisberg,GB,Huelva,66579495,TRUE
5585,5585,REGISTERED,Heinz Dieter-Schmiedt-Straße 7,,León,IR,São Paulo,635-7895,TRUE
5586,5586,REGISTERED,Acceso Octavia Reina 29,,Saint Nicoleboeuf,GB,Ceará,11668159,TRUE
5587,5587,REGISTERED,2857 حرب Knolls,,Plodio,JP,Connecticut,88683,TRUE
5588,5588,REGISTERED,"Estrada Carolina da Rocha, 546",,Sainte Marianne-les-Bains,KY,Rhode Island,18468,TRUE
5589,5589,REGISTERED,Gnatzallee 129,,Hallborough,FR,Teramo,41925-645,TRUE
5590,5590,REGISTERED,"Flat 00M
Jordan Extensions",,Raymondstad,BS,Nevada,30025,TRUE
5591,5591,REGISTERED,"2, chemin Cordier",,Augsburg,US,Maryland,47185,TRUE
5592,5592,REGISTERED,3920 Sims Shore,,Rezende dos Dourados,CA,Tennessee,46215-424,TRUE
5593,5593,REGISTERED,"Rotonda Elisa, 7 Piano 2",,أكلبstad,IT,Santa Cruz de Tenerife,05517,TRUE
5594,5594,REGISTERED,2144 بيسان Greens,,Auerbach,FR,Nordrhein-Westfalen,067-8849,TRUE
5595,5595,REGISTERED,"Parque Eloá da Paz, 35",,Fulda,PA,Florida,01212,TRUE
5596,5596,REGISTERED,"24, avenue Mercier",,North Larry,US,Hamburg,68568,TRUE
5597,5597,REGISTERED,31516 عبّاس Drive Apt. 052,,New Jeffreyton,CA,Teruel,78530,TRUE
5598,5598,REGISTERED,03060 بنو كنز Summit Suite 499,,North Louise,JP,Vizcaya,N2 6LL,TRUE
5599,5599,REGISTERED,1 Megan Passage,,Bad Brückenau,GB,Thüringen,12822-082,TRUE
5600,5600,REGISTERED,Noackallee 268,,Levane,DE,Ourense,766-9769,TRUE
5601,5601,REGISTERED,982 伊藤 Street,,Vieira,PA,Lugo,49001,TRUE
5602,5602,REGISTERED,"Studio 77
Bryan Locks",,Alanno Stazione,NG,Pernambuco,71183,TRUE
5603,5603,REGISTERED,892 Nguyen Rapids,,West نوره,IT,Minnesota,18327,TRUE
5604,5604,REGISTERED,8863 زيد River Apt. 965,,横浜市泉区,DE,North Carolina,84595-548,TRUE
5605,5605,REGISTERED,526 Amanda Tunnel,,江東区,PA,Tennessee,74228-486,TRUE
5606,5606,REGISTERED,"Rotonda Balbi, 476",,Riana,GB,Segovia,15182,TRUE
5607,5607,REGISTERED,744 Ben Meadows,,Poirier,GB,Illinois,51590,TRUE
5608,5608,REGISTERED,Bolanderweg 1/1,,Myersborough,CA,Trento,612-1712,TRUE
5609,5609,REGISTERED,Cuesta de Raúl Zamora 9 Apt. 42 ,,Duarte da Prata,TR,La Spezia,63461,TRUE
5610,5610,REGISTERED,Via Benjamín Valdés 82 Piso 1 ,,Jaén,GB,Goiás,B4F 1YJ,TRUE
5611,5611,REGISTERED,"579, chemin Guy Gaudin",,المنتفقville,GB,Ogliastra,46020,TRUE
5612,5612,REGISTERED,736 شرف Vista Suite 763,,West Daniel,GB,Bayern,70326,TRUE
5613,5613,REGISTERED,Camino de Ceferino Peñas 4 Apt. 90 ,,Torres-sur-Mer,SG,Asti,989-6147,TRUE
5614,5614,REGISTERED,Mariele-Heinrich-Platz 1534,,Davidhaven,US,Foggia,15569,TRUE
5615,5615,REGISTERED,Plaza Emma Salom 964,,Toledo,SE,Ávila,62188,TRUE
5616,5616,REGISTERED,Pasadizo de Raimundo Sureda 89 Piso 4 ,,Lake Judithville,IT,Ragusa,572-7881,TRUE
5617,5617,REGISTERED,866 صيداوي Landing Suite 369,,Aragão de Aragão,JP,Valladolid,DD78 4EB,TRUE
5618,5618,REGISTERED,0449 Jeffrey Inlet Apt. 373,,Castellón,CA,Málaga,14072341,TRUE
5619,5619,REGISTERED,"67, rue Gomes",,South Alanmouth,CH,Perugia,05608,TRUE
5620,5620,REGISTERED,017 فرحان Prairie,,Antonioburgh,ES,La Coruña,51066,TRUE
5621,5621,REGISTERED,"Stretto Adelasia, 5",,Jaén,DE,Virginia,29223,TRUE
5622,5622,REGISTERED,"11, chemin de Alves",,Pedivigliano,US,Avellino,44937,TRUE
5623,5623,REGISTERED,Pasadizo de Narcisa Menéndez 59 Apt. 87 ,,Casinina,NL,Burgos,30684-050,TRUE
5624,5624,REGISTERED,1214 Bridges Cliff,,North فخر,ZA,Catanzaro,30553,TRUE
5625,5625,REGISTERED,209 清水 Street,,Sainte René,IT,Sergipe,SA81 7JR,TRUE
5626,5626,REGISTERED,"Contrada Antonacci, 44",,Duarte,NL,Sachsen,04036,TRUE
5627,5627,REGISTERED,44 Ann Ford,,Danielville,CA,Novara,52027,TRUE
5628,5628,REGISTERED,"31, chemin de Meunier",,West Brian,PA,Mecklenburg-Vorpommern,46105,TRUE
5629,5629,REGISTERED,Calle de Encarnación Molina 60 Puerta 1 ,,Ponticella,KY,Alabama,41913,TRUE
5630,5630,REGISTERED,"Incrocio Sgarbi, 11",,South Louis,SE,Minas Gerais,96206,TRUE
5631,5631,REGISTERED,08413 الزماميري Estate,,印旛郡栄町,NL,Salamanca,89013,TRUE
5632,5632,REGISTERED,98587 Jason Trail,,Hazelchester,RU,Baden-Württemberg,62813,TRUE
5633,5633,REGISTERED,"Canale Riccardi, 256",,匝瑳市,GB,Badajoz,88036,TRUE
5634,5634,REGISTERED,"8, rue Édith Roche",,Jacob,RU,Espírito Santo,11131,TRUE
5635,5635,REGISTERED,17406 طبّاع Pass Suite 710,,West Nigelbury,CA,Massachusetts,43927950,TRUE
5636,5636,REGISTERED,54 Quinn Union,,江戸川区,GB,Agrigento,49829,TRUE
5637,5637,REGISTERED,"Piazza Giulietti, 30",,Rios das Pedras,BS,Milano,15616,TRUE
5638,5638,REGISTERED,"57, chemin Margot Leconte",,Werdau,CA,Arkansas,17784,TRUE
5639,5639,REGISTERED,"Flat 6
Ann Gateway",,New طموحside,IT,Georgia,41366,TRUE
5640,5640,REGISTERED,4651 Bowers Shore,,Hamburg,MM,Varese,04476,TRUE
5641,5641,REGISTERED,Burkhard-Rohleder-Gasse 6/3,,Lopes,FR,Saarland,92490,TRUE
5642,5642,REGISTERED,Meyergasse 9/2,,Mariamouth,FR,Maranhão,58452,TRUE
5643,5643,REGISTERED,"Estação Eduardo Leão, 81",,Lake عاليةstad,US,Texas,M6 2YG,TRUE
5644,5644,REGISTERED,"Vereda Maitê da Conceição, 87",,Grayport,US,Soria,57966995,TRUE
5645,5645,REGISTERED,"Canale Angelica, 69 Appartamento 60",,Barros,FR,North Carolina,28785,TRUE
5646,5646,REGISTERED,Rodovia de Cardoso,,横浜市青葉区,BS,Ceará,58014,TRUE
5647,5647,REGISTERED,14 Jennifer Extensions,,Sainte Juliennec,YE,Colorado,63311,TRUE
5648,5648,REGISTERED,Alameda de Aníbal Roselló 30 Piso 5 ,,Davidmouth,ES,Rhode Island,SS57 1AU,TRUE
5649,5649,REGISTERED,Plaza de Azeneth Briones 4,,South Karenhaven,ES,Pernambuco,24806,TRUE
5650,5650,REGISTERED,076 القلموني Route Suite 152,,Lake Samanthamouth,RU,Distrito Federal,22266,TRUE
5651,5651,REGISTERED,58 Natalie Trafficway,,Sainte Cécile,DE,Huelva,61308,TRUE
5652,5652,REGISTERED,Haufferstr. 84/26,,Lake زيدانland,NG,Hamburg,19133,TRUE
5653,5653,REGISTERED,"Studio 7
Owen Turnpike",,Hannoversch Münden,DE,Verbano-Cusio-Ossola,42473,TRUE
5654,5654,REGISTERED,760 三浦 Street,,Lake Melissa,ZA,Asturias,CT48 9YB,TRUE
5655,5655,REGISTERED,"16, rue Emmanuelle Laine",,Santa Cruz de Tenerife,SY,Macerata,23143,TRUE
5656,5656,REGISTERED,015 سوميرة Drive,,Genthin,CH,Paraná,TA8X 0EN,TRUE
5657,5657,REGISTERED,Acceso de Amor Navarro 670,,Lüdenscheid,RU,Missouri,18633,TRUE
5658,5658,REGISTERED,"Studio 06
Phillips Well",,Viana Alegre,US,Barcelona,38149,TRUE
5659,5659,REGISTERED,Alameda Darío Campos 71 Piso 6 ,,Zaragoza,DE,North Dakota,40817824,TRUE
5660,5660,REGISTERED,"Avenida de Gomes, 29",,Ghizzano Di Peccioli,TR,Sergipe,227-5689,TRUE
5661,5661,REGISTERED,250 Roach Station,,ابو السعودborough,ZA,Navarra,15987,TRUE
5662,5662,REGISTERED,73 Powell Ville,,Andreastad,US,Illinois,26731,TRUE
5663,5663,REGISTERED,81372 Hughes Shores Apt. 165,,Ruiz,FR,Amazonas,G8J 8FF,TRUE
5664,5664,REGISTERED,Plaza de Mariano Amo 137 Puerta 4 ,,Porto da Mata,SY,Rio Grande do Sul,25135,TRUE
5665,5665,REGISTERED,8684 Karen Springs,,David-la-Forêt,RU,Hessen,43251,TRUE
5666,5666,REGISTERED,Paseo de Caridad Tenorio 788,,South Stephenview,IT,Niedersachsen,78220759,TRUE
5667,5667,REGISTERED,166 Michele Mountains,,Pettorano Sul Gizio,GB,New Jersey,42043,TRUE
5668,5668,REGISTERED,30634 كرمة Skyway Suite 776,,Navarra,IR,Sachsen,N98 6JD,TRUE
5669,5669,REGISTERED,Vial Camila Grau 43,,Machado,NL,Indiana,03282,TRUE
5670,5670,REGISTERED,472 佐藤 Street,,Douglasstad,GB,Nevada,64052,TRUE
5671,5671,REGISTERED,35495 يشكر Stream,,横浜市瀬谷区,US,Oregon,11309163,TRUE
5672,5672,REGISTERED,Denis-Hamann-Allee 1/9,,Boucher,SE,Carbonia-Iglesias,50170984,TRUE
5673,5673,REGISTERED,Sagerweg 868,,Saint Maryseboeuf,US,Sergipe,20885,TRUE
5674,5674,REGISTERED,"Studio 53N
Moore Run",,横浜市港北区,DE,Sachsen,98072,TRUE
5675,5675,REGISTERED,54885 Michael Avenue,,South Deanville,US,Pavia,72612,TRUE
5676,5676,REGISTERED,8199 Janet Camp,,福生市,ZA,Nordrhein-Westfalen,10054,TRUE
5677,5677,REGISTERED,"239, chemin Richard",,Sainte Inès,JP,Roraima,22244,TRUE
5678,5678,REGISTERED,"Vale Cassiano, 49",,Gonzalez-sur-Hubert,US,Iowa,83632,TRUE
5679,5679,REGISTERED,454 鈴木 Street,,Cison Di Valmarino,FR,Ancona,41674,TRUE
5680,5680,REGISTERED,"Vicolo Antonacci, 5 Piano 5",,Pastor da Serra,PA,Espírito Santo,47001,TRUE
5681,5681,REGISTERED,Glorieta Olimpia Alfaro 5 Piso 6 ,,San Dona' Di Piave,IT,León,SK3N 0YR,TRUE
5682,5682,REGISTERED,67095 Karen Parkways Apt. 569,,Torre,JP,Bremen,51011,TRUE
5683,5683,REGISTERED,260 山口 Street,,Lewisburgh,IT,Oristano,B4B 4SR,TRUE
5684,5684,REGISTERED,Avenida de Luis Miguel Figueras 809,,Sainte Aimée,CH,Paraíba,63496,TRUE
5685,5685,REGISTERED,Callejón Sosimo Jiménez 3,,Zaragoza,CA,New Mexico,86728,TRUE
5686,5686,REGISTERED,5025 ثائر Drive,,Cáceres,IR,Ceuta,41116,TRUE
5687,5687,REGISTERED,3960 الحسيني Field,,Vargas,ES,Castellón,52954384,TRUE
5688,5688,REGISTERED,9 Katie Heights,,Lutago,KP,Ohio,54104,TRUE
5689,5689,REGISTERED,"Rotonda Stefanelli, 67 Appartamento 60",,عبد القدّوسmouth,US,Goiás,01623374,TRUE
5690,5690,REGISTERED,960 هزار Row Suite 509,,South شافع,GB,Hamburg,737-2969,TRUE
5691,5691,REGISTERED,94 Norman Island,,Leslieburgh,RU,Mato Grosso,05747,TRUE
5692,5692,REGISTERED,Patberggasse 2,,Marchal-sur-Delahaye,FR,Potenza,40151,TRUE
5693,5693,REGISTERED,Cuesta de Roque Luz 83,,Santa Cruz de Tenerife,GB,Texas,88845,TRUE
5694,5694,REGISTERED,678 أولاد بوعزيز Glens,,North Patricia,NG,Ceará,00076,TRUE
5695,5695,REGISTERED,7173 Cain Mount,,Stazione Di Montale,US,Crotone,24255,TRUE
5696,5696,REGISTERED,90238 Jorge Shore,,Matthewmouth,CA,Palencia,40314,TRUE
5697,5697,REGISTERED,467 Williams Land,,West Connormouth,IT,Bayern,CB1 3SQ,TRUE
5698,5698,REGISTERED,"484, rue Sabine Grégoire",,Lake يارا,SG,Córdoba,219-1765,TRUE
5699,5699,REGISTERED,956 田中 Street,,Dillonchester,TR,Santa Catarina,71280,TRUE
5700,5700,REGISTERED,Linkestr. 5/2,,Padova,SE,Paraná,87355-962,TRUE
5701,5701,REGISTERED,"Flat 31z
Mitchell Vista",,Sainte Frédéric,DE,Idaho,81801,TRUE
5702,5702,REGISTERED,"Rotonda Morosini, 2 Appartamento 90",,Witzenhausen,GB,Hessen,109-5675,TRUE
5703,5703,REGISTERED,"Contrada Filippo, 60",,Huelva,ES,Acre,31054,TRUE
5704,5704,REGISTERED,008 Allen Roads Apt. 205,,Sangerhausen,DE,Navarra,51175,TRUE
5705,5705,REGISTERED,Jürgen-Scholz-Gasse 67-16,,Martinsdan,US,Utah,47587,TRUE
5706,5706,REGISTERED,Neuschäferplatz 8-3,,Querfurt,RU,Valencia,672-5265,TRUE
5707,5707,REGISTERED,Diedrich-Jäkel-Gasse 96-42,,Pattersonville,NL,Tocantins,11025,TRUE
5708,5708,REGISTERED,61404 Sarah Wall,,Alicante,IR,Navarra,16148,TRUE
5709,5709,REGISTERED,Paolo-Riehl-Ring 97-39,,港区,TR,Oregon,77266,TRUE
5710,5710,REGISTERED,Cuesta Paula Casas 45 Puerta 0 ,,Camargo da Praia,GB,Melilla,91100,TRUE
5711,5711,REGISTERED,154 Kyle Island Apt. 380,,足立区,PA,Rio Grande do Sul,89457,TRUE
5712,5712,REGISTERED,"Rua de Abreu, 17",,君津市,GB,Gorizia,14052,TRUE
5713,5713,REGISTERED,158 Karen Square,,清瀬市,ES,Tocantins,50536,TRUE
5714,5714,REGISTERED,759 Shannon Meadows,,Guadalajara,ES,Huelva,07115,TRUE
5715,5715,REGISTERED,"183, chemin Danielle Texier",,Ribeiro,NL,Badajoz,08359,TRUE
5716,5716,REGISTERED,"Distrito de da Rocha, 48",,San Casciano Dei Bagni,SE,Rheinland-Pfalz,40057,TRUE
5717,5717,REGISTERED,"7, boulevard Garnier",,Mcclainfort,US,Rimini,310-4177,TRUE
5718,5718,REGISTERED,"Vicolo Mauro, 76 Appartamento 54",,Quarna Sotto,SE,Almería,05340435,TRUE
5719,5719,REGISTERED,743 中島 Street,,Wolmirstedt,US,Paraná,648-3173,TRUE
5720,5720,REGISTERED,6734 بعلبكي Turnpike Suite 047,,川崎市高津区,DE,Vermont,25882,TRUE
5721,5721,REGISTERED,879 Lisa Curve,,Valencia,DE,Goiás,56805,TRUE
5722,5722,REGISTERED,"28, boulevard de Tanguy",,Moraes de Ribeiro,DE,Delaware,15055,TRUE
5723,5723,REGISTERED,C. Anabel Quiroga 19 Piso 7 ,,Lake Thomasview,IT,Colorado,69553,TRUE
5724,5724,REGISTERED,09768 Diaz Shoals,,Roding,ES,Álava,76648,TRUE
5725,5725,REGISTERED,54 Leon Crossroad,,North Christinaside,IT,Niedersachsen,89832,TRUE
5726,5726,REGISTERED,600 松田 Street,,West Stephanieport,TR,La Coruña,66783684,TRUE
5727,5727,REGISTERED,Plaza de Anabel Quirós 21 Puerta 5 ,,長生郡白子町,GB,Mecklenburg-Vorpommern,88044,TRUE
5728,5728,REGISTERED,"Studio 98
Samuel Dale",,Lake Susan,NG,Valladolid,58803,TRUE
5729,5729,REGISTERED,"Studio 2
Hugh Terrace",,Cádiz,KY,Albacete,64336,TRUE
5730,5730,REGISTERED,"Strada Antonia, 4 Piano 2",,DidierBourg,DE,Thüringen,20272,TRUE
5731,5731,REGISTERED,900 Porter Underpass Suite 786,,Ebern,SE,Baden-Württemberg,62799,TRUE
5732,5732,REGISTERED,"92, rue de Lucas",,Guipúzcoa,US,Massa-Carrara,35588,TRUE
5733,5733,REGISTERED,Rambla Sebastián Estrada 336,,Pastor,JP,New Jersey,51516-529,TRUE
5734,5734,REGISTERED,4519 واثق Mountain,,Triscina,IT,Mecklenburg-Vorpommern,89442,TRUE
5735,5735,REGISTERED,"2, chemin Eugène Joseph",,Sá,GB,Utah,20452,TRUE
5736,5736,REGISTERED,187 田中 Street,,Jacksonstad,MM,Valladolid,13756,TRUE
5737,5737,REGISTERED,0641 Lauren Stream Apt. 306,,川崎市多摩区,ZA,New Jersey,29360955,TRUE
5738,5738,REGISTERED,5150 Michael Meadows,,New Ryan,KY,Bahia,16996,TRUE
5739,5739,REGISTERED,3276 مأمون Causeway Suite 979,,بنو صخرmouth,NL,Baden-Württemberg,61331,TRUE
5740,5740,REGISTERED,"Favela Eduarda Brito, 620",,八王子市,ES,Huelva,49896,TRUE
5741,5741,REGISTERED,"994, boulevard Astrid Cordier",,East Sara,SG,Niedersachsen,11016,TRUE
5742,5742,REGISTERED,478 松本 Street,,South اعتماد,GB,Benevento,11565,TRUE
5743,5743,REGISTERED,Callejón de Maximiano Bas 48 Puerta 5 ,,Hartbury,SG,New Hampshire,87695,TRUE
5744,5744,REGISTERED,30 Diana Pass,,Novaes de Duarte,IT,Paraíba,08042,TRUE
5745,5745,REGISTERED,Ullrich-Schuster-Platz 1,,Karenview,NL,Rio Grande do Norte,29022,TRUE
5746,5746,REGISTERED,"Passarela Luiz Felipe Costa, 2",,横浜市港北区,IT,Hawaii,IV56 8UA,TRUE
5747,5747,REGISTERED,75 Laura Ville,,Rocha,ZA,Ciudad,09839,TRUE
5748,5748,REGISTERED,"494, rue de Picard",,神津島村,GB,Utah,32044,TRUE
5749,5749,REGISTERED,017 Joshua Greens,,Gallet-sur-Huet,US,Belluno,430-9248,TRUE
5750,5750,REGISTERED,Patbergstr. 167,,South شكريshire,BS,Reggio Emilia,B0 7YG,TRUE
5751,5751,REGISTERED,"2, chemin Robin",,Stendal,BS,Rheinland-Pfalz,48158,TRUE
5752,5752,REGISTERED,"Flat 62N
Paula Points",,Perleberg,AU,Tennessee,93892,TRUE
5753,5753,REGISTERED,662 佐藤 Street,,da Mota,TR,Rio de Janeiro,54798-534,TRUE
5754,5754,REGISTERED,43878 أحمد Locks Suite 284,,Tirli,DE,Espírito Santo,88060,TRUE
5755,5755,REGISTERED,0 Webster Squares,,East محجوبville,NL,Mississippi,22741,TRUE
5756,5756,REGISTERED,Eckhart-Ring-Straße 23/44,,Brandenburg,GB,Santa Catarina,21881,TRUE
5757,5757,REGISTERED,Mudering 20,,Scottberg,US,Sachsen,509-7018,TRUE
5758,5758,REGISTERED,2384 عنزة Turnpike,,Magomadas,KY,Rio Grande do Norte,74185,TRUE
5759,5759,REGISTERED,"Praia de Ramos, 69",,浦安市,SY,Colorado,878-6898,TRUE
5760,5760,REGISTERED,Via Eli Mendoza 88,,Port نسيب,TR,Thüringen,39670,TRUE
5761,5761,REGISTERED,355 木村 Street,,Genthin,DE,Acre,370-0318,TRUE
5762,5762,REGISTERED,"Conjunto Zoe Lopes, 70",,八街市,TR,Lleida,38408,TRUE
5763,5763,REGISTERED,Stiffelgasse 65-67,,Nicholasland,US,Maine,330-1891,TRUE
5764,5764,REGISTERED,584 田中 Street,,Chandlerstad,US,Maranhão,E5A 7PZ,TRUE
5765,5765,REGISTERED,233 高橋 Street,,Rastatt,AU,Mecklenburg-Vorpommern,76369,TRUE
5766,5766,REGISTERED,049 渡辺 Street,,PetitjeanVille,IT,Arizona,06070,TRUE
5767,5767,REGISTERED,Pärtzeltstr. 51/82,,Borken,TR,Maine,03018,TRUE
5768,5768,REGISTERED,Glorieta Noelia Mascaró 414,,Ramos,PA,Maranhão,56753,TRUE
5769,5769,REGISTERED,345 藤原 Street,,Fonseca,DE,Barcelona,NR23 7HB,TRUE
5770,5770,REGISTERED,Heinzplatz 4/9,,المؤقتshire,GB,Siena,48476,TRUE
5771,5771,REGISTERED,Esplanada de Guerra,,da Mota,RU,Thüringen,01068,TRUE
5772,5772,REGISTERED,"92, rue de Guibert",,MalletVille,US,Belluno,61998,TRUE
5773,5773,REGISTERED,75735 Robert Manor,,East Katherine,TR,La Coruña,88578402,TRUE
5774,5774,REGISTERED,636 الحكم بن سعد العشيرة Landing Suite 267,,Duhamelnec,KY,North Dakota,16927,TRUE
5775,5775,REGISTERED,4631 Micheal River Suite 438,,النمريberg,US,Bremen,33068,TRUE
5776,5776,REGISTERED,"33, rue Bernier",,Bonnetdan,BS,Alabama,910-1985,TRUE
5777,5777,REGISTERED,1567 Hess Stravenue,,Cirino de Gomes,DE,Brandenburg,454-8088,TRUE
5778,5778,REGISTERED,Camino de Conrado Montero 8,,Lopezshire,ES,La Spezia,530-8998,TRUE
5779,5779,REGISTERED,Callejón de Norberto Viñas 949,,Port Ronald,NG,Castellón,TS3 3RA,TRUE
5780,5780,REGISTERED,858 Brown Plaza Apt. 355,,Castellón,PA,Thüringen,YO3 3QN,TRUE
5781,5781,REGISTERED,218 Maxwell Curve,,Dupont-les-Bains,IT,Oklahoma,23484,TRUE
5782,5782,REGISTERED,"Viela João Pedro Vasconcelos, 51",,Lopes,ZA,Goiás,33036,TRUE
5783,5783,REGISTERED,367 الدسوقي Bridge,,North Jessicamouth,DE,Ourense,51037,TRUE
5784,5784,REGISTERED,1 Brown Mall,,Palencia,FR,Schleswig-Holstein,30021,TRUE
5785,5785,REGISTERED,"Studio 9
O'Neill Hills",,Strausberg,IR,Hessen,04593,TRUE
5786,5786,REGISTERED,Paseo Marisa Adadia 20 Puerta 3 ,,Cigognola,IR,Bologna,26821,TRUE
5787,5787,REGISTERED,762 رامز Junctions,,Huesca,US,Pernambuco,31272,TRUE
5788,5788,REGISTERED,"796, avenue Chrétien",,Lake Frank,US,Alaska,16870,TRUE
5789,5789,REGISTERED,Vial Felisa Méndez 97,,Saint Marcelle,JP,Vizcaya,65516,TRUE
5790,5790,REGISTERED,"Rotonda Pasqual, 416 Appartamento 5",,新島村,JP,Mecklenburg-Vorpommern,496-2724,TRUE
5791,5791,REGISTERED,"78, boulevard Margaret Blin",,طلالbury,ZA,Nebraska,83706,TRUE
5792,5792,REGISTERED,"Stretto Rosa, 6 Appartamento 0",,中野区,BS,Alaska,68485,TRUE
5793,5793,REGISTERED,6647 نديم Gardens Suite 861,,Hannover,NL,Salerno,40267,TRUE
5794,5794,REGISTERED,"92, chemin Laurent",,山武郡芝山町,DE,Teruel,11802,TRUE
5795,5795,REGISTERED,7912 Luis Ramp,,Mooreside,JP,Sachsen,16610,TRUE
5796,5796,REGISTERED,92115 المتولي Coves Suite 218,,علاءstad,KP,Mato Grosso,00126,TRUE
5797,5797,REGISTERED,Gisela-Fechner-Weg 245,,Königs Wusterhausen,BS,South Dakota,34988,TRUE
5798,5798,REGISTERED,"Canale Flora, 778 Piano 5",,BègueBourg,MM,Messina,34519-465,TRUE
5799,5799,REGISTERED,Wendelin-Döhn-Platz 20,,South Kirstyfurt,DE,South Dakota,33016,TRUE
5800,5800,REGISTERED,C. Nazario Morera 72 Puerta 0 ,,Kathrynmouth,IR,Bayern,65867,TRUE
5801,5801,REGISTERED,"Vicolo Berenice, 15",,いすみ市,FR,Indiana,80858,TRUE
5802,5802,REGISTERED,229 رامح Extensions Suite 342,,Williamsfurt,CA,Nevada,18638,TRUE
5803,5803,REGISTERED,Pieperring 4-4,,بنو معقلbury,FR,Oristano,20358,TRUE
5804,5804,REGISTERED,"Contrada Caruso, 35 Piano 1",,Derekfort,BS,Ascoli Piceno,33685,TRUE
5805,5805,REGISTERED,"Viale Teresa, 47 Piano 9",,Berchtesgaden,TR,Alicante,29571,TRUE
5806,5806,REGISTERED,Boucseinstraße 9,,Bradytown,FR,Schleswig-Holstein,98030,TRUE
5807,5807,REGISTERED,8269 Thompson Route,,Darmstadt,BS,Virginia,64605,TRUE
5808,5808,REGISTERED,7780 بنو سعد بن ليث بن بكر Spurs Suite 527,,ميارborough,GB,Soria,27927,TRUE
5809,5809,REGISTERED,95675 Cindy Lake Suite 155,,Wernigerode,ES,Pernambuco,31896,TRUE
5810,5810,REGISTERED,"Flat 86
Marcus Street",,Guibert,GB,Louisiana,62021,TRUE
5811,5811,REGISTERED,4635 البديري Curve Suite 237,,San Martino Sinistra,TR,Alagoas,E4G 4YH,TRUE
5812,5812,REGISTERED,946 Morgan Tunnel Suite 514,,Sainte Théodore,NL,Kansas,49993,TRUE
5813,5813,REGISTERED,"Trevo Azevedo, 827",,Teterow,FR,Agrigento,39880,TRUE
5814,5814,REGISTERED,3407 Valenzuela Knolls,,Bertrand,SY,Amazonas,10632-088,TRUE
5815,5815,REGISTERED,Birnbaumstr. 2644,,Bonnin-sur-Mer,GB,Nevada,N2 8ZB,TRUE
5816,5816,REGISTERED,"Travessa de Pereira, 219",,Lake Bethanyview,FR,Alaska,486-7748,TRUE
5817,5817,REGISTERED,Bruni-Lübs-Platz 0,,Las Palmas,DE,New Mexico,76570194,TRUE
5818,5818,REGISTERED,"Studio 3
Ellis Pike",,Santa Cruz de Tenerife,US,Distrito Federal,NN76 7ZU,TRUE
5819,5819,REGISTERED,"497, rue Renée Michaud",,St. Jakob,DE,Mato Grosso,37137,TRUE
5820,5820,REGISTERED,Weitzelstraße 928,,East Jessicaberg,DE,New Jersey,G7G 4WD,TRUE
5821,5821,REGISTERED,Krausering 34/51,,Olpe,ES,South Carolina,48026,TRUE
5822,5822,REGISTERED,Roggering 5-2,,Guipúzcoa,DE,Soria,274-7536,TRUE
5823,5823,REGISTERED,58 Andrews Harbors,,Castellón,IT,Campobasso,667-0533,TRUE
5824,5824,REGISTERED,711 Evans Circle,,Cerreto Grue,US,Hawaii,99424039,TRUE
5825,5825,REGISTERED,"Distrito Ramos, 1",,بنو شعبةport,BS,Iowa,40137,TRUE
5826,5826,REGISTERED,464 山口 Street,,Bogen,DE,Rieti,86295,TRUE
5827,5827,REGISTERED,421 Sian Course,,da Rosa,NL,Roraima,427-6600,TRUE
5828,5828,REGISTERED,Wera-Stumpf-Platz 51/32,,横浜市旭区,IT,Schleswig-Holstein,42037252,TRUE
5829,5829,REGISTERED,"Aeroporto de Marques, 74",,多摩市,KY,Niedersachsen,41557246,TRUE
5830,5830,REGISTERED,949 الأزد Cove,,بكر بن عبد مناةton,IR,Idaho,48449,TRUE
5831,5831,REGISTERED,"1, rue de Ledoux",,Hoareau,JP,Viterbo,52108,TRUE
5832,5832,REGISTERED,"Stretto Paulina, 25",,New لقمانmouth,BS,Cantabria,89031,TRUE
5833,5833,REGISTERED,Acceso de Germán Saldaña 39 Piso 6 ,,Barbosa,ES,Rovigo,00670,TRUE
5834,5834,REGISTERED,Vollbrechtstraße 5269,,Lake Vanessa,GB,Cáceres,14037,TRUE
5835,5835,REGISTERED,"92, rue Moulin",,Port مفيد,ES,Rio Grande do Sul,07856,TRUE
5836,5836,REGISTERED,Glorieta de Marisa Sainz 522 Apt. 51 ,,Silveira Grande,US,Guadalajara,900-3589,TRUE
5837,5837,REGISTERED,Birnbaumallee 3,,Costa do Amparo,GB,Minas Gerais,83883,TRUE
5838,5838,REGISTERED,5634 Allison Ways Suite 962,,East Meredithstad,JP,Napoli,070-6930,TRUE
5839,5839,REGISTERED,Langeweg 17,,Noël-les-Bains,NG,Pesaro e Urbino,46413,TRUE
5840,5840,REGISTERED,673 田中 Street,,Zeulenroda,CA,Niedersachsen,47758,TRUE
5841,5841,REGISTERED,"Quadra Ramos, 78",,Asturias,IT,Barcelona,SW8Y 4DL,TRUE
5842,5842,REGISTERED,22113 الساحلي Vista Suite 540,,Castel Bolognese,NG,Amapá,42544-922,TRUE
5843,5843,REGISTERED,8 Sally Path,,目黒区,KY,Tocantins,10129850,TRUE
5844,5844,REGISTERED,Alameda de Edelmira Márquez 234,,Olivetta San Michele,US,Arkansas,74698,TRUE
5845,5845,REGISTERED,Katharine-Gotthard-Straße 3/9,,Port Nicholasburgh,US,Vermont,51665-338,TRUE
5846,5846,REGISTERED,544 Robson Landing,,da Mata,CA,Toledo,828-4049,TRUE
5847,5847,REGISTERED,529 鈴木 Street,,Moraes de Silveira,RU,Pisa,WD7R 4TB,TRUE
5848,5848,REGISTERED,"Avenida de Gomes, 82",,Sala Biellese,IT,Indiana,80297-948,TRUE
5849,5849,REGISTERED,4 Ryan Islands,,Aradeo,GB,Salerno,52048,TRUE
5850,5850,REGISTERED,8250 Key Drives,,Watkinston,DE,Wyoming,28843,TRUE
5851,5851,REGISTERED,"Rotonda Ritacca, 472 Piano 9",,يعقوبland,DE,New Mexico,31624,TRUE
5852,5852,REGISTERED,"Flat 0
Terence Circle",,Victorport,DE,Massachusetts,84552,TRUE
5853,5853,REGISTERED,380 石川 Street,,Cuenca,CA,Georgia,46203,TRUE
5854,5854,REGISTERED,Rodovia de Cunha,,Girona,GB,Oregon,53885,TRUE
5855,5855,REGISTERED,Calle Luisa Rojas 985,,Raynauddan,GB,Alagoas,308-3335,TRUE
5856,5856,REGISTERED,63107 غالب Branch,,Badajoz,RU,Ciudad,73848-343,TRUE
5857,5857,REGISTERED,Pasadizo de Eugenio Vives 303 Puerta 5 ,,Nascimento dos Dourados,GB,Massa-Carrara,03092-249,TRUE
5858,5858,REGISTERED,"Studio 97
Sharpe Plaza",,Burg,RU,Almería,75595,TRUE
5859,5859,REGISTERED,Stephan-Adler-Weg 3,,South Wendy,AU,Sachsen-Anhalt,80071,TRUE
5860,5860,REGISTERED,236 伊藤 Street,,Sigmaringen,YE,Madrid,95448,TRUE
5861,5861,REGISTERED,315 池田 Street,,ياقوتland,DE,Bayern,722-3771,TRUE
5862,5862,REGISTERED,Cichoriusstraße 67/60,,Guipúzcoa,JP,Montana,99863-138,TRUE
5863,5863,REGISTERED,9960 Tran Fort,,Almería,FR,Trento,78639,TRUE
5864,5864,REGISTERED,"197, rue de Guichard",,كهلانton,JP,Sachsen-Anhalt,44288,TRUE
5865,5865,REGISTERED,782 Barry Manors,,Phambury,GB,Mecklenburg-Vorpommern,225-9668,TRUE
5866,5866,REGISTERED,Haeringallee 8/2,,小笠原村,NL,Arkansas,40100,TRUE
5867,5867,REGISTERED,87680 كسّاب Trafficway Suite 537,,Navarra,KY,Virginia,97140,TRUE
5868,5868,REGISTERED,"Canale Manolesso, 9 Piano 9",,La Rioja,TR,Avellino,WN2 0ZY,TRUE
5869,5869,REGISTERED,53545 Stewart Pines Suite 722,,中野区,FR,Guadalajara,20251-592,TRUE
5870,5870,REGISTERED,215 森 Street,,白井市,US,Nordrhein-Westfalen,31808,TRUE
5871,5871,REGISTERED,"Vicolo Valguarnera, 12 Appartamento 63",,Granada,IT,Mississippi,50711,TRUE
5872,5872,REGISTERED,"8, rue de Rolland",,New نوالborough,FR,Roraima,04161,TRUE
5873,5873,REGISTERED,Justine-Gehringer-Ring 0,,Cataforio,KY,Pará,98614,TRUE
5874,5874,REGISTERED,"80, avenue Michaud",,Borgo Celano,IT,South Dakota,09030-114,TRUE
5875,5875,REGISTERED,"Via Roberto, 334",,West Victoriabury,GB,Georgia,21298,TRUE
5876,5876,REGISTERED,"Jardim Mariana Fonseca, 25",,Machado do Amparo,DE,Pontevedra,32403,TRUE
5877,5877,REGISTERED,Alameda Emiliana Carro 62,,da Rosa da Mata,ES,Lecco,37515,TRUE
5878,5878,REGISTERED,406 佐々木 Street,,North Jillberg,SG,Hamburg,90808999,TRUE
5879,5879,REGISTERED,774 Boyd Extensions Suite 010,,Port Harryside,GB,Melilla,35130,TRUE
5880,5880,REGISTERED,"Recanto Antônio Silveira, 43",,Berchtesgaden,JP,Berlin,11836,TRUE
5881,5881,REGISTERED,"Studio 05Y
Luke Place",,武蔵野市,ES,Hessen,95488,TRUE
5882,5882,REGISTERED,646 Gibbons Motorway,,West Austinberg,NL,Acre,LU1 6AQ,TRUE
5883,5883,REGISTERED,313 遠藤 Street,,Sainte Sophie,GB,Amazonas,58209,TRUE
5884,5884,REGISTERED,8047 Tara Orchard Apt. 433,,Dinkelsbühl,DE,Zamora,25037,TRUE
5885,5885,REGISTERED,0229 Harold Tunnel,,Germersheim,ES,Bayern,32760,TRUE
5886,5886,REGISTERED,24925 نهد Shoals Suite 060,,Cáceres,DE,Minas Gerais,TD9 8EZ,TRUE
5887,5887,REGISTERED,Kochring 3/5,,East طائعshire,AU,Genova,85487,TRUE
5888,5888,REGISTERED,Pasaje de Ainara Hierro 70,,Sevilla,RU,New Hampshire,20944,TRUE
5889,5889,REGISTERED,"Piazza Lamborghini, 21 Piano 1",,香取郡多古町,NL,Hessen,CO03 3XX,TRUE
5890,5890,REGISTERED,147 岡田 Street,,Sales,GB,Granada,98301,TRUE
5891,5891,REGISTERED,"30, boulevard de Lefèvre",,East داني,GB,Guipúzcoa,82294,TRUE
5892,5892,REGISTERED,82 Hargreaves Common,,横浜市南区,GB,Sachsen-Anhalt,60662,TRUE
5893,5893,REGISTERED,514 佐藤 Street,,Pegnitz,US,Maranhão,90757-825,TRUE
5894,5894,REGISTERED,643 三浦 Street,,Gavinstad,IT,Valladolid,41148,TRUE
5895,5895,REGISTERED,"13, avenue Richard Brunet",,هلاليberg,IT,Maranhão,39134,TRUE
5896,5896,REGISTERED,"Flat 95
Deborah Village",,杉並区,FR,Granada,24836,TRUE
5897,5897,REGISTERED,6447 مشعشع Burg Apt. 715,,Baudry,FR,Ceuta,W51 1WN,TRUE
5898,5898,REGISTERED,717 Torres Islands,,Carvalho da Prata,GB,Nordrhein-Westfalen,757-5395,TRUE
5899,5899,REGISTERED,"Sítio Martins, 51",,La Rioja,ES,Schleswig-Holstein,27625,TRUE
5900,5900,REGISTERED,Acceso de Abigaíl Blasco 14 Piso 9 ,,Brookemouth,RU,Niedersachsen,638-3069,TRUE
5901,5901,REGISTERED,"Colônia Helena Macedo, 1",,Tomview,ES,North Carolina,24908-074,TRUE
5902,5902,REGISTERED,"Viale Lamborghini, 8",,Wolfach,US,North Dakota,579-2025,TRUE
5903,5903,REGISTERED,325 النقيب Plaza,,Almería,ES,Washington,LS4 6AY,TRUE
5904,5904,REGISTERED,947 伊藤 Street,,Córdoba,GB,Sergipe,W9 7HS,TRUE
5905,5905,REGISTERED,Anneli-Vollbrecht-Platz 6/7,,Carvalho,BS,Baleares,48512,TRUE
5906,5906,REGISTERED,670 Brianna Corners Suite 188,,كنانberg,TR,Nordrhein-Westfalen,828-8648,TRUE
5907,5907,REGISTERED,Dörthe-Nette-Allee 76,,فداءland,BS,Washington,06748,TRUE
5908,5908,REGISTERED,3215 Melissa Passage,,Las Palmas,TR,Missouri,97138,TRUE
5909,5909,REGISTERED,079 Rodriguez Bridge,,Bayreuth,ZA,Nevada,09082,TRUE
5910,5910,REGISTERED,"32, chemin Sauvage",,Leão do Norte,US,South Carolina,TQ08 4HP,TRUE
5911,5911,REGISTERED,"Studio 07
Humphreys Rue",,New عزّ الدّين,KY,New York,43577,TRUE
5912,5912,REGISTERED,16170 Jamie Shores,,Cádiz,JP,North Dakota,43721,TRUE
5913,5913,REGISTERED,"Studio 3
Danielle Bridge",,Toledo,ZA,Sachsen,00427-354,TRUE
5914,5914,REGISTERED,Wielochweg 6391,,Weißwasser,GB,Espírito Santo,83010,TRUE
5915,5915,REGISTERED,"24, boulevard Manon Jacob",,القضمانيborough,US,Virginia,15498,TRUE
5916,5916,REGISTERED,Ronda Roberta Sandoval 6 Piso 1 ,,Port Samland,US,Tennessee,TQ3 5UG,TRUE
5917,5917,REGISTERED,"Flat 4
Jemma Vista",,West Jessica,JP,La Spezia,37128,TRUE
5918,5918,REGISTERED,chemin de Allard,,川崎市幸区,CA,Espírito Santo,B15 4ZH,TRUE
5919,5919,REGISTERED,"Studio 30E
Bibi Spring",,Garcia,ZA,Colorado,BS20 8JG,TRUE
5920,5920,REGISTERED,275 Ahmed Village,,South Pamelaview,KY,Utah,29907,TRUE
5921,5921,REGISTERED,"Rotonda Pertini, 3 Appartamento 52",,Verona,GB,Kansas,44015,TRUE
5922,5922,REGISTERED,"Strada Gelsomina, 8",,Navarra,IT,Hawaii,38728,TRUE
5923,5923,REGISTERED,71 Malcolm Lock,,Crossborough,BS,Maranhão,65437,TRUE
5924,5924,REGISTERED,"Contrada Giusti, 751",,Covo,BS,Barcelona,47722,TRUE
5925,5925,REGISTERED,829 吉田 Street,,حسامmouth,IT,Acre,41966,TRUE
5926,5926,REGISTERED,rue Julie Da Costa,,North Ellie,NG,Nebraska,S3K 8YX,TRUE
5927,5927,REGISTERED,rue de Leclerc,,Schwerin,US,Agrigento,50503,TRUE
5928,5928,REGISTERED,183 لورين Drives,,Castro do Campo,FR,Belluno,HA4 2JD,TRUE
5929,5929,REGISTERED,1615 Jessica River,,西多摩郡檜原村,CA,Arizona,735-7619,TRUE
5930,5930,REGISTERED,376 Gregory Pine,,Ávila,BS,Berlin,60128,TRUE
5931,5931,REGISTERED,"Vicolo Tatiana, 2",,Gardelegen,CA,Brandenburg,94910668,TRUE
5932,5932,REGISTERED,118 山崎 Street,,Almería,IR,North Carolina,13556792,TRUE
5933,5933,REGISTERED,"Estação Nascimento, 32",,East Brittany,PA,Texas,HD0 3JN,TRUE
5934,5934,REGISTERED,290 Scott Mountains,,Fernandes do Amparo,GB,Castellón,14065,TRUE
5935,5935,REGISTERED,"8, rue Josette Martineau",,Port فاضل,GB,Pará,87018,TRUE
5936,5936,REGISTERED,5964 Richard Overpass,,Castiglione Olona,GB,South Carolina,090-6774,TRUE
5937,5937,REGISTERED,150 Lee Drive,,Port ظافر,IT,Minnesota,14054,TRUE
5938,5938,REGISTERED,chemin de Launay,,Alicante,YE,Mecklenburg-Vorpommern,27318,TRUE
5939,5939,REGISTERED,"51, boulevard Zoé Lacombe",,新宿区,NL,Bergamo,47940,TRUE
5940,5940,REGISTERED,"313, boulevard Coste",,Briandboeuf,IT,New Mexico,60441716,TRUE
5941,5941,REGISTERED,"75, rue Lemoine",,Cirino da Praia,IT,Massachusetts,20887,TRUE
5942,5942,REGISTERED,187 Veronica Way Suite 057,,Conscenti,IT,Fermo,19626,TRUE
5943,5943,REGISTERED,"Flat 56W
Susan Isle",,East بورانmouth,MM,Maranhão,36748,TRUE
5944,5944,REGISTERED,3 Marsh Tunnel,,Lake ساطعshire,AU,Thüringen,987-9521,TRUE
5945,5945,REGISTERED,"Passarela Lorenzo da Cunha, 9",,Briannaton,SG,Wyoming,20020,TRUE
5946,5946,REGISTERED,6475 Melissa Villages Suite 640,,Câmara da Praia,US,Alaska,36275,TRUE
5947,5947,REGISTERED,198 山田 Street,,السادة الراويونhaven,NG,Agrigento,40692,TRUE
5948,5948,REGISTERED,"Flat 81
Dyer Shoal",,Bottegone,US,Ourense,86077,TRUE
5949,5949,REGISTERED,981 بيسان Plaza Apt. 525,,Málaga,DE,Alabama,35575,TRUE
5950,5950,REGISTERED,Lorenz-Kobelt-Platz 4/8,,Córdoba,FR,Sachsen-Anhalt,63645,TRUE
5951,5951,REGISTERED,3218 Guerrero Locks Suite 460,,ImbertBourg,KP,Kansas,W94 5EL,TRUE
5952,5952,REGISTERED,Residencial Machado,,Meolo,US,Barletta-Andria-Trani,44028-000,TRUE
5953,5953,REGISTERED,6 Gareth Falls,,Ceuta,IT,Badajoz,437-0889,TRUE
5954,5954,REGISTERED,877 福田 Street,,Ebern,CA,Salerno,35776,TRUE
5955,5955,REGISTERED,"Recanto Moura, 625",,Deniseburgh,IT,Tocantins,00026,TRUE
5956,5956,REGISTERED,16108 Regina Mountains Apt. 058,,بنو سعد بن بكرfurt,TR,Salamanca,16918,TRUE
5957,5957,REGISTERED,493 Miller Shores,,Sant'Agnello,SG,Alaska,06087,TRUE
5958,5958,REGISTERED,Feira de Sampaio,,East خافقmouth,RU,Minas Gerais,47048,TRUE
5959,5959,REGISTERED,"Trevo de Caldeira, 8",,West سليمstad,ES,Rheinland-Pfalz,514-1053,TRUE
5960,5960,REGISTERED,Schollring 82/63,,Gifhorn,BS,Rondônia,19165,TRUE
5961,5961,REGISTERED,7626 James Corner,,Schongau,DE,Ohio,253-7238,TRUE
5962,5962,REGISTERED,Tilman-Hübel-Platz 42/27,,Sainte Philippine,NL,Oregon,67060,TRUE
5963,5963,REGISTERED,"Strada Inzaghi, 10 Appartamento 33",,西多摩郡日の出町,ZA,Palencia,63669,TRUE
5964,5964,REGISTERED,43432 البامية Falls Apt. 299,,Peine,KY,South Dakota,64002-931,TRUE
5965,5965,REGISTERED,Cuesta Custodio Montserrat 6 Piso 0 ,,Taneto,GB,Mato Grosso,42649,TRUE
5966,5966,REGISTERED,"6, chemin de Leduc",,Joly,CA,Idaho,CF4V 0XR,TRUE
5967,5967,REGISTERED,93 Marilyn Forest,,عبيدtown,KY,León,007-1669,TRUE
5968,5968,REGISTERED,512 عبد القيس Centers,,Burgos,NG,Delaware,34700,TRUE
5969,5969,REGISTERED,"54, chemin de Charpentier",,Bergzabern,JP,Idaho,G0E 5UF,TRUE
5970,5970,REGISTERED,Acceso Julio César Sevilla 54 Piso 9 ,,Spinelli,AU,Delaware,468-8801,TRUE
5971,5971,REGISTERED,Chácara Danilo Cardoso,,La Coruña,IR,Mato Grosso do Sul,35348,TRUE
5972,5972,REGISTERED,"Praça Gomes, 7",,West دهمانtown,IT,Amapá,CF2W 5RP,TRUE
5973,5973,REGISTERED,Sofia-Lübs-Straße 1,,Saint Antoine,JP,Mato Grosso do Sul,15811,TRUE
5974,5974,REGISTERED,851 前田 Street,,Civitaretenga,DE,Alabama,S91 7XU,TRUE
5975,5975,REGISTERED,"Aeroporto Peixoto, 81",,Baleares,GB,Palermo,42754-074,TRUE
5976,5976,REGISTERED,3710 Daniel Locks,,واثقshire,RU,Tarragona,35969,TRUE
5977,5977,REGISTERED,745 عويضة Crossing,,Deschamps,US,Ceará,SM88 8TP,TRUE
5978,5978,REGISTERED,69198 حنبل Tunnel Suite 964,,三鷹市,NL,Sachsen-Anhalt,45803,TRUE
5979,5979,REGISTERED,779 吉田 Street,,South سموح,MM,Rhode Island,36081,TRUE
5980,5980,REGISTERED,4971 Carpenter Points,,Böblingen,JP,Tocantins,67825,TRUE
5981,5981,REGISTERED,Cuesta Darío Prada 23,,Brookesside,JP,Perugia,46130,TRUE
5982,5982,REGISTERED,609 بنو عمرو Avenue,,安房郡鋸南町,PA,Rio Grande do Sul,04370,TRUE
5983,5983,REGISTERED,220 中島 Street,,Devaux,DE,West Virginia,87443-727,TRUE
5984,5984,REGISTERED,911 Joseph Well Apt. 261,,Faidello,SE,Jaén,03533932,TRUE
5985,5985,REGISTERED,455 近藤 Street,,世田谷区,US,Cádiz,BT8V 3BW,TRUE
5986,5986,REGISTERED,733 高橋 Street,,Manasuddas,KP,Nebraska,795-7464,TRUE
5987,5987,REGISTERED,"Strada Fibonacci, 722",,Steinfurt,GB,Lleida,21861,TRUE
5988,5988,REGISTERED,"Ladeira Costela, 64",,Wurzen,BS,Verona,06596,TRUE
5989,5989,REGISTERED,529 Turner Parks Apt. 128,,Port Marioberg,TR,Berlin,S6E 4UB,TRUE
5990,5990,REGISTERED,Passarela Theodoro Pinto,,Marchand-sur-Brun,AU,Hamburg,18273,TRUE
5991,5991,REGISTERED,9973 وسام Rue,,Nabburg,US,Alagoas,36521,TRUE
5992,5992,REGISTERED,Via Estefanía Domínguez 1 Apt. 63 ,,Ricestad,GB,Mato Grosso do Sul,08132,TRUE
5993,5993,REGISTERED,"3, avenue de Laroche",,Saint Auguste,GB,Nordrhein-Westfalen,04659041,TRUE
5994,5994,REGISTERED,"1, chemin Anaïs Delahaye",,町田市,KY,Alagoas,37903,TRUE
5995,5995,REGISTERED,"Condomínio Pinto, 109",,Albuquerque,FR,Málaga,32034,TRUE
5996,5996,REGISTERED,844 Patricia Parkway,,Melanieshire,FR,Goiás,31957,TRUE
5997,5997,REGISTERED,"Via Squarcione, 177 Appartamento 73",,Couturier,ZA,Missouri,89553038,TRUE
5998,5998,REGISTERED,"Condomínio de Macedo, 3",,البيسار القعقورborough,NL,Minnesota,85349,TRUE
5999,5999,REGISTERED,3017 Lopez Loop Apt. 794,,Nunes de Duarte,FR,Oklahoma,24160,TRUE
6000,6000,REGISTERED,"3, avenue Gautier",,علاءport,US,Hessen,550-9813,TRUE
6001,6001,REGISTERED,Calle Carina Lumbreras 50,,Smithberg,FR,Washington,38836,TRUE
6002,6002,REGISTERED,937 Michael Rue Suite 858,,Port طاهرmouth,GB,Arezzo,50930,TRUE
6003,6003,REGISTERED,"Rodovia de Casa Grande, 3",,Pontevedra,US,Alabama,27001,TRUE
6004,6004,REGISTERED,"Distrito de Albuquerque, 92",,Mauricedan,FR,Saarland,03048,TRUE
6005,6005,REGISTERED,"Rotonda Paride, 0 Piano 8",,بنو مالكside,NG,Lucca,963-6368,TRUE
6006,6006,REGISTERED,"783, chemin Delattre",,Lake Kevinfurt,CA,Baden-Württemberg,11075,TRUE
6007,6007,REGISTERED,"Incrocio Nicoletta, 67 Piano 1",,Novaes do Galho,AU,Santa Catarina,17048,TRUE
6008,6008,REGISTERED,"Contrada Pulci, 176",,Teruel,ES,Nevada,42028,TRUE
6009,6009,REGISTERED,7692 بنو زيد Avenue,,Nascimento da Serra,SE,Paraná,30300,TRUE
6010,6010,REGISTERED,"Rotonda Pier, 771",,Wismar,US,Idaho,00143,TRUE
6011,6011,REGISTERED,49217 Huffman Fields,,Perez-la-Forêt,FR,Zaragoza,36246,TRUE
6012,6012,REGISTERED,"80, rue de Lévy",,Chapmanfort,CA,Rio Grande do Sul,27894,TRUE
6013,6013,REGISTERED,Vale Ramos,,da Luz de Peixoto,GB,Oklahoma,41332-752,TRUE
6014,6014,REGISTERED,"Viale Rosa, 224",,Castiraga Vidardo,YE,Tocantins,TR7 7LF,TRUE
6015,6015,REGISTERED,Callejón Luís Sainz 29,,Lake Leonard,JP,South Carolina,37129,TRUE
6016,6016,REGISTERED,895 山田 Street,,Casa Grande de Minas,RU,Sachsen,65106-391,TRUE
6017,6017,REGISTERED,Etzlerplatz 81-98,,Marienberg,NL,Piauí,79484,TRUE
6018,6018,REGISTERED,Acceso de Corona Agustín 26 Piso 8 ,,Schrobenhausen,NL,Niedersachsen,35690,TRUE
6019,6019,REGISTERED,967 山田 Street,,Parchim,CA,Texas,21330,TRUE
6020,6020,REGISTERED,979 Robert Springs,,Peterport,SE,Espírito Santo,24592,TRUE
6021,6021,REGISTERED,Alameda Pánfilo Bravo 2,,صنديدstad,DE,Brindisi,51812,TRUE
6022,6022,REGISTERED,Frieder-Heß-Weg 9717,,das Neves,ES,Rheinland-Pfalz,45058,TRUE
6023,6023,REGISTERED,"Chácara de Gonçalves, 89",,印旛郡本埜村,ES,Zamora,78045121,TRUE
6024,6024,REGISTERED,"Flat 8
Nelson Coves",,عبد الرّزاقshire,IT,Thüringen,58221813,TRUE
6025,6025,REGISTERED,"Avenida Sousa, 7",,Lake Neilton,CH,Girona,M62 0NU,TRUE
6026,6026,REGISTERED,"89, boulevard Odette Grenier",,Morel,ZA,Louisiana,41032,TRUE
6027,6027,REGISTERED,157 高橋 Street,,Texier,TR,Alaska,02310,TRUE
6028,6028,REGISTERED,403 伊藤 Street,,八丈島八丈町,DE,Vermont,03731,TRUE
6029,6029,REGISTERED,"41, boulevard Alexandre Chartier",,New Tarachester,JP,Bremen,60100,TRUE
6030,6030,REGISTERED,382 مراد Spur,,Ora,DE,Biella,05207233,TRUE
6031,6031,REGISTERED,9 Jenkins Junctions,,Abreu de Ramos,IT,Maine,10900,TRUE
6032,6032,REGISTERED,0 Cheryl Crossroad,,West Dennis,US,Bremen,84068,TRUE
6033,6033,REGISTERED,90059 حب رمان Bridge Suite 763,,East مَجديburgh,ZA,Rio de Janeiro,915-3566,TRUE
6034,6034,REGISTERED,avenue Guy Maillot,,Cottbus,ES,Granada,95393,TRUE
6035,6035,REGISTERED,659 石川 Street,,قنوعbury,DE,Tarragona,77319,TRUE
6036,6036,REGISTERED,Cañada Úrsula Abella 31,,Montemassi,FR,Schleswig-Holstein,41131,TRUE
6037,6037,REGISTERED,"Studio 19r
Hayward Manor",,Santa Cruz de Tenerife,RU,Sachsen,60500,TRUE
6038,6038,REGISTERED,Plaza Omar Agudo 834 Apt. 65 ,,Collinsstad,IT,Virginia,78873-131,TRUE
6039,6039,REGISTERED,8987 Hudson Canyon,,Demmin,BS,Thüringen,02297,TRUE
6040,6040,REGISTERED,128 Julia Canyon,,Leão do Campo,US,Rieti,52102-795,TRUE
6041,6041,REGISTERED,857 Curry Haven,,Georgesdan,FR,Palencia,89528859,TRUE
6042,6042,REGISTERED,409 佐藤 Street,,Jacquot,DE,Piauí,35793,TRUE
6043,6043,REGISTERED,Zahnweg 7,,Oberviechtach,GB,Pernambuco,99036,TRUE
6044,6044,REGISTERED,"Viaduto Barros, 28",,Jayneborough,GB,São Paulo,AL10 7US,TRUE
6045,6045,REGISTERED,826 伊藤 Street,,東大和市,US,Macerata,10962-158,TRUE
6046,6046,REGISTERED,"Quadra Luiz Otávio Melo, 46",,Nogueira da Prata,US,Las Palmas,06368,TRUE
6047,6047,REGISTERED,"Rotonda Ludovisi, 23 Appartamento 53",,صيامton,RU,Lugo,29013,TRUE
6048,6048,REGISTERED,1790 Micheal Summit Suite 587,,Marion,DE,Zaragoza,968-2722,TRUE
6049,6049,REGISTERED,Carolina-Ritter-Ring 628,,Azevedo,NG,Zaragoza,S7D 5DR,TRUE
6050,6050,REGISTERED,341 中島 Street,,Port صلاح الدّينview,DE,Tennessee,89803,TRUE
6051,6051,REGISTERED,Urbanización de Jenaro Narváez 13 Puerta 2 ,,Boyer-sur-Masson,ES,Oklahoma,09626,TRUE
6052,6052,REGISTERED,Pátio Caldeira,,Costela,PA,Bremen,99487-870,TRUE
6053,6053,REGISTERED,94675 حلا Garden Apt. 868,,Torres,GB,Guipúzcoa,75391,TRUE
6054,6054,REGISTERED,Callejón Heraclio Mínguez 35,,調布市,CA,Saarland,63955,TRUE
6055,6055,REGISTERED,"Campo de Sousa, 70",,小笠原村,DE,Illinois,95471,TRUE
6056,6056,REGISTERED,19954 أشجع Pines,,中央区,CA,Michigan,62128,TRUE
6057,6057,REGISTERED,Riehlplatz 5-8,,Saint Capucine,IT,Espírito Santo,91071,TRUE
6058,6058,REGISTERED,Randolf-Drewes-Allee 95,,Hodgsonside,FR,Rio Grande do Sul,M97 6HX,TRUE
6059,6059,REGISTERED,435 松本 Street,,Toussaint,IT,Cosenza,97286141,TRUE
6060,6060,REGISTERED,"Studio 11W
Gareth Stravenue",,Nördlingen,CH,Alessandria,76841,TRUE
6061,6061,REGISTERED,48092 Lee Locks,,川崎市高津区,US,Roraima,72119,TRUE
6062,6062,REGISTERED,"Via Babati, 22 Piano 7",,Zamora,JP,Torino,M0 4EL,TRUE
6063,6063,REGISTERED,Käthe-Scheel-Ring 7622,,Testa Di Lepre,BS,Lugo,40598952,TRUE
6064,6064,REGISTERED,Pasadizo Virgilio Vendrell 34,,横浜市戸塚区,DE,Iowa,11027,TRUE
6065,6065,REGISTERED,044 田中 Street,,Novais do Amparo,DE,Idaho,944-9989,TRUE
6066,6066,REGISTERED,4919 Jennifer Union Apt. 352,,Caldeira de Goiás,US,Olbia-Tempio,56486,TRUE
6067,6067,REGISTERED,boulevard Da Silva,,Stendal,SE,Illinois,05188,TRUE
6068,6068,REGISTERED,080 藤田 Street,,Wolgast,YE,South Dakota,06294,TRUE
6069,6069,REGISTERED,26865 Nicholas Road,,East مفيد,US,Ceará,70069,TRUE
6070,6070,REGISTERED,"6, chemin Peron",,Davismouth,GB,Ourense,85003889,TRUE
6071,6071,REGISTERED,1 Harris Crescent,,世田谷区,DE,Pernambuco,73648,TRUE
6072,6072,REGISTERED,"Alameda de da Cruz, 54",,راميstad,GB,Mato Grosso,73496,TRUE
6073,6073,REGISTERED,"Flat 03e
White Glen",,Saint JulieVille,GB,Biella,530-8640,TRUE
6074,6074,REGISTERED,0219 Thomas Estates Apt. 947,,富津市,ES,Virginia,04631,TRUE
6075,6075,REGISTERED,"Trecho Moraes, 96",,Lleida,ZA,Pesaro e Urbino,599-5640,TRUE
6076,6076,REGISTERED,"26, chemin Célina Gérard",,Lisio,PA,Aosta,79163-493,TRUE
6077,6077,REGISTERED,"Morro Ana Laura Mendonça, 30",,Albacete,KY,Nebraska,SK4N 7HR,TRUE
6078,6078,REGISTERED,Strohstraße 1/7,,بنو لامbury,ZA,Idaho,38667,TRUE
6079,6079,REGISTERED,"390, chemin Luce Bonnet",,Robertburgh,GB,Álava,836-7224,TRUE
6080,6080,REGISTERED,"Flat 16T
Michelle Garden",,Malcolmview,ES,Sachsen-Anhalt,53755-460,TRUE
6081,6081,REGISTERED,"Área Alícia Rodrigues, 94",,da Mata,KY,Rio Grande do Sul,00163,TRUE
6082,6082,REGISTERED,9 Haynes Station,,Havelberg,GB,Guipúzcoa,76438,TRUE
6083,6083,REGISTERED,"Canale Balotelli, 98 Appartamento 60",,Dorothyburgh,GB,Maranhão,75353,TRUE
6084,6084,REGISTERED,75156 علاء الدّين Circles,,Soiano Del Lago,IR,Michigan,28066,TRUE
6085,6085,REGISTERED,"Pátio de Cassiano, 38",,East عبد الباري,SY,Hawaii,N1 8ZW,TRUE
6086,6086,REGISTERED,"62, chemin Vincent Poulain",,Brusciana,IT,Mecklenburg-Vorpommern,41015,TRUE
6087,6087,REGISTERED,Margrafstraße 47/26,,Kingfort,US,Paraná,58846-692,TRUE
6088,6088,REGISTERED,738 Alexandra Village,,Courtois,NL,Cuenca,70279,TRUE
6089,6089,REGISTERED,"Flat 4
Stephen Heights",,Vasconcelos do Galho,US,Barcelona,W25 7XZ,TRUE
6090,6090,REGISTERED,"Travessa Isabel Santos, 87",,Ledoux,TR,Wisconsin,67060,TRUE
6091,6091,REGISTERED,"3, chemin William Lelièvre",,Gorfigliano,ES,Ceuta,81697,TRUE
6092,6092,REGISTERED,Blümelgasse 1113,,Schwandorf,TR,Niedersachsen,45020,TRUE
6093,6093,REGISTERED,"Lagoa Pires, 90",,Rosenheim,IT,Nevada,27227,TRUE
6094,6094,REGISTERED,443 岡田 Street,,Borgaretto,US,Arizona,47224,TRUE
6095,6095,REGISTERED,954 橋本 Street,,横浜市鶴見区,CA,Teruel,98079,TRUE
6096,6096,REGISTERED,24 Herbert Grove,,Lake Matthew,GB,Thüringen,67967-476,TRUE
6097,6097,REGISTERED,boulevard de Pichon,,Gelnhausen,US,Ohio,76893547,TRUE
6098,6098,REGISTERED,69111 يقين Heights,,New Julie,US,Rio Grande do Sul,83980,TRUE
6099,6099,REGISTERED,Benthinstr. 8-8,,Arzeno D'Oneglia,FR,Vicenza,65545,TRUE
6100,6100,REGISTERED,"69, avenue de Royer",,East Lucyborough,ZA,Ciudad,24030,TRUE
6101,6101,REGISTERED,"7, avenue Traore",,Timothytown,AU,Sachsen,45907,TRUE
6102,6102,REGISTERED,526 福田 Street,,Montano Antilia,FR,Paraná,26742,TRUE
6103,6103,REGISTERED,555 Owen Extension,,Sevilla,PA,Distrito Federal,50469,TRUE
6104,6104,REGISTERED,"Flat 6
Davies Spurs",,Stoneburgh,GB,Lugo,84513,TRUE
6105,6105,REGISTERED,Urbanización Felipa Barragán 96 Apt. 17 ,,Viana,SG,Ohio,28681187,TRUE
6106,6106,REGISTERED,963 الكالوتي Springs,,South Janicehaven,NL,Thüringen,CB89 7PY,TRUE
6107,6107,REGISTERED,"Passarela Câmara, 74",,Martins-la-Forêt,YE,Roraima,21473,TRUE
6108,6108,REGISTERED,"Rodovia Isaac Gomes, 51",,Riesa,JP,Idaho,11970,TRUE
6109,6109,REGISTERED,Acceso Elías Pla 48,,Cuenca,AU,Maryland,RH6Y 2GG,TRUE
6110,6110,REGISTERED,"95, rue Laetitia Henry",,North Markside,BS,Tennessee,G8 2YQ,TRUE
6111,6111,REGISTERED,Cañada de Clara Solsona 1,,Thompsonside,BS,Navarra,W0 9JB,TRUE
6112,6112,REGISTERED,"30, boulevard Anaïs Laroche",,Badibling,DE,Vermont,71342,TRUE
6113,6113,REGISTERED,"Vicolo Stefani, 650 Piano 0",,León,SY,Guipúzcoa,11680,TRUE
6114,6114,REGISTERED,Reimer-Thies-Straße 9,,Castelnuovo Berardenga,NL,Hessen,16328,TRUE
6115,6115,REGISTERED,"Avenida de Cavalcanti, 61",,South Sophie,JP,Sergipe,26309,TRUE
6116,6116,REGISTERED,"Via Camila Nunes, 830",,New Charlieborough,US,Cáceres,SE5 6RU,TRUE
6117,6117,REGISTERED,Glorieta de Abigaíl Sobrino 6 Apt. 43 ,,da Cunha Alegre,PA,São Paulo,65162,TRUE
6118,6118,REGISTERED,"16, rue de Leconte",,Danielhaven,NL,Cuneo,93151,TRUE
6119,6119,REGISTERED,"Área Nathan Cassiano, 7",,العوازمview,RU,Massachusetts,73012,TRUE
6120,6120,REGISTERED,"Piazza Gotti, 88",,Cocumola,CA,Reggio Calabria,26849,TRUE
6121,6121,REGISTERED,609 中村 Street,,Roux-la-Forêt,ES,Carbonia-Iglesias,EN81 4XH,TRUE
6122,6122,REGISTERED,Vial Narcisa Oliva 708 Puerta 6 ,,قحطانville,DE,Alagoas,480-5878,TRUE
6123,6123,REGISTERED,"Via Bettoni, 6 Appartamento 1",,North لاراfort,US,Acre,37393,TRUE
6124,6124,REGISTERED,920 山本 Street,,Sainte Timothée,MM,Murcia,49473,TRUE
6125,6125,REGISTERED,14762 Phillip Loaf Apt. 282,,Geithain,MM,New Mexico,19422,TRUE
6126,6126,REGISTERED,034 Fiona Unions,,Nalles,IT,Saarland,ZE5X 5US,TRUE
6127,6127,REGISTERED,"Conjunto Pastor, 99",,山武郡九十九里町,TR,Piauí,52009,TRUE
6128,6128,REGISTERED,Sönke-Weinhage-Ring 5149,,Port Lynnburgh,ZA,Washington,504-2173,TRUE
6129,6129,REGISTERED,"Distrito Leonardo Cassiano, 611",,الدواسرburgh,GB,Indiana,96153,TRUE
6130,6130,REGISTERED,746 بنو الحارث بن كعب Flats Apt. 712,,渋谷区,GB,Lodi,E2B 3TT,TRUE
6131,6131,REGISTERED,"44, rue de Bazin",,Johnsonview,IT,Ohio,508-7226,TRUE
6132,6132,REGISTERED,1866 زاهي Cliff,,Pereira-sur-Coste,FR,Piauí,08027,TRUE
6133,6133,REGISTERED,Irmtrud-Schönland-Platz 4/2,,Alexandraside,BS,Burgos,19721,TRUE
6134,6134,REGISTERED,rue Maury,,Matthewview,ZA,Rondônia,66109,TRUE
6135,6135,REGISTERED,4097 بحمدوني Trace Apt. 125,,Lindabury,CA,Connecticut,38773,TRUE
6136,6136,REGISTERED,4546 Johnson Pass Suite 353,,Las Palmas,GB,South Carolina,29448,TRUE
6137,6137,REGISTERED,009 佐藤 Street,,Carolineport,US,Texas,CM04 7XU,TRUE
6138,6138,REGISTERED,"Flat 69h
Bennett Key",,Saint Luce,DE,Ceará,PR8 4PG,TRUE
6139,6139,REGISTERED,"95, rue Antoine Jacob",,Nauen,ES,Foggia,N67 4LS,TRUE
6140,6140,REGISTERED,Wendering 421,,Hammelburg,GB,Virginia,99501,TRUE
6141,6141,REGISTERED,Acceso de Amancio Herrera 4 Puerta 8 ,,Valladolid,TR,Ohio,26352,TRUE
6142,6142,REGISTERED,844 太田 Street,,香取郡東庄町,DE,Bayern,48182,TRUE
6143,6143,REGISTERED,"Via Petrucci, 457 Appartamento 8",,Guadalajara,YE,Amazonas,10354,TRUE
6144,6144,REGISTERED,Calle Coral Ortega 23,,Lake Geoffreymouth,SG,Colorado,48731023,TRUE
6145,6145,REGISTERED,846 鈴木 Street,,Lemoine,SE,Pará,W5 5BP,TRUE
6146,6146,REGISTERED,22095 Danielle Ranch,,Port Scottmouth,SG,New York,ST4A 5LB,TRUE
6147,6147,REGISTERED,"5, chemin Poirier",,Greiz,ZA,Santa Catarina,784-3448,TRUE
6148,6148,REGISTERED,Emmy-Hering-Gasse 76/26,,Burgos,GB,Cantabria,22464,TRUE
6149,6149,REGISTERED,"Strada Giacobbe, 8 Appartamento 7",,Nauen,NG,León,01030,TRUE
6150,6150,REGISTERED,486 山田 Street,,Navarra,BS,Ceuta,41179,TRUE
6151,6151,REGISTERED,Martinweg 9-3,,بنو سعد بن بكرhaven,US,Pavia,48338,TRUE
6152,6152,REGISTERED,Ignaz-Börner-Gasse 44/59,,Tesimo,US,Rondônia,16657,TRUE
6153,6153,REGISTERED,747 井上 Street,,Schlüchtern,BS,Tennessee,LA7R 7JG,TRUE
6154,6154,REGISTERED,"Canale Giuliana, 50",,da Costa,US,Washington,05392,TRUE
6155,6155,REGISTERED,"54, chemin Barre",,Vechta,NG,Espírito Santo,49809,TRUE
6156,6156,REGISTERED,"1, avenue de Hardy",,山武郡横芝光町,DE,Mississippi,95936,TRUE
6157,6157,REGISTERED,"1, boulevard Patricia Dupuis",,Millerhaven,GB,Sachsen-Anhalt,999-1460,TRUE
6158,6158,REGISTERED,Karl-Hans-Christoph-Allee 6322,,Downsstad,DE,Crotone,89954,TRUE
6159,6159,REGISTERED,"Jardim de Marques, 312",,Sainte Anaïs,IR,Barletta-Andria-Trani,92189,TRUE
6160,6160,REGISTERED,"Borgo Nicola, 5 Piano 3",,浦安市,DE,Bremen,SK6 9EQ,TRUE
6161,6161,REGISTERED,959 Mohammad Wall,,Burgos,KY,Verona,94243,TRUE
6162,6162,REGISTERED,Osman-Säuberlich-Ring 982,,Lake Joanne,ES,South Carolina,11862,TRUE
6163,6163,REGISTERED,"Studio 29
Lambert Stravenue",,Zamora,NL,Brandenburg,51710604,TRUE
6164,6164,REGISTERED,rue de Guilbert,,横浜市港北区,GB,Palencia,WN8H 1XH,TRUE
6165,6165,REGISTERED,8 Victoria Corners,,بنو معقلland,SE,Virginia,04905,TRUE
6166,6166,REGISTERED,"Chácara de da Cunha, 16",,東村山市,GB,Paraíba,30969,TRUE
6167,6167,REGISTERED,989 Philip Rest Apt. 629,,Vizcaya,ZA,Alabama,68308,TRUE
6168,6168,REGISTERED,"Incrocio Ivan, 796",,Dusino San Michele,DE,Mantova,072-5488,TRUE
6169,6169,REGISTERED,"102, rue de Durand",,千代田区,JP,Badajoz,S39 8QT,TRUE
6170,6170,REGISTERED,Kramerstraße 94,,Cantabria,GB,Alabama,36919,TRUE
6171,6171,REGISTERED,1016 Mark Spur,,Albacete,FR,Illinois,WD66 0ZY,TRUE
6172,6172,REGISTERED,Glorieta Rita Giner 33 Piso 4 ,,Güstrow,MM,Barletta-Andria-Trani,54878-385,TRUE
6173,6173,REGISTERED,"Vila de Azevedo, 232",,Badajoz,DE,Maranhão,91322,TRUE
6174,6174,REGISTERED,491 حلا Orchard,,Eutin,ZA,Las Palmas,E76 0SD,TRUE
6175,6175,REGISTERED,Rambla de Francisco Jose Bermejo 42 Puerta 9 ,,Rochenec,US,Nevada,BT4 7NW,TRUE
6176,6176,REGISTERED,"Vicolo Ermenegildo, 59",,Lugo,DE,Santa Catarina,24021,TRUE
6177,6177,REGISTERED,"Flat 60C
Kevin Mall",,港区,NG,Acre,19689,TRUE
6178,6178,REGISTERED,"84, rue Grondin",,Briandnec,DE,Sachsen,54772,TRUE
6179,6179,REGISTERED,576 石川 Street,,Georgefurt,KY,Bremen,66010,TRUE
6180,6180,REGISTERED,13 Mary Avenue,,Cardoso,KY,Niedersachsen,321-6635,TRUE
6181,6181,REGISTERED,39 Potter Run,,West Michael,DE,Amapá,54727,TRUE
6182,6182,REGISTERED,"Morro de Rocha, 2",,Sainte Dorothée,DE,Ragusa,18195,TRUE
6183,6183,REGISTERED,"Stretto Maffei, 9 Appartamento 0",,八千代市,US,Granada,53517,TRUE
6184,6184,REGISTERED,132 森 Street,,Jourdan,NL,Napoli,34867,TRUE
6185,6185,REGISTERED,6 Hughes Circles,,أفراحport,BS,Maryland,412-5580,TRUE
6186,6186,REGISTERED,"Studio 55x
Thompson Hills",,Ramos,GB,Latina,39726,TRUE
6187,6187,REGISTERED,126 جهراء Drive,,Säckingen,CA,Genova,34086,TRUE
6188,6188,REGISTERED,540 伊藤 Street,,Rathenow,NG,Agrigento,YO4 0NP,TRUE
6189,6189,REGISTERED,"7, rue de Pereira",,小平市,FR,Messina,68596555,TRUE
6190,6190,REGISTERED,55 Claire Grove,,Richard,GB,Connecticut,22988-528,TRUE
6191,6191,REGISTERED,"2, rue de Leroy",,日野市,CH,Massa-Carrara,54630,TRUE
6192,6192,REGISTERED,Girschnerallee 21-85,,Giaveno,ES,Utah,28881,TRUE
6193,6193,REGISTERED,Glorieta Catalina Neira 21 Puerta 9 ,,Dixontown,AU,Segovia,712-8973,TRUE
6194,6194,REGISTERED,Birgitta-Jäntsch-Platz 35-89,,Monschau,AU,Bremen,58816-092,TRUE
6195,6195,REGISTERED,"Favela Azevedo, 290",,Sousa,ZA,Albacete,95769,TRUE
6196,6196,REGISTERED,016 佐々木 Street,,Smithland,DE,Teruel,N4T 3TY,TRUE
6197,6197,REGISTERED,892 عذرة Canyon Apt. 922,,長生郡長南町,GB,Zamora,85237,TRUE
6198,6198,REGISTERED,"Sítio de Teixeira, 750",,Mackenzieburgh,IR,Maryland,88325,TRUE
6199,6199,REGISTERED,40 Saunders Forges,,New كنعان,BS,Navarra,09012,TRUE
6200,6200,REGISTERED,"76, boulevard Alix Klein",,Görlitz,TR,Mantova,92623,TRUE
6201,6201,REGISTERED,599 山本 Street,,Averyview,SE,Mantova,92351,TRUE
6202,6202,REGISTERED,91 Clarke Viaduct,,Reutlingen,JP,Alaska,DY3 5DX,TRUE
6203,6203,REGISTERED,Via Yuri Pacheco,,Michellestad,ES,Brandenburg,00126,TRUE
6204,6204,REGISTERED,08290 Richard Throughway Suite 527,,Tagliole,IT,Minnesota,00879-427,TRUE
6205,6205,REGISTERED,0604 النمري Fields,,Mandia,ES,Soria,75578,TRUE
6206,6206,REGISTERED,96 Harriet Extensions,,Nathanchester,IT,Almería,86010,TRUE
6207,6207,REGISTERED,42832 الدقاق Inlet,,ريتاجchester,TR,Pesaro e Urbino,78036776,TRUE
6208,6208,REGISTERED,939 Ford Parks Apt. 819,,da Cunha,FR,Schleswig-Holstein,11920,TRUE
6209,6209,REGISTERED,"Viaduto da Rosa, 62",,Ceuta,US,Piauí,65188,TRUE
6210,6210,REGISTERED,923 山崎 Street,,East Hannah,DE,Ceará,27020,TRUE
6211,6211,REGISTERED,89912 Zamora Canyon,,da Costa Grande,IR,Baden-Württemberg,150-5636,TRUE
6212,6212,REGISTERED,Recanto Gael Henrique Lima,,Caselle Di Sommacampagna,ZA,Michigan,EC03 2DE,TRUE
6213,6213,REGISTERED,933 渡辺 Street,,Bryantown,JP,Maranhão,103-6629,TRUE
6214,6214,REGISTERED,668 Christian Isle,,Hillport,FR,Schleswig-Holstein,28115,TRUE
6215,6215,REGISTERED,Beierallee 90,,Donnafort,ZA,Illinois,88929,TRUE
6216,6216,REGISTERED,Ruppertstraße 4/5,,Castiglione D'Intelvi,NG,Maryland,872-7654,TRUE
6217,6217,REGISTERED,"Viale Gori, 86 Appartamento 61",,Málaga,IR,West Virginia,02384,TRUE
6218,6218,REGISTERED,9157 الكالوتي Parkways,,Debraburgh,FR,Cremona,431-4767,TRUE
6219,6219,REGISTERED,768 Christine Summit Suite 122,,Lloydberg,RU,Massa-Carrara,98723,TRUE
6220,6220,REGISTERED,657 Monroe Pass,,Sandraport,US,Idaho,80224,TRUE
6221,6221,REGISTERED,4125 Kelly Summit Apt. 010,,Lake Keithmouth,TR,Rheinland-Pfalz,41592,TRUE
6222,6222,REGISTERED,265 خليل Passage Apt. 514,,Carondan,JP,Delaware,19505440,TRUE
6223,6223,REGISTERED,"699, chemin Meyer",,大田区,JP,Fermo,45227,TRUE
6224,6224,REGISTERED,"Studio 38I
Houghton Spur",,Sampaio,JP,Delaware,SE39 7HF,TRUE
6225,6225,REGISTERED,44 Taylor Fork,,Rothenburg ob der Tauber,US,Roraima,82849,TRUE
6226,6226,REGISTERED,Plaza de Miguela Lobo 12 Puerta 8 ,,Bareggio,DE,Oklahoma,18065,TRUE
6227,6227,REGISTERED,4132 Joshua Springs Suite 118,,Almeida da Serra,SG,Maine,149-9628,TRUE
6228,6228,REGISTERED,38426 Adams Mews,,خيريburgh,KP,Sachsen-Anhalt,767-8916,TRUE
6229,6229,REGISTERED,"Studio 50U
Matthews Pike",,Konstanz,PA,Barcelona,80003,TRUE
6230,6230,REGISTERED,0 Maurice Hill,,Chiaserna,NL,Schleswig-Holstein,B0 9DD,TRUE
6231,6231,REGISTERED,"Vereda Maria Liz Nunes, 63",,Ghisalba,BS,Soria,44150519,TRUE
6232,6232,REGISTERED,C. Judith Recio 88,,Port Oliver,IT,Berlin,71736758,TRUE
6233,6233,REGISTERED,"Strada Dante, 1",,Borges,GB,Rondônia,B1D 4TL,TRUE
6234,6234,REGISTERED,"Vila Matheus Montenegro, 21",,West Ronaldstad,ES,Como,40136,TRUE
6235,6235,REGISTERED,263 中村 Street,,Almería,FR,Schleswig-Holstein,20045,TRUE
6236,6236,REGISTERED,"Residencial de Azevedo, 6",,Isabellaberg,US,Nordrhein-Westfalen,14058,TRUE
6237,6237,REGISTERED,"Trevo Mendonça, 67",,印西市,FR,Oregon,06256,TRUE
6238,6238,REGISTERED,"Flat 41
Natalie Island",,Cádiz,US,Nordrhein-Westfalen,00029,TRUE
6239,6239,REGISTERED,"Studio 46a
Nigel Heights",,神津島村,US,Goiás,49633,TRUE
6240,6240,REGISTERED,"Flat 0
Brenda Shores",,Francisborough,MM,Mato Grosso,M29 4AL,TRUE
6241,6241,REGISTERED,"Strada Rastelli, 6 Piano 1",,Carvalho Verde,DE,Asturias,213-3847,TRUE
6242,6242,REGISTERED,Calle Gilberto Arteaga 475 Apt. 06 ,,Porto,PA,Hamburg,932-7370,TRUE
6243,6243,REGISTERED,"Favela de Vieira, 6",,Harrietbury,DE,Minas Gerais,63929,TRUE
6244,6244,REGISTERED,Paseo de Tatiana Viñas 17 Puerta 1 ,,Littleside,DE,Washington,38488,TRUE
6245,6245,REGISTERED,547 前田 Street,,江東区,RU,Connecticut,60571,TRUE
6246,6246,REGISTERED,"Incrocio Giuliana, 21",,青梅市,PA,Espírito Santo,73035,TRUE
6247,6247,REGISTERED,Callejón Bárbara Olivera 456 Puerta 8 ,,Murcia,GB,Lecce,45682,TRUE
6248,6248,REGISTERED,Pasadizo Glauco Sanchez 951 Piso 8 ,,Taylorside,BS,Ravenna,87477,TRUE
6249,6249,REGISTERED,Ronda Socorro Marcos 51 Piso 5 ,,Neunburg vorm Wald,DE,Catania,97142,TRUE
6250,6250,REGISTERED,"258, rue de Techer",,North بثينة,US,Oristano,39620,TRUE
6251,6251,REGISTERED,"34, avenue Da Costa",,Delmas-sur-Camus,GB,Maine,96315,TRUE
6252,6252,REGISTERED,"Setor Ísis Moura, 68",,Joeborough,SE,Sachsen-Anhalt,59024,TRUE
6253,6253,REGISTERED,Hans-Dietrich-Radisch-Straße 1687,,New Cynthia,NG,Pernambuco,61919262,TRUE
6254,6254,REGISTERED,3868 صنديد Lake,,Hollystad,NG,Sergipe,BB22 6EG,TRUE
6255,6255,REGISTERED,9392 ثامر View Apt. 593,,Alexandrafort,DE,Bergamo,58949,TRUE
6256,6256,REGISTERED,Alameda de Sofía Herrero 798 Apt. 64 ,,西多摩郡奥多摩町,SY,Córdoba,31131455,TRUE
6257,6257,REGISTERED,490 Matthew Forks,,Andrewsside,BS,Santa Catarina,24694,TRUE
6258,6258,REGISTERED,Via Jesusa Sanabria 17,,Ebern,NL,Iowa,31498,TRUE
6259,6259,REGISTERED,Rita-Karz-Platz 18-55,,Souza da Serra,KY,Carbonia-Iglesias,319-4044,TRUE
6260,6260,REGISTERED,Acceso de Josefa Arce 8 Apt. 42 ,,East Kevin,SE,Minas Gerais,10810,TRUE
6261,6261,REGISTERED,624 伊藤 Street,,Pastor da Prata,DE,Mecklenburg-Vorpommern,61044,TRUE
6262,6262,REGISTERED,057 太田 Street,,Saint Susanne,KY,Bremen,303-3311,TRUE
6263,6263,REGISTERED,Gilbert-Sauer-Weg 18,,Simpsonmouth,ZA,Padova,S2 6ZT,TRUE
6264,6264,REGISTERED,"Favela Lopes, 299",,Eisleben,IT,Málaga,904-3106,TRUE
6265,6265,REGISTERED,432 青木 Street,,Montegualtieri,ZA,Lecce,12466,TRUE
6266,6266,REGISTERED,avenue Schneider,,Valenciachester,KY,Rheinland-Pfalz,13858,TRUE
6267,6267,REGISTERED,593 山本 Street,,Viana,JP,Treviso,533-3081,TRUE
6268,6268,REGISTERED,479 中川 Street,,East Christopher,BS,Salamanca,87841,TRUE
6269,6269,REGISTERED,618 井上 Street,,LeroyVille,SE,Alagoas,79075,TRUE
6270,6270,REGISTERED,"Vicolo Pizziol, 9",,DumasVille,FR,Schleswig-Holstein,69729,TRUE
6271,6271,REGISTERED,07928 Bryan Mountain,,Burtonstad,NG,Pescara,128-3054,TRUE
6272,6272,REGISTERED,979 太田 Street,,小笠原村,US,Connecticut,19010,TRUE
6273,6273,REGISTERED,Möchlichenring 1-8,,North زيدان,US,Alaska,WC4 5NW,TRUE
6274,6274,REGISTERED,"Viela Carvalho, 4",,Joanneland,US,Toledo,78081008,TRUE
6275,6275,REGISTERED,avenue Ribeiro,,Dos Santos-sur-Leconte,US,La Rioja,18449944,TRUE
6276,6276,REGISTERED,2856 Hamilton Square Suite 894,,Lefort,IT,Louisiana,96691,TRUE
6277,6277,REGISTERED,Camino Tamara Múgica 31,,我孫子市,IT,Utah,28955,TRUE
6278,6278,REGISTERED,Glorieta Remigio Pera 8 Apt. 91 ,,Hendersontown,GB,Indiana,92268,TRUE
6279,6279,REGISTERED,"465, chemin de Léger",,Fallingbostel,SG,Schleswig-Holstein,66113,TRUE
6280,6280,REGISTERED,824 قرش Curve,,Gibbsshire,PA,Oregon,RM3 8RJ,TRUE
6281,6281,REGISTERED,4851 صيام Burg,,Lake Michaelfort,PA,Colorado,23818,TRUE
6282,6282,REGISTERED,12486 Juan Locks,,Case Nuove,ES,Brandenburg,86023,TRUE
6283,6283,REGISTERED,004 長谷川 Street,,Parco Scizzo,PA,Almería,19198,TRUE
6284,6284,REGISTERED,436 عمرو Spring,,Saint Benoît-les-Bains,NG,Lucca,92409,TRUE
6285,6285,REGISTERED,984 鈴木 Street,,West Sandra,IT,Zaragoza,66754,TRUE
6286,6286,REGISTERED,233 شادن Inlet Suite 606,,Vanessamouth,DE,New Jersey,79373,TRUE
6287,6287,REGISTERED,53751 Brian Creek,,South ميسون,CA,Illinois,ST8 7BL,TRUE
6288,6288,REGISTERED,"Studio 47y
Mark Views",,بنو خالدton,FR,Milano,21354,TRUE
6289,6289,REGISTERED,avenue de Brun,,Eisenach,DE,Kansas,29337,TRUE
6290,6290,REGISTERED,Dobesstr. 7/1,,Tracyshire,GB,Missouri,63646,TRUE
6291,6291,REGISTERED,"25, chemin de Hernandez",,横浜市戸塚区,PA,Belluno,81113,TRUE
6292,6292,REGISTERED,"67, avenue de Marchal",,八街市,US,South Carolina,46009,TRUE
6293,6293,REGISTERED,75043 الشهابي Row,,Correia do Campo,US,Louisiana,W89 3ER,TRUE
6294,6294,REGISTERED,94551 الحواش Ramp Apt. 869,,武蔵野市,US,Alaska,89863,TRUE
6295,6295,REGISTERED,1347 Christina Ferry Suite 878,,Garciachester,DE,Almería,25444,TRUE
6296,6296,REGISTERED,885 鈴木 Street,,香取郡東庄町,MM,Sergipe,83866,TRUE
6297,6297,REGISTERED,Hendriksstr. 4-4,,South Meganmouth,US,Pescara,TF09 3GY,TRUE
6298,6298,REGISTERED,Sigismund-Ring-Weg 3/2,,Stuttgart,MM,Minnesota,22016,TRUE
6299,6299,REGISTERED,Gerwin-Christoph-Gasse 89,,Villaggio Mancuso,GB,Pernambuco,S19 8XR,TRUE
6300,6300,REGISTERED,Glorieta de Lucas Nicolau 39 Piso 8 ,,Lugo,US,Rimini,97656,TRUE
6301,6301,REGISTERED,"22, boulevard de Gilles",,Baleares,GB,California,87506-669,TRUE
6302,6302,REGISTERED,"Esplanada José Aragão, 19",,Perrier,SE,Albacete,528-7758,TRUE
6303,6303,REGISTERED,Monica-Kraus-Weg 3298,,Valladolid,NL,Córdoba,291-2297,TRUE
6304,6304,REGISTERED,"61, rue Christelle Boucher",,Oliveira,SE,New York,196-5133,TRUE
6305,6305,REGISTERED,03943 البامية Roads Apt. 049,,Belindahaven,JP,Vermont,01988,TRUE
6306,6306,REGISTERED,7252 الشهابي Skyway Suite 229,,Toledo,FR,Pordenone,34705,TRUE
6307,6307,REGISTERED,1 Arthur Plaza,,Mitchellhaven,ES,Teruel,DT36 3UG,TRUE
6308,6308,REGISTERED,Cañada Felicidad Sanmartín 253 Piso 9 ,,Tiolo,FR,Livorno,57744,TRUE
6309,6309,REGISTERED,84943 John Meadows Suite 550,,中野区,US,Benevento,72368343,TRUE
6310,6310,REGISTERED,269 Stephens Via Suite 482,,富里市,FR,Salamanca,25284,TRUE
6311,6311,REGISTERED,"Via Teixeira, 481",,Huelva,NG,Wisconsin,40652,TRUE
6312,6312,REGISTERED,Paseo de Cecilia Pera 24,,北区,ZA,Massachusetts,779-4050,TRUE
6313,6313,REGISTERED,"2, rue Lefort",,Jonesside,KY,Paraíba,20146,TRUE
6314,6314,REGISTERED,Glorieta Rosenda Grau 743,,Victormouth,RU,Pernambuco,33438-473,TRUE
6315,6315,REGISTERED,5244 غزير Park Suite 721,,Olsonside,ES,Hamburg,10338,TRUE
6316,6316,REGISTERED,"Studio 0
Nicholls Forks",,Cavalcante da Praia,IT,Washington,N6T 5ZX,TRUE
6317,6317,REGISTERED,"Feira Almeida, 7",,大島町,ES,Castellón,G46 1SA,TRUE
6318,6318,REGISTERED,Camino Rosario Delgado 397,,West Deborahborough,ES,Minas Gerais,14745,TRUE
6319,6319,REGISTERED,"Favela Santos, 79",,Garcia,IT,Kentucky,40412,TRUE
6320,6320,REGISTERED,"Lago de Pastor, 10",,大島町,FR,Rhode Island,336-3578,TRUE
6321,6321,REGISTERED,Annamaria-Sorgatz-Gasse 1161,,Hunterfurt,IT,Cagliari,85047,TRUE
6322,6322,REGISTERED,20460 Ruth Groves Apt. 609,,West Madeline,PA,Niedersachsen,168-1081,TRUE
6323,6323,REGISTERED,178 田中 Street,,Castelnuovo Della Daunia,US,Lugo,27360,TRUE
6324,6324,REGISTERED,Jörg-Juncken-Weg 30-99,,Brossasco,RU,Cádiz,39594,TRUE
6325,6325,REGISTERED,7557 كنانة View,,杉並区,KP,Mississippi,90823,TRUE
6326,6326,REGISTERED,Plaza Micaela Casal 5 Piso 8 ,,Lindseyview,US,Wyoming,37022,TRUE
6327,6327,REGISTERED,"371, boulevard Capucine Fontaine",,Whiteheadmouth,TR,Reggio Calabria,63531,TRUE
6328,6328,REGISTERED,93062 مُصلح Manor,,横浜市保土ケ谷区,PA,Zamora,27349,TRUE
6329,6329,REGISTERED,"Parque Cassiano, 70",,New Timothy,GB,Girona,68669386,TRUE
6330,6330,REGISTERED,"Studio 85
Natasha Spur",,da Costa,BS,Baden-Württemberg,649-8980,TRUE
6331,6331,REGISTERED,Via de Bernardita Sebastián 3,,Sampierdarena,PA,Córdoba,28994,TRUE
6332,6332,REGISTERED,"Via Babato, 47 Appartamento 1",,三鷹市,GB,Virginia,99102,TRUE
6333,6333,REGISTERED,"Rotonda Gremese, 8 Appartamento 77",,East موفّق,FR,Alagoas,06796,TRUE
6334,6334,REGISTERED,"Praça Maria Vitória Novaes, 3",,Port رافعland,US,Pernambuco,39660,TRUE
6335,6335,REGISTERED,"8, avenue Monique Lagarde",,Lake قبسville,NG,Pernambuco,01543,TRUE
6336,6336,REGISTERED,"Stretto Filippa, 7",,Córdoba,GB,Thüringen,026-0586,TRUE
6337,6337,REGISTERED,3524 Philip Wells Suite 692,,Nguyen-sur-Lopes,FR,Hessen,13089,TRUE
6338,6338,REGISTERED,Felicitas-Schweitzer-Ring 8-5,,Sainte William,KY,Cremona,46021,TRUE
6339,6339,REGISTERED,"Studio 6
Christopher Streets",,Saint Émilie-les-Bains,GB,Mato Grosso do Sul,47448,TRUE
6340,6340,REGISTERED,"Studio 64
Marcus Hills",,Saint Madeleine,ES,Wyoming,11224-687,TRUE
6341,6341,REGISTERED,Apostolos-Geisler-Allee 7,,West Donnaland,KY,Bremen,25186,TRUE
6342,6342,REGISTERED,7 Lawrence Expressway,,Fiume Veneto,FR,Murcia,481-0730,TRUE
6343,6343,REGISTERED,"96, chemin Clémence Delaunay",,Murcia,NL,Murcia,23335-421,TRUE
6344,6344,REGISTERED,Pasadizo Fernanda Ribera 7 Apt. 89 ,,Castiglione,JP,Georgia,46028,TRUE
6345,6345,REGISTERED,035 الألجاوي Pike,,Helmstedt,JP,Soria,721-6304,TRUE
6346,6346,REGISTERED,"Flat 9
Zoe Harbor",,港区,FR,South Dakota,270-3644,TRUE
6347,6347,REGISTERED,46 Smith Road,,Lopezview,NG,Hawaii,632-2339,TRUE
6348,6348,REGISTERED,avenue Roger,,العقيداتbury,US,Teruel,46283,TRUE
6349,6349,REGISTERED,"Lago Valentina Gomes, 24",,خاطرchester,GB,Roraima,18981,TRUE
6350,6350,REGISTERED,117 山田 Street,,Lugo,JP,Mato Grosso,45684,TRUE
6351,6351,REGISTERED,Clarissa-Neuschäfer-Weg 8/4,,Segovia,IT,La Spezia,41051,TRUE
6352,6352,REGISTERED,Ebertstraße 393,,Girona,IT,New York,52276,TRUE
6353,6353,REGISTERED,"Vicolo Arturo, 84 Appartamento 0",,Nicolas,TR,Florida,245-4119,TRUE
6354,6354,REGISTERED,6769 أروى Curve Suite 611,,Leão,FR,Hamburg,89297,TRUE
6355,6355,REGISTERED,"Viale Scarfoglio, 2",,東大和市,NL,Arizona,02907,TRUE
6356,6356,REGISTERED,"Chácara Beatriz da Luz, 9",,Marktheidenfeld,ZA,Huelva,JE2E 7LQ,TRUE
6357,6357,REGISTERED,"Studio 02
Hancock Avenue",,West عبّاسville,TR,Sassari,49225,TRUE
6358,6358,REGISTERED,4056 مزرعاني Square,,Silveira de Mendes,GB,Nordrhein-Westfalen,31029,TRUE
6359,6359,REGISTERED,8107 المظفر Spurs Apt. 215,,Wilkinsonview,TR,Acre,73359,TRUE
6360,6360,REGISTERED,"Studio 43
Wallace Grove",,Monzuno,SE,Bayern,738-8824,TRUE
6361,6361,REGISTERED,"3, rue Traore",,我孫子市,PA,Córdoba,B0S 1EB,TRUE
6362,6362,REGISTERED,8356 Timothy Course Apt. 376,,New Roy,DE,Alabama,93515,TRUE
6363,6363,REGISTERED,"Feira de Silveira, 322",,New ترف,GB,Milano,49449,TRUE
6364,6364,REGISTERED,Maria-Killer-Allee 83,,稲城市,BS,Soria,74204,TRUE
6365,6365,REGISTERED,587 الكثيري Road,,君津市,RU,Ávila,51982,TRUE
6366,6366,REGISTERED,593 伊藤 Street,,Torricella Sicura,ZA,Sergipe,72408,TRUE
6367,6367,REGISTERED,Pasaje Aránzazu Adán 21,,South Ryan,US,Pontevedra,55033,TRUE
6368,6368,REGISTERED,999 池田 Street,,Palazzolo Sull'Oglio,JP,Nuoro,IP03 0ZS,TRUE
6369,6369,REGISTERED,916 سهوان Motorway Suite 874,,همامshire,US,Nuoro,47923,TRUE
6370,6370,REGISTERED,270 بنو حنيفة Trail Suite 956,,San Pietro Capofiume,GB,Alicante,89688,TRUE
6371,6371,REGISTERED,821 السادة الراويون Hollow,,Mellrichstadt,ZA,Cantabria,23662,TRUE
6372,6372,REGISTERED,"Studio 7
Tracey Viaduct",,Silva Verde,JP,Texas,26853,TRUE
6373,6373,REGISTERED,18186 بنو هاشم Way,,Azevedo,FR,Oregon,20032,TRUE
6374,6374,REGISTERED,513 高橋 Street,,Lucas-sur-Guérin,IR,Tennessee,051-5543,TRUE
6375,6375,REGISTERED,Jiri-Hänel-Allee 25/53,,Lichtenfels,IT,North Carolina,10931,TRUE
6376,6376,REGISTERED,"237, chemin Thibault Besson",,君津市,FR,Vizcaya,08736,TRUE
6377,6377,REGISTERED,226 橋本 Street,,West Williamshire,ZA,Maine,34545,TRUE
6378,6378,REGISTERED,166 الدسوقي Ranch Suite 430,,Sainte Charles-la-Forêt,SG,Amapá,18019,TRUE
6379,6379,REGISTERED,53131 Roy Canyon Apt. 924,,وصفيchester,IR,Granada,87589,TRUE
6380,6380,REGISTERED,406 Amber Park,,Picarelli,US,Acre,10403-115,TRUE
6381,6381,REGISTERED,755 伊藤 Street,,East شادنborough,DE,Sachsen-Anhalt,30173,TRUE
6382,6382,REGISTERED,805 山口 Street,,印西市,SG,New York,12555,TRUE
6383,6383,REGISTERED,Rambla Efraín Echeverría 95,,North Rebecca,SE,Arizona,387-6675,TRUE
6384,6384,REGISTERED,65711 Smith Mall,,South Sabrina,GB,Rheinland-Pfalz,14967,TRUE
6385,6385,REGISTERED,chemin Samson,,Barcelona,NG,Indiana,23546,TRUE
6386,6386,REGISTERED,Pasaje de Verónica Marco 592 Apt. 17 ,,Santa Cruz de Tenerife,IT,Minas Gerais,15078,TRUE
6387,6387,REGISTERED,"Morro de Martins, 4",,Saint Véronique,IR,Saarland,87767,TRUE
6388,6388,REGISTERED,Estrada Moraes,,Dubois-la-Forêt,US,Arkansas,81497,TRUE
6389,6389,REGISTERED,458 佐藤 Street,,West Johnbury,JP,La Rioja,66654,TRUE
6390,6390,REGISTERED,Wernerstraße 45/36,,東村山市,PA,Bahia,45001,TRUE
6391,6391,REGISTERED,"Flat 93O
Owen Manor",,Casetti,IT,Idaho,05587872,TRUE
6392,6392,REGISTERED,Plaza de Antonia Carbó 88 Puerta 2 ,,Merle-sur-Mer,RU,Tennessee,97820,TRUE
6393,6393,REGISTERED,22640 Troy Station,,Sousa,US,Connecticut,34122,TRUE
6394,6394,REGISTERED,40951 Garcia Gateway,,横浜市旭区,ZA,Saarland,BN5 8HX,TRUE
6395,6395,REGISTERED,Horst-Peter-Grein Groth-Gasse 7370,,Caltagirone,NL,Melilla,56019,TRUE
6396,6396,REGISTERED,Bernt-Lange-Straße 2/2,,Acquicella,SE,Texas,57482,TRUE
6397,6397,REGISTERED,"Flat 1
Gibson Rapids",,Port وسيمborough,CH,Barcelona,12324-805,TRUE
6398,6398,REGISTERED,Horst-Hendriks-Straße 913,,Moraes de Brito,US,Amazonas,E5 4XH,TRUE
6399,6399,REGISTERED,"Studio 85
Donna Curve",,Rios,SG,Niedersachsen,RH0A 7FQ,TRUE
6400,6400,REGISTERED,7 John Skyway,,Hannoversch Münden,PA,Ohio,M5E 5HA,TRUE
6401,6401,REGISTERED,151 Jones Mountains,,León,AU,Mato Grosso,90898,TRUE
6402,6402,REGISTERED,"Rodovia Ramos, 21",,Poppi,GB,Cuenca,444-2899,TRUE
6403,6403,REGISTERED,Mälzerstraße 2416,,West Michelleberg,ZA,Tarragona,48436,TRUE
6404,6404,REGISTERED,2145 شهم Vista Apt. 091,,Nogueira do Amparo,IT,Bremen,67868,TRUE
6405,6405,REGISTERED,85747 Joseph Crossroad Apt. 145,,Garmisch-Partenkirchen,IR,Alabama,23397,TRUE
6406,6406,REGISTERED,18492 Cheryl Extension,,Rocha Paulista,SE,La Rioja,M5F 5SL,TRUE
6407,6407,REGISTERED,446 岡本 Street,,Teixeira,FR,Ceará,24536,TRUE
6408,6408,REGISTERED,28 Rebecca Summit,,لبيبport,GB,Segovia,12687,TRUE
6409,6409,REGISTERED,Linkestr. 8884,,Zamora,GB,Foggia,80517,TRUE
6410,6410,REGISTERED,"Rua Renan Nogueira, 1",,Gambarana,FR,Bayern,22068-287,TRUE
6411,6411,REGISTERED,"Studio 03
Edwards Light",,Leão,GB,Alaska,55638,TRUE
6412,6412,REGISTERED,"Rodovia Moura, 55",,足立区,US,Bayern,65623,TRUE
6413,6413,REGISTERED,"18, rue Gilles Lelièvre",,Collescipoli,FR,Huelva,B7D 7YQ,TRUE
6414,6414,REGISTERED,311 石井 Street,,Thomasburgh,GB,Texas,83901,TRUE
6415,6415,REGISTERED,"54, boulevard de Lebon",,Oranienburg,ES,Brescia,71395,TRUE
6416,6416,REGISTERED,"Flat 5
Carl Harbors",,Soria,AU,Novara,23125,TRUE
6417,6417,REGISTERED,C. de Godofredo Morell 63 Piso 5 ,,印旛郡本埜村,RU,Maine,40122,TRUE
6418,6418,REGISTERED,"Parque de Campos, 87",,Câmara,NL,Oregon,316-7216,TRUE
6419,6419,REGISTERED,"51, chemin Jeanne Boulay",,Sainte Sabine,DE,Napoli,60660401,TRUE
6420,6420,REGISTERED,"32, avenue Thérèse Mathieu",,Lake Paulafort,TR,Hessen,15942,TRUE
6421,6421,REGISTERED,Rambla de Felipa Falcó 87,,East Gareth,GB,Nevada,W1E 6YT,TRUE
6422,6422,REGISTERED,8053 فداء View Suite 189,,Huelva,SE,Benevento,26021,TRUE
6423,6423,REGISTERED,"Fazenda Cirino, 60",,Marianmouth,ES,Ceuta,38016,TRUE
6424,6424,REGISTERED,avenue Charles Gros,,Marchalboeuf,FR,New Jersey,35847,TRUE
6425,6425,REGISTERED,Pasaje de Omar Anguita 14 Piso 0 ,,da Cunha Paulista,TR,Enna,33998,TRUE
6426,6426,REGISTERED,"Setor Sabrina Castro, 27",,Amberg,DE,New York,73264,TRUE
6427,6427,REGISTERED,"Canale Bonatti, 80",,Port Kristentown,DE,Nordrhein-Westfalen,04859,TRUE
6428,6428,REGISTERED,Urbanización Magdalena Manso 55 Apt. 16 ,,国分寺市,SY,Nordrhein-Westfalen,24990,TRUE
6429,6429,REGISTERED,"Via da Rosa, 80",,Smithview,US,Viterbo,45913,TRUE
6430,6430,REGISTERED,"Piazza Blasi, 50",,Harrietport,US,Indiana,04169,TRUE
6431,6431,REGISTERED,Rambla Jordi Barba 434,,Guerra,US,Paraíba,97390,TRUE
6432,6432,REGISTERED,"Flat 42
Henry Drive",,Kelheim,KP,Schleswig-Holstein,44547,TRUE
6433,6433,REGISTERED,Camino de Apolinar Olmedo 466,,فرجside,CA,Berlin,182-3596,TRUE
6434,6434,REGISTERED,Glorieta Angélica Beltrán 833 Piso 0 ,,North فدائيland,FR,Arkansas,45838,TRUE
6435,6435,REGISTERED,Pergandestr. 7-6,,Augsburg,MM,Niedersachsen,54627032,TRUE
6436,6436,REGISTERED,"Residencial de Cavalcanti, 1",,Sainte Moniqueboeuf,PA,Sachsen,KY1E 5QH,TRUE
6437,6437,REGISTERED,Pasadizo Jose Antonio Macías 144,,Lake Shawn,GB,Bahia,34053,TRUE
6438,6438,REGISTERED,Rennerallee 221,,Jüterbog,US,Zamora,835-1036,TRUE
6439,6439,REGISTERED,"Esplanada Emilly das Neves, 218",,Sainte Maggie,IR,Connecticut,00124,TRUE
6440,6440,REGISTERED,Conradiallee 3-3,,Pompei Scavi,ES,Zamora,73021,TRUE
6441,6441,REGISTERED,Rambla Sarita Blazquez 94,,MorvanVille,FR,New Mexico,51086-030,TRUE
6442,6442,REGISTERED,Ronda Josep Alemán 3,,Cantabria,BS,Oregon,564-3551,TRUE
6443,6443,REGISTERED,9757 جار الله Port,,León,US,Arkansas,67311745,TRUE
6444,6444,REGISTERED,1128 عاملة Forges,,Thompsonfurt,IT,Nebraska,48296234,TRUE
6445,6445,REGISTERED,"Viaduto de Silva, 4",,Torgau,IR,Schleswig-Holstein,06499,TRUE
6446,6446,REGISTERED,Erdogan-Wähner-Gasse 8-6,,Ripe,JP,Sevilla,00138,TRUE
6447,6447,REGISTERED,Hilmar-Binner-Straße 44/81,,Lumellogno,SE,Maryland,97903719,TRUE
6448,6448,REGISTERED,373 山本 Street,,South Edgarside,GB,Idaho,73621,TRUE
6449,6449,REGISTERED,"Flat 6
Rita Lane",,بنفسجchester,KY,Oklahoma,45996,TRUE
6450,6450,REGISTERED,"Canale Valmarana, 7 Piano 6",,Leconteboeuf,IT,Maryland,15515,TRUE
6451,6451,REGISTERED,"Stretto Sophia, 70",,San Michele Di Piave,US,Guipúzcoa,60799,TRUE
6452,6452,REGISTERED,"945, rue Éléonore Thierry",,Desenzano Al Serio,RU,Minnesota,12456,TRUE
6453,6453,REGISTERED,Birnbaumring 57,,عذرةtown,CA,Segovia,S4 5SG,TRUE
6454,6454,REGISTERED,942 Elizabeth Corners,,West Cathy,DE,Mato Grosso,75287,TRUE
6455,6455,REGISTERED,C. Bonifacio Reig 3,,Meri',CA,Berlin,12015,TRUE
6456,6456,REGISTERED,"Stretto Vento, 0",,Nolanmouth,SE,Thüringen,NW4 6AA,TRUE
6457,6457,REGISTERED,"Flat 0
Richardson Walks",,Badajoz,RU,South Carolina,55486,TRUE
6458,6458,REGISTERED,"Flat 04I
Edwards Manors",,Port Gavin,MM,Michigan,25059,TRUE
6459,6459,REGISTERED,"68, avenue de Renard",,国立市,FR,Vizcaya,43394,TRUE
6460,6460,REGISTERED,"Piazza Lollobrigida, 293",,Valladolid,ZA,Virginia,889-0070,TRUE
6461,6461,REGISTERED,9 Stanley Spring,,Sainte Bertrand,KY,Bremen,90547,TRUE
6462,6462,REGISTERED,"21, avenue de Michel",,Ruiz,RU,Berlin,17595,TRUE
6463,6463,REGISTERED,Heserweg 4428,,Fallingbostel,ES,Nebraska,12200,TRUE
6464,6464,REGISTERED,Dehmelgasse 9531,,Pegnitz,FR,Tarragona,28024,TRUE
6465,6465,REGISTERED,"60, chemin François Roy",,Prévost,FR,Amapá,13100,TRUE
6466,6466,REGISTERED,9473 Hayden Garden Apt. 332,,南房総市,ZA,Hawaii,89054,TRUE
6467,6467,REGISTERED,"Viale Murialdo, 21",,Porto Frailis,US,Oregon,129-3882,TRUE
6468,6468,REGISTERED,"Flat 83j
Ronald Trail",,Rio Di Pusteria,US,Pescara,07906,TRUE
6469,6469,REGISTERED,552 渡辺 Street,,世田谷区,US,New Mexico,WS8E 1RT,TRUE
6470,6470,REGISTERED,"Borgo Vincentio, 32 Appartamento 9",,Sorbo San Basile,ES,Bayern,41975,TRUE
6471,6471,REGISTERED,903 King Lane,,Port Raymondside,DE,Bahia,281-5431,TRUE
6472,6472,REGISTERED,992 Cain Inlet Suite 280,,New Megan,SG,Texas,09768,TRUE
6473,6473,REGISTERED,401 山本 Street,,New روحيbury,US,Hawaii,14401,TRUE
6474,6474,REGISTERED,Janus-Dussen van-Weg 3/4,,Girona,KP,New Mexico,98138,TRUE
6475,6475,REGISTERED,62301 ماذى Points Apt. 560,,Wurzen,FR,Arkansas,59130,TRUE
6476,6476,REGISTERED,177 طقش Wall Suite 569,,East Gareth,RU,California,077-3758,TRUE
6477,6477,REGISTERED,61 Kayleigh Dam,,Santa Cruz de Tenerife,PA,Girona,57545,TRUE
6478,6478,REGISTERED,Renata-Grein Groth-Platz 834,,Jenkinsmouth,IR,Louisiana,04587,TRUE
6479,6479,REGISTERED,Chácara de Sales,,Albacete,US,Vermont,24559,TRUE
6480,6480,REGISTERED,Feira Pedro Rezende,,Guipúzcoa,FR,Sondrio,186-5225,TRUE
6481,6481,REGISTERED,Cañada Feliciano Pombo 86 Piso 5 ,,Robinfurt,YE,Guipúzcoa,WC5 4DD,TRUE
6482,6482,REGISTERED,884 青木 Street,,أحمدton,US,Oregon,40041,TRUE
6483,6483,REGISTERED,"Passarela de Teixeira, 91",,Saint Alice,SE,Cuneo,RG38 8QP,TRUE
6484,6484,REGISTERED,Glorieta Ignacio Mínguez 55 Puerta 3 ,,Sainte AstridBourg,JP,Amapá,365-2438,TRUE
6485,6485,REGISTERED,201 Mccormick Forge,,Araújo de Araújo,FR,Melilla,07416,TRUE
6486,6486,REGISTERED,177 佐藤 Street,,Lake زبيرstad,TR,Tennessee,74794,TRUE
6487,6487,REGISTERED,Cañada de Seve Terrón 75 Puerta 2 ,,Daviesmouth,IT,Sachsen-Anhalt,20910,TRUE
6488,6488,REGISTERED,"Stretto Pace, 93 Appartamento 40",,Ávila,IT,Acre,G4 2GN,TRUE
6489,6489,REGISTERED,"Parque Santos, 992",,Sulzbach-Rosenberg,JP,New Hampshire,20251-302,TRUE
6490,6490,REGISTERED,103 Robertson Junctions,,Chevalier-sur-Leleu,RU,Sergipe,33038,TRUE
6491,6491,REGISTERED,"Contrada Pizziol, 4 Piano 2",,East Brianfurt,IT,Bologna,72352,TRUE
6492,6492,REGISTERED,Jüttnerring 29/25,,横浜市都筑区,GB,Sachsen-Anhalt,37013,TRUE
6493,6493,REGISTERED,Callejón de Yolanda Comas 71,,Siqueira,IT,New Mexico,63866,TRUE
6494,6494,REGISTERED,"Borgo Livio, 7",,عبد الجليلburgh,FR,Guipúzcoa,12288,TRUE
6495,6495,REGISTERED,556 غالي Pike Apt. 806,,Aue,NG,La Coruña,23428-214,TRUE
6496,6496,REGISTERED,07918 ايمان Falls Apt. 834,,Goncalves-les-Bains,RU,Almería,79884-365,TRUE
6497,6497,REGISTERED,098 Willis Terrace,,West Cheryl,US,Cádiz,WN50 4TQ,TRUE
6498,6498,REGISTERED,445 高橋 Street,,長生郡長柄町,AU,Mecklenburg-Vorpommern,99288,TRUE
6499,6499,REGISTERED,697 中村 Street,,Harrisonberg,JP,Missouri,24850,TRUE
6500,6500,REGISTERED,"Aeroporto de da Cruz, 8",,Siqueira,ES,South Carolina,62154,TRUE
6501,6501,REGISTERED,C. Amanda Peralta 61,,Lake Brett,JP,Washington,882-7292,TRUE
6502,6502,REGISTERED,622 高橋 Street,,Machado de Minas,ZA,Minnesota,SS3 9QD,TRUE
6503,6503,REGISTERED,198 池田 Street,,神津島村,US,Novara,35526,TRUE
6504,6504,REGISTERED,"Flat 75
Miah River",,Palencia,JP,Ohio,L9 5JB,TRUE
6505,6505,REGISTERED,C. Carlito Múgica 81,,New Staceyport,BS,Schleswig-Holstein,45188447,TRUE
6506,6506,REGISTERED,"582, avenue Tristan Bourgeois",,神津島村,NL,California,50829,TRUE
6507,6507,REGISTERED,"Studio 13y
Joe Manors",,Castellón,GB,Maine,27514,TRUE
6508,6508,REGISTERED,Ronda de Valero Nogués 56 Piso 0 ,,Magdeburg,US,Pernambuco,49208,TRUE
6509,6509,REGISTERED,898 高橋 Street,,大網白里市,CA,Connecticut,997-8985,TRUE
6510,6510,REGISTERED,Gunpfweg 8,,Ávila,AU,Pernambuco,24038,TRUE
6511,6511,REGISTERED,994 小林 Street,,Schlüchtern,DE,Rieti,11020,TRUE
6512,6512,REGISTERED,Thaddäus-Jacob-Straße 20/53,,長生郡白子町,US,Rondônia,82137281,TRUE
6513,6513,REGISTERED,879 石川 Street,,Vigolo,AU,Salamanca,16254700,TRUE
6514,6514,REGISTERED,552 دانة Extension Apt. 669,,الشايقيةview,US,Piacenza,01567,TRUE
6515,6515,REGISTERED,456 林 Street,,النمرburgh,AU,Minnesota,42022,TRUE
6516,6516,REGISTERED,Hettnergasse 2-3,,سفيرport,GB,Badajoz,82301,TRUE
6517,6517,REGISTERED,23462 الحلواني Islands,,Guipúzcoa,FR,Brandenburg,38198,TRUE
6518,6518,REGISTERED,431 بعلبكي Forge Apt. 227,,Port Neil,TR,Brandenburg,60550328,TRUE
6519,6519,REGISTERED,Mentzelgasse 90,,Guipúzcoa,BS,Kentucky,37221,TRUE
6520,6520,REGISTERED,"23, boulevard Wagner",,Heinsberg,DE,Vicenza,33140,TRUE
6521,6521,REGISTERED,Avenida Verónica Campos 5,,Sulzbach-Rosenberg,PA,Murcia,19813-910,TRUE
6522,6522,REGISTERED,7782 شادن Road Suite 123,,Philippe-sur-Deschamps,US,Sachsen,13856,TRUE
6523,6523,REGISTERED,1352 الأشراف Mews Apt. 865,,Bonnet,IT,Tocantins,94135,TRUE
6524,6524,REGISTERED,"Flat 52
Preston Falls",,Guadalajara,ZA,Indiana,21856,TRUE
6525,6525,REGISTERED,"21, boulevard Legrand",,Charlesbury,US,Niedersachsen,06222,TRUE
6526,6526,REGISTERED,"93, boulevard Lamy",,Rios,GB,Guadalajara,081-9985,TRUE
6527,6527,REGISTERED,"56, boulevard Étienne Lebrun",,Meganshire,GB,Ciudad,05188,TRUE
6528,6528,REGISTERED,"Incrocio Finetti, 232",,Martin,GB,South Carolina,93399,TRUE
6529,6529,REGISTERED,21 Roy Knolls,,羽村市,DE,Rheinland-Pfalz,800-4454,TRUE
6530,6530,REGISTERED,Rosenowplatz 2050,,Albacete,TR,Virginia,77769,TRUE
6531,6531,REGISTERED,Pasaje de Borja Izquierdo 46,,West Ralphton,ZA,Brandenburg,28449,TRUE
6532,6532,REGISTERED,129 Amanda Parks,,Lagarde,ES,Venezia,84129,TRUE
6533,6533,REGISTERED,Pruschkeallee 4387,,Lugo,ES,Mecklenburg-Vorpommern,SM42 0DU,TRUE
6534,6534,REGISTERED,"Pátio Natália da Rosa, 505",,Duarte,IT,Cosenza,39546,TRUE
6535,6535,REGISTERED,"Flat 6
Clifford Club",,Azevedo,FR,Asturias,CH1 1RP,TRUE
6536,6536,REGISTERED,"Viale Bondumier, 49 Piano 6",,Erbisdorf,SE,Rio de Janeiro,80881117,TRUE
6537,6537,REGISTERED,419 Saunders Union,,Bellstad,ES,Connecticut,60593,TRUE
6538,6538,REGISTERED,"Passarela de Leão, 18",,青梅市,IT,Tennessee,33332,TRUE
6539,6539,REGISTERED,809 Jacqueline Spur,,Virgoletta,GB,West Virginia,638-3547,TRUE
6540,6540,REGISTERED,"Campo Pietro Sampaio, 735",,East شفيع,US,Oregon,14676,TRUE
6541,6541,REGISTERED,1127 كاشف Crossing Apt. 297,,新宿区,GB,Utah,587-8638,TRUE
6542,6542,REGISTERED,"Lagoa Moreira, 30",,Monteiro de Sá,IT,Bremen,855-4389,TRUE
6543,6543,REGISTERED,"Studio 35
Barrett Motorway",,Cavalcanti,US,Washington,77860,TRUE
6544,6544,REGISTERED,Schmidtallee 790,,横浜市緑区,US,Mecklenburg-Vorpommern,49479,TRUE
6545,6545,REGISTERED,"Flat 13
Mohamed Streets",,ليانburgh,GB,Matera,40975,TRUE
6546,6546,REGISTERED,"35, rue Roger Guichard",,Leonessa,ES,Vermont,50333,TRUE
6547,6547,REGISTERED,Karl-Ludwig-Mangold-Allee 5,,Albuquerque,BS,São Paulo,00794,TRUE
6548,6548,REGISTERED,Klaus Peter-Gute-Platz 4,,Madrid,SE,Cantabria,10520-022,TRUE
6549,6549,REGISTERED,Inge-Birnbaum-Gasse 2,,Lake Norman,TR,Forlì-Cesena,E4G 1JX,TRUE
6550,6550,REGISTERED,5 Ellie Run,,West Amelia,JP,New Mexico,B7 4QA,TRUE
6551,6551,REGISTERED,"225, avenue de Leclercq",,Judithborough,US,Mississippi,38666,TRUE
6552,6552,REGISTERED,227 佐藤 Street,,North William,FR,Rhode Island,13162881,TRUE
6553,6553,REGISTERED,"Canale Passalacqua, 64 Piano 9",,Diaz,SG,Kansas,66107,TRUE
6554,6554,REGISTERED,Giovanni-Mentzel-Straße 13,,Vargas,ZA,Álava,M31 6WN,TRUE
6555,6555,REGISTERED,boulevard de Perrier,,نسيبةbury,DE,New Hampshire,41608,TRUE
6556,6556,REGISTERED,Camino de Juana Olivera 8,,South Katherineside,SE,Tarragona,E25 5AD,TRUE
6557,6557,REGISTERED,"Núcleo de Rocha, 5",,Lugo,GB,Roraima,69935,TRUE
6558,6558,REGISTERED,"Viaduto Arthur Miguel Araújo, 38",,جزينيbury,ES,Tarragona,56356,TRUE
6559,6559,REGISTERED,"Canale Marsili, 57 Piano 9",,Faure,SE,Kansas,13955,TRUE
6560,6560,REGISTERED,"Piazza Boiardo, 852 Appartamento 94",,Johnsonville,IT,Berlin,16135,TRUE
6561,6561,REGISTERED,"Contrada Elvira, 36 Piano 0",,العقيداتbury,FR,Sergipe,25078,TRUE
6562,6562,REGISTERED,399 高橋 Street,,Erding,RU,New Jersey,WF1 7PN,TRUE
6563,6563,REGISTERED,046 عمّار Camp Suite 343,,Murphyton,FR,New Hampshire,30446236,TRUE
6564,6564,REGISTERED,1740 فردوس Knoll,,Delahaye,KY,Massa-Carrara,44048,TRUE
6565,6565,REGISTERED,Guido-Fritsch-Straße 5908,,Tübingen,US,Berlin,23137,TRUE
6566,6566,REGISTERED,Ronda de Camila Camps 40 Puerta 0 ,,長生郡白子町,CA,Sachsen,53842,TRUE
6567,6567,REGISTERED,96261 داني Mews,,Sainte OcéaneVille,TR,Pará,L1 2GF,TRUE
6568,6568,REGISTERED,"Studio 7
Brett Lights",,Santa Cruz de Tenerife,NL,Monza e della Brianza,24465,TRUE
6569,6569,REGISTERED,"53, chemin Torres",,North فدائيmouth,ES,Santa Catarina,391-5057,TRUE
6570,6570,REGISTERED,207 مهيب Terrace Apt. 471,,浦安市,TR,Hessen,B01 2PJ,TRUE
6571,6571,REGISTERED,Barkholzallee 627,,South Anthony,AU,Idaho,755-9302,TRUE
6572,6572,REGISTERED,"56, chemin de Gautier",,八丈島八丈町,GB,Tennessee,62063,TRUE
6573,6573,REGISTERED,C. Jose Francisco Amores 25 Piso 4 ,,Villa Romagnoli,PA,Maine,B8K 7GF,TRUE
6574,6574,REGISTERED,0641 Alicia Drive Apt. 586,,Port Jenna,IT,Acre,05036,TRUE
6575,6575,REGISTERED,"Passarela de Ferreira, 55",,West Ryanville,MM,Alagoas,65860,TRUE
6576,6576,REGISTERED,"6, chemin Élise Lopes",,Ribordone,CH,Berlin,51282,TRUE
6577,6577,REGISTERED,Gießgasse 1290,,West Kieranhaven,GB,Indiana,61359241,TRUE
6578,6578,REGISTERED,8 Pickering Haven,,Garcia,GB,Hessen,46026,TRUE
6579,6579,REGISTERED,476 Lisa Mountain,,Las Palmas,JP,Delaware,65754,TRUE
6580,6580,REGISTERED,59315 شويفاتي Way,,East Autumn,GB,Sachsen-Anhalt,JE1H 1TD,TRUE
6581,6581,REGISTERED,451 Jeffrey Club Suite 826,,Gavinburgh,NL,Kansas,07037,TRUE
6582,6582,REGISTERED,Pátio Fernandes,,Pimenta,AU,Hawaii,67751,TRUE
6583,6583,REGISTERED,Sigfried-Schmiedt-Straße 7,,Materdomini,GB,Arezzo,42565,TRUE
6584,6584,REGISTERED,601 Gary Burgs,,Port Marian,GB,Idaho,06781,TRUE
6585,6585,REGISTERED,679 روحي Port Apt. 873,,Sainte Aurélie,PA,Washington,91860,TRUE
6586,6586,REGISTERED,chemin de Fouquet,,御蔵島村,US,New Mexico,18744,TRUE
6587,6587,REGISTERED,chemin Guillou,,Córdoba,CA,Cuneo,01093-333,TRUE
6588,6588,REGISTERED,Jardim de Marques,,Port Christina,US,Córdoba,31265,TRUE
6589,6589,REGISTERED,"Studio 25a
Jennifer Isle",,da Cunha Verde,US,California,42062,TRUE
6590,6590,REGISTERED,2330 Lynn Rue,,Saint Sabine,IT,Melilla,437-0872,TRUE
6591,6591,REGISTERED,069 鈴木 Street,,زكيburgh,CH,Washington,69694,TRUE
6592,6592,REGISTERED,"Strada Amaldi, 7 Appartamento 8",,印旛郡酒々井町,GB,Louisiana,23837,TRUE
6593,6593,REGISTERED,Paseo Adán Castañeda 334,,八丈島八丈町,TR,Louisiana,84460872,TRUE
6594,6594,REGISTERED,Trubweg 6253,,De Oliveira,JP,Ávila,89853,TRUE
6595,6595,REGISTERED,Cañada Úrsula Baquero 536 Puerta 8 ,,Prévostnec,IT,Huesca,65011,TRUE
6596,6596,REGISTERED,8616 Marshall Plains,,稲城市,IT,León,80135,TRUE
6597,6597,REGISTERED,164 伊藤 Street,,Eggenfelden,IR,Bahia,59518-790,TRUE
6598,6598,REGISTERED,529 Kenneth Place,,Palencia,CH,Iowa,W3 6SQ,TRUE
6599,6599,REGISTERED,341 遠藤 Street,,Robinsonmouth,GB,Niedersachsen,16144,TRUE
6600,6600,REGISTERED,Paseo de Zoraida Tormo 65,,横浜市保土ケ谷区,ES,Minnesota,68188,TRUE
6601,6601,REGISTERED,"Rotonda Guido, 5 Appartamento 58",,Lleida,TR,Vermont,44831,TRUE
6602,6602,REGISTERED,"Viela de Silva, 5",,長生郡長南町,KY,Roraima,32884,TRUE
6603,6603,REGISTERED,Pasadizo de Rodrigo Aguirre 1,,West Jemmatown,KY,Arizona,31430,TRUE
6604,6604,REGISTERED,89684 منيب Land,,Cáceres,TR,Sassari,62270,TRUE
6605,6605,REGISTERED,303 高橋 Street,,North Davidhaven,US,Kentucky,45276,TRUE
6606,6606,REGISTERED,Vila Maria Fernanda Souza,,Zaragoza,CA,Roraima,88151-044,TRUE
6607,6607,REGISTERED,"779, chemin Collin",,South Tracyville,ZA,Espírito Santo,21118,TRUE
6608,6608,REGISTERED,"Flat 49Z
Berry Walks",,طزيزland,FR,Mecklenburg-Vorpommern,69887,TRUE
6609,6609,REGISTERED,"75, chemin Valentin",,山武市,IR,Louisiana,197-3621,TRUE
6610,6610,REGISTERED,Sieghard-Dobes-Straße 2/9,,Demmin,TR,Idaho,NN7 3GA,TRUE
6611,6611,REGISTERED,Kathrin-Loos-Weg 59,,Sommo,NL,Álava,E5 7JW,TRUE
6612,6612,REGISTERED,654 遠藤 Street,,Marshallburgh,SE,Bahia,41470,TRUE
6613,6613,REGISTERED,"Studio 2
Jenna Run",,Deborahhaven,ZA,Rio Grande do Sul,07023,TRUE
6614,6614,REGISTERED,"Incrocio Costantino, 3",,Cantabria,GB,Como,47833,TRUE
6615,6615,REGISTERED,"Largo Nascimento, 8",,Granada,CA,Paraná,72830,TRUE
6616,6616,REGISTERED,"36, avenue Fischer",,横浜市都筑区,ES,Sachsen,42661,TRUE
6617,6617,REGISTERED,"Favela Arthur Miguel Borges, 12",,Nathanshire,NL,Valencia,80056,TRUE
6618,6618,REGISTERED,Carmelo-Gieß-Weg 6/1,,الأزدport,DE,Maryland,B2S 1HZ,TRUE
6619,6619,REGISTERED,328 吉田 Street,,Salamanca,DE,Bayern,84898-884,TRUE
6620,6620,REGISTERED,"Flat 06T
Charlene Hill",,Sonneberg,FR,Maryland,13782,TRUE
6621,6621,REGISTERED,"Loteamento de Barbosa, 4",,Vizcaya,KY,Idaho,10185,TRUE
6622,6622,REGISTERED,"Viaduto Andrade, 76",,East سلمان,AU,Alaska,50884-750,TRUE
6623,6623,REGISTERED,104 中村 Street,,横浜市磯子区,TR,Connecticut,95024,TRUE
6624,6624,REGISTERED,Lago Cassiano,,سراج الدّينland,CA,Montana,05835,TRUE
6625,6625,REGISTERED,7022 Sarah Glens,,清瀬市,ES,Saarland,11111,TRUE
6626,6626,REGISTERED,Atzlerstraße 4/3,,荒川区,RU,La Coruña,89327,TRUE
6627,6627,REGISTERED,"Incrocio Venditti, 32 Appartamento 57",,Sant'Elena Sannita,FR,Goiás,62074,TRUE
6628,6628,REGISTERED,39715 بعلبكي Park,,横浜市戸塚区,NL,Indiana,07015,TRUE
6629,6629,REGISTERED,03824 أشجع Plains,,Cádiz,CA,Baden-Württemberg,BH0 7AB,TRUE
6630,6630,REGISTERED,904 بو مدين Port,,الكلغاصيmouth,SY,Caserta,03036,TRUE
6631,6631,REGISTERED,"99, boulevard de Dupont",,Sankt Goar,TR,Nebraska,45457,TRUE
6632,6632,REGISTERED,"34, boulevard de Lesage",,Novais de Oliveira,DE,Iowa,69048,TRUE
6633,6633,REGISTERED,Gierschnerstr. 35,,Aaronport,US,Baden-Württemberg,81560,TRUE
6634,6634,REGISTERED,"91, rue Gaudin",,Treviso,US,Teramo,28560059,TRUE
6635,6635,REGISTERED,560 田中 Street,,Lucaschester,IT,Illinois,61851,TRUE
6636,6636,REGISTERED,Acceso Marisa Canales 4,,Careyport,ZA,Salamanca,M3E 8FE,TRUE
6637,6637,REGISTERED,Swetlana-Drub-Weg 24/73,,Carvalho do Galho,AU,Wisconsin,83873,TRUE
6638,6638,REGISTERED,366 David Common Apt. 274,,墨田区,ES,Alaska,44485,TRUE
6639,6639,REGISTERED,Zahngasse 1,,Kathleenborough,US,Florida,89434,TRUE
6640,6640,REGISTERED,"47, boulevard de Camus",,Turate,GB,Rio de Janeiro,86689,TRUE
6641,6641,REGISTERED,370 Patricia Plaza,,Teterow,TR,Toledo,14009,TRUE
6642,6642,REGISTERED,Seidelstraße 96,,Alves,US,Alagoas,17929,TRUE
6643,6643,REGISTERED,"Vicolo Costanzo, 95 Appartamento 65",,香取市,ZA,São Paulo,N9A 4BA,TRUE
6644,6644,REGISTERED,Nathalie-Rohleder-Gasse 23-25,,Herford,ES,Hessen,06708,TRUE
6645,6645,REGISTERED,Pruschkeallee 54-22,,Zola Predosa,GB,Thüringen,92020570,TRUE
6646,6646,REGISTERED,"Via Antonina, 27 Piano 0",,Villaneto,US,Santa Catarina,94675,TRUE
6647,6647,REGISTERED,Römerstraße 6-9,,Seelow,DE,Montana,12651,TRUE
6648,6648,REGISTERED,"Studio 08
Debra Lane",,Neuss,TR,Distrito Federal,20133,TRUE
6649,6649,REGISTERED,Paffrathstraße 65,,香取郡神崎町,ES,Córdoba,38298,TRUE
6650,6650,REGISTERED,667 松本 Street,,浦安市,PA,Saarland,29774,TRUE
6651,6651,REGISTERED,Urbanización Esther Páez 62,,West رؤوف,US,Washington,08759,TRUE
6652,6652,REGISTERED,"Rotonda Gabriella, 6 Appartamento 56",,Nunes do Amparo,ES,Pará,99539734,TRUE
6653,6653,REGISTERED,Callejón Dan Tamayo 86 Apt. 66 ,,South Mitchellberg,US,Mississippi,89600,TRUE
6654,6654,REGISTERED,260 درويش Ranch,,西多摩郡瑞穂町,FR,Alagoas,12092997,TRUE
6655,6655,REGISTERED,"890, chemin de Jacquot",,Ciudad,GB,Bahia,08075,TRUE
6656,6656,REGISTERED,96003 Martinez Flats Suite 442,,Teruel,NG,Montana,865-9879,TRUE
6657,6657,REGISTERED,3 Hart Falls,,Morvan,NL,Michigan,05271831,TRUE
6658,6658,REGISTERED,Nohlmansplatz 58-31,,Groß-Gerau,DE,West Virginia,81746,TRUE
6659,6659,REGISTERED,415 Kyle Circles,,Castellón,ES,Isernia,37043-594,TRUE
6660,6660,REGISTERED,597 Banks Tunnel Apt. 605,,East Tiffanyberg,US,Kansas,22551,TRUE
6661,6661,REGISTERED,"Rodovia Ferreira, 4",,Lake Normanton,SE,Texas,38045,TRUE
6662,6662,REGISTERED,"Setor de Vargas, 22",,Meppen,DE,Messina,78448,TRUE
6663,6663,REGISTERED,4337 Wall Manors,,Wolfach,KY,Washington,42950,TRUE
6664,6664,REGISTERED,331 Morgan Junction Suite 899,,稲城市,DE,Hessen,48256-582,TRUE
6665,6665,REGISTERED,"Vicolo Laureano, 23 Piano 0",,Rocha,DE,Nevada,31982,TRUE
6666,6666,REGISTERED,"23, rue Garcia",,Le Roux-la-Forêt,US,Saarland,674-4561,TRUE
6667,6667,REGISTERED,"Campo Porto, 6",,Recklinghausen,ES,Mecklenburg-Vorpommern,93540,TRUE
6668,6668,REGISTERED,Stumpfstraße 69-29,,Carvalho,TR,Cantabria,95986,TRUE
6669,6669,REGISTERED,"Vereda das Neves, 121",,North غوى,IT,Amazonas,90694,TRUE
6670,6670,REGISTERED,986 佐藤 Street,,Almeida,KY,Nebraska,81940,TRUE
6671,6671,REGISTERED,957 高橋 Street,,清瀬市,IT,Pernambuco,462-7343,TRUE
6672,6672,REGISTERED,"Trecho Ana Lívia Araújo, 824",,Johnsonshire,NG,Kansas,08978,TRUE
6673,6673,REGISTERED,Ewa-Jäntsch-Ring 7/3,,Wolfach,DE,Rheinland-Pfalz,28887,TRUE
6674,6674,REGISTERED,493 近藤 Street,,Lake Lynda,CA,Oklahoma,S6J 5EY,TRUE
6675,6675,REGISTERED,"50, rue de Gaudin",,Wolfratshausen,GB,Salerno,N1U 4LZ,TRUE
6676,6676,REGISTERED,Acceso de Jose Angel Oliver 39,,Henry,FR,Barcelona,54078,TRUE
6677,6677,REGISTERED,07 Ross Ridge,,国立市,PA,Benevento,14006,TRUE
6678,6678,REGISTERED,Vial de Diana Menendez 81,,Jeffreyton,NG,West Virginia,64046,TRUE
6679,6679,REGISTERED,5 Quinn Dale,,Gaudinnec,DE,Hessen,702-1332,TRUE
6680,6680,REGISTERED,9758 الغوانمة Cliff,,Saint FrançoiseBourg,ES,Alagoas,37373,TRUE
6681,6681,REGISTERED,"Rodovia Campos, 51",,Hilaryshire,YE,Venezia,46366-929,TRUE
6682,6682,REGISTERED,290 عبد الرّزاق Camp Suite 755,,Lake وائل,US,Soria,16605-454,TRUE
6683,6683,REGISTERED,rue de Legrand,,La Rioja,IT,Berlin,24050,TRUE
6684,6684,REGISTERED,3783 المنتفق Junctions,,Valladolid,DE,Castellón,EH3 7YS,TRUE
6685,6685,REGISTERED,52 Wilkinson Mountains,,Lierna,DE,Schleswig-Holstein,18167,TRUE
6686,6686,REGISTERED,"84, chemin Guillaume",,Fernandes de Vieira,ES,Hamburg,46010,TRUE
6687,6687,REGISTERED,91778 مزرعاني Stravenue Suite 696,,Grisignano Di Zocco,FR,North Dakota,990-3348,TRUE
6688,6688,REGISTERED,84384 Zachary Ford Suite 084,,中央区,GB,Indiana,73444-006,TRUE
6689,6689,REGISTERED,216 田中 Street,,فتحيburgh,CA,Albacete,32294,TRUE
6690,6690,REGISTERED,"18, chemin Schneider",,Zaragoza,US,Mato Grosso,14039,TRUE
6691,6691,REGISTERED,rue Valentine Lemonnier,,Senftenberg,NG,West Virginia,68387,TRUE
6692,6692,REGISTERED,Annekatrin-Nette-Platz 6,,Sainte Emmanuel,DE,Santa Catarina,22688,TRUE
6693,6693,REGISTERED,463 سلام Run,,いすみ市,SE,Rhode Island,54519,TRUE
6694,6694,REGISTERED,8 Hayes Lodge,,横浜市緑区,US,Catania,06338,TRUE
6695,6695,REGISTERED,54327 Dakota Prairie,,Villa Agnedo,IT,Louisiana,49203,TRUE
6696,6696,REGISTERED,41812 بنو العريج Meadow Apt. 715,,Pontevedra,NG,Sachsen,64840700,TRUE
6697,6697,REGISTERED,"Aeroporto de Pastor, 84",,South نورسfurt,CA,Hessen,87340,TRUE
6698,6698,REGISTERED,"Vereda José Pedro Santos, 1",,Maglie,SE,Santa Cruz de Tenerife,068-1024,TRUE
6699,6699,REGISTERED,"69, rue Stéphanie Roche",,Faurenec,NG,Sergipe,11329-521,TRUE
6700,6700,REGISTERED,352 石井 Street,,Vieira Paulista,US,Rio de Janeiro,61445,TRUE
6701,6701,REGISTERED,07931 Patterson Station,,Lucasnec,IT,South Dakota,05538,TRUE
6702,6702,REGISTERED,"Piazza Verdone, 68",,رمضانchester,MM,Pistoia,89021,TRUE
6703,6703,REGISTERED,Köhlerstraße 3/4,,Gardelegen,YE,Ceará,27490,TRUE
6704,6704,REGISTERED,76595 Joseph Divide Suite 059,,بنو لامshire,FR,Schleswig-Holstein,97288,TRUE
6705,6705,REGISTERED,"Largo Marques, 97",,Sulzbach-Rosenberg,AU,La Spezia,47592793,TRUE
6706,6706,REGISTERED,30 Karen Plaza,,横浜市緑区,GB,Las Palmas,39306,TRUE
6707,6707,REGISTERED,"Recanto de Lima, 85",,Faida,ZA,Rheinland-Pfalz,02321,TRUE
6708,6708,REGISTERED,boulevard de Dupuy,,Teruel,DE,Bergamo,83721,TRUE
6709,6709,REGISTERED,051 Kline Extensions,,日野市,PA,Nordrhein-Westfalen,63386-966,TRUE
6710,6710,REGISTERED,Biggenstraße 4,,Ferreira,US,Roraima,691-3162,TRUE
6711,6711,REGISTERED,113 Brown Loop Apt. 864,,香取郡多古町,US,Maryland,44508,TRUE
6712,6712,REGISTERED,"Núcleo Santos, 8",,Mutigliano,AU,Vercelli,82063-669,TRUE
6713,6713,REGISTERED,09 Alexandra Drives,,Nereto,IT,Badajoz,30851,TRUE
6714,6714,REGISTERED,Frankestr. 44/30,,Sainte Jean-les-Bains,NL,Niedersachsen,27035,TRUE
6715,6715,REGISTERED,82 Harriet Tunnel,,Mellrichstadt,IT,Hamburg,537-8604,TRUE
6716,6716,REGISTERED,03771 Higgins Extension Suite 338,,Cousin,BS,Maryland,53567,TRUE
6717,6717,REGISTERED,"Avenida de Souza, 38",,Meiningen,IT,Huelva,M0 5GB,TRUE
6718,6718,REGISTERED,"Parque Albuquerque, 8",,Ozzero,IR,Isernia,LE82 3QZ,TRUE
6719,6719,REGISTERED,Drubweg 82,,Fabiasco,GB,Paraíba,11813,TRUE
6720,6720,REGISTERED,"98, avenue Joubert",,Williamstown,ZA,West Virginia,68714,TRUE
6721,6721,REGISTERED,4012 Alexander Street,,Amandaland,RU,Berlin,853-1787,TRUE
6722,6722,REGISTERED,243 Church Land,,Sainte LaurentBourg,PA,Hessen,02016-317,TRUE
6723,6723,REGISTERED,Calle Concepción Pina 44 Piso 8 ,,بلماءville,US,Virginia,24314,TRUE
6724,6724,REGISTERED,165 Irwin Springs Suite 925,,Ceuta,RU,Michigan,11274,TRUE
6725,6725,REGISTERED,"Vila Aparecida, 593",,Sainte GilbertVille,PA,Arezzo,WD9 8LP,TRUE
6726,6726,REGISTERED,Henschelstr. 63,,Lopes Alegre,ES,Idaho,L10 8UY,TRUE
6727,6727,REGISTERED,Cañada Rico Peñas 9,,横浜市磯子区,TR,Ravenna,06611,TRUE
6728,6728,REGISTERED,687 斎藤 Street,,長生郡睦沢町,IT,Sachsen-Anhalt,M7U 9YG,TRUE
6729,6729,REGISTERED,"Studio 3
Bethan Mountains",,川崎市宮前区,ZA,Ohio,16164,TRUE
6730,6730,REGISTERED,3090 صارم Heights,,Capezzano Inferiore,US,Bayern,34122,TRUE
6731,6731,REGISTERED,"Viela Catarina Leão, 57",,Poggio Sannita,SY,Ohio,52953,TRUE
6732,6732,REGISTERED,"Studio 26d
Abigail Burg",,青梅市,US,Oklahoma,22869,TRUE
6733,6733,REGISTERED,413 Linda Parks Apt. 069,,山武郡横芝光町,US,Jaén,44349-635,TRUE
6734,6734,REGISTERED,Via de Custodio Rivas 84 Puerta 6 ,,Ludwigslust,NL,Foggia,08036,TRUE
6735,6735,REGISTERED,367 Gardiner Row,,横浜市港北区,MM,Monza e della Brianza,55420,TRUE
6736,6736,REGISTERED,34302 Henry Rest Apt. 714,,Fernandes do Amparo,FR,California,39013,TRUE
6737,6737,REGISTERED,"Travessa Ágatha Moraes, 132",,東大和市,NG,Paraíba,67409,TRUE
6738,6738,REGISTERED,041 Marion Glens,,Leemouth,ES,Minnesota,03285,TRUE
6739,6739,REGISTERED,Plaza de María Luna 98,,府中市,SY,Macerata,45518,TRUE
6740,6740,REGISTERED,Ronda de Sara Cabrero 109 Apt. 28 ,,Moers,NL,Mantova,405-3378,TRUE
6741,6741,REGISTERED,044 後藤 Street,,多摩市,IT,Hessen,85017,TRUE
6742,6742,REGISTERED,19728 Curtis Glen,,川崎市多摩区,US,Nevada,30912,TRUE
6743,6743,REGISTERED,Heinz-Werner-Etzler-Straße 7/9,,Castro,DE,Asti,42306,TRUE
6744,6744,REGISTERED,870 高橋 Street,,Nicolas,US,León,20153568,TRUE
6745,6745,REGISTERED,"Via Ruggeri, 2",,Pereira de Ramos,ZA,Berlin,02898,TRUE
6746,6746,REGISTERED,"Stretto Maria, 145 Appartamento 5",,مصباحstad,NL,Bologna,67408,TRUE
6747,6747,REGISTERED,793 Wood Radial,,Sainte Virginieboeuf,US,Baden-Württemberg,25185,TRUE
6748,6748,REGISTERED,"15, boulevard Marchand",,Barcelona,SG,Massachusetts,05126,TRUE
6749,6749,REGISTERED,rue Bonnet,,Civitella Paganico,ZA,Badajoz,84014,TRUE
6750,6750,REGISTERED,"398, avenue de Lesage",,Weber-sur-Mer,SE,Fermo,09993,TRUE
6751,6751,REGISTERED,"Vale Azevedo, 295",,Helmstedt,FR,Catanzaro,89720300,TRUE
6752,6752,REGISTERED,00806 Jerome Freeway Apt. 718,,North Harry,KY,Bremen,56311,TRUE
6753,6753,REGISTERED,"14, chemin de Ferrand",,Normand-sur-Bouvier,DE,Hamburg,WV81 4WG,TRUE
6754,6754,REGISTERED,00473 April Light,,Jean,ES,Niedersachsen,20888-199,TRUE
6755,6755,REGISTERED,"Setor de Pinto, 529",,South نصر الدّينville,BS,Montana,93739,TRUE
6756,6756,REGISTERED,Budigweg 1/7,,New Shaun,ES,Imperia,14171,TRUE
6757,6757,REGISTERED,"45, rue Inès Meunier",,Guadalajara,TR,Nordrhein-Westfalen,08670,TRUE
6758,6758,REGISTERED,"47, boulevard Torres",,Madrid,DE,Utah,43919524,TRUE
6759,6759,REGISTERED,"Travessa Macedo, 65",,Pimenta dos Dourados,IT,Oregon,60112,TRUE
6760,6760,REGISTERED,"Via Catalano, 169",,Soria,RU,Trieste,142-1385,TRUE
6761,6761,REGISTERED,"Alameda de Montenegro, 19",,Novaes do Galho,GB,Crotone,25451,TRUE
6762,6762,REGISTERED,Via de Máximo Canales 29,,Moreira de Rezende,NG,Hamburg,LS53 2HG,TRUE
6763,6763,REGISTERED,Claus-Dieter-Heintze-Ring 3833,,Lewishaven,KY,Oklahoma,25042,TRUE
6764,6764,REGISTERED,592 Tony Motorway,,Cinquecerri,US,Bayern,53590,TRUE
6765,6765,REGISTERED,"Studio 2
Green Centers",,Tarragona,ZA,Sachsen,31430,TRUE
6766,6766,REGISTERED,"Trevo Miguel Caldeira, 40",,Toledo,US,Vermont,63786-018,TRUE
6767,6767,REGISTERED,356 田中 Street,,Eggen,ES,Saarland,CW2H 9TN,TRUE
6768,6768,REGISTERED,Kuhlstr. 2/4,,Oliviamouth,IR,Huesca,33503944,TRUE
6769,6769,REGISTERED,98797 عفيف Meadow Apt. 690,,West Jamesmouth,FR,Cantabria,90035-454,TRUE
6770,6770,REGISTERED,"Borgo Fulvio, 863",,West Mohammadborough,RU,South Carolina,29735,TRUE
6771,6771,REGISTERED,Acceso Joaquina Jordán 89 Piso 9 ,,Estesside,NL,Nebraska,222-9181,TRUE
6772,6772,REGISTERED,"Flat 21
Smith Hills",,إباءport,CA,Barcelona,39931,TRUE
6773,6773,REGISTERED,642 فارع Place Suite 668,,Sainte Laure,ZA,Kentucky,50238,TRUE
6774,6774,REGISTERED,474 佐藤 Street,,Teixeira de Ribeiro,NG,Asti,028-2124,TRUE
6775,6775,REGISTERED,"206, boulevard Jeannine Brun",,Argine,PA,Nebraska,20064,TRUE
6776,6776,REGISTERED,Ute-Hamann-Allee 7-1,,Villaggio Aldisio,ES,Sachsen-Anhalt,28536,TRUE
6777,6777,REGISTERED,922 البيطار Fords,,Zamora,FR,North Carolina,17071,TRUE
6778,6778,REGISTERED,73325 Watkins Shoal,,Backnang,CA,California,522-3190,TRUE
6779,6779,REGISTERED,"89, boulevard Ribeiro",,New Bethan,SE,Verona,146-6743,TRUE
6780,6780,REGISTERED,Calle de Mónica Guitart 137,,مسعودmouth,AU,Bolzano,39009,TRUE
6781,6781,REGISTERED,5 O'Neill Divide,,Aragão do Sul,AU,Niedersachsen,44451,TRUE
6782,6782,REGISTERED,Glorieta Jose Ramón Nieto 691 Piso 6 ,,江戸川区,FR,Alabama,37481,TRUE
6783,6783,REGISTERED,232 Brandon Mall,,Northeim,GB,North Dakota,35099,TRUE
6784,6784,REGISTERED,803 Johnson Roads Apt. 334,,西多摩郡檜原村,ZA,South Carolina,31899,TRUE
6785,6785,REGISTERED,"Canale Nicoletta, 7 Piano 9",,小金井市,FR,Rio Grande do Sul,11552,TRUE
6786,6786,REGISTERED,chemin Pierre Barbe,,South Bradleyborough,NL,New Hampshire,67115,TRUE
6787,6787,REGISTERED,Etzlerring 70-32,,Parkerfurt,SY,New Hampshire,47881855,TRUE
6788,6788,REGISTERED,"Jardim Nicole da Conceição, 26",,Segovia,RU,Vibo Valentia,58704,TRUE
6789,6789,REGISTERED,488 Michael Light Apt. 549,,Richardsfurt,SG,Idaho,01282,TRUE
6790,6790,REGISTERED,"Contrada Spinelli, 81 Appartamento 39",,Mendès,ES,New York,67501-778,TRUE
6791,6791,REGISTERED,"Ladeira de Cunha, 524",,Cavalcante Alegre,NG,Treviso,75309,TRUE
6792,6792,REGISTERED,chemin de Gallet,,Sainte Josette,IT,Castellón,WV9N 3LW,TRUE
6793,6793,REGISTERED,56086 الغوانمة Circles Apt. 553,,الأوسtown,DE,Melilla,82017,TRUE
6794,6794,REGISTERED,1491 عاصم Brook,,Lake Sandra,RU,Belluno,63915,TRUE
6795,6795,REGISTERED,Cañada Severo Quero 40 Piso 9 ,,Henrychester,GB,Perugia,67682,TRUE
6796,6796,REGISTERED,87507 Zamora Garden,,三鷹市,DE,Nordrhein-Westfalen,837-8236,TRUE
6797,6797,REGISTERED,"Fazenda Dom Vargas, 69",,Castellón,SE,Sachsen,E69 9DS,TRUE
6798,6798,REGISTERED,"Parque Nina Melo, 369",,Cunha Grande,TR,South Carolina,86096,TRUE
6799,6799,REGISTERED,6825 ربيعة Street Suite 568,,North ذكي,CH,Asturias,20853,TRUE
6800,6800,REGISTERED,"Stretto Teresa, 94",,Herbertmouth,JP,Rhode Island,56849,TRUE
6801,6801,REGISTERED,56160 بنو معقل Track Suite 589,,Pontevedra,ZA,Brandenburg,CR21 5AJ,TRUE
6802,6802,REGISTERED,"Studio 12c
Bethany Square",,عرفاتville,DE,Valladolid,636-1191,TRUE
6803,6803,REGISTERED,"Residencial de Dias, 542",,墨田区,BS,Wisconsin,88595,TRUE
6804,6804,REGISTERED,"Núcleo Maya Brito, 11",,Campos,FR,Rheinland-Pfalz,305-0780,TRUE
6805,6805,REGISTERED,Ehrentraud-Holt-Weg 1-3,,Traore,NG,Montana,95403,TRUE
6806,6806,REGISTERED,"34, boulevard Allard",,文京区,IR,Idaho,19015,TRUE
6807,6807,REGISTERED,"Parque de Pimenta, 8",,North ثامرfurt,US,Goiás,41036,TRUE
6808,6808,REGISTERED,"Studio 35
Benjamin Ports",,Garcia,SY,Georgia,10573-497,TRUE
6809,6809,REGISTERED,929 Cheyenne Fall Apt. 064,,Ashleyside,US,Utah,20032,TRUE
6810,6810,REGISTERED,58670 فائق Causeway Apt. 983,,Saint Zacharie,PA,Vicenza,M3F 5HX,TRUE
6811,6811,REGISTERED,105 Farrell Streets,,Souza da Prata,ZA,Rieti,84264,TRUE
6812,6812,REGISTERED,24 Finch Squares,,Borgo Carige,IR,Lecco,30622,TRUE
6813,6813,REGISTERED,5 Birch Summit,,Facen,US,Mantova,LD8B 8NW,TRUE
6814,6814,REGISTERED,Klothilde-Gute-Gasse 959,,川崎市幸区,RU,Rheinland-Pfalz,42456,TRUE
6815,6815,REGISTERED,"744, rue de Andre",,Helenberg,CH,Berlin,YO9H 0UJ,TRUE
6816,6816,REGISTERED,"Via Scarponi, 663 Piano 9",,Naila,KY,Vermont,09435,TRUE
6817,6817,REGISTERED,Pasadizo de Francisco Puga 9,,Almería,FR,La Rioja,N33 2UA,TRUE
6818,6818,REGISTERED,"Piazza Ciro, 2",,Lugo,GB,Lleida,09048-839,TRUE
6819,6819,REGISTERED,"Rotonda Michelangelo, 3",,Breton-sur-Roussel,BS,Bayern,LU40 1FD,TRUE
6820,6820,REGISTERED,Chácara Pimenta,,Brand,GB,Minnesota,B3 5GT,TRUE
6821,6821,REGISTERED,255 Osborn Causeway,,Caron,ZA,Verbano-Cusio-Ossola,69781,TRUE
6822,6822,REGISTERED,1204 Victoria Unions Suite 750,,روبينhaven,TR,Alagoas,W0G 1SU,TRUE
6823,6823,REGISTERED,Malte-Hoffmann-Ring 70/10,,نور الدينstad,JP,Tocantins,48491,TRUE
6824,6824,REGISTERED,"Studio 6
Kathryn Burgs",,Saint Maggie,PA,Berlin,896-3111,TRUE
6825,6825,REGISTERED,"48, rue de Michel",,South Jack,US,Cantabria,05827,TRUE
6826,6826,REGISTERED,"Viale Doglioni, 82",,Bazin,TR,Niedersachsen,13046,TRUE
6827,6827,REGISTERED,54582 Angela Avenue Suite 961,,Sarroch,US,New Jersey,33094,TRUE
6828,6828,REGISTERED,"Canale Adelmo, 34 Appartamento 44",,Lake صلاح,JP,New Jersey,156-1383,TRUE
6829,6829,REGISTERED,"8, chemin Giraud",,Jüterbog,NG,Berlin,860-5512,TRUE
6830,6830,REGISTERED,"74, avenue Pasquier",,江東区,GB,Niedersachsen,54434,TRUE
6831,6831,REGISTERED,Vial Che Sureda 91 Puerta 9 ,,Albacete,IT,Reggio Calabria,57937,TRUE
6832,6832,REGISTERED,Hornichstraße 6/9,,Castellón,US,Bayern,83069,TRUE
6833,6833,REGISTERED,662 鈴木 Street,,San Giorgio Del Sannio,FR,Rheinland-Pfalz,10283-369,TRUE
6834,6834,REGISTERED,Plaza Paulino Barba 233 Puerta 1 ,,West Andreatown,IT,Castellón,98472386,TRUE
6835,6835,REGISTERED,Paseo de Cristóbal Chaves 8,,East Tinaside,SG,Ferrara,35177,TRUE
6836,6836,REGISTERED,Via de María Manuel 7 Piso 4 ,,New Traci,DE,Alaska,52377,TRUE
6837,6837,REGISTERED,"80, chemin Mace",,Griesbach Rottal,DE,Huelva,42184,TRUE
6838,6838,REGISTERED,auch Schlauchinstr. 693,,East رهيف,RU,Mecklenburg-Vorpommern,B4C 0BS,TRUE
6839,6839,REGISTERED,"Praça de Cavalcanti, 93",,Leão,JP,Rondônia,SP5P 1ZQ,TRUE
6840,6840,REGISTERED,"Via Matteo, 33",,Sainte Marineboeuf,TR,Maranhão,59500,TRUE
6841,6841,REGISTERED,"Área Apollo Barros, 38",,横浜市泉区,ES,Alabama,701-8394,TRUE
6842,6842,REGISTERED,"Rua Barros, 38",,Herzberg,KY,New Jersey,16568,TRUE
6843,6843,REGISTERED,"Avenida Maria Vitória Duarte, 4",,Pallio,NL,Tarragona,71986,TRUE
6844,6844,REGISTERED,Ruppersbergergasse 815,,East حمدانfort,FR,Sachsen,95158,TRUE
6845,6845,REGISTERED,71207 فراهيد Coves Apt. 740,,Araújo,BS,Huesca,48418,TRUE
6846,6846,REGISTERED,332 橋本 Street,,Schweinfurt,CA,Niedersachsen,35221-394,TRUE
6847,6847,REGISTERED,Holstenallee 80,,Sousa,US,Missouri,40224,TRUE
6848,6848,REGISTERED,"Quadra de Novais, 70",,Port Kimberlyview,US,Mato Grosso,37021,TRUE
6849,6849,REGISTERED,"764, avenue de Joubert",,Grafenau,FR,Girona,51798457,TRUE
6850,6850,REGISTERED,0 Rita Centers,,Kennedychester,NL,Guadalajara,38417,TRUE
6851,6851,REGISTERED,Calle Nando Pardo 67,,Dufour-la-Forêt,IT,Pernambuco,NR8 5GH,TRUE
6852,6852,REGISTERED,28827 ترف Alley,,Ritachester,DE,Schleswig-Holstein,94976,TRUE
6853,6853,REGISTERED,629 Christie Views,,Palazzago,NG,Madrid,DT3H 4ZZ,TRUE
6854,6854,REGISTERED,Sibille-Bonbach-Ring 460,,Bersenbrück,CH,Ohio,41113186,TRUE
6855,6855,REGISTERED,Carstenstr. 89/99,,Josephview,IT,Rieti,06874-171,TRUE
6856,6856,REGISTERED,Avenida Laura Berrocal 61,,Bonneau,IT,Paraíba,49507,TRUE
6857,6857,REGISTERED,044 青木 Street,,Eichstätt,KY,Brescia,97426,TRUE
6858,6858,REGISTERED,"8, chemin Constance Legendre",,Rialto,BS,Fermo,N2 6HR,TRUE
6859,6859,REGISTERED,Edit-Putz-Ring 8-6,,Cavalcante,GB,West Virginia,56615,TRUE
6860,6860,REGISTERED,19352 الكواهلة Ranch Suite 633,,横浜市鶴見区,YE,Amazonas,10980,TRUE
6861,6861,REGISTERED,356 Andrew Forges,,Rios,NL,Hessen,57761,TRUE
6862,6862,REGISTERED,05783 Hamilton Run,,Dias,IR,Nordrhein-Westfalen,99263,TRUE
6863,6863,REGISTERED,"Viale Calvo, 10 Piano 4",,横浜市戸塚区,DE,Trieste,32675,TRUE
6864,6864,REGISTERED,"109, rue de Barthelemy",,Marin,DE,Hamburg,08356,TRUE
6865,6865,REGISTERED,Avenida de Correia,,North يزيد,RU,Berlin,31741,TRUE
6866,6866,REGISTERED,21 Johnson Extension,,Melilla,CA,Varese,453-6639,TRUE
6867,6867,REGISTERED,Lagoa Fogaça,,da Costa de Sá,CA,Vizcaya,94014,TRUE
6868,6868,REGISTERED,Paseo de Nacho Mate 399,,Valentin-la-Forêt,RU,Rheinland-Pfalz,90063,TRUE
6869,6869,REGISTERED,731 佐藤 Street,,Neuruppin,FR,Nordrhein-Westfalen,14175311,TRUE
6870,6870,REGISTERED,Ronda de Armando Zabaleta 64 Puerta 8 ,,Gimenez,KY,Pernambuco,70035,TRUE
6871,6871,REGISTERED,8103 ساجد Spurs,,Le Casine,GB,Niedersachsen,487-1318,TRUE
6872,6872,REGISTERED,701 عبده Light,,Gilles,NL,Ourense,05236-196,TRUE
6873,6873,REGISTERED,49922 Megan Ranch Suite 409,,Hayesside,DE,Firenze,08537,TRUE
6874,6874,REGISTERED,"Stretto Sergius, 962 Appartamento 5",,Caldeira da Prata,FR,Pennsylvania,95335,TRUE
6875,6875,REGISTERED,"Vicolo Arturo, 568 Piano 4",,Bernardburgh,RU,Niedersachsen,W8F 8WN,TRUE
6876,6876,REGISTERED,"Aeroporto Guilherme Costa, 6",,八丈島八丈町,PA,Tocantins,99514,TRUE
6877,6877,REGISTERED,"695, chemin Sanchez",,新宿区,SY,Colorado,232-4334,TRUE
6878,6878,REGISTERED,73729 Cathy Rapids Apt. 206,,جزارfort,GB,California,39591,TRUE
6879,6879,REGISTERED,"Conjunto Mendonça, 4",,Granada,CA,Roraima,48901,TRUE
6880,6880,REGISTERED,88133 بلي Station Suite 739,,Port Hughborough,RU,Mississippi,54374,TRUE
6881,6881,REGISTERED,482 Sophie Manor,,Göppingen,SY,Bremen,16343,TRUE
6882,6882,REGISTERED,"95, rue Martinez",,横浜市中区,DE,Maine,87062,TRUE
6883,6883,REGISTERED,"Flat 45
Georgina Landing",,North Kenneth,FR,Baden-Württemberg,76269,TRUE
6884,6884,REGISTERED,"Vereda Almeida, 42",,Georgiafort,GB,Zamora,02280,TRUE
6885,6885,REGISTERED,"Trecho Gabriel Gomes, 7",,South قاسمburgh,ES,Hamburg,17676,TRUE
6886,6886,REGISTERED,1672 Williams Port,,West Sallyburgh,JP,Sachsen,61616-579,TRUE
6887,6887,REGISTERED,73425 بكيل Cliffs Suite 127,,Passaggio Di Bettona,IT,Rio de Janeiro,03403,TRUE
6888,6888,REGISTERED,"Flat 39
Mitchell Junctions",,Lake Glenn,ES,South Carolina,49849,TRUE
6889,6889,REGISTERED,809 池田 Street,,中野区,IR,North Dakota,837-8807,TRUE
6890,6890,REGISTERED,"66, boulevard Louis Bruneau",,Atzwang,DE,Madrid,295-0029,TRUE
6891,6891,REGISTERED,"232, boulevard de Renard",,Jacksonland,KP,Colorado,03293,TRUE
6892,6892,REGISTERED,chemin Blanc,,Sevilla,GB,New York,65673,TRUE
6893,6893,REGISTERED,Viela Luísa da Cunha,,Pinto,NG,Massachusetts,71355,TRUE
6894,6894,REGISTERED,"Chácara Lima, 168",,Prata,JP,Distrito Federal,33277,TRUE
6895,6895,REGISTERED,Vial de Úrsula Gallo 24 Piso 3 ,,Leblanc,US,Paraná,19022-598,TRUE
6896,6896,REGISTERED,1 Goodwin Mills,,Carterfort,ES,Washington,83043,TRUE
6897,6897,REGISTERED,196 Clark Fields,,Jesus de Correia,CA,South Carolina,17054,TRUE
6898,6898,REGISTERED,"69, chemin Daniel Carlier",,Rittana,KY,Brandenburg,55620,TRUE
6899,6899,REGISTERED,6147 الخزرج Mount Suite 169,,Hallside,FR,Ávila,796-7675,TRUE
6900,6900,REGISTERED,655 Paula Plain,,Sales do Norte,US,Segovia,39962,TRUE
6901,6901,REGISTERED,0 Trevor Junction,,Lake Michaelfort,DE,Delaware,36122,TRUE
6902,6902,REGISTERED,"3, boulevard Anne Pottier",,South Hannahstad,ZA,North Dakota,41349,TRUE
6903,6903,REGISTERED,Gabriele-Ackermann-Straße 4-9,,Santa Cruz de Tenerife,CA,New Mexico,89307,TRUE
6904,6904,REGISTERED,41159 Brenda Cliffs,,Cavalcanti do Campo,PA,Grosseto,66165,TRUE
6905,6905,REGISTERED,"Incrocio Sforza, 158",,Cantabria,FR,Cáceres,S28 9DE,TRUE
6906,6906,REGISTERED,Glorieta de José Ángel Carbajo 16 Piso 1 ,,Benjaminton,SG,Rio de Janeiro,171-3349,TRUE
6907,6907,REGISTERED,40899 Barnett Views Apt. 566,,عبد الصّمدland,BS,Oklahoma,19590,TRUE
6908,6908,REGISTERED,9756 لؤي Cove Apt. 867,,Mocaiana Stazione,DE,Sachsen-Anhalt,829-4543,TRUE
6909,6909,REGISTERED,783 عنز بن وائل Harbors Suite 598,,البقومport,ES,Berlin,11731-760,TRUE
6910,6910,REGISTERED,Kurt-Rosemann-Allee 95/38,,قائدland,TR,West Virginia,460-0780,TRUE
6911,6911,REGISTERED,"Studio 21Q
Lord Grove",,狛江市,ES,Brandenburg,89842,TRUE
6912,6912,REGISTERED,Rambla de Bárbara Fonseca 2 Piso 9 ,,Dickinsonview,KY,Pernambuco,01215,TRUE
6913,6913,REGISTERED,"24, avenue Breton",,East جوانhaven,IT,Asturias,83364937,TRUE
6914,6914,REGISTERED,2856 ودود Falls,,Macedo,IT,Schleswig-Holstein,43032,TRUE
6915,6915,REGISTERED,"Flat 9
Robinson Plaza",,Tina,SE,Mecklenburg-Vorpommern,13422-972,TRUE
6916,6916,REGISTERED,"214, boulevard de Aubry",,Ludwigsburg,ES,Huelva,83551,TRUE
6917,6917,REGISTERED,"Canale Toninelli, 2 Piano 5",,Rehau,NG,São Paulo,90894,TRUE
6918,6918,REGISTERED,chemin de Lefort,,da Cunha da Praia,DE,Rondônia,L5 4JW,TRUE
6919,6919,REGISTERED,5373 Lester Spur Apt. 314,,Nesso,ES,Saarland,75445-413,TRUE
6920,6920,REGISTERED,"Travessa Vieira, 371",,Siniscola,FR,Baleares,06411,TRUE
6921,6921,REGISTERED,"578, chemin Payet",,Williamston,US,Torino,90033,TRUE
6922,6922,REGISTERED,804 Andrew Ridges Apt. 791,,立川市,KP,Alagoas,29032-550,TRUE
6923,6923,REGISTERED,5632 المؤقت Forge,,Saint Aimé,DE,Mato Grosso,932-5800,TRUE
6924,6924,REGISTERED,541 صدّاح Ways Apt. 749,,Breton,ZA,Connecticut,53286,TRUE
6925,6925,REGISTERED,651 Brown Path Apt. 014,,South Damienville,PA,Rio de Janeiro,040-1118,TRUE
6926,6926,REGISTERED,199 渡辺 Street,,Silva do Sul,BS,Tarragona,33581-123,TRUE
6927,6927,REGISTERED,Pasaje Adelina Anaya 521,,Palencia,TR,New Jersey,44581,TRUE
6928,6928,REGISTERED,873 Georgina Brook,,Taylorview,YE,Wyoming,864-6365,TRUE
6929,6929,REGISTERED,549 Marie Shoals,,جبيليburgh,ZA,Hessen,M62 8WR,TRUE
6930,6930,REGISTERED,"Viale Fulvio, 169",,Cáceres,FR,Baden-Württemberg,18270,TRUE
6931,6931,REGISTERED,"Aeroporto Lucas Gabriel Costela, 7",,Marienberg,FR,Texas,W0 1PW,TRUE
6932,6932,REGISTERED,Cañada Teodoro Calzada 550,,Melilla,DE,New York,216-4242,TRUE
6933,6933,REGISTERED,"Piazza Baccio, 877 Appartamento 52",,Saint Martin-les-Bains,NL,Zaragoza,49467,TRUE
6934,6934,REGISTERED,80628 Clarke Drive,,HoareauBourg,BS,Venezia,75891,TRUE
6935,6935,REGISTERED,296 ربيع Lakes,,وفائيfurt,IT,Ávila,TN0E 3AL,TRUE
6936,6936,REGISTERED,Steckelweg 350,,Vegaview,IR,Wisconsin,47285-134,TRUE
6937,6937,REGISTERED,050 林 Street,,Lleida,CA,Pernambuco,30620,TRUE
6938,6938,REGISTERED,9 Bethany Heights,,Albacete,ZA,Ceará,10527,TRUE
6939,6939,REGISTERED,3 Rosemary Ridge,,Pontevedra,ES,Indiana,46510,TRUE
6940,6940,REGISTERED,167 Jennifer Centers Apt. 202,,Hamel-les-Bains,GB,Mecklenburg-Vorpommern,90253,TRUE
6941,6941,REGISTERED,"Conjunto Sales, 2",,North Victorchester,GB,Sachsen-Anhalt,032-0979,TRUE
6942,6942,REGISTERED,881 渡辺 Street,,Lima,PA,Maine,88128-289,TRUE
6943,6943,REGISTERED,"4, rue Dos Santos",,Leleu,ES,Ravenna,507-7868,TRUE
6944,6944,REGISTERED,"Lagoa Montenegro, 79",,Amandachester,NG,Ohio,165-2936,TRUE
6945,6945,REGISTERED,"10, rue Germain",,Navarra,FR,La Coruña,76738,TRUE
6946,6946,REGISTERED,"Strada Viridiana, 4",,Warendorf,RU,Castellón,80055,TRUE
6947,6947,REGISTERED,669 Robinson Squares,,Trinquelli,GB,Verona,98478460,TRUE
6948,6948,REGISTERED,"Lagoa Sophia Lopes, 91",,Michellefort,NL,Maine,678-5214,TRUE
6949,6949,REGISTERED,1651 Butler Street,,Camargo,SE,Soria,764-6660,TRUE
6950,6950,REGISTERED,988 عزمي Junction Suite 377,,Hannover,ZA,Nevada,DG66 1ZB,TRUE
6951,6951,REGISTERED,Cañada Remedios León 41,,Lake Craigberg,FR,Roraima,35074,TRUE
6952,6952,REGISTERED,"871, rue Diane Cordier",,安房郡鋸南町,SY,Pordenone,94467,TRUE
6953,6953,REGISTERED,764 山口 Street,,Campestrin,TR,Alabama,37784,TRUE
6954,6954,REGISTERED,Paffrathgasse 578,,杉並区,US,Bremen,36389,TRUE
6955,6955,REGISTERED,Wulffallee 9,,New نبيل,PA,Wisconsin,01756,TRUE
6956,6956,REGISTERED,"Contrada Federico, 35",,Marienberg,DE,Idaho,63474,TRUE
6957,6957,REGISTERED,Pasaje Mercedes Ugarte 8 Piso 7 ,,Ansbach,FR,Granada,52026,TRUE
6958,6958,REGISTERED,467 斎藤 Street,,SchmittBourg,YE,Napoli,71731,TRUE
6959,6959,REGISTERED,"Largo Rodrigues, 23",,Marano Di Valpolicella,US,California,26462,TRUE
6960,6960,REGISTERED,"Canale Cremonesi, 991",,Álava,GB,Catania,11843,TRUE
6961,6961,REGISTERED,Urbanización de Araceli Fábregas 94,,Cengles,FR,Cantabria,96016585,TRUE
6962,6962,REGISTERED,"83, chemin de Barthelemy",,Steventon,NL,Barletta-Andria-Trani,20040,TRUE
6963,6963,REGISTERED,736 岡本 Street,,Lake وادعshire,ES,Iowa,41896,TRUE
6964,6964,REGISTERED,"Piazza Brichese, 63",,Lake Timothyberg,SY,Acre,17570,TRUE
6965,6965,REGISTERED,118 William Dam,,Cavalcante,IT,Paraíba,31606,TRUE
6966,6966,REGISTERED,"Jardim de Costa, 34",,Sauvage,NL,Minas Gerais,74654,TRUE
6967,6967,REGISTERED,"Via Mezzetta, 11 Appartamento 40",,da Cruz de Casa Grande,KY,Louisiana,61712,TRUE
6968,6968,REGISTERED,268 藤原 Street,,Le Gall,FR,Washington,15854,TRUE
6969,6969,REGISTERED,5917 Renee Unions,,هذيلport,SE,Kentucky,76857,TRUE
6970,6970,REGISTERED,Trecho Almeida,,Renaud,US,Maranhão,25265,TRUE
6971,6971,REGISTERED,393 中島 Street,,Sömmerda,FR,Bayern,22826-033,TRUE
6972,6972,REGISTERED,Nikolaj-Wirth-Weg 56,,Melo,GB,Mecklenburg-Vorpommern,38933,TRUE
6973,6973,REGISTERED,166 加藤 Street,,Lake سلسبيل,US,Montana,311-5213,TRUE
6974,6974,REGISTERED,"92, rue Auger",,Chauvet,BS,Siena,74758-473,TRUE
6975,6975,REGISTERED,645 عمرو Spur Suite 448,,Jaén,ES,Nevada,PH8 4GY,TRUE
6976,6976,REGISTERED,Baumweg 88-12,,da Rocha Paulista,US,New Jersey,50518,TRUE
6977,6977,REGISTERED,3027 Mooney Estate,,Lake Sam,CH,Padova,25237,TRUE
6978,6978,REGISTERED,Pasaje de Jenny Saldaña 29 Puerta 9 ,,Baia E Latina,FR,Kentucky,194-6799,TRUE
6979,6979,REGISTERED,"Strada Lazzaro, 92 Piano 9",,Mariashire,NL,Louisiana,EX6W 0YG,TRUE
6980,6980,REGISTERED,Recanto Matheus Machado,,TurpinVille,DE,Murcia,68317293,TRUE
6981,6981,REGISTERED,rue de Bouchet,,Smithton,JP,Biella,43207,TRUE
6982,6982,REGISTERED,"Colônia Milena Souza, 34",,West Coreyborough,CA,Alaska,46417,TRUE
6983,6983,REGISTERED,"Stretto Redi, 69",,West لولياshire,RU,Sachsen,87045,TRUE
6984,6984,REGISTERED,Avenida Carlota Espejo 36,,長生郡一宮町,SG,Florida,22666,TRUE
6985,6985,REGISTERED,Pátio Ravy Azevedo,,Jordanchester,US,Ohio,87688,TRUE
6986,6986,REGISTERED,375 Cole Ranch Suite 093,,狛江市,US,Schleswig-Holstein,80028,TRUE
6987,6987,REGISTERED,184 田中 Street,,South Christina,ES,Thüringen,33210,TRUE
6988,6988,REGISTERED,664 田中 Street,,North عاصمfurt,ES,Mecklenburg-Vorpommern,97573,TRUE
6989,6989,REGISTERED,"3, rue de Lacombe",,Palata Pepoli,CA,Ceuta,03844,TRUE
6990,6990,REGISTERED,188 بني عطية Key Apt. 733,,Sousa das Pedras,US,Alabama,85709,TRUE
6991,6991,REGISTERED,"Loteamento Manuela Alves, 564",,Pinto dos Dourados,IR,Lugo,87053,TRUE
6992,6992,REGISTERED,"Piazza Iadanza, 9",,الدجانيberg,US,Pesaro e Urbino,48143-274,TRUE
6993,6993,REGISTERED,C. Dionisio Bayón 690,,عالمshire,ES,Minnesota,EH80 8DY,TRUE
6994,6994,REGISTERED,Karl-Ludwig-Beckmann-Allee 3,,Vasconcelos do Amparo,NL,New Jersey,54673-309,TRUE
6995,6995,REGISTERED,Rambla de Luis Miguel Marí 84 Puerta 7 ,,Wertingen,NL,Distrito Federal,811-8053,TRUE
6996,6996,REGISTERED,"Piazza Fusani, 0 Piano 2",,Denniston,US,Nordrhein-Westfalen,89198,TRUE
6997,6997,REGISTERED,Pasaje de María Oliver 63,,Melilla,BS,Virginia,67053,TRUE
6998,6998,REGISTERED,Antoinette-Wähner-Platz 353,,Heiligenstadt,ES,Alabama,S9K 7ZG,TRUE
6999,6999,REGISTERED,"Jardim de Campos, 4",,Lake مرسالside,GB,Acre,09479,TRUE
7000,7000,REGISTERED,"25, rue Guy Bailly",,Tylerport,PA,Rio Grande do Sul,40196,TRUE
7001,7001,REGISTERED,492 Byrd Square Apt. 669,,Fernandes do Campo,ZA,Catania,196-3840,TRUE
7002,7002,REGISTERED,8 Terry Villages,,West مُرسيburgh,NL,Oristano,38902,TRUE
7003,7003,REGISTERED,Eugen-Ruppert-Allee 8-6,,Catabbio,BS,Vicenza,49256,TRUE
7004,7004,REGISTERED,378 渡辺 Street,,Dachau,KY,Lodi,NN95 5FG,TRUE
7005,7005,REGISTERED,806 Monica Prairie Suite 264,,Adamview,IT,Tocantins,26259-672,TRUE
7006,7006,REGISTERED,"Rotonda Barberini, 531 Piano 7",,Cantabria,SE,Alagoas,E2 6BF,TRUE
7007,7007,REGISTERED,"Viale Cafarchia, 4",,Sales das Pedras,TR,Granada,27443,TRUE
7008,7008,REGISTERED,"88, boulevard de Mendès",,Sainte Anastasie,SY,Salamanca,62547,TRUE
7009,7009,REGISTERED,"Vicolo Norbiato, 88 Piano 7",,Ceuta,CA,São Paulo,85035,TRUE
7010,7010,REGISTERED,Callejón de Tamara Montes 883,,Lugo,SG,Roraima,42073,TRUE
7011,7011,REGISTERED,"64, rue Théodore Grondin",,Teterow,JP,Sachsen,22072,TRUE
7012,7012,REGISTERED,7296 الغوانمة Street Apt. 385,,Jeremystad,NL,Mississippi,31217,TRUE
7013,7013,REGISTERED,"16, avenue de Jacquet",,Pamelaburgh,IR,Lleida,298-6953,TRUE
7014,7014,REGISTERED,"114, boulevard Diallo",,سمومberg,FR,Berlin,03487,TRUE
7015,7015,REGISTERED,929 Sarah Valleys,,Lavaiano,DE,Michigan,99113,TRUE
7016,7016,REGISTERED,254 高橋 Street,,East ظبي,US,Venezia,24057,TRUE
7017,7017,REGISTERED,Susanna-Dehmel-Allee 73-41,,Johnbury,ES,Oklahoma,74010,TRUE
7018,7018,REGISTERED,"Vicolo Piovani, 42 Piano 7",,Sousa da Praia,KY,Louisiana,132-7759,TRUE
7019,7019,REGISTERED,Vial Amor Rovira 692,,Deanside,US,Asturias,69048358,TRUE
7020,7020,REGISTERED,"Viale Federigo, 775 Piano 0",,Guipúzcoa,GB,Rio Grande do Sul,75830,TRUE
7021,7021,REGISTERED,"Piazza Ricolfi, 76",,Cortiglia,TR,Pernambuco,23352598,TRUE
7022,7022,REGISTERED,"Travessa Rafaela Garcia, 26",,Basiglio,GB,Niedersachsen,76027913,TRUE
7023,7023,REGISTERED,9 Ross Circles,,أسرارmouth,RU,São Paulo,CV9W 2RY,TRUE
7024,7024,REGISTERED,Avenida Ricardo Galán 71 Apt. 69 ,,Siegen,ES,Berlin,88991,TRUE
7025,7025,REGISTERED,146 山口 Street,,Schwäbisch Hall,KY,Hamburg,581-5473,TRUE
7026,7026,REGISTERED,Döringweg 7/8,,Duncanside,SE,Nevada,57881,TRUE
7027,7027,REGISTERED,"Piazza Greca, 557",,大島町,US,Padova,38699,TRUE
7028,7028,REGISTERED,"Studio 95l
John Hollow",,Port Lisashire,KY,Tocantins,98062,TRUE
7029,7029,REGISTERED,Paseo Nieves Palomo 89 Apt. 23 ,,Montenegro,US,New Mexico,10042,TRUE
7030,7030,REGISTERED,885 بهية Field,,Longa,ES,Florida,08284,TRUE
7031,7031,REGISTERED,44244 Brittney Summit,,Blondel,NL,Paraíba,282-9983,TRUE
7032,7032,REGISTERED,"Piazza Santino, 42",,川崎市幸区,US,Ohio,69825,TRUE
7033,7033,REGISTERED,4192 ناهد Ridges Suite 681,,North Conortown,NL,Ferrara,28297,TRUE
7034,7034,REGISTERED,078 بنو الأحمر Square,,Port Joycehaven,CA,Sergipe,377-8067,TRUE
7035,7035,REGISTERED,Camino Samuel Abella 72,,Macedo,GB,Roma,M6 6AE,TRUE
7036,7036,REGISTERED,"Vereda Siqueira, 787",,South Geoffreyport,SE,Sachsen,194-7455,TRUE
7037,7037,REGISTERED,79 Christopher Flat,,Latzfons,BS,Barletta-Andria-Trani,82877,TRUE
7038,7038,REGISTERED,132 جديس Mission,,Guillon-sur-Bourgeois,ES,Nebraska,81538,TRUE
7039,7039,REGISTERED,998 Richard Trafficway,,山武市,RU,South Dakota,578-3211,TRUE
7040,7040,REGISTERED,Frederike-Jüttner-Allee 3-2,,da Rocha do Sul,FR,Wyoming,20866,TRUE
7041,7041,REGISTERED,107 佐々木 Street,,Port مدحت,DE,North Carolina,BR2 7UA,TRUE
7042,7042,REGISTERED,"10, boulevard de Leclerc",,横浜市鶴見区,TR,Illinois,51826,TRUE
7043,7043,REGISTERED,Stefan-Krein-Platz 86-27,,Brunet,US,Minnesota,55465-757,TRUE
7044,7044,REGISTERED,704 渡辺 Street,,Gransee,BS,Ohio,35684,TRUE
7045,7045,REGISTERED,8798 Williams Mews,,Forno Di Fiemme,SE,Rheinland-Pfalz,27832,TRUE
7046,7046,REGISTERED,Conny-Blümel-Platz 4,,Borgo Flora,DE,Oklahoma,081-5228,TRUE
7047,7047,REGISTERED,373 佐藤 Street,,Port Haley,KY,Bayern,N90 4QX,TRUE
7048,7048,REGISTERED,Hendriksgasse 621,,HuetVille,GB,Maryland,12880,TRUE
7049,7049,REGISTERED,"Flat 46f
Thornton Prairie",,West Ebony,PA,Thüringen,87070,TRUE
7050,7050,REGISTERED,3400 قليبو Inlet,,Saint Julien,IR,Nebraska,64375,TRUE
7051,7051,REGISTERED,Cuesta de Delia Tur 71,,Bradleyfort,BS,Virginia,19132,TRUE
7052,7052,REGISTERED,17474 ربيعة Keys Suite 159,,葛飾区,NG,Mecklenburg-Vorpommern,648-2596,TRUE
7053,7053,REGISTERED,066 Angela Fort,,墨田区,FR,Rieti,89396,TRUE
7054,7054,REGISTERED,Wagenknechtweg 2784,,Novafeltria,ZA,Ascoli Piceno,46757,TRUE
7055,7055,REGISTERED,274 鈴木 Street,,八丈島八丈町,BS,Verbano-Cusio-Ossola,27324,TRUE
7056,7056,REGISTERED,"Studio 1
Foster Underpass",,匝瑳市,US,Georgia,28050,TRUE
7057,7057,REGISTERED,"Sítio Pimenta, 68",,Empolitana,MM,Massachusetts,85010,TRUE
7058,7058,REGISTERED,"Morro de Silveira, 575",,Tinaberg,DE,Hawaii,54097,TRUE
7059,7059,REGISTERED,"Incrocio Stefanelli, 9",,Riou-la-Forêt,IT,Missouri,08951,TRUE
7060,7060,REGISTERED,"78, rue Émile Leclerc",,Porto de Rocha,RU,Niedersachsen,54986,TRUE
7061,7061,REGISTERED,Bohnbachstr. 87-78,,Janiceland,DE,Valladolid,B92 4BP,TRUE
7062,7062,REGISTERED,Cañada de María Fernanda Carranza 229,,ديمهshire,GB,New Hampshire,34367,TRUE
7063,7063,REGISTERED,Sibilla-Roskoth-Weg 530,,南房総市,US,Ohio,05443,TRUE
7064,7064,REGISTERED,8863 Andrew Bypass,,Lake Tonyastad,IT,West Virginia,64991,TRUE
7065,7065,REGISTERED,"401, avenue Thierry Chauvet",,Leonardland,FR,Salerno,87041,TRUE
7066,7066,REGISTERED,449 三浦 Street,,Riesci,GB,Delaware,87990,TRUE
7067,7067,REGISTERED,181 高橋 Street,,Herford,ES,New Mexico,89910471,TRUE
7068,7068,REGISTERED,Reimer-Tschentscher-Ring 2/9,,Souza,YE,Amazonas,92692,TRUE
7069,7069,REGISTERED,9606 رابح Fort Apt. 589,,Mendonça da Mata,US,Paraíba,25813,TRUE
7070,7070,REGISTERED,63762 بنو يعلى Hill Apt. 652,,Pascal,ES,Connecticut,83449,TRUE
7071,7071,REGISTERED,"Canale Castelli, 88",,Danielton,IT,Idaho,333-5542,TRUE
7072,7072,REGISTERED,Paseo Donato Ferrández 42 Piso 4 ,,Rosenheim,RU,Rio de Janeiro,77175,TRUE
7073,7073,REGISTERED,Glorieta de Edelmira Diaz 82,,君津市,ES,Santa Cruz de Tenerife,14809,TRUE
7074,7074,REGISTERED,Geislerallee 43/47,,長生郡白子町,GB,Messina,61637-128,TRUE
7075,7075,REGISTERED,"Chácara de Almeida, 49",,Saint Franck,KY,Mato Grosso do Sul,86783,TRUE
7076,7076,REGISTERED,"Colônia Manuella Alves, 986",,Port Seanton,RU,Cuenca,LE2 6GD,TRUE
7077,7077,REGISTERED,Camino de Crescencia Cadenas 46,,Port Taylorton,US,Rondônia,88224-027,TRUE
7078,7078,REGISTERED,052 جذام Views Suite 340,,Machado,FR,Schleswig-Holstein,43358,TRUE
7079,7079,REGISTERED,Viaduto Gustavo Henrique Abreu,,Moura,ZA,Montana,28346,TRUE
7080,7080,REGISTERED,Hillerplatz 34/39,,Vincent-la-Forêt,ES,Paraíba,82264055,TRUE
7081,7081,REGISTERED,Heßgasse 54,,da Paz,PA,Hessen,SE19 7JF,TRUE
7082,7082,REGISTERED,"5, rue Evrard",,Aubert-les-Bains,YE,Rondônia,10365,TRUE
7083,7083,REGISTERED,Hildegunde-Noack-Weg 1-6,,目黒区,CA,Mississippi,E8J 4LR,TRUE
7084,7084,REGISTERED,Via Amalia Huguet 38,,Georges,RU,Nebraska,96110852,TRUE
7085,7085,REGISTERED,Avenida Kike Iñiguez 44,,Mendonça da Prata,NL,Bayern,25811-568,TRUE
7086,7086,REGISTERED,0751 نادي Square,,Nordhausen,NL,Pará,863-3489,TRUE
7087,7087,REGISTERED,764 Garcia Port,,Pires de Goiás,IT,Córdoba,38666,TRUE
7088,7088,REGISTERED,09910 Jennifer Bypass Suite 403,,Lake عقيل,US,Badajoz,21984,TRUE
7089,7089,REGISTERED,"Flat 52
Gould Union",,Valladolid,ES,Crotone,77797,TRUE
7090,7090,REGISTERED,254 橋本 Street,,Guillon,GB,Vermont,32035,TRUE
7091,7091,REGISTERED,226 Simpson Road,,Casamarciano,BS,Oregon,11577,TRUE
7092,7092,REGISTERED,50337 Evans Streets,,Martins,DE,Louisiana,40061,TRUE
7093,7093,REGISTERED,75124 عنزة Springs,,GautierVille,US,Mecklenburg-Vorpommern,N68 4BW,TRUE
7094,7094,REGISTERED,"Pátio de Abreu, 792",,Abdulview,ES,Tocantins,31386,TRUE
7095,7095,REGISTERED,306 高橋 Street,,La Coruña,GB,Massachusetts,98161,TRUE
7096,7096,REGISTERED,9814 Thompson Squares Suite 971,,Mary,FR,West Virginia,31042,TRUE
7097,7097,REGISTERED,"Borgo Pirelli, 30 Piano 6",,Parsonsfurt,SE,Torino,63926,TRUE
7098,7098,REGISTERED,chemin Grenier,,西東京市,NG,Pavia,10947,TRUE
7099,7099,REGISTERED,Camino de León Garzón 66 Puerta 8 ,,Martel,KY,Latina,83420-833,TRUE
7100,7100,REGISTERED,Avenida de Noa Pozuelo 24,,Becker,CA,Baden-Württemberg,17920-502,TRUE
7101,7101,REGISTERED,"Canale Pierina, 698",,Zamora,MM,Tocantins,076-0214,TRUE
7102,7102,REGISTERED,"85, boulevard de Dupuy",,Jessicaland,IR,São Paulo,04467,TRUE
7103,7103,REGISTERED,01224 درويش Divide,,Novaes,GB,Udine,06663,TRUE
7104,7104,REGISTERED,035 كرم Harbors Apt. 991,,da Rocha das Flores,GB,La Spezia,79817,TRUE
7105,7105,REGISTERED,"Borgo Mannoia, 83",,Martins,ZA,Palencia,92013,TRUE
7106,7106,REGISTERED,313 Jayne Estate,,New Benjaminborough,ZA,Amazonas,98145,TRUE
7107,7107,REGISTERED,Drewesring 96-44,,Dianatown,RU,Gorizia,48224,TRUE
7108,7108,REGISTERED,Vial de Julia Catalá 861 Piso 0 ,,Saint Alexandre,FR,Trapani,835-1813,TRUE
7109,7109,REGISTERED,"Studio 2
Dale Circle",,South Cynthiaview,IT,Espírito Santo,50440,TRUE
7110,7110,REGISTERED,Pasaje de Alfonso Tomás 78 Piso 5 ,,South Leonardfort,IR,Bayern,47018,TRUE
7111,7111,REGISTERED,179 شويفاتي Summit Apt. 057,,Calw,NG,Arkansas,61521,TRUE
7112,7112,REGISTERED,6892 راغب Run,,Vasconcelos do Campo,IT,Almería,16026,TRUE
7113,7113,REGISTERED,Via Venceslás Carbonell 70 Piso 5 ,,Teruel,JP,Distrito Federal,TW82 3ZP,TRUE
7114,7114,REGISTERED,"34, rue Margaux Camus",,South Melissabury,KY,São Paulo,36353,TRUE
7115,7115,REGISTERED,"Contrada Tullio, 90 Piano 9",,North Ronaldmouth,TR,Thüringen,81285,TRUE
7116,7116,REGISTERED,"Estação de Andrade, 751",,Schmölln,US,Rio Grande do Norte,G2 2HZ,TRUE
7117,7117,REGISTERED,81557 ريما Heights Suite 799,,Port صافي,US,Pará,41262-838,TRUE
7118,7118,REGISTERED,41053 قرش Extension,,Huelva,PA,Goiás,60730-338,TRUE
7119,7119,REGISTERED,276 渡辺 Street,,Atkinsstad,CH,Cosenza,09049,TRUE
7120,7120,REGISTERED,Alameda de Petrona Tejera 69,,Robertsburgh,ES,Hamburg,73100-041,TRUE
7121,7121,REGISTERED,"96, rue Lévêque",,Badoberan,AU,Idaho,04655,TRUE
7122,7122,REGISTERED,667 Newman Trail,,Rollandnec,TR,Goiás,902-3632,TRUE
7123,7123,REGISTERED,Vial de Jesús Solsona 93,,Frassineti,US,Saarland,96905076,TRUE
7124,7124,REGISTERED,Rambla de Cirino Recio 980 Puerta 5 ,,Ávila,IT,Georgia,63088,TRUE
7125,7125,REGISTERED,Julian-Klotz-Weg 1733,,Lisafurt,PA,Schleswig-Holstein,IG5A 5HX,TRUE
7126,7126,REGISTERED,220 遠藤 Street,,South Carolyn,GB,Ohio,L4 6TG,TRUE
7127,7127,REGISTERED,514 Thomas Common Apt. 523,,Weimar,BS,Teramo,95978,TRUE
7128,7128,REGISTERED,0286 Lisa Isle Suite 334,,Williamstad,ES,Colorado,70578,TRUE
7129,7129,REGISTERED,"Travessa Pacheco, 441",,East مرسال,PA,Napoli,94816,TRUE
7130,7130,REGISTERED,"Recanto Moreira, 86",,Rosenheim,US,Montana,37985,TRUE
7131,7131,REGISTERED,616 森 Street,,Tresilico,NG,Rheinland-Pfalz,M08 9RY,TRUE
7132,7132,REGISTERED,20 Alexander Road,,Novais,BS,Kansas,78005-535,TRUE
7133,7133,REGISTERED,"27, boulevard Alice Robin",,New Anne,IT,Sachsen-Anhalt,28728,TRUE
7134,7134,REGISTERED,"Stretto Gaetano, 8 Appartamento 7",,وليفstad,IT,Oregon,81802-931,TRUE
7135,7135,REGISTERED,"Strada Curci, 76 Piano 0",,سامحshire,DE,New Mexico,330-5499,TRUE
7136,7136,REGISTERED,Hentschelring 3/6,,Lobenstein,DE,Oregon,64537,TRUE
7137,7137,REGISTERED,"Studio 0
Tracy Well",,Silveira,CA,Minas Gerais,01062,TRUE
7138,7138,REGISTERED,25 King Port,,Farias,FR,Thüringen,54658,TRUE
7139,7139,REGISTERED,"Flat 54m
Kirsty Streets",,Zaragoza,DE,Rio de Janeiro,52029,TRUE
7140,7140,REGISTERED,"Feira de da Paz, 954",,Siqueira,PA,Thüringen,45523,TRUE
7141,7141,REGISTERED,"8, rue Laetitia Étienne",,South Larryport,JP,Thüringen,16012,TRUE
7142,7142,REGISTERED,3206 Matthew Ridges Apt. 915,,South غامد,FR,Melilla,38352,TRUE
7143,7143,REGISTERED,50074 Gavin Mount,,عبد الرّؤوفchester,FR,Zamora,312-9706,TRUE
7144,7144,REGISTERED,"87, chemin Susanne Seguin",,君津市,US,Rheinland-Pfalz,39817,TRUE
7145,7145,REGISTERED,Wilfriede-Hertrampf-Platz 5/1,,長生郡白子町,ES,Baden-Württemberg,08036,TRUE
7146,7146,REGISTERED,Calle de Ruperta Montserrat 4 Puerta 1 ,,Webbborough,CA,Louisiana,41484,TRUE
7147,7147,REGISTERED,"Viale Bianca, 65 Piano 5",,Carruba,ES,New Hampshire,38513,TRUE
7148,7148,REGISTERED,98254 Dylan Curve Suite 448,,Lake ودودburgh,ES,Navarra,85639,TRUE
7149,7149,REGISTERED,26668 اليوزباشي Mountains,,Navarra,JP,Maine,ST4 5TU,TRUE
7150,7150,REGISTERED,8 Geraldine Rapids,,بنو مهديberg,NL,Nordrhein-Westfalen,03845,TRUE
7151,7151,REGISTERED,549 Nigel Terrace,,武蔵野市,IR,Georgia,46415,TRUE
7152,7152,REGISTERED,"Studio 65
Tina Causeway",,Cavalcanti Alegre,CA,Sondrio,25233,TRUE
7153,7153,REGISTERED,"6, rue Hélène Leduc",,New لوجين,KY,Minnesota,24334,TRUE
7154,7154,REGISTERED,74820 Michael Glens,,Correia das Pedras,KY,Arkansas,B9F 3AJ,TRUE
7155,7155,REGISTERED,"Studio 2
Saunders Ville",,South نوري,ES,Tocantins,395-7674,TRUE
7156,7156,REGISTERED,885 زحيكة Drives Apt. 319,,Roviano,FR,Amapá,57925910,TRUE
7157,7157,REGISTERED,"Passarela Moreira, 57",,Mathieu-sur-Tanguy,US,Nuoro,704-0975,TRUE
7158,7158,REGISTERED,9 Adrian Passage,,西多摩郡奥多摩町,FR,Tennessee,16564,TRUE
7159,7159,REGISTERED,Ronda Eligia Tirado 6 Apt. 22 ,,Leeport,NL,Missouri,02775951,TRUE
7160,7160,REGISTERED,45 Shirley Track,,South Scott,CA,Alessandria,63886,TRUE
7161,7161,REGISTERED,2647 بيروتي Ramp Suite 203,,Morazzone,GB,Berlin,07365,TRUE
7162,7162,REGISTERED,7153 سيف الدّين Mews,,Thomasbury,TR,Alagoas,35898,TRUE
7163,7163,REGISTERED,683 鈴木 Street,,Leconte,JP,Frosinone,948-8110,TRUE
7164,7164,REGISTERED,"Studio 03O
Mitchell Branch",,Perrier,AU,Lucca,273-9911,TRUE
7165,7165,REGISTERED,Urbanización de Lola Vall 36,,Segovia,NL,Nevada,90146,TRUE
7166,7166,REGISTERED,Callejón Jose Manuel Gonzalez 23 Apt. 99 ,,Teruel,ZA,Idaho,18042-613,TRUE
7167,7167,REGISTERED,4360 Brown Creek,,JacobVille,GB,Wyoming,37726,TRUE
7168,7168,REGISTERED,Condomínio de Moura,,Port Mary,GB,Soria,46345,TRUE
7169,7169,REGISTERED,Remo-Binner-Ring 15,,Sales,IR,Teruel,68479,TRUE
7170,7170,REGISTERED,35132 Ross Trail Apt. 076,,Parkerside,KP,Tocantins,L41 8JG,TRUE
7171,7171,REGISTERED,Pasaje de María Belén Lamas 86 Apt. 73 ,,Lugo,GB,Ceará,861-7118,TRUE
7172,7172,REGISTERED,"Studio 94
Eleanor Highway",,Teruel,CA,Girona,36324,TRUE
7173,7173,REGISTERED,"Studio 85
Rita Land",,山武郡芝山町,IT,Tocantins,02276,TRUE
7174,7174,REGISTERED,725 斎藤 Street,,East نورtown,KY,Nevada,48828,TRUE
7175,7175,REGISTERED,3750 Shaun Lake,,East Ricardo,JP,Siena,AL16 5JL,TRUE
7176,7176,REGISTERED,"58, chemin Chevalier",,Gracehaven,BS,Huelva,49681,TRUE
7177,7177,REGISTERED,"Parque de das Neves, 255",,Pove Del Grappa,IR,Paraíba,29983,TRUE
7178,7178,REGISTERED,"Contrada Tatiana, 4 Piano 5",,Jacquelinefort,IT,Oklahoma,76387,TRUE
7179,7179,REGISTERED,07013 Thomas Locks Suite 588,,Liamfort,SY,Isernia,41049,TRUE
7180,7180,REGISTERED,Ronda de Piedad Casares 174 Apt. 77 ,,Brandenburg,FR,Las Palmas,10485,TRUE
7181,7181,REGISTERED,65524 سرحان Ranch Suite 809,,Eisleben,ES,Baden-Württemberg,25089403,TRUE
7182,7182,REGISTERED,Zehra-Gehringer-Gasse 67/58,,山武郡九十九里町,NL,Nevada,86395,TRUE
7183,7183,REGISTERED,"60, avenue Lopez",,Sainte Joséphinedan,ZA,Rio Grande do Norte,11704-181,TRUE
7184,7184,REGISTERED,79818 القضماني Plains,,Ávila,PA,Messina,74671,TRUE
7185,7185,REGISTERED,"Studio 17
Smith Fork",,Port Albert,FR,Asturias,07184,TRUE
7186,7186,REGISTERED,Karin-Mühle-Gasse 8-6,,横浜市西区,ES,Ávila,34654,TRUE
7187,7187,REGISTERED,187 高橋 Street,,Euskirchen,NG,Texas,LE50 9RF,TRUE
7188,7188,REGISTERED,950 Crystal Inlet,,清瀬市,GB,Piacenza,WV6M 1GS,TRUE
7189,7189,REGISTERED,"Rua de da Rosa, 42",,Marienberg,ZA,Indiana,05717,TRUE
7190,7190,REGISTERED,64401 مناف Rue Apt. 922,,Lake Brandonshire,FR,Savona,12526,TRUE
7191,7191,REGISTERED,"Incrocio Santoro, 3 Appartamento 3",,Nördlingen,GB,Salerno,15672099,TRUE
7192,7192,REGISTERED,"Via Gabriele, 8",,Serravalle Di Chienti,FR,Huesca,15037,TRUE
7193,7193,REGISTERED,087 Robbins Points Suite 280,,Bad Brückenau,US,North Dakota,06245,TRUE
7194,7194,REGISTERED,"50, chemin de Renard",,Sharpebury,US,Nordrhein-Westfalen,16252,TRUE
7195,7195,REGISTERED,41115 David Springs Apt. 557,,Melo,SE,Paraná,45527,TRUE
7196,7196,REGISTERED,23919 Ramirez Pines,,Gonçalves,CA,Lecco,08645,TRUE
7197,7197,REGISTERED,Paseo Marina Alcántara 6 Apt. 75 ,,Rodrigues,ZA,Almería,26675,TRUE
7198,7198,REGISTERED,Acceso Aurelia Navarrete 91 Puerta 0 ,,Saint MarieBourg,DE,Mississippi,39631,TRUE
7199,7199,REGISTERED,Calle de Lisandro Rodriguez 22 Piso 6 ,,Sanchez-sur-Leroy,ES,South Carolina,30807,TRUE
7200,7200,REGISTERED,1328 الجاعوني Parks,,East Georgina,US,Baden-Württemberg,28604,TRUE
7201,7201,REGISTERED,6102 Meagan Courts Suite 169,,Sevilla,RU,Florida,15041,TRUE
7202,7202,REGISTERED,"Canale Ennio, 3",,Codrongianos,KY,León,40063,TRUE
7203,7203,REGISTERED,"35, chemin Gilbert Barbier",,Pasewalk,FR,Sachsen,61868,TRUE
7204,7204,REGISTERED,"Praia Paulo Pinto, 64",,Hohenmölsen,GB,Niedersachsen,06505,TRUE
7205,7205,REGISTERED,"80, rue de Marion",,Boucherdan,NL,Roraima,58345,TRUE
7206,7206,REGISTERED,"Via Isaque Moreira, 60",,小平市,NL,Ceará,73366,TRUE
7207,7207,REGISTERED,516 Williams Estate,,West Chelseabury,ES,Michigan,13375,TRUE
7208,7208,REGISTERED,"Viale Vincenzo, 97",,長生郡長生村,ES,West Virginia,88809440,TRUE
7209,7209,REGISTERED,"Contrada Gullotta, 93",,白井市,US,North Carolina,325-4368,TRUE
7210,7210,REGISTERED,4503 بنو صخر Shores,,Jaén,GB,Campobasso,25442,TRUE
7211,7211,REGISTERED,Segebahnplatz 6-8,,Greiz,SY,Ourense,90281,TRUE
7212,7212,REGISTERED,Callejón Delia Roman 12,,North قبسville,DE,Baden-Württemberg,44731,TRUE
7213,7213,REGISTERED,303 Kate Radial,,شمرانshire,US,Iowa,91017,TRUE
7214,7214,REGISTERED,Lago Casa Grande,,Laine-la-Forêt,US,Hessen,51982,TRUE
7215,7215,REGISTERED,"Studio 1
Donald Avenue",,Alicante,RU,North Carolina,40382,TRUE
7216,7216,REGISTERED,Largo Eduardo Freitas,,Georges-sur-Faure,ZA,Bahia,01310,TRUE
7217,7217,REGISTERED,"Piazza Alderano, 668",,渋谷区,AU,Sachsen,82409,TRUE
7218,7218,REGISTERED,Cañada Leonel Morell 4 Piso 9 ,,Málaga,ZA,Lodi,M1 1AL,TRUE
7219,7219,REGISTERED,2202 ضاحي Unions Apt. 629,,Huesca,GB,Alagoas,62486,TRUE
7220,7220,REGISTERED,"Via Annalisa, 5 Piano 3",,da Conceição de Rezende,BS,Niedersachsen,96804,TRUE
7221,7221,REGISTERED,"Praça Giovanna das Neves, 2",,横浜市港南区,IT,Schleswig-Holstein,07077,TRUE
7222,7222,REGISTERED,Callejón Juana Arnal 1,,Jesus da Mata,GB,Maranhão,21850,TRUE
7223,7223,REGISTERED,50915 Christy Mountain,,横浜市鶴見区,ES,Bremen,42014,TRUE
7224,7224,REGISTERED,6 Jason Extension,,Aue,SE,Potenza,614-7902,TRUE
7225,7225,REGISTERED,103 صبحي Trafficway Suite 164,,North Raymond,ZA,Connecticut,29461,TRUE
7226,7226,REGISTERED,"Campo Machado, 43",,Sant'Ulderico,TR,Vermont,662-1433,TRUE
7227,7227,REGISTERED,Conjunto de Guerra,,Guerra do Campo,KY,Bahia,90888,TRUE
7228,7228,REGISTERED,Niko-Reinhardt-Allee 87-33,,Meganshire,CA,La Coruña,59478,TRUE
7229,7229,REGISTERED,029 青木 Street,,Jonesview,PA,São Paulo,28578,TRUE
7230,7230,REGISTERED,"Morro de Casa Grande, 97",,Crova,IR,Vercelli,96524,TRUE
7231,7231,REGISTERED,"Canale Pugliese, 778",,Perezboeuf,CA,Palencia,07530,TRUE
7232,7232,REGISTERED,"51, rue de Lefèvre",,Garzashire,FR,Nordrhein-Westfalen,13795,TRUE
7233,7233,REGISTERED,"27, rue Adrienne Pages",,North رضوانburgh,SE,Ohio,B1 7JA,TRUE
7234,7234,REGISTERED,"Canale Adamo, 55 Appartamento 36",,Bautzen,DE,Bremen,74123898,TRUE
7235,7235,REGISTERED,"Sítio de Sá, 80",,Paderborn,SE,Frosinone,60052,TRUE
7236,7236,REGISTERED,Sylvie-Anders-Allee 9-9,,四街道市,FR,North Dakota,01570,TRUE
7237,7237,REGISTERED,Travessa Nascimento,,山武郡横芝光町,IT,California,60649,TRUE
7238,7238,REGISTERED,"Via Dario, 4",,Léger,TR,Navarra,05709,TRUE
7239,7239,REGISTERED,"Largo Cunha, 4",,Rudolstadt,ES,Colorado,42112,TRUE
7240,7240,REGISTERED,"77, rue Agnès Voisin",,Port Ivan,FR,Missouri,62151,TRUE
7241,7241,REGISTERED,Glorieta de Luciano Palomares 53 Apt. 11 ,,武蔵野市,DE,Sergipe,06939-267,TRUE
7242,7242,REGISTERED,Stadelmannplatz 22/84,,Peixoto da Mata,ZA,Ceará,94395,TRUE
7243,7243,REGISTERED,"96, boulevard De Oliveira",,North Alison,IT,Teramo,51025859,TRUE
7244,7244,REGISTERED,"Viale Morosini, 9 Piano 8",,Sainte AlphonseBourg,GB,Monza e della Brianza,65878,TRUE
7245,7245,REGISTERED,65651 نجوان Tunnel,,Lake Kathryn,FR,Rimini,L69 0SD,TRUE
7246,7246,REGISTERED,"Viale Boitani, 90 Appartamento 43",,Rubano,BS,Wisconsin,90155,TRUE
7247,7247,REGISTERED,"Recanto Cunha, 70",,North ناديtown,IT,Massachusetts,18137,TRUE
7248,7248,REGISTERED,Theobald-Thies-Gasse 2467,,Breme,JP,West Virginia,N88 5QE,TRUE
7249,7249,REGISTERED,Avenida de Josefa Molins 9 Apt. 29 ,,De Oliveira,FR,Mississippi,19436,TRUE
7250,7250,REGISTERED,917 Lewis Lake Apt. 138,,Ávila,RU,Vizcaya,28163,TRUE
7251,7251,REGISTERED,8315 Albert Manors,,Almeida,US,Segovia,CV30 1US,TRUE
7252,7252,REGISTERED,74942 James Turnpike,,Bethanyborough,IT,Utah,95475644,TRUE
7253,7253,REGISTERED,"Incrocio Biagio, 453 Appartamento 0",,Ramos de da Conceição,ES,Genova,895-9026,TRUE
7254,7254,REGISTERED,Paseo de Fortunata Vilar 87 Apt. 93 ,,Klötze,FR,Olbia-Tempio,598-8154,TRUE
7255,7255,REGISTERED,"20, avenue de Mathieu",,Regen,IT,Viterbo,60785,TRUE
7256,7256,REGISTERED,Favela Marques,,Iainville,GB,Catania,19460-664,TRUE
7257,7257,REGISTERED,"Viale Bignardi, 252 Piano 2",,East Mary,CA,Distrito Federal,97016,TRUE
7258,7258,REGISTERED,"Avenida Andrade, 55",,Suzannefurt,ES,Rhode Island,94808,TRUE
7259,7259,REGISTERED,"Chácara de da Rocha, 355",,North مختارstad,DE,Firenze,28786,TRUE
7260,7260,REGISTERED,Verena-Weinhold-Platz 5/2,,Burgos,SY,Vercelli,36289,TRUE
7261,7261,REGISTERED,878 佐藤 Street,,Sant'Agata Del Bianco,ES,Amazonas,01506,TRUE
7262,7262,REGISTERED,"Studio 9
King Glens",,Taylorshire,US,Rio Grande do Sul,06190,TRUE
7263,7263,REGISTERED,Fazenda Gomes,,Bogen,US,New Jersey,01295,TRUE
7264,7264,REGISTERED,413 山本 Street,,Sternberg,RU,Paraná,47025,TRUE
7265,7265,REGISTERED,"Flat 5
Sheila Garden",,Ramoschester,US,Niedersachsen,03209,TRUE
7266,7266,REGISTERED,"36, boulevard de Fournier",,Andrade do Sul,KY,Tennessee,01447,TRUE
7267,7267,REGISTERED,"Viale Monicelli, 229",,South موفّقland,DE,Kentucky,19535,TRUE
7268,7268,REGISTERED,477 加藤 Street,,Sant'Antonio Ruinas,US,Rheinland-Pfalz,00182,TRUE
7269,7269,REGISTERED,"Rotonda Fagotto, 852 Piano 2",,Port Fiona,NL,Amazonas,63922,TRUE
7270,7270,REGISTERED,8219 Carla Tunnel Suite 767,,New ضاحك,DE,Oregon,39029,TRUE
7271,7271,REGISTERED,240 山口 Street,,North Sarah,TR,Brindisi,41315,TRUE
7272,7272,REGISTERED,Callejón de Gervasio Barral 425,,Pastorano,NG,Hessen,78205,TRUE
7273,7273,REGISTERED,9482 عماد Fields,,Dignano,ES,Brandenburg,13162,TRUE
7274,7274,REGISTERED,"309, avenue Honoré Bigot",,Vasseur-sur-Chevalier,US,Colorado,97124,TRUE
7275,7275,REGISTERED,269 Adams Heights,,Suttonstad,DE,New York,75148,TRUE
7276,7276,REGISTERED,Glorieta Jovita Duran 84 Puerta 8 ,,بنو أسدborough,CA,Huelva,G48 6QU,TRUE
7277,7277,REGISTERED,Gutknechtring 81,,Cunninghamshire,TR,Iowa,51564,TRUE
7278,7278,REGISTERED,Davidsallee 20/55,,South Scottton,US,Mato Grosso,84832,TRUE
7279,7279,REGISTERED,624 吉田 Street,,Huelva,BS,Mato Grosso,BA7R 3LX,TRUE
7280,7280,REGISTERED,79683 Fletcher Gateway Apt. 652,,Langburgh,KY,Jaén,UB7 0TE,TRUE
7281,7281,REGISTERED,"Borgo Pizziol, 4",,Vaciglio,KY,Hamburg,91933,TRUE
7282,7282,REGISTERED,Cuesta de Timoteo Llabrés 59 Apt. 84 ,,Peixoto,CA,Montana,11488,TRUE
7283,7283,REGISTERED,517 Adams Square,,Osteria Del Gatto,ZA,Kansas,79091,TRUE
7284,7284,REGISTERED,Paseo Etelvina Cabezas 3 Piso 0 ,,Teresaton,RU,Agrigento,54168,TRUE
7285,7285,REGISTERED,Briemerplatz 689,,Westbury,NG,Arizona,54183366,TRUE
7286,7286,REGISTERED,"Via Olivetti, 6 Piano 7",,North Gavinchester,FR,Wyoming,PO8 4EB,TRUE
7287,7287,REGISTERED,"Travessa Marcelo Leão, 133",,Perleberg,CA,Rhode Island,N9 7ZN,TRUE
7288,7288,REGISTERED,376 中村 Street,,Sainte Claire,RU,Tennessee,51857,TRUE
7289,7289,REGISTERED,615 عدنان Ferry Apt. 284,,Ávila,IT,Hamburg,06829,TRUE
7290,7290,REGISTERED,"Studio 27
Warren Common",,Sant'Angelo Limosano,NL,Siracusa,93501,TRUE
7291,7291,REGISTERED,Hans Peter-Stroh-Weg 3,,New Michael,RU,Kentucky,34876,TRUE
7292,7292,REGISTERED,2643 Thomas Overpass Apt. 372,,Mendes,US,Jaén,16271,TRUE
7293,7293,REGISTERED,286 Daniel Union,,日野市,IR,Alagoas,26811,TRUE
7294,7294,REGISTERED,41568 Graves Stream Suite 724,,Alexandreboeuf,DE,Córdoba,FK72 7FX,TRUE
7295,7295,REGISTERED,"87, boulevard Vidal",,調布市,TR,Granada,49038-215,TRUE
7296,7296,REGISTERED,"Flat 5
Hopkins Points",,Bryantown,MM,North Dakota,21727,TRUE
7297,7297,REGISTERED,"Flat 99
Rosie Curve",,Donnalucata,FR,South Dakota,27758,TRUE
7298,7298,REGISTERED,029 نور Branch Apt. 033,,Gomezland,ZA,Murcia,35783,TRUE
7299,7299,REGISTERED,932 渡辺 Street,,Lake Michael,US,Melilla,56343,TRUE
7300,7300,REGISTERED,Kurt-Wulf-Gasse 4-6,,Guben,ES,Nevada,01920155,TRUE
7301,7301,REGISTERED,"Estação de Rodrigues, 29",,Lemoine,FR,Zaragoza,10711,TRUE
7302,7302,REGISTERED,32962 مُتعب Views,,Caresanablot,GB,Delaware,22181,TRUE
7303,7303,REGISTERED,Glorieta de Berto Montserrat 27,,San Pietro Di Cadore,FR,Hawaii,EC7 7GH,TRUE
7304,7304,REGISTERED,19855 الشايقية Corner Apt. 605,,Freudenstadt,DE,Colorado,96346,TRUE
7305,7305,REGISTERED,3931 Diana Inlet,,Corsalone,KY,Florida,22020,TRUE
7306,7306,REGISTERED,"Distrito Fogaça, 1",,Fenis,ZA,Castellón,52843-552,TRUE
7307,7307,REGISTERED,"Strada Rosario, 1 Piano 3",,Allenville,CA,Alicante,27610,TRUE
7308,7308,REGISTERED,Kenan-Mälzer-Allee 292,,Port Brandonland,FR,Mato Grosso do Sul,13923,TRUE
7309,7309,REGISTERED,"Vicolo Romolo, 50 Appartamento 23",,Sainte Aimé,AU,Minas Gerais,70062,TRUE
7310,7310,REGISTERED,85515 عثمان Oval,,ابو السعودside,US,Gorizia,78141,TRUE
7311,7311,REGISTERED,063 加藤 Street,,Uffenheim,IT,Virginia,28825,TRUE
7312,7312,REGISTERED,"174, avenue de Nicolas",,Leducdan,KY,Ancona,39688,TRUE
7313,7313,REGISTERED,"Favela de Machado, 49",,長生郡白子町,GB,Paraná,DA0E 8WS,TRUE
7314,7314,REGISTERED,"Studio 22
Brown Light",,横浜市磯子区,GB,Ceará,51654,TRUE
7315,7315,REGISTERED,"Incrocio Antelami, 51",,Lopes de Peixoto,GB,Goiás,72508,TRUE
7316,7316,REGISTERED,Ronda de Jose Francisco Benavent 1,,Navarro,ES,Latina,34243,TRUE
7317,7317,REGISTERED,Patberggasse 55,,Guilbert,US,Arkansas,619-4291,TRUE
7318,7318,REGISTERED,2993 عاملة Valleys Apt. 888,,East محمودbury,TR,Barletta-Andria-Trani,757-1343,TRUE
7319,7319,REGISTERED,Jardim Ana Vitória Andrade,,Mendonça de Minas,RU,Paraíba,31991,TRUE
7320,7320,REGISTERED,763 渡辺 Street,,豊島区,PA,Wyoming,49401,TRUE
7321,7321,REGISTERED,boulevard de Ribeiro,,清瀬市,US,Huelva,28685,TRUE
7322,7322,REGISTERED,9145 Christopher Common Suite 244,,Port Ericland,CA,Álava,95591,TRUE
7323,7323,REGISTERED,99369 الجبشة Lights Apt. 440,,袖ケ浦市,SE,Potenza,17366,TRUE
7324,7324,REGISTERED,Ronda Felicidad Revilla 58 Piso 9 ,,North Dominicville,KY,Mississippi,56227,TRUE
7325,7325,REGISTERED,Vial Fulgencio Acero 21 Puerta 1 ,,Guyon,GB,Pennsylvania,00162768,TRUE
7326,7326,REGISTERED,"Flat 4
Lucy Motorway",,Ireneton,FR,Florida,86391,TRUE
7327,7327,REGISTERED,694 高橋 Street,,East Aprilshire,US,Girona,25657,TRUE
7328,7328,REGISTERED,4811 Brown Groves Apt. 102,,South Manuelhaven,SY,Huesca,LA0M 8NL,TRUE
7329,7329,REGISTERED,"45, rue de Pichon",,Reevesfurt,GB,Guadalajara,HX9 0LB,TRUE
7330,7330,REGISTERED,"Studio 28
Thompson Viaduct",,江東区,NL,Cremona,59873,TRUE
7331,7331,REGISTERED,071 القرجولي Station,,Castel Castagna,RU,Siracusa,34988066,TRUE
7332,7332,REGISTERED,"Viale Ansaldo, 649 Appartamento 57",,Baudry,AU,La Coruña,GL7 1AE,TRUE
7333,7333,REGISTERED,Ottoweg 44,,North Mitchellburgh,IR,Maryland,B5H 0QA,TRUE
7334,7334,REGISTERED,9602 بنو عجل Mountains,,Schrobenhausen,CH,Alaska,93315,TRUE
7335,7335,REGISTERED,409 佐藤 Street,,Bernard-sur-Morin,DE,Mato Grosso,32700589,TRUE
7336,7336,REGISTERED,361 鈴木 Street,,North يزيد,IT,Zamora,85266066,TRUE
7337,7337,REGISTERED,371 فخر Lakes Apt. 449,,San Donato In Collina,TR,Amapá,82938,TRUE
7338,7338,REGISTERED,166 بنو ياس Village,,Strausberg,IT,Florida,22499,TRUE
7339,7339,REGISTERED,"Flat 8
Vanessa Avenue",,East Jacqueline,ES,Trieste,24532,TRUE
7340,7340,REGISTERED,404 Wallis Flat,,New Danaside,US,Baden-Württemberg,11417656,TRUE
7341,7341,REGISTERED,"Viale Casadei, 92 Appartamento 5",,Lake Leon,BS,Hessen,002-5884,TRUE
7342,7342,REGISTERED,Ernststraße 8,,North Rita,SE,Delaware,LA6B 8DZ,TRUE
7343,7343,REGISTERED,"Flat 54
Nicole Ways",,زكرياtown,GB,Santa Catarina,42940,TRUE
7344,7344,REGISTERED,Ronda de Nidia Vendrell 957 Puerta 8 ,,Sainte Madeleine,GB,Louisiana,79032,TRUE
7345,7345,REGISTERED,Hoffmanngasse 8731,,Aragão da Praia,AU,Illinois,62238,TRUE
7346,7346,REGISTERED,720 العوالق Valleys Suite 096,,Chauveau,SE,Benevento,W3 1ZN,TRUE
7347,7347,REGISTERED,1109 David Parkway Apt. 313,,New Eugeneview,FR,Badajoz,11419,TRUE
7348,7348,REGISTERED,308 三浦 Street,,Machado de Cirino,FR,Mecklenburg-Vorpommern,41037,TRUE
7349,7349,REGISTERED,63771 طزيز Mountain Apt. 842,,Ramos de Ferreira,DE,Kentucky,14422,TRUE
7350,7350,REGISTERED,C. de Juan Bautista Roda 63,,Jaén,FR,Berlin,969-7433,TRUE
7351,7351,REGISTERED,"Flat 85
Poole Ville",,Isili,NL,Palencia,05244,TRUE
7352,7352,REGISTERED,340 أناهيد Terrace Suite 589,,Lübeck,GB,Bremen,15844,TRUE
7353,7353,REGISTERED,"Fazenda de da Rosa, 78",,Lesage,JP,Michigan,37350,TRUE
7354,7354,REGISTERED,Viela Olívia Peixoto,,Pontevedra,DE,Novara,20213-975,TRUE
7355,7355,REGISTERED,Ronda de Marta Sanchez 74,,Lleida,TR,Nevada,58498,TRUE
7356,7356,REGISTERED,96469 Virginia Pike,,Caprara,FR,Trieste,96550,TRUE
7357,7357,REGISTERED,6520 Rogers Rue,,North Susan,ZA,Taranto,72667,TRUE
7358,7358,REGISTERED,Camino Anselma Tomas 11 Piso 3 ,,ماذىmouth,RU,Hessen,029-1309,TRUE
7359,7359,REGISTERED,41200 مُتولي Green Suite 044,,Montebelluna,GB,Sassari,46374,TRUE
7360,7360,REGISTERED,"Morro Brito, 86",,East Kate,RU,New Jersey,22077,TRUE
7361,7361,REGISTERED,Pasadizo Claudio Quirós 73 Apt. 93 ,,Aschaffenburg,ES,North Dakota,27680,TRUE
7362,7362,REGISTERED,9411 الموسوس Islands,,Saarlouis,IT,Catanzaro,03607,TRUE
7363,7363,REGISTERED,0044 مشرق Turnpike Apt. 177,,足立区,TR,Pará,FY2R 1JZ,TRUE
7364,7364,REGISTERED,"Studio 5
Shane Route",,Dos Santos,US,Pontevedra,02952,TRUE
7365,7365,REGISTERED,"Flat 6
Marion Shore",,East مظهر,JP,São Paulo,56654,TRUE
7366,7366,REGISTERED,"Canale Emilio, 96",,Rocha,GB,Lecce,90176-078,TRUE
7367,7367,REGISTERED,"Contrada Tolentino, 10",,Randallfurt,GB,Savona,46833,TRUE
7368,7368,REGISTERED,8271 Stephanie Mills,,Jacquet,IT,Pará,56638,TRUE
7369,7369,REGISTERED,Harloffplatz 35-64,,Gerolzhofen,GB,Delaware,41034,TRUE
7370,7370,REGISTERED,"Via Ortolani, 68 Appartamento 0",,Pinto,CA,Massachusetts,70636,TRUE
7371,7371,REGISTERED,rue Célina Lopes,,شمرfurt,ES,Louisiana,41028,TRUE
7372,7372,REGISTERED,"14, rue de Olivier",,Lake أغاريدville,NG,Vibo Valentia,28474,TRUE
7373,7373,REGISTERED,"Stretto Ettore, 912",,San Fili,US,Siracusa,33860,TRUE
7374,7374,REGISTERED,7 Jacob Causeway,,Williamston,SG,Sevilla,63811,TRUE
7375,7375,REGISTERED,979 前田 Street,,Montenegro,ZA,Amazonas,03611,TRUE
7376,7376,REGISTERED,0244 Alexander Overpass Suite 513,,New Teresa,SE,Olbia-Tempio,783-2150,TRUE
7377,7377,REGISTERED,Residencial de Brito,,Calvignasco,ZA,Campobasso,88463,TRUE
7378,7378,REGISTERED,"Studio 18
Glenn Passage",,Wernigerode,JP,Pontevedra,977-2645,TRUE
7379,7379,REGISTERED,Largo Garcia,,New Aimee,IR,Goiás,91526034,TRUE
7380,7380,REGISTERED,841 山本 Street,,Valliera,CA,Cádiz,34525,TRUE
7381,7381,REGISTERED,461 渡辺 Street,,印旛郡本埜村,TR,Rio Grande do Norte,32494-501,TRUE
7382,7382,REGISTERED,"6, rue Vidal",,Clerc-sur-Joseph,SG,Thüringen,26944,TRUE
7383,7383,REGISTERED,802 橋本 Street,,Zaragoza,GB,Rondônia,054-9793,TRUE
7384,7384,REGISTERED,"81, rue Guillaume Maillot",,Aschaffenburg,KP,Ceará,49976,TRUE
7385,7385,REGISTERED,2995 Judy Dam Suite 508,,New Joshua,ES,Maryland,38939,TRUE
7386,7386,REGISTERED,"Borgo Donati, 343 Appartamento 93",,Feliciaton,FR,Santa Catarina,63185,TRUE
7387,7387,REGISTERED,Acceso de Anastasia Cabezas 92 Puerta 3 ,,عضلville,TR,Brandenburg,27126,TRUE
7388,7388,REGISTERED,Conjunto de Freitas,,Säckingen,IT,Rio de Janeiro,15737,TRUE
7389,7389,REGISTERED,271 高橋 Street,,Barbianello,BS,Ancona,50547,TRUE
7390,7390,REGISTERED,"Campo de Monteiro, 53",,Sevilla,KY,Alicante,30805,TRUE
7391,7391,REGISTERED,8554 Keith Mission,,Lake Michaeltown,FR,Avellino,61070,TRUE
7392,7392,REGISTERED,Cuesta de Hilda Cid 13 Puerta 8 ,,da Cunha de Novais,GB,Ohio,PR2M 6TE,TRUE
7393,7393,REGISTERED,914 Eugene Mountain Suite 613,,Persichello,FR,North Carolina,61809,TRUE
7394,7394,REGISTERED,945 Patricia Crescent Apt. 731,,West Harriet,ZA,Bremen,96662,TRUE
7395,7395,REGISTERED,Nancy-Peukert-Straße 39-84,,Glen,ZA,Maryland,37398,TRUE
7396,7396,REGISTERED,528 渡辺 Street,,Mcdanielhaven,US,Berlin,68001,TRUE
7397,7397,REGISTERED,868 岡本 Street,,Ashleyshire,TR,Bari,00308244,TRUE
7398,7398,REGISTERED,652 近藤 Street,,Schleiz,GB,New Hampshire,333-8879,TRUE
7399,7399,REGISTERED,Acceso de Dafne Sola 20,,Riffian,US,Iowa,08949,TRUE
7400,7400,REGISTERED,Ilias-Hecker-Gasse 188,,長生郡白子町,DE,Maryland,329-4272,TRUE
7401,7401,REGISTERED,Pia-Metz-Weg 8-1,,Carvalho,DE,South Carolina,25209-213,TRUE
7402,7402,REGISTERED,Ditmar-Thanel-Straße 26-72,,Bourdon,FR,Arkansas,82440-807,TRUE
7403,7403,REGISTERED,"79, rue Adélaïde Leclercq",,Ariano Scalo,NL,Georgia,94419,TRUE
7404,7404,REGISTERED,22924 Tami Bridge,,Pereira do Norte,ES,São Paulo,24095,TRUE
7405,7405,REGISTERED,Hartmanngasse 7520,,Husum,NG,Texas,GL2E 1TW,TRUE
7406,7406,REGISTERED,"Via Melina, 51",,Marilynberg,FR,Bayern,16807,TRUE
7407,7407,REGISTERED,968 Jenna Field,,杉並区,TR,Michigan,B79 6EW,TRUE
7408,7408,REGISTERED,237 Brian Estate,,夷隅郡御宿町,PA,Pistoia,07840,TRUE
7409,7409,REGISTERED,"347, avenue Martine Leroy",,كارمside,IT,Genova,52168,TRUE
7410,7410,REGISTERED,501 鈴木 Street,,North عبد الغفّارborough,US,Rio de Janeiro,83159,TRUE
7411,7411,REGISTERED,"Lagoa Rios, 16",,Kellerhaven,GB,Rondônia,230-2063,TRUE
7412,7412,REGISTERED,86498 نشوة Trace Suite 563,,MarchalBourg,GB,Brandenburg,91425-714,TRUE
7413,7413,REGISTERED,"Flat 71v
Joshua Pines",,Guyotboeuf,SE,Hamburg,53424,TRUE
7414,7414,REGISTERED,Alameda de Josefa Plaza 234 Apt. 26 ,,East Brucetown,DE,South Carolina,62017,TRUE
7415,7415,REGISTERED,Plaza de Nereida Quintana 64 Piso 8 ,,Port نشوةborough,IT,Burgos,L64 7BF,TRUE
7416,7416,REGISTERED,Via de Eusebia Baquero 1,,New Justinport,GB,Valencia,97901,TRUE
7417,7417,REGISTERED,"Studio 17q
Barber Expressway",,Cargiago,IT,Idaho,52563-677,TRUE
7418,7418,REGISTERED,"Viale Giuliano, 62",,Madrid,IT,Ascoli Piceno,N3K 1AX,TRUE
7419,7419,REGISTERED,59806 Chelsea Road Apt. 669,,Aubry,TR,Hamburg,438-5403,TRUE
7420,7420,REGISTERED,"Flat 9
Hudson Ridges",,Burglengenfeld,DE,Espírito Santo,715-0175,TRUE
7421,7421,REGISTERED,avenue Perez,,Ribeiro,DE,Rondônia,33172,TRUE
7422,7422,REGISTERED,"653, rue Timothée Colin",,Port طلعت,RU,Mato Grosso,49553,TRUE
7423,7423,REGISTERED,"Stretto Fausto, 0 Appartamento 86",,North حمزةstad,ES,Saarland,07265,TRUE
7424,7424,REGISTERED,539 الأزد Spur,,New Carlosside,SG,Matera,44107,TRUE
7425,7425,REGISTERED,Katalin-Junitz-Platz 55/69,,Meri',NL,Baden-Württemberg,32990,TRUE
7426,7426,REGISTERED,271 زحيكة Manors Apt. 795,,Villa D'Adige,ES,Sachsen-Anhalt,65226,TRUE
7427,7427,REGISTERED,598 Johnson Stravenue Suite 862,,فاديshire,DE,Vermont,33642,TRUE
7428,7428,REGISTERED,"48, boulevard Munoz",,Oschatz,FR,Ogliastra,24986,TRUE
7429,7429,REGISTERED,"Strada Sauli, 23",,印旛郡本埜村,NG,Bayern,24226,TRUE
7430,7430,REGISTERED,Alameda de Cebrián Crespi 59,,Lake Jordanmouth,NG,Rimini,652-8617,TRUE
7431,7431,REGISTERED,643 Christopher Alley Suite 710,,Stollberg,RU,Viterbo,63501,TRUE
7432,7432,REGISTERED,"126, avenue Blot",,Andrade do Sul,US,Teramo,02260,TRUE
7433,7433,REGISTERED,Höfigring 5-6,,Einbeck,ES,Padova,87197931,TRUE
7434,7434,REGISTERED,663 藤原 Street,,安房郡鋸南町,SY,Hawaii,33637-434,TRUE
7435,7435,REGISTERED,"Rotonda Orlando, 23 Piano 3",,Thompsonville,SG,Wyoming,819-3218,TRUE
7436,7436,REGISTERED,C. de Ruperta Espinosa 539,,Lemaître-sur-Raynaud,IT,Thüringen,66130487,TRUE
7437,7437,REGISTERED,Löfflergasse 47-96,,North لهفان,CH,Alabama,950-1166,TRUE
7438,7438,REGISTERED,88 Lynn Court,,Saint Aimée,GB,Perugia,M19 7HT,TRUE
7439,7439,REGISTERED,22477 Morris Roads Apt. 356,,Sarcedo,US,Colorado,692-4363,TRUE
7440,7440,REGISTERED,"Passarela Heitor Pimenta, 6",,Jessicashire,RU,Girona,48015,TRUE
7441,7441,REGISTERED,"Canale Stradivari, 753",,Madrid,TR,Kansas,91055,TRUE
7442,7442,REGISTERED,"49, rue Traore",,Barbosa,US,Pennsylvania,50132,TRUE
7443,7443,REGISTERED,Camino de Manola Rodriguez 15,,Vizcaya,NL,Minnesota,00036,TRUE
7444,7444,REGISTERED,417 池田 Street,,Davisside,IR,Latina,99275,TRUE
7445,7445,REGISTERED,"Passarela Viana, 61",,ناديtown,JP,Schleswig-Holstein,87633,TRUE
7446,7446,REGISTERED,704 小川 Street,,横浜市戸塚区,AU,Connecticut,91629,TRUE
7447,7447,REGISTERED,621 吉田 Street,,FerreiraBourg,IT,Granada,97610,TRUE
7448,7448,REGISTERED,"Flat 72J
Clive Coves",,Teruel,US,Arkansas,53310740,TRUE
7449,7449,REGISTERED,8950 خاطر Drive Suite 633,,East William,IR,Santa Cruz de Tenerife,48677,TRUE
7450,7450,REGISTERED,080 藤田 Street,,داهيport,ES,Niedersachsen,23899,TRUE
7451,7451,REGISTERED,"942, avenue Loiseau",,Fogaça,DE,São Paulo,00313,TRUE
7452,7452,REGISTERED,Sandy-Bender-Weg 89-51,,葛飾区,GB,Tarragona,SR40 7QF,TRUE
7453,7453,REGISTERED,Acceso de Esperanza Ayllón 38 Apt. 45 ,,Aachen,ZA,Asti,16143,TRUE
7454,7454,REGISTERED,Dominik-Jessel-Platz 9,,Albagiara,FR,Brandenburg,BD9R 2FT,TRUE
7455,7455,REGISTERED,Glorieta de Fortunata Martinez 54 Apt. 45 ,,Kemnath,FR,Hamburg,30331,TRUE
7456,7456,REGISTERED,129 吉田 Street,,Luckau,NL,Missouri,42180,TRUE
7457,7457,REGISTERED,95180 الخزرج Rue Apt. 019,,Viana de Sampaio,GB,Georgia,566-6133,TRUE
7458,7458,REGISTERED,Rambla Evelia Roselló 18,,حربshire,IT,Brescia,78999,TRUE
7459,7459,REGISTERED,54973 بنو عبس Hill,,Ourense,PA,Vizcaya,106-3043,TRUE
7460,7460,REGISTERED,373 سفير Walk,,Sylviabury,PA,Cuenca,18745,TRUE
7461,7461,REGISTERED,5062 Gregory Field,,Buti,DE,Minnesota,38223,TRUE
7462,7462,REGISTERED,Cañada de Rosa Casas 210,,Saint Vincent,IT,Isernia,32968,TRUE
7463,7463,REGISTERED,Núcleo Brenda Cassiano,,Port مكّيville,TR,Mecklenburg-Vorpommern,36838,TRUE
7464,7464,REGISTERED,30287 Lee Key,,Aimeemouth,US,Alagoas,TA21 7HZ,TRUE
7465,7465,REGISTERED,"Trevo Agatha Pereira, 919",,North Natalie,ZA,North Dakota,41677,TRUE
7466,7466,REGISTERED,Zoran-Trupp-Gasse 467,,Ávila,GB,Berlin,24858,TRUE
7467,7467,REGISTERED,"Studio 33
Lindsey Extensions",,Colognola Al Piano,PA,North Dakota,694-7238,TRUE
7468,7468,REGISTERED,36752 جلال الدّين Crossing,,Vieira,GB,Mato Grosso do Sul,30020,TRUE
7469,7469,REGISTERED,1679 بعلبكي Pines Apt. 667,,安房郡鋸南町,BS,Udine,48488,TRUE
7470,7470,REGISTERED,"Setor Cecilia Oliveira, 1",,Salamanca,ES,Bahia,60512,TRUE
7471,7471,REGISTERED,"Borgo Badoer, 99 Piano 7",,Lopes,US,South Carolina,63853,TRUE
7472,7472,REGISTERED,Heckerallee 77,,West Kevin,US,Messina,29318,TRUE
7473,7473,REGISTERED,7 Clark Walk,,رصاصberg,KP,Catanzaro,840-9425,TRUE
7474,7474,REGISTERED,531 石井 Street,,Martirano,MM,Goiás,14699,TRUE
7475,7475,REGISTERED,Plaza de Emperatriz Zabaleta 817,,السادةchester,NG,Salerno,05764,TRUE
7476,7476,REGISTERED,24203 Stevens Orchard,,Ingramtown,RU,Brescia,17876,TRUE
7477,7477,REGISTERED,"20, chemin Bonnin",,South Stuart,BS,Thüringen,54673-004,TRUE
7478,7478,REGISTERED,Peukertweg 3557,,Havelberg,FR,Tennessee,BD8 2WD,TRUE
7479,7479,REGISTERED,"Estação Souza, 43",,West Jacobport,ZA,Vermont,490-5254,TRUE
7480,7480,REGISTERED,Urbanización de Bernarda Herrero 742,,Castellana,ES,Ohio,51335,TRUE
7481,7481,REGISTERED,"61, rue Michèle Chevalier",,Port Philip,GB,Kentucky,SA6E 3JG,TRUE
7482,7482,REGISTERED,C. de Jeremías Cañas 784,,Regen,RU,Washington,29276,TRUE
7483,7483,REGISTERED,2833 الأنصاري Isle Suite 110,,Machado,IT,Niedersachsen,W2 4ZB,TRUE
7484,7484,REGISTERED,1 Yvonne Route,,Oliveira,RU,Alagoas,05564,TRUE
7485,7485,REGISTERED,"434, boulevard Margot Rodrigues",,Santa Cruz de Tenerife,SY,Missouri,38028,TRUE
7486,7486,REGISTERED,"Strada Bernardo, 75 Appartamento 14",,Pacheco de Vasconcelos,TR,Mississippi,81484372,TRUE
7487,7487,REGISTERED,avenue Marcelle Baron,,Carmignanello,IT,Aosta,27011,TRUE
7488,7488,REGISTERED,85915 مُعتز Cliff Apt. 948,,Ávila,NG,New Hampshire,53756130,TRUE
7489,7489,REGISTERED,"Rotonda Ugo, 85 Piano 4",,Kemnath,ES,Georgia,81549,TRUE
7490,7490,REGISTERED,"47, avenue Robin",,長生郡長南町,GB,Mecklenburg-Vorpommern,02285138,TRUE
7491,7491,REGISTERED,3956 Jimenez Union Suite 428,,New Ian,GB,Álava,W5T 8EE,TRUE
7492,7492,REGISTERED,707 三浦 Street,,Gillianview,US,São Paulo,81952,TRUE
7493,7493,REGISTERED,79764 Richards Brooks Suite 593,,Vasconcelos Grande,NL,Biella,55253,TRUE
7494,7494,REGISTERED,251 伊藤 Street,,Auerbach,DE,Virginia,20694,TRUE
7495,7495,REGISTERED,3358 علي Shoals,,Melilla,SE,Pernambuco,EH6 2AJ,TRUE
7496,7496,REGISTERED,rue de Legendre,,Schmölln,AU,Nordrhein-Westfalen,48619,TRUE
7497,7497,REGISTERED,avenue Aurélie Lefèvre,,South جوريّةport,NL,Udine,87418,TRUE
7498,7498,REGISTERED,"Fazenda Moura, 47",,Cirino de Nogueira,NG,Vicenza,51340,TRUE
7499,7499,REGISTERED,5278 Aaron Square Suite 433,,Pires,US,Massachusetts,95170,TRUE
7500,7500,REGISTERED,Axel-Otto-Platz 56/66,,East Jack,AU,Tocantins,97794,TRUE
7501,7501,REGISTERED,"41, chemin Charlotte Coste",,港区,RU,Bremen,13028,TRUE
7502,7502,REGISTERED,Pasadizo de Arcelia Arias 43,,القبانيside,FR,Medio Campidano,27540,TRUE
7503,7503,REGISTERED,913 Coleman Turnpike,,あきる野市,US,Montana,70081,TRUE
7504,7504,REGISTERED,"Piazza Zola, 543 Appartamento 7",,Cardoso,SE,Soria,71018,TRUE
7505,7505,REGISTERED,Ronda Maximiliano Figueroa 49 Piso 4 ,,Cavalcante,US,Ohio,G84 6NE,TRUE
7506,7506,REGISTERED,Sabine-Schuster-Ring 1/1,,North غسّانshire,US,Mato Grosso,43822,TRUE
7507,7507,REGISTERED,533 King Green,,Fürstenwalde,NL,Rhode Island,E5G 6WT,TRUE
7508,7508,REGISTERED,"Via Bova, 2",,横浜市中区,SE,Arkansas,89699803,TRUE
7509,7509,REGISTERED,"Chácara Ana Júlia da Rosa, 2",,جزينيtown,CH,Amapá,31349,TRUE
7510,7510,REGISTERED,Gabriel-Speer-Weg 14/59,,Prepotto,IT,Mantova,43377,TRUE
7511,7511,REGISTERED,Kambsring 7/9,,Lisafort,SG,Fermo,482-4508,TRUE
7512,7512,REGISTERED,"Contrada Gianluca, 42",,Bersenbrück,FR,Arkansas,98128,TRUE
7513,7513,REGISTERED,327 伊藤 Street,,Massanzago,CA,Roraima,15191,TRUE
7514,7514,REGISTERED,"Distrito Moraes, 31",,بنو هلالshire,GB,Pennsylvania,057-8075,TRUE
7515,7515,REGISTERED,Callejón de Manu Macías 80,,Álava,ZA,Paraíba,94769,TRUE
7516,7516,REGISTERED,"Conjunto Fogaça, 494",,East Andrew,GB,Alicante,42553,TRUE
7517,7517,REGISTERED,Alameda Efraín Francisco 60 Piso 1 ,,Ca' Venier,JP,Enna,87134,TRUE
7518,7518,REGISTERED,981 Smith Island,,North حمّاد,DE,Kentucky,92515,TRUE
7519,7519,REGISTERED,"29, rue de Jacquot",,اليوزباشيport,SE,Roraima,42372,TRUE
7520,7520,REGISTERED,94773 العجمان Extension Apt. 300,,Port Jamesburgh,FR,Arkansas,32273,TRUE
7521,7521,REGISTERED,"Passarela Isabela Porto, 56",,西多摩郡瑞穂町,DE,Utah,38113,TRUE
7522,7522,REGISTERED,Heinz-Gorlitz-Platz 66-99,,Alves das Pedras,ES,Santa Catarina,EX3 7HN,TRUE
7523,7523,REGISTERED,Wilmsweg 26-94,,East ثاقب,SE,Saarland,06418-001,TRUE
7524,7524,REGISTERED,"Flat 07
Wilson Passage",,小笠原村,NL,New York,43029,TRUE
7525,7525,REGISTERED,224 ابو عيد Forks,,Declanbury,NL,Sassari,21057,TRUE
7526,7526,REGISTERED,chemin Zoé Hervé,,Kimton,DE,West Virginia,14055,TRUE
7527,7527,REGISTERED,"Contrada Pepe, 82 Piano 0",,Ceuta,CA,Mantova,00938,TRUE
7528,7528,REGISTERED,"Strada Franco, 9",,GarnierVille,US,Missouri,15560,TRUE
7529,7529,REGISTERED,93 Daniel Haven,,منيفton,IT,Pernambuco,CA3 3JE,TRUE
7530,7530,REGISTERED,1 Blake Heights,,Torre Calzolari,US,Wisconsin,L1K 5RA,TRUE
7531,7531,REGISTERED,Koch IIweg 1/4,,East Lorimouth,BS,Colorado,51284,TRUE
7532,7532,REGISTERED,"59, chemin de Ferreira",,Munozton,BS,Texas,40882,TRUE
7533,7533,REGISTERED,Pasaje María Fernanda Díez 21,,Rosenheim,BS,Hamburg,980-8515,TRUE
7534,7534,REGISTERED,"Flat 64
Ashton Flat",,New عبد الملك,IT,New Hampshire,54759928,TRUE
7535,7535,REGISTERED,"536, avenue de Dupuy",,East Christian,FR,Paraná,50923,TRUE
7536,7536,REGISTERED,6 Read Burg,,Martynberg,ZA,Bremen,04518,TRUE
7537,7537,REGISTERED,910 小川 Street,,Garcia de Goiás,CA,New Hampshire,77963,TRUE
7538,7538,REGISTERED,083 Damien Stravenue,,Guipúzcoa,NL,Oristano,27070-030,TRUE
7539,7539,REGISTERED,"Studio 9
Elliot Keys",,横浜市西区,ES,Sachsen,73142,TRUE
7540,7540,REGISTERED,70324 ساجي Roads Suite 962,,Dieburg,AU,Hamburg,67701-698,TRUE
7541,7541,REGISTERED,Nikolai-Hein-Platz 4474,,Cirino,SE,Baden-Württemberg,30484,TRUE
7542,7542,REGISTERED,69 Evans Summit,,Howardchester,MM,Alaska,13844,TRUE
7543,7543,REGISTERED,796 غامد Prairie Apt. 942,,Lamy,TR,Niedersachsen,40981,TRUE
7544,7544,REGISTERED,Urbanización de Macaria Matas 36,,Cáceres,IT,Utah,10025,TRUE
7545,7545,REGISTERED,0924 Prince Ridge,,Atri,CH,Vermont,53119,TRUE
7546,7546,REGISTERED,rue de Thierry,,Villa Collemandina,BS,Huelva,25955,TRUE
7547,7547,REGISTERED,"Viale Bellucci, 63",,Albuquerque de Pires,GB,Palencia,02339-991,TRUE
7548,7548,REGISTERED,Wilmsplatz 327,,Wagner,IT,Sachsen,G72 4GN,TRUE
7549,7549,REGISTERED,180 近藤 Street,,East Laura,NL,Minas Gerais,20148,TRUE
7550,7550,REGISTERED,"845, chemin de Duhamel",,Ceriale,TR,Brandenburg,923-5663,TRUE
7551,7551,REGISTERED,Cuesta de Felipe Abad 1,,川崎市宮前区,KY,Montana,65226,TRUE
7552,7552,REGISTERED,5118 Heather Ports Suite 081,,بني رشيدberg,CH,New York,05936,TRUE
7553,7553,REGISTERED,270 佐藤 Street,,Miesbach,IT,Rio Grande do Norte,25301,TRUE
7554,7554,REGISTERED,"85, avenue de Hamon",,عبدالرّحمنchester,PA,Ceuta,87035,TRUE
7555,7555,REGISTERED,9912 شمر Isle,,Königs Wusterhausen,ES,Matera,51280,TRUE
7556,7556,REGISTERED,546 Ryan Lights Suite 029,,Schwäbisch Gmünd,CA,Maryland,40407,TRUE
7557,7557,REGISTERED,"49, chemin de Alexandre",,Roaschia,MM,Nebraska,40829,TRUE
7558,7558,REGISTERED,"Incrocio Parmitano, 4 Piano 4",,香取郡東庄町,NL,Medio Campidano,82349,TRUE
7559,7559,REGISTERED,854 松田 Street,,Cantabria,FR,Bayern,42285,TRUE
7560,7560,REGISTERED,Jockelring 3/6,,Potier,CA,Reggio Calabria,07983,TRUE
7561,7561,REGISTERED,"Área de Martins, 73",,Fibbiana,NL,Hamburg,07568,TRUE
7562,7562,REGISTERED,"Viela Catarina Costa, 36",,Wellsland,SY,Reggio Calabria,92533,TRUE
7563,7563,REGISTERED,8620 عزاز Pass Apt. 270,,Girona,FR,Ohio,27020,TRUE
7564,7564,REGISTERED,"Canale Cappelli, 59 Piano 8",,Lake Vincentburgh,US,West Virginia,75954,TRUE
7565,7565,REGISTERED,909 林 Street,,長生郡長生村,SY,Louisiana,13496,TRUE
7566,7566,REGISTERED,Linda-Scholl-Allee 166,,Badajoz,CH,Teruel,97139,TRUE
7567,7567,REGISTERED,rue de Morvan,,East Sallybury,NL,Wyoming,31671,TRUE
7568,7568,REGISTERED,999 斎藤 Street,,Camargo de Rezende,US,Nebraska,64743,TRUE
7569,7569,REGISTERED,Wally-Klotz-Weg 8-4,,山武郡芝山町,IT,Louisiana,81418,TRUE
7570,7570,REGISTERED,Carstenallee 63-62,,Port Jessica,US,Pernambuco,03539,TRUE
7571,7571,REGISTERED,Dobesplatz 96,,متنيberg,TR,Sachsen-Anhalt,63113,TRUE
7572,7572,REGISTERED,"Strada Cabrini, 746 Piano 9",,Hazelstad,US,Kansas,56139,TRUE
7573,7573,REGISTERED,avenue Colette Bertin,,Souza Grande,GB,Álava,53574,TRUE
7574,7574,REGISTERED,632 村上 Street,,La Rioja,US,Firenze,50801,TRUE
7575,7575,REGISTERED,"Praia Maria Sophia da Conceição, 81",,Huesca,NG,Ceuta,14415,TRUE
7576,7576,REGISTERED,4084 Stevens Turnpike Suite 548,,Laine,US,Almería,82315,TRUE
7577,7577,REGISTERED,0725 Jones Flat Apt. 430,,Palencia,CA,Berlin,GU4N 4BE,TRUE
7578,7578,REGISTERED,183 伊藤 Street,,Ciudad,US,Texas,54357,TRUE
7579,7579,REGISTERED,024 伊藤 Street,,Lake Wendychester,JP,Pennsylvania,136-3246,TRUE
7580,7580,REGISTERED,02 Jennifer Fords,,長生郡長生村,GB,Barletta-Andria-Trani,909-3662,TRUE
7581,7581,REGISTERED,Albersstraße 2618,,Gaiarine,CA,Como,59506,TRUE
7582,7582,REGISTERED,97185 طقش Port Suite 803,,Jaén,ES,Texas,07018,TRUE
7583,7583,REGISTERED,916 中島 Street,,Alicante,KP,Missouri,52260,TRUE
7584,7584,REGISTERED,Kästerstraße 51/52,,Port Zoe,PA,Thüringen,786-0559,TRUE
7585,7585,REGISTERED,"Flat 52
Marian Underpass",,渋谷区,US,Idaho,10460,TRUE
7586,7586,REGISTERED,210 加藤 Street,,Novaes,ZA,Berlin,50396,TRUE
7587,7587,REGISTERED,91394 حقّي Parkways,,East عابد,GB,Cáceres,00957,TRUE
7588,7588,REGISTERED,"Contrada Cassandra, 978 Piano 6",,四街道市,US,Brandenburg,46051,TRUE
7589,7589,REGISTERED,002 小林 Street,,Fürstenfeldbruck,GB,Vermont,38100,TRUE
7590,7590,REGISTERED,625 中川 Street,,横浜市港北区,ES,Castellón,78448,TRUE
7591,7591,REGISTERED,4 Jacqueline Way,,Guichard-la-Forêt,CA,Minnesota,87262,TRUE
7592,7592,REGISTERED,78062 Ray Bridge,,East Fiona,NL,Illinois,30123,TRUE
7593,7593,REGISTERED,282 長谷川 Street,,Cossoine,CA,Tennessee,16316,TRUE
7594,7594,REGISTERED,Praça Maria Luiza Moraes,,Forst,NL,Granada,95094,TRUE
7595,7595,REGISTERED,972 加藤 Street,,Amandabury,TR,Wyoming,76970,TRUE
7596,7596,REGISTERED,138 福田 Street,,Michelleville,GB,Pernambuco,23026,TRUE
7597,7597,REGISTERED,"6, rue de Laine",,AllardBourg,US,Alabama,07107,TRUE
7598,7598,REGISTERED,6073 دعاء Manors,,Whitneybury,NL,Tocantins,89129,TRUE
7599,7599,REGISTERED,"Borgo Veneziano, 1",,Melilla,GB,Wyoming,26020,TRUE
7600,7600,REGISTERED,"85, rue Julien Joly",,Robynshire,NG,Monza e della Brianza,RH58 9BF,TRUE
7601,7601,REGISTERED,"Piazza Bettina, 359",,Melilla,TR,Zaragoza,79809,TRUE
7602,7602,REGISTERED,196 Roberts Brooks,,South تاجhaven,IT,Belluno,M1 2QA,TRUE
7603,7603,REGISTERED,Peukertring 2/8,,三宅島三宅村,GB,New Mexico,24144,TRUE
7604,7604,REGISTERED,3 Claire Knolls,,Boulanger,CH,Bayern,26858,TRUE
7605,7605,REGISTERED,Adina-Schmidt-Platz 91,,Aragão do Campo,SG,Madrid,20034-602,TRUE
7606,7606,REGISTERED,383 Williams Cliff,,New Trevorville,CH,Colorado,37133,TRUE
7607,7607,REGISTERED,9025 Joan Glens Apt. 246,,Saint Virginie,GB,Rio Grande do Norte,010-4893,TRUE
7608,7608,REGISTERED,"Conjunto Fernando Macedo, 671",,白井市,DE,Nordrhein-Westfalen,08225,TRUE
7609,7609,REGISTERED,Avenida Luisa Ojeda 21,,横浜市磯子区,IT,Málaga,16002,TRUE
7610,7610,REGISTERED,0214 الشاويش Trail Suite 517,,Cornale E Bastida,SG,Amazonas,E1C 2YS,TRUE
7611,7611,REGISTERED,Área Pacheco,,Fiumata,IT,Oregon,15357,TRUE
7612,7612,REGISTERED,"Trevo Freitas, 6",,Baleares,CA,Oregon,72018,TRUE
7613,7613,REGISTERED,"Via Pederiva, 31",,Eores,US,Girona,62562-867,TRUE
7614,7614,REGISTERED,Bergerring 94,,West نادي,SE,Nebraska,27523,TRUE
7615,7615,REGISTERED,9032 Anderson Well Suite 926,,New Ronaldville,DE,Ragusa,NR1E 1JP,TRUE
7616,7616,REGISTERED,"Studio 52G
Emma Square",,Stevensview,SG,Rheinland-Pfalz,28257,TRUE
7617,7617,REGISTERED,79685 Thomas Key Apt. 539,,Casa Grande das Flores,GB,Niedersachsen,46509,TRUE
7618,7618,REGISTERED,608 中村 Street,,川崎市多摩区,SY,Álava,872-9613,TRUE
7619,7619,REGISTERED,309 高橋 Street,,Celle,DE,Cremona,587-6521,TRUE
7620,7620,REGISTERED,080 石川 Street,,Nördlingen,CH,Granada,CM0Y 6JS,TRUE
7621,7621,REGISTERED,74810 Joyce Park Apt. 609,,New نور الحقّton,RU,Tocantins,44742,TRUE
7622,7622,REGISTERED,"Vale Maria Flor Campos, 79",,台東区,CA,Thüringen,47863,TRUE
7623,7623,REGISTERED,282 Tina Views,,Altötting,IT,South Dakota,89418,TRUE
7624,7624,REGISTERED,011 Ayers Valley,,East Aaronchester,IR,Bremen,13682,TRUE
7625,7625,REGISTERED,415 جذام Valley Suite 629,,文京区,IT,Saarland,EN68 0FT,TRUE
7626,7626,REGISTERED,Ullmannweg 6/3,,Garcia,US,Avellino,207-9542,TRUE
7627,7627,REGISTERED,"Studio 29
Cheryl Cove",,مقدامtown,BS,Bayern,11421-076,TRUE
7628,7628,REGISTERED,20 Dennis Neck,,Williamside,GB,New Hampshire,43907,TRUE
7629,7629,REGISTERED,"Sítio Ana Carolina Moura, 40",,横浜市戸塚区,US,Tennessee,94855,TRUE
7630,7630,REGISTERED,"50, avenue Nathalie Michel",,Borgo Callea,CH,Sachsen-Anhalt,OX39 3SA,TRUE
7631,7631,REGISTERED,"Vila Oliver Montenegro, 7",,New تاج الدّينside,US,Ceará,85642,TRUE
7632,7632,REGISTERED,40 Kate Motorway,,Rodrigues,GB,California,05477,TRUE
7633,7633,REGISTERED,828 三浦 Street,,Patrickborough,US,California,279-5468,TRUE
7634,7634,REGISTERED,"284, rue Dos Santos",,Costa de da Costa,MM,Pontevedra,M9W 2YR,TRUE
7635,7635,REGISTERED,6312 Castillo Terrace,,Finleyview,IT,Colorado,93528,TRUE
7636,7636,REGISTERED,79453 Eric Corners,,大田区,SE,Florida,55612,TRUE
7637,7637,REGISTERED,Praça de Viana,,Barre-sur-Barbier,KY,Washington,80387-818,TRUE
7638,7638,REGISTERED,"Rotonda Alessandro, 7",,Cupone,SE,Soria,87458,TRUE
7639,7639,REGISTERED,183 Saunders Manor,,Berlin,DE,Thüringen,388-2074,TRUE
7640,7640,REGISTERED,"Viale Gianfrancesco, 955",,Andre,TR,Idaho,53396,TRUE
7641,7641,REGISTERED,949 藤原 Street,,Lake سليمان,GB,Rio Grande do Norte,43229,TRUE
7642,7642,REGISTERED,56 Hilary Rest,,八千代市,ES,L'Aquila,64037,TRUE
7643,7643,REGISTERED,3903 Parker Heights,,足立区,TR,Milano,01522,TRUE
7644,7644,REGISTERED,5220 هذيل Park,,نورmouth,KP,Louisiana,35811,TRUE
7645,7645,REGISTERED,8371 محفوظ Shore Suite 821,,Palencia,DE,Teruel,28891,TRUE
7646,7646,REGISTERED,Jacobi Jäckelring 8198,,Gaillard,KY,Navarra,29422,TRUE
7647,7647,REGISTERED,445 نوال Glen,,横浜市鶴見区,SY,Connecticut,78709,TRUE
7648,7648,REGISTERED,29011 Ryan Corner Apt. 681,,Zuel,US,Lugo,SM8P 2XA,TRUE
7649,7649,REGISTERED,"38, avenue de Neveu",,Lake حسيب,ZA,Missouri,82032,TRUE
7650,7650,REGISTERED,160 Allen River Apt. 933,,Albuquerque dos Dourados,CA,Piauí,32702,TRUE
7651,7651,REGISTERED,"Viale Sophia, 1",,Correia da Praia,SE,Saarland,31130,TRUE
7652,7652,REGISTERED,613 高橋 Street,,西多摩郡瑞穂町,TR,Córdoba,777-3961,TRUE
7653,7653,REGISTERED,"Borgo Ciro, 356",,Mediano,FR,Florida,LL5 1RS,TRUE
7654,7654,REGISTERED,566 渡辺 Street,,江東区,KY,Hessen,75415,TRUE
7655,7655,REGISTERED,"Viale Roman, 8 Piano 3",,Albuquerque de Caldeira,TR,Catania,66235,TRUE
7656,7656,REGISTERED,Sontagweg 996,,East جليل,GB,Hawaii,17859,TRUE
7657,7657,REGISTERED,Quadra Mendonça,,Nicholsonton,DE,Berlin,G81 2XH,TRUE
7658,7658,REGISTERED,344 後藤 Street,,Madrid,CH,São Paulo,19462,TRUE
7659,7659,REGISTERED,979 Karen Parks,,Girona,IT,Ciudad,15012,TRUE
7660,7660,REGISTERED,Estrada Bryan Garcia,,da Costa,ES,Albacete,41669,TRUE
7661,7661,REGISTERED,Ann-Adolph-Gasse 35/53,,Düren,GB,West Virginia,09876,TRUE
7662,7662,REGISTERED,9783 رصاص Shoal,,Jonestown,JP,Delaware,20984,TRUE
7663,7663,REGISTERED,"Studio 6
Katherine Lake",,Casa Grande de Brito,FR,Amazonas,B3 5SS,TRUE
7664,7664,REGISTERED,870 渡辺 Street,,Ripa Teatina,TR,Forlì-Cesena,24095,TRUE
7665,7665,REGISTERED,"Contrada Ferrata, 848 Piano 4",,Peine,PA,North Carolina,38061,TRUE
7666,7666,REGISTERED,Pasadizo Andrés Losa 73,,Baldwinside,US,Maryland,09656-870,TRUE
7667,7667,REGISTERED,"663, chemin Margaux Pons",,Neustadtner Waldnaab,KY,Iowa,09170,TRUE
7668,7668,REGISTERED,9046 بنو الحارث بن كعب Courts Suite 141,,South حبّابmouth,US,Segovia,59367,TRUE
7669,7669,REGISTERED,515 山口 Street,,Cáceres,ZA,Cosenza,01871,TRUE
7670,7670,REGISTERED,Vial de María José Gallart 71,,Görlitz,AU,Florida,54533,TRUE
7671,7671,REGISTERED,0268 اهرام Forges,,Ourense,FR,Santa Cruz de Tenerife,65025,TRUE
7672,7672,REGISTERED,"Strada Gino, 842",,West مقدام,US,Baden-Württemberg,58787,TRUE
7673,7673,REGISTERED,"Recanto de Nogueira, 62",,Pastor de Cassiano,GB,Utah,80034,TRUE
7674,7674,REGISTERED,"Viale Aurora, 44",,Cantabria,TR,Michigan,52555,TRUE
7675,7675,REGISTERED,3210 دوبلال Oval Apt. 149,,East Jasmineburgh,US,Asturias,13017,TRUE
7676,7676,REGISTERED,Travessa de Rocha,,Port راغب,GB,Alabama,94791-665,TRUE
7677,7677,REGISTERED,45380 العقيدات Extensions,,横浜市都筑区,KY,Alagoas,11232,TRUE
7678,7678,REGISTERED,"Viale Morena, 133 Appartamento 9",,Matthewsbury,RU,Asti,53392,TRUE
7679,7679,REGISTERED,18078 مؤمن Valleys Suite 024,,RogerBourg,NG,Novara,756-3431,TRUE
7680,7680,REGISTERED,6977 John Villages Suite 330,,West Shane,ES,Bremen,09474,TRUE
7681,7681,REGISTERED,618 中村 Street,,Cavalcante,GB,Como,24998,TRUE
7682,7682,REGISTERED,Pasadizo Adelaida Sala 19 Puerta 5 ,,三鷹市,US,Minnesota,29186,TRUE
7683,7683,REGISTERED,754 Dixon Cape,,Marchand,FR,Hessen,21738,TRUE
7684,7684,REGISTERED,Paseo de Lucila Borrell 79,,昭島市,NG,Massachusetts,32649,TRUE
7685,7685,REGISTERED,rue Théodore Becker,,Phillipsfort,DE,Arkansas,50021,TRUE
7686,7686,REGISTERED,1373 يعقوب Loaf,,Jüterbog,SG,Idaho,26956,TRUE
7687,7687,REGISTERED,boulevard Margot Petit,,New شهمmouth,US,Lecco,38026,TRUE
7688,7688,REGISTERED,534 Brandi Flat,,長生郡一宮町,GB,Frosinone,49265,TRUE
7689,7689,REGISTERED,"Via Ana Lívia Viana, 81",,Badajoz,CA,Bremen,757-8869,TRUE
7690,7690,REGISTERED,Alameda de Josep Castells 43,,武蔵村山市,TR,Valladolid,20080,TRUE
7691,7691,REGISTERED,C. Genoveva Requena 93,,Petrignano Del Lago,GB,Niedersachsen,31016,TRUE
7692,7692,REGISTERED,833 山田 Street,,Correia de Sousa,RU,New York,95509-378,TRUE
7693,7693,REGISTERED,73941 Thomas Highway,,Freitas de Melo,PA,Trento,01413,TRUE
7694,7694,REGISTERED,"Rodovia de Borges, 85",,Lake Stephanie,US,Brandenburg,61726,TRUE
7695,7695,REGISTERED,69260 ودود Motorway Apt. 269,,Mary,CA,Georgia,16386,TRUE
7696,7696,REGISTERED,Mike-Fröhlich-Weg 30/33,,Valencia,CA,Rimini,222-0295,TRUE
7697,7697,REGISTERED,"93, rue de Bruneau",,Peixoto do Oeste,GB,Ogliastra,91947,TRUE
7698,7698,REGISTERED,49695 Scott Squares,,Ramos de Camargo,GB,Kansas,66198,TRUE
7699,7699,REGISTERED,9180 لقاء Mountains Apt. 424,,Bad Kissingen,NL,Delaware,33504-551,TRUE
7700,7700,REGISTERED,39285 لوجين Loaf Suite 444,,Bertrand,IT,Virginia,606-4191,TRUE
7701,7701,REGISTERED,96036 Cruz Ridge,,Klötze,PA,North Carolina,82293-796,TRUE
7702,7702,REGISTERED,1 Natalie Point,,da Mata Paulista,SG,Iowa,10427,TRUE
7703,7703,REGISTERED,7 Hugh Garden,,Reno Finalese,ZA,Goiás,G13 5TX,TRUE
7704,7704,REGISTERED,"Incrocio Giuseppina, 85 Piano 6",,府中市,JP,Brandenburg,19518,TRUE
7705,7705,REGISTERED,"5, boulevard Gérard Vincent",,Borges,KY,South Dakota,19050-326,TRUE
7706,7706,REGISTERED,"Via Travia, 4 Piano 5",,Strasburg,JP,Badajoz,27046,TRUE
7707,7707,REGISTERED,"Residencial Arthur Miguel Mendes, 21",,Sheilafort,SG,Nuoro,752-9806,TRUE
7708,7708,REGISTERED,Haeringstraße 5232,,West Deborah,PA,Alagoas,75485,TRUE
7709,7709,REGISTERED,"29, avenue de Humbert",,South Fionaside,JP,Pernambuco,42925,TRUE
7710,7710,REGISTERED,"Campo Silva, 84",,Crailsheim,SE,Virginia,41044,TRUE
7711,7711,REGISTERED,Plaza de Amada Bautista 91 Apt. 31 ,,Bersenbrück,FR,Bayern,07171,TRUE
7712,7712,REGISTERED,12666 Patricia Spurs Apt. 790,,Potier,FR,Mato Grosso do Sul,RG8W 9LF,TRUE
7713,7713,REGISTERED,"16, boulevard de Caron",,Renaud-sur-Mer,TR,Texas,L19 7QE,TRUE
7714,7714,REGISTERED,"Contrada Toscani, 760 Appartamento 44",,Fontaine,KY,Oregon,25418,TRUE
7715,7715,REGISTERED,"1, rue Maurice Sanchez",,Rachelland,ES,Berlin,34143,TRUE
7716,7716,REGISTERED,649 遠藤 Street,,Lake Jennifer,US,North Dakota,22512,TRUE
7717,7717,REGISTERED,674 Donna Divide,,Neustrelitz,KY,Ravenna,26247,TRUE
7718,7718,REGISTERED,"523, boulevard Regnier",,Leão,TR,Ciudad,49068,TRUE
7719,7719,REGISTERED,Margitta-Wagner-Allee 8-6,,Cuenca,DE,Murcia,E10 1UH,TRUE
7720,7720,REGISTERED,rue Chevallier,,八街市,NG,Murcia,74264156,TRUE
7721,7721,REGISTERED,888 近藤 Street,,Álava,FR,Louisiana,06543846,TRUE
7722,7722,REGISTERED,10748 الماني Parks,,Lake Kevinshire,US,Trento,82310,TRUE
7723,7723,REGISTERED,885 小林 Street,,Guillaumedan,US,Schleswig-Holstein,25894,TRUE
7724,7724,REGISTERED,901 長谷川 Street,,Zschopau,GB,Salamanca,32053,TRUE
7725,7725,REGISTERED,C. de Rico Terrón 215 Puerta 2 ,,Bergzabern,KY,Schleswig-Holstein,02095,TRUE
7726,7726,REGISTERED,082 Adams Route,,Bremervörde,AU,Rondônia,86080,TRUE
7727,7727,REGISTERED,Vial Andrés Felipe Abad 69 Apt. 60 ,,Goodwinshire,US,Berlin,09945912,TRUE
7728,7728,REGISTERED,"667, rue Julien Le Roux",,浦安市,RU,Thüringen,35615,TRUE
7729,7729,REGISTERED,"Studio 52
Jones Flats",,Neustrelitz,BS,Alagoas,92335,TRUE
7730,7730,REGISTERED,51566 Baldwin Trafficway,,da Cunha,SE,Hawaii,83591,TRUE
7731,7731,REGISTERED,"Feira de Ribeiro, 22",,da Cunha do Amparo,FR,Ohio,423-5675,TRUE
7732,7732,REGISTERED,0661 Alyssa Spurs Apt. 482,,Las Palmas,ES,Colorado,22158,TRUE
7733,7733,REGISTERED,"Studio 5
Clare Flat",,المؤقتview,KY,Acre,70128,TRUE
7734,7734,REGISTERED,Beyerstr. 952,,横浜市保土ケ谷区,US,Ceuta,65626,TRUE
7735,7735,REGISTERED,2681 Gary Mountains Suite 043,,Sant'Egidio,MM,Trieste,57675,TRUE
7736,7736,REGISTERED,Callejón de Juan Bautista Sanabria 6,,New Stephaniestad,KY,Massachusetts,81958,TRUE
7737,7737,REGISTERED,"Lago de Câmara, 18",,Zaragoza,AU,Tennessee,TA92 8QY,TRUE
7738,7738,REGISTERED,"Piazza Orazio, 35 Appartamento 1",,بترونيport,RU,Rondônia,G91 8SR,TRUE
7739,7739,REGISTERED,Metzstraße 55,,国立市,JP,Torino,01918,TRUE
7740,7740,REGISTERED,55688 فردوس Fords,,Rey,SE,Cáceres,194-1731,TRUE
7741,7741,REGISTERED,"3, boulevard Étienne",,North Carla,FR,Thüringen,58914,TRUE
7742,7742,REGISTERED,4988 Lauren Meadows Suite 152,,Port Davidshire,GB,Saarland,240-6995,TRUE
7743,7743,REGISTERED,Krista-Meister-Weg 982,,حوالةville,US,Vermont,86713982,TRUE
7744,7744,REGISTERED,114 林 Street,,Millsbury,CA,Huesca,B9 9SP,TRUE
7745,7745,REGISTERED,065 林 Street,,Bremervörde,FR,North Carolina,85056,TRUE
7746,7746,REGISTERED,Heintzestraße 827,,Wurzen,BS,Louisiana,08637,TRUE
7747,7747,REGISTERED,Gundolf-Hertrampf-Platz 5146,,Cerda,US,Arezzo,G88 9UL,TRUE
7748,7748,REGISTERED,Pasadizo Emiliano Alegre 37,,Lima,ZA,Amazonas,23324,TRUE
7749,7749,REGISTERED,"Flat 20U
Gray Extension",,山武郡芝山町,DE,New York,35335,TRUE
7750,7750,REGISTERED,45635 صبيح Cape,,العلميport,IT,Niedersachsen,G62 6WF,TRUE
7751,7751,REGISTERED,"Canale Tiziano, 82",,Briand-la-Forêt,TR,Rimini,53586,TRUE
7752,7752,REGISTERED,12952 ارناؤوط Avenue,,西多摩郡日の出町,SY,Kentucky,51728,TRUE
7753,7753,REGISTERED,9608 Christian Club,,Souza,DE,Salerno,69840,TRUE
7754,7754,REGISTERED,78474 Christopher Radial,,Sainte Nicolas,IT,Terni,19310,TRUE
7755,7755,REGISTERED,Cuesta Pacífica Sevillano 4 Piso 4 ,,Port Dylan,NG,Córdoba,45006,TRUE
7756,7756,REGISTERED,Reichmannring 5,,Valladolid,US,Mato Grosso,80659,TRUE
7757,7757,REGISTERED,"Studio 5
Murphy Stravenue",,Guipúzcoa,FR,Saarland,43299,TRUE
7758,7758,REGISTERED,Urbanización Ángela Quintanilla 67,,Benoit,US,Barletta-Andria-Trani,40398,TRUE
7759,7759,REGISTERED,Kraushaarring 41/56,,نادرton,DE,Hessen,SL7 7NJ,TRUE
7760,7760,REGISTERED,864 長谷川 Street,,Teruel,JP,Baden-Württemberg,72020,TRUE
7761,7761,REGISTERED,593 Trevor Road,,Borgo Bainsizza,FR,Distrito Federal,66954,TRUE
7762,7762,REGISTERED,402 藤井 Street,,Pederiva,BS,Nordrhein-Westfalen,22213,TRUE
7763,7763,REGISTERED,"Lago de Freitas, 99",,Badajoz,FR,Las Palmas,35704,TRUE
7764,7764,REGISTERED,Avenida de Modesta Casanova 42 Piso 2 ,,Caldeira do Amparo,DE,Parma,16470,TRUE
7765,7765,REGISTERED,"6, boulevard Anouk Maillard",,Leão,FR,Bari,26840,TRUE
7766,7766,REGISTERED,611 Victoria Wall Suite 864,,Creda,ZA,Utah,38042,TRUE
7767,7767,REGISTERED,avenue Leblanc,,Masonbury,FR,Saarland,70286,TRUE
7768,7768,REGISTERED,rue Margaux Leconte,,Moraes,AU,Pisa,TA6V 6NJ,TRUE
7769,7769,REGISTERED,Paseo Asdrubal Puga 65,,Kleve,BS,Granada,83043,TRUE
7770,7770,REGISTERED,"61, avenue de Pineau",,Burgos,NL,Nevada,W5 1JN,TRUE
7771,7771,REGISTERED,"Studio 35
Taylor Brook",,Stadtsteinach,FR,New York,43653181,TRUE
7772,7772,REGISTERED,579 佐藤 Street,,New كوثرtown,DE,Vercelli,80757,TRUE
7773,7773,REGISTERED,69718 عذرة Rest Apt. 825,,Linosa,ES,Colorado,52643,TRUE
7774,7774,REGISTERED,46799 Scott Plaza,,Cassiano de Cavalcanti,JP,Ragusa,417-8520,TRUE
7775,7775,REGISTERED,Rambla Apolonia Pujol 10,,Ramos,CA,Bahia,078-0279,TRUE
7776,7776,REGISTERED,Conradiplatz 964,,立川市,IT,Sachsen,21692,TRUE
7777,7777,REGISTERED,"Estrada Isaac da Mata, 96",,Plauen,TR,Zamora,81746-956,TRUE
7778,7778,REGISTERED,95 Hugh Overpass,,横浜市緑区,JP,Distrito Federal,84025329,TRUE
7779,7779,REGISTERED,641 前田 Street,,Deggendorf,AU,Hawaii,31624,TRUE
7780,7780,REGISTERED,Steuerring 51/36,,Almería,PA,North Dakota,56924,TRUE
7781,7781,REGISTERED,"Vicolo Zoppetto, 2 Piano 0",,Cádiz,AU,Melilla,20501,TRUE
7782,7782,REGISTERED,"Flat 0
Callum Light",,Carrieview,CA,Piauí,12591-561,TRUE
7783,7783,REGISTERED,1 Miller Glen,,昭島市,ES,Terni,MK79 0JS,TRUE
7784,7784,REGISTERED,Fiebigplatz 4-5,,Jülich,ZA,Pernambuco,60488,TRUE
7785,7785,REGISTERED,Trevo de Rocha,,Cerro Veronese,IT,La Coruña,436-9086,TRUE
7786,7786,REGISTERED,3362 Ryan Drives,,Carlier-les-Bains,SE,Oklahoma,25088,TRUE
7787,7787,REGISTERED,00 Ronald Rue,,Câmara,DE,Alagoas,15312,TRUE
7788,7788,REGISTERED,576 鈴木 Street,,Gillesboeuf,PA,Mato Grosso do Sul,46040,TRUE
7789,7789,REGISTERED,"Studio 4
Abigail Rapids",,Pacheco Verde,JP,Colorado,35432,TRUE
7790,7790,REGISTERED,"Studio 9
Mills Crest",,Ercolano,IT,Brescia,94263-945,TRUE
7791,7791,REGISTERED,689 Callahan Circle,,あきる野市,FR,Thüringen,58227007,TRUE
7792,7792,REGISTERED,Beckmannstr. 2/2,,Stazione Di Mongrassano,ZA,Mecklenburg-Vorpommern,94332,TRUE
7793,7793,REGISTERED,"Rodovia Aylla Marques, 686",,da Conceição da Serra,US,Álava,40602,TRUE
7794,7794,REGISTERED,8219 بنو عبس Road Apt. 847,,New خافقshire,GB,Alagoas,42453,TRUE
7795,7795,REGISTERED,098 Rodriguez Tunnel,,Port Juanstad,IT,Maryland,60473,TRUE
7796,7796,REGISTERED,9173 Rhodes Junctions Apt. 099,,Polla,NL,New Jersey,04589,TRUE
7797,7797,REGISTERED,"Rodovia Arthur da Rosa, 1",,Port Scott,MM,Asturias,700-5418,TRUE
7798,7798,REGISTERED,"Canale Tropea, 518",,Malchin,YE,Indiana,32187-841,TRUE
7799,7799,REGISTERED,"7, rue Valérie Blondel",,Novaes Paulista,US,Distrito Federal,84168-529,TRUE
7800,7800,REGISTERED,Sítio Pires,,新島村,ZA,Amapá,74620,TRUE
7801,7801,REGISTERED,"7, rue Stéphanie Delmas",,Lake Elliott,ZA,Ávila,35935,TRUE
7802,7802,REGISTERED,"84, boulevard de Petitjean",,Alicante,DE,Bayern,56704,TRUE
7803,7803,REGISTERED,"Via Squarcione, 92 Piano 3",,Alexanderside,KY,Rhode Island,40428913,TRUE
7804,7804,REGISTERED,Rodovia de Santos,,Bertorella,FR,Sassari,52406,TRUE
7805,7805,REGISTERED,C. de Victoria Cabello 134,,Legros,FR,Florida,502-5133,TRUE
7806,7806,REGISTERED,804 ميرفاب Haven Apt. 352,,Port نصر الدّين,ZA,California,89204,TRUE
7807,7807,REGISTERED,Acceso de Juan Carrillo 4,,Martins Verde,JP,Hawaii,977-5366,TRUE
7808,7808,REGISTERED,"Estação Siqueira, 24",,North Ann,CA,Alicante,G9F 4FT,TRUE
7809,7809,REGISTERED,73 Robert Drive,,横浜市西区,ES,Mississippi,63892,TRUE
7810,7810,REGISTERED,"Via Gozzi, 69 Appartamento 53",,Collegno,SG,Pará,133-8597,TRUE
7811,7811,REGISTERED,634 小川 Street,,Noël,DE,Iowa,604-5493,TRUE
7812,7812,REGISTERED,Avenida de Manu Luís 67,,Pamelatown,GB,Amazonas,15793,TRUE
7813,7813,REGISTERED,376 橋本 Street,,da Rosa,BS,Washington,48340,TRUE
7814,7814,REGISTERED,Gutknechtring 58,,印旛郡酒々井町,FR,Kansas,41117,TRUE
7815,7815,REGISTERED,371 鈴木 Street,,Ledoux,US,Alabama,08043,TRUE
7816,7816,REGISTERED,925 山下 Street,,Saint Julie,GB,Agrigento,10279,TRUE
7817,7817,REGISTERED,Paseo de Plácido Herranz 4,,Soest,DE,Goiás,539-6243,TRUE
7818,7818,REGISTERED,"Strada Maderna, 8 Piano 1",,Pimenta,DE,Tocantins,88357-369,TRUE
7819,7819,REGISTERED,"Vicolo Fausto, 774",,八千代市,TR,Thüringen,61579,TRUE
7820,7820,REGISTERED,Vial de Consuelo Beltran 79 Apt. 48 ,,新島村,FR,Vibo Valentia,163-9543,TRUE
7821,7821,REGISTERED,426 رخاء Centers,,Locate Varesino,YE,Hessen,39021,TRUE
7822,7822,REGISTERED,avenue de Carpentier,,横浜市保土ケ谷区,ES,Georgia,23703,TRUE
7823,7823,REGISTERED,Acceso de Hugo Tejera 56,,Casa Grande,TR,Teruel,521-7678,TRUE
7824,7824,REGISTERED,Paseo de Clara Posada 422 Puerta 2 ,,新島村,IT,Goiás,97100,TRUE
7825,7825,REGISTERED,"Borgo Maria, 68",,Bitterfeld,GB,Kansas,099-9100,TRUE
7826,7826,REGISTERED,742 Daniel Prairie,,Pasquier,CH,Thüringen,BD70 8SP,TRUE
7827,7827,REGISTERED,Carla-Stumpf-Weg 8/9,,Fonseca do Norte,JP,Salamanca,88046,TRUE
7828,7828,REGISTERED,58811 نظام Inlet Apt. 592,,Oste,GB,Colorado,10094,TRUE
7829,7829,REGISTERED,908 石井 Street,,Sangerhausen,KP,Massachusetts,84052,TRUE
7830,7830,REGISTERED,Paseo Laura Juárez 10,,Partino,KP,North Dakota,CB25 6WY,TRUE
7831,7831,REGISTERED,"Flat 67
Griffiths Isle",,Huelva,ES,Arkansas,83380-858,TRUE
7832,7832,REGISTERED,"Vicolo Mauro, 91",,印旛郡本埜村,US,Montana,01621,TRUE
7833,7833,REGISTERED,"Studio 53x
Andrea Crossroad",,Badajoz,TR,Nordrhein-Westfalen,69783-198,TRUE
7834,7834,REGISTERED,"Contrada Casellati, 34",,Peine,KY,Wisconsin,71224-442,TRUE
7835,7835,REGISTERED,"Flat 10
Hudson Fort",,North Melanie,US,Bergamo,89886,TRUE
7836,7836,REGISTERED,"Trecho de Nogueira, 42",,町田市,FR,Ogliastra,53848,TRUE
7837,7837,REGISTERED,Rambla Filomena Tirado 15 Puerta 6 ,,Benarddan,JP,Kentucky,26884,TRUE
7838,7838,REGISTERED,709 Joseph Road,,Le Roux-les-Bains,CA,Lecco,53745745,TRUE
7839,7839,REGISTERED,43409 عبّود Spring Suite 535,,Greifswald,SG,Trapani,393-8062,TRUE
7840,7840,REGISTERED,Pasadizo Sancho Segarra 827 Puerta 9 ,,Fonseca,TR,Olbia-Tempio,TQ8 0SF,TRUE
7841,7841,REGISTERED,620 石川 Street,,南房総市,DE,Córdoba,44572182,TRUE
7842,7842,REGISTERED,915 اسطمبولي Divide,,Port Amelia,DE,Arkansas,48305,TRUE
7843,7843,REGISTERED,726 山田 Street,,Meißen,ES,Sevilla,34340,TRUE
7844,7844,REGISTERED,"Favela Ferreira, 88",,Guarene,US,Burgos,56850,TRUE
7845,7845,REGISTERED,268 山下 Street,,Siqueira Verde,JP,Maryland,63831,TRUE
7846,7846,REGISTERED,796 Martin Mountain,,West Angelaborough,ES,Paraíba,15863,TRUE
7847,7847,REGISTERED,48 Wilson Drives,,New ظاهر,IT,Belluno,12606,TRUE
7848,7848,REGISTERED,516 بحمدوني Green Suite 058,,白井市,RU,L'Aquila,51004,TRUE
7849,7849,REGISTERED,11824 Gabriel Burg Apt. 486,,Tarragona,GB,Thüringen,64468418,TRUE
7850,7850,REGISTERED,"519, chemin Alix Dos Santos",,Lake أجوان,IT,Brandenburg,09094,TRUE
7851,7851,REGISTERED,293 伊藤 Street,,Schongau,US,Wisconsin,37332,TRUE
7852,7852,REGISTERED,978 الكواهلة Course,,Perryside,IT,Tarragona,E1 5DT,TRUE
7853,7853,REGISTERED,Distrito Gael Henrique Lopes,,Ribeiro do Galho,US,Indiana,01018,TRUE
7854,7854,REGISTERED,Gehringergasse 75,,Badajoz,ES,Pistoia,95038,TRUE
7855,7855,REGISTERED,544 بهجة Camp Suite 629,,Hechingen,PA,Bremen,13841,TRUE
7856,7856,REGISTERED,"Chácara Igor Aragão, 8",,世田谷区,SG,Ceuta,G0 9RX,TRUE
7857,7857,REGISTERED,boulevard Colin,,Câmara,GB,Guipúzcoa,11444,TRUE
7858,7858,REGISTERED,Rita-Müller-Gasse 38,,صيدانيfurt,US,La Rioja,07029,TRUE
7859,7859,REGISTERED,860 مناف Villages Apt. 514,,Melo do Amparo,RU,Virginia,10078,TRUE
7860,7860,REGISTERED,Rambla de Rosenda Tamarit 66,,Pfaffenhofen an der Ilm,NG,Sevilla,55047,TRUE
7861,7861,REGISTERED,52773 Karen Street,,خالديville,RU,Padova,06089,TRUE
7862,7862,REGISTERED,412 佐々木 Street,,New وليدhaven,US,Espírito Santo,20553,TRUE
7863,7863,REGISTERED,"47, avenue Tessier",,Matthewberg,ZA,Zaragoza,73169,TRUE
7864,7864,REGISTERED,207 伊藤 Street,,Torre Archirafi,IR,Alagoas,325-9730,TRUE
7865,7865,REGISTERED,Rambla Prudencio Lago 1 Apt. 12 ,,BonneauBourg,AU,Sachsen-Anhalt,W2S 1LG,TRUE
7866,7866,REGISTERED,26 Fisher Spring,,Grumento Nova,TR,Cáceres,16487,TRUE
7867,7867,REGISTERED,rue Faivre,,Badajoz,DE,Frosinone,08813,TRUE
7868,7868,REGISTERED,"Studio 7
Amber Crescent",,New سامي,ES,Santa Catarina,66324,TRUE
7869,7869,REGISTERED,768 伊藤 Street,,川崎市宮前区,US,Arizona,04249,TRUE
7870,7870,REGISTERED,"Flat 9
Morgan Oval",,Bitterfeld,SG,Pavia,108-9692,TRUE
7871,7871,REGISTERED,418 木村 Street,,Port Donald,JP,Alabama,43495,TRUE
7872,7872,REGISTERED,007 اعتماد Brooks,,Wangberg,US,West Virginia,46221657,TRUE
7873,7873,REGISTERED,7329 Saunders Stravenue Apt. 623,,Oliveira do Campo,JP,Oregon,W2 9QX,TRUE
7874,7874,REGISTERED,958 مُرسي Fields,,Bad Mergentheim,RU,Iowa,58451,TRUE
7875,7875,REGISTERED,669 橋本 Street,,Birchhaven,SE,Ciudad,31371-368,TRUE
7876,7876,REGISTERED,"25, rue Moreau",,Williamborough,PA,Illinois,01550,TRUE
7877,7877,REGISTERED,003 Hamilton Harbor,,South Melissaview,RU,Grosseto,39581,TRUE
7878,7878,REGISTERED,"Studio 6
Tucker Overpass",,Port Howard,IT,Texas,01131,TRUE
7879,7879,REGISTERED,Horst-Mangold-Allee 654,,Benoit,YE,Niedersachsen,W9 0UQ,TRUE
7880,7880,REGISTERED,"Viale Zichichi, 2 Piano 4",,Cassiano,FR,São Paulo,21224-655,TRUE
7881,7881,REGISTERED,"Avenida Anna Liz Cavalcante, 901",,Claudiaburgh,GB,Idaho,27663713,TRUE
7882,7882,REGISTERED,"Rodovia de Ferreira, 60",,東大和市,NL,Saarland,15062,TRUE
7883,7883,REGISTERED,Ladeira de Pacheco,,Granada,RU,Florida,71909,TRUE
7884,7884,REGISTERED,Alameda de Gabriel Plaza 48,,Paese,PA,Rio Grande do Norte,G60 2YL,TRUE
7885,7885,REGISTERED,Heinzstr. 4103,,Albuquerque,GB,Mecklenburg-Vorpommern,87468,TRUE
7886,7886,REGISTERED,"Flat 4
Timothy Plain",,Reutlingen,FR,Nevada,ML29 2HH,TRUE
7887,7887,REGISTERED,Pasadizo Ani Arellano 49 Apt. 49 ,,青梅市,FR,Bahia,155-3593,TRUE
7888,7888,REGISTERED,"Viale Modugno, 8",,Marie,IT,Huelva,88403,TRUE
7889,7889,REGISTERED,"Vereda Esther da Mota, 55",,Peixoto do Amparo,TR,Rio de Janeiro,L02 1EH,TRUE
7890,7890,REGISTERED,205 松田 Street,,Williamsland,IR,Nevada,G44 8JL,TRUE
7891,7891,REGISTERED,036 木村 Street,,West كسّاب,FR,Saarland,N0 6LJ,TRUE
7892,7892,REGISTERED,"44, rue Guillaume Gosselin",,Lake Stevenstad,JP,Nebraska,49331,TRUE
7893,7893,REGISTERED,8 Shirley River,,East رحيب,GB,Wisconsin,HA96 1RR,TRUE
7894,7894,REGISTERED,508 井上 Street,,Ourense,US,Bayern,84722,TRUE
7895,7895,REGISTERED,"Studio 95
Knight Extensions",,Chauvinnec,US,Bolzano,G0G 4BE,TRUE
7896,7896,REGISTERED,343 伊藤 Street,,South Thomas,DE,Guipúzcoa,16095,TRUE
7897,7897,REGISTERED,Helmtrud-Klemt-Allee 9/2,,Port Deniseview,DE,Maryland,SA6V 1JE,TRUE
7898,7898,REGISTERED,5935 Christian Manors Suite 139,,川崎市多摩区,DE,Tarragona,64264,TRUE
7899,7899,REGISTERED,"Residencial de Ferreira, 35",,Jemmaburgh,DE,Salamanca,29853-630,TRUE
7900,7900,REGISTERED,Alan-Stolze-Gasse 79-78,,Osterode am Harz,NL,Lucca,86404466,TRUE
7901,7901,REGISTERED,"Studio 9
Berry Oval",,国立市,CA,Connecticut,34136,TRUE
7902,7902,REGISTERED,978 前田 Street,,町田市,IT,Potenza,96182,TRUE
7903,7903,REGISTERED,800 岡本 Street,,Port Annville,SG,Tennessee,06276,TRUE
7904,7904,REGISTERED,187 الغوانمة Forks Apt. 261,,Zaragoza,DE,Indiana,227-0474,TRUE
7905,7905,REGISTERED,"Travessa Gonçalves, 94",,Gemmashire,GB,Brandenburg,66297,TRUE
7906,7906,REGISTERED,"Vicolo Micheletto, 95",,印旛郡印旛村,ES,South Dakota,48642,TRUE
7907,7907,REGISTERED,"Colônia Maria Luiza Leão, 37",,Gesturi,DE,Zamora,27463,TRUE
7908,7908,REGISTERED,Xaver-Hartmann-Platz 5-6,,Barbosa,NG,Nevada,20072,TRUE
7909,7909,REGISTERED,090 西村 Street,,Castellón,JP,Hessen,21241,TRUE
7910,7910,REGISTERED,Roger-Hauffer-Ring 3,,Guillaumeboeuf,IT,Teruel,32614,TRUE
7911,7911,REGISTERED,Paseo Isaac Amo 43 Puerta 1 ,,Phillipston,DE,Goiás,89712,TRUE
7912,7912,REGISTERED,Ladeira Abreu,,Northeim,NG,Bayern,82881,TRUE
7913,7913,REGISTERED,"313, rue de Perrier",,Camargo,FR,Albacete,50528,TRUE
7914,7914,REGISTERED,"62, rue Gaillard",,Montenegro,BS,Florida,63956,TRUE
7915,7915,REGISTERED,"Studio 7
Terence Road",,South Kristinastad,CH,Pennsylvania,10156,TRUE
7916,7916,REGISTERED,5485 الزماميري Track Apt. 059,,Monsampietro Morico,DE,Cáceres,09298,TRUE
7917,7917,REGISTERED,"Vicolo Piane, 2 Appartamento 9",,Brito do Galho,NG,South Dakota,39015,TRUE
7918,7918,REGISTERED,7823 بنو الدئل Camp,,ValletVille,ZA,Ceuta,E5G 1AA,TRUE
7919,7919,REGISTERED,boulevard Colas,,Ronaldbury,FR,Rheinland-Pfalz,42973,TRUE
7920,7920,REGISTERED,"Studio 19Z
Cox Skyway",,Ochsenfurt,SG,Saarland,73178,TRUE
7921,7921,REGISTERED,Eigenwilligstr. 78-33,,Pamelafort,KY,Brandenburg,90088475,TRUE
7922,7922,REGISTERED,"Via Casalodi, 67 Appartamento 97",,Martins do Galho,US,Wisconsin,004-3495,TRUE
7923,7923,REGISTERED,431 Justin Station,,Alicante,SY,Schleswig-Holstein,66887,TRUE
7924,7924,REGISTERED,46 Arthur Shores,,南房総市,GB,Acre,30686,TRUE
7925,7925,REGISTERED,Uli-Rörricht-Ring 8/2,,الجاعونيberg,SG,North Carolina,09481288,TRUE
7926,7926,REGISTERED,"Canale Pisacane, 61 Appartamento 37",,New Douglas,US,Guadalajara,11312694,TRUE
7927,7927,REGISTERED,594 Lisa Forge,,Benoitdan,PA,Minnesota,22477,TRUE
7928,7928,REGISTERED,"Viela Monteiro, 296",,Pacheco de Goiás,DE,Foggia,51948,TRUE
7929,7929,REGISTERED,074 加藤 Street,,Port Debra,GB,South Carolina,79648,TRUE
7930,7930,REGISTERED,"Borgo Faugno, 570 Piano 5",,Cohen,SE,Verona,253-0783,TRUE
7931,7931,REGISTERED,410 Walter Garden,,Lebreton,BS,Mato Grosso,13356,TRUE
7932,7932,REGISTERED,"Condomínio de Silva, 1",,West Davidtown,IT,Napoli,71039,TRUE
7933,7933,REGISTERED,"57, chemin de Bazin",,Bonnet,IT,Barcelona,36351,TRUE
7934,7934,REGISTERED,"Vicolo Tiepolo, 874 Appartamento 20",,Cooleymouth,SE,León,35132,TRUE
7935,7935,REGISTERED,Callejón de Victoriano Díez 71 Apt. 89 ,,Verdier,TR,Rheinland-Pfalz,DG66 7PX,TRUE
7936,7936,REGISTERED,Francoise-Ebert-Weg 4-4,,Vignale Monferrato,DE,Maine,50566,TRUE
7937,7937,REGISTERED,Vial Ciriaco Balaguer 60 Apt. 21 ,,Viana,ZA,Ravenna,53047,TRUE
7938,7938,REGISTERED,Rabea-Weller-Platz 7207,,Piovezzano,AU,Melilla,629-8631,TRUE
7939,7939,REGISTERED,818 斎藤 Street,,Ávila,GB,Oregon,45728,TRUE
7940,7940,REGISTERED,26258 Alyssa Loop Apt. 134,,Lake Judithberg,SE,Forlì-Cesena,44186,TRUE
7941,7941,REGISTERED,430 Russell Springs,,Kehl,GB,Saarland,28329,TRUE
7942,7942,REGISTERED,533 岡田 Street,,Gimenez,RU,Rondônia,50592,TRUE
7943,7943,REGISTERED,73483 Brittany Fields Apt. 056,,Borgomale,IT,Niedersachsen,67507040,TRUE
7944,7944,REGISTERED,"Borgo Edoardo, 533 Piano 7",,Warendorf,CH,Pará,065-0425,TRUE
7945,7945,REGISTERED,"Via Cesare, 13",,Eilenburg,US,Kentucky,DN68 1WF,TRUE
7946,7946,REGISTERED,"Contrada Elena, 5",,Cirino da Mata,NL,Arkansas,87107,TRUE
7947,7947,REGISTERED,254 加藤 Street,,Whiteland,NG,Bremen,W1C 7BB,TRUE
7948,7948,REGISTERED,Cañada de Judith Barrera 5 Apt. 50 ,,New Alexisburgh,US,La Coruña,46061,TRUE
7949,7949,REGISTERED,Roselinde-Spieß-Gasse 76/88,,South فدائي,JP,Mecklenburg-Vorpommern,78667,TRUE
7950,7950,REGISTERED,Matthäigasse 43/92,,Gautier,BS,Baleares,057-6642,TRUE
7951,7951,REGISTERED,"Largo Camargo, 59",,横浜市瀬谷区,ZA,Zamora,95785,TRUE
7952,7952,REGISTERED,"417, boulevard Zoé Maillet",,Machado do Amparo,CH,La Coruña,B56 7GR,TRUE
7953,7953,REGISTERED,"Incrocio Mascagni, 98",,昭島市,RU,Thüringen,58767,TRUE
7954,7954,REGISTERED,Erik-Kaul-Straße 42-53,,South مشاريland,DE,Berlin,83746,TRUE
7955,7955,REGISTERED,Lagoa de da Luz,,West Francesside,SY,Sevilla,874-4484,TRUE
7956,7956,REGISTERED,114 佐藤 Street,,Cordier-la-Forêt,PA,North Dakota,57649,TRUE
7957,7957,REGISTERED,"Contrada Franzese, 792",,Sainte Virginienec,GB,Baden-Württemberg,045-5690,TRUE
7958,7958,REGISTERED,Ronda Severiano Leal 2 Puerta 7 ,,Bitterfeld,DE,Rio Grande do Norte,39552,TRUE
7959,7959,REGISTERED,"Borgo Antonetti, 85 Piano 4",,三鷹市,US,León,10873,TRUE
7960,7960,REGISTERED,"Flat 31c
Anne Centers",,New هلاليberg,US,New York,58255,TRUE
7961,7961,REGISTERED,Röhrichtallee 1-8,,香取郡東庄町,TR,Navarra,62525,TRUE
7962,7962,REGISTERED,"38, avenue Gimenez",,Hardy,IT,North Dakota,29594,TRUE
7963,7963,REGISTERED,765 山下 Street,,Huesca,US,Genova,L7 5NA,TRUE
7964,7964,REGISTERED,4386 فرحان Meadow,,Gräfenhainichen,FR,Sergipe,15822-175,TRUE
7965,7965,REGISTERED,Reichmanngasse 22,,West Jaynechester,IT,Ourense,DT9W 7ND,TRUE
7966,7966,REGISTERED,"Flat 44
John Loop",,بعلبكيfort,FR,Granada,18270-299,TRUE
7967,7967,REGISTERED,"Viale Collodi, 34 Piano 8",,Ebersberg,FR,Thüringen,73085,TRUE
7968,7968,REGISTERED,"Sítio Silva, 658",,Saint Véronique,US,Schleswig-Holstein,24915-416,TRUE
7969,7969,REGISTERED,952 斉藤 Street,,Rosignano Monferrato,FR,Massachusetts,19757,TRUE
7970,7970,REGISTERED,8205 Sharon Point,,Port Josephburgh,TR,Kentucky,E7 5GL,TRUE
7971,7971,REGISTERED,"Flat 12u
Ryan Stravenue",,Tarragona,FR,Santa Catarina,20331,TRUE
7972,7972,REGISTERED,"711, rue de Girard",,Castellón,ES,Foggia,01963738,TRUE
7973,7973,REGISTERED,"74, rue Clémence Pineau",,Nabburg,DE,Piauí,08038,TRUE
7974,7974,REGISTERED,348 Ford Course,,West Shannonland,PA,Melilla,34527,TRUE
7975,7975,REGISTERED,"Contrada Nadia, 93 Appartamento 6",,Savignano Di Rigo,ZA,Mississippi,26181,TRUE
7976,7976,REGISTERED,402 高橋 Street,,武蔵野市,BS,Connecticut,55398-220,TRUE
7977,7977,REGISTERED,896 Jemma Road,,Bailly,KY,Vermont,35702,TRUE
7978,7978,REGISTERED,291 Fisher Run Apt. 124,,Cádiz,JP,Pennsylvania,10804,TRUE
7979,7979,REGISTERED,"Borgo Meucci, 71",,Málaga,NG,Bayern,44177,TRUE
7980,7980,REGISTERED,Pasaje Crescencia Vicens 419 Puerta 9 ,,Lemonnier,SE,Ceará,26974,TRUE
7981,7981,REGISTERED,Cañada Loida Páez 261 Puerta 2 ,,Ávila,DE,Rio Grande do Norte,37138,TRUE
7982,7982,REGISTERED,"Condomínio Barbosa, 3",,Salamanca,NG,Latina,82430-725,TRUE
7983,7983,REGISTERED,934 吉田 Street,,Kaylabury,ZA,Sachsen-Anhalt,86772,TRUE
7984,7984,REGISTERED,Huhnplatz 57/93,,Lake جعفر,ES,Rhode Island,40696,TRUE
7985,7985,REGISTERED,079 藤井 Street,,Uffenheim,IT,Amazonas,51533,TRUE
7986,7986,REGISTERED,"Piazza Adele, 26",,Christineview,IT,New York,23479,TRUE
7987,7987,REGISTERED,"Viale Antonini, 5",,دارينview,US,Texas,64669-358,TRUE
7988,7988,REGISTERED,Albersring 81-15,,Lake Henry,NL,Mato Grosso do Sul,13511,TRUE
7989,7989,REGISTERED,"Contrada Conte, 2",,富津市,IT,Rheinland-Pfalz,59476,TRUE
7990,7990,REGISTERED,Calle José Manuel Sanz 55 Puerta 5 ,,三宅島三宅村,SY,Bremen,37507,TRUE
7991,7991,REGISTERED,89 Guy Landing,,Hechingen,PA,Montana,80055,TRUE
7992,7992,REGISTERED,108 Smith Rapid,,Dominicview,NG,Gorizia,870-4567,TRUE
7993,7993,REGISTERED,"71, chemin de Arnaud",,Teruel,DE,Girona,E90 4ZU,TRUE
7994,7994,REGISTERED,3006 الكثيري Coves,,Bad Freienwalde,JP,Melilla,541-7941,TRUE
7995,7995,REGISTERED,410 Clark Spurs,,江戸川区,FR,Oklahoma,09525,TRUE
7996,7996,REGISTERED,"Studio 69Z
Lewis Meadows",,Rémy,GB,Amapá,38948,TRUE
7997,7997,REGISTERED,Ronda de Guadalupe Velasco 34 Apt. 55 ,,Imbert,ES,Rheinland-Pfalz,L49 5PF,TRUE
7998,7998,REGISTERED,boulevard Camille Dufour,,Monschau,NL,Melilla,56561,TRUE
7999,7999,REGISTERED,575 عبد الرّحيم Falls Apt. 092,,夷隅郡御宿町,ES,Mississippi,674-9756,TRUE
8000,8000,REGISTERED,667 藤田 Street,,Garcia,US,Almería,47390,TRUE
8001,8001,REGISTERED,918 Kelly Course,,Burgos,IT,León,M81 2RR,TRUE
8002,8002,REGISTERED,609 青木 Street,,川崎市宮前区,NL,Barcelona,67242,TRUE
8003,8003,REGISTERED,"Aeroporto Eduardo Ribeiro, 76",,北区,CA,Castellón,37798,TRUE
8004,8004,REGISTERED,"Favela Isabel Melo, 24",,Port شفيعhaven,JP,Pavia,76973,TRUE
8005,8005,REGISTERED,Calle Berta Olmedo 880,,Jamieland,NG,Campobasso,80044,TRUE
8006,8006,REGISTERED,3729 Rhonda Spurs Apt. 211,,Salmon,IR,Teramo,553-5584,TRUE
8007,8007,REGISTERED,Via de José Antonio Elorza 981,,三鷹市,PA,Minnesota,29031,TRUE
8008,8008,REGISTERED,"Residencial Pedro Mendonça, 72",,Pontevedra,KY,Mato Grosso do Sul,21135,TRUE
8009,8009,REGISTERED,"Contrada Torquato, 73",,Maxhaven,SE,Maine,L2 3DZ,TRUE
8010,8010,REGISTERED,"577, rue Paul",,Farias,NG,Nordrhein-Westfalen,G25 5JZ,TRUE
8011,8011,REGISTERED,Paseo Ciríaco Ortiz 81,,Fleury-sur-Mer,IT,Brindisi,70554,TRUE
8012,8012,REGISTERED,5374 Williams Plaza,,練馬区,SG,Palencia,19923,TRUE
8013,8013,REGISTERED,Rosenowallee 25,,Ortizville,GB,Espírito Santo,61924,TRUE
8014,8014,REGISTERED,"Ladeira de Araújo, 44",,Pirmasens,US,Soria,198-3107,TRUE
8015,8015,REGISTERED,Urbanización Adelaida Vilalta 65 Apt. 28 ,,東久留米市,FR,Alagoas,EX7W 4GQ,TRUE
8016,8016,REGISTERED,"Flat 3
Tracy Harbors",,品川区,CA,Sassari,09844,TRUE
8017,8017,REGISTERED,"Piazza Filogamo, 93 Appartamento 54",,青ヶ島村,FR,Delaware,95790,TRUE
8018,8018,REGISTERED,141 森 Street,,Nürtingen,US,Grosseto,B85 0BY,TRUE
8019,8019,REGISTERED,6 Kelly Drive,,Tessennano,IT,Rimini,08372,TRUE
8020,8020,REGISTERED,Plaza de Juan José Quintana 84,,Williamland,ZA,Tarragona,80092-094,TRUE
8021,8021,REGISTERED,4544 زحلاوي Skyway Apt. 970,,Lake Suzanne,ZA,Arkansas,47970-416,TRUE
8022,8022,REGISTERED,5 James Prairie,,Alexandershire,JP,Amazonas,30446,TRUE
8023,8023,REGISTERED,"Recanto Hellena Araújo, 282",,Bad Freienwalde,JP,Girona,50221,TRUE
8024,8024,REGISTERED,"70, rue de Lemaire",,Jesus do Oeste,RU,Cagliari,90129,TRUE
8025,8025,REGISTERED,809 田中 Street,,Joannamouth,DE,Vermont,45862,TRUE
8026,8026,REGISTERED,"Setor Vieira, 38",,昭島市,SE,Connecticut,25027,TRUE
8027,8027,REGISTERED,Schinkeweg 276,,Ramos dos Dourados,FR,Maine,50527-551,TRUE
8028,8028,REGISTERED,34239 Michael Dam,,Cohenside,SY,Wyoming,67033,TRUE
8029,8029,REGISTERED,752 池田 Street,,Lake Eric,FR,South Carolina,48599,TRUE
8030,8030,REGISTERED,Gotthilf-Tröst-Ring 45,,Calw,FR,Bayern,68274,TRUE
8031,8031,REGISTERED,Christoph-Haase-Weg 37,,Lake علاءton,US,Albacete,96811,TRUE
8032,8032,REGISTERED,"Canale Mario, 869",,East شكريmouth,US,Matera,31751,TRUE
8033,8033,REGISTERED,79 Collins Ports,,الساحليside,DE,Las Palmas,39018,TRUE
8034,8034,REGISTERED,"Flat 1
Sylvia Pines",,いすみ市,US,Niedersachsen,06955,TRUE
8035,8035,REGISTERED,Plaza de Juan Manuel Cabrera 65 Puerta 0 ,,Sampaio,IR,Nordrhein-Westfalen,M79 6GE,TRUE
8036,8036,REGISTERED,Ronda de Jenaro Andrés 26,,Prarostino,US,Murcia,23410,TRUE
8037,8037,REGISTERED,"Incrocio Concetta, 80 Appartamento 74",,Lejeune-sur-Delorme,GB,Nebraska,48031,TRUE
8038,8038,REGISTERED,79618 Rachel Ramp Suite 136,,Barcelona,DE,Bayern,E3 1DP,TRUE
8039,8039,REGISTERED,Heringstraße 7/8,,Cantabria,IT,Piauí,59485355,TRUE
8040,8040,REGISTERED,"Flat 57n
Robin Expressway",,Launay,ES,Minnesota,72310-703,TRUE
8041,8041,REGISTERED,Ekrem-Weitzel-Platz 70-73,,印旛郡酒々井町,ZA,Goiás,238-3107,TRUE
8042,8042,REGISTERED,Rambla Ani Pulido 47 Piso 5 ,,Patriciamouth,DE,New Hampshire,14936,TRUE
8043,8043,REGISTERED,"Rotonda Ceri, 3",,تنوخhaven,US,Rio Grande do Norte,85120-306,TRUE
8044,8044,REGISTERED,Feira de Abreu,,Correia Grande,DE,L'Aquila,G4 8QA,TRUE
8045,8045,REGISTERED,722 佐藤 Street,,Chevallier-sur-Guillet,SE,New Mexico,20756,TRUE
8046,8046,REGISTERED,Drewesallee 8/1,,Stadtroda,US,Cantabria,22807,TRUE
8047,8047,REGISTERED,"Borgo Morlacchi, 5 Piano 2",,Garmisch-Partenkirchen,IT,Bayern,M5F 2RZ,TRUE
8048,8048,REGISTERED,Acceso Casandra Diego 1 Apt. 64 ,,Lake Karlfort,JP,Alagoas,00839,TRUE
8049,8049,REGISTERED,753 池田 Street,,CharrierBourg,IR,Trieste,84499,TRUE
8050,8050,REGISTERED,799 山口 Street,,Pößneck,TR,North Carolina,57880,TRUE
8051,8051,REGISTERED,340 井上 Street,,South Jenna,US,Burgos,PA5 8HU,TRUE
8052,8052,REGISTERED,446 كنار Hollow,,La Rioja,RU,Enna,68242,TRUE
8053,8053,REGISTERED,408 شرف Station Suite 993,,Cirino de Almeida,ES,Distrito Federal,69102,TRUE
8054,8054,REGISTERED,087 橋本 Street,,Lewisshire,BS,Texas,25921-444,TRUE
8055,8055,REGISTERED,Hans-Hermann-Köster-Weg 64-57,,Burgos,IT,São Paulo,26131,TRUE
8056,8056,REGISTERED,35140 نجدت Tunnel Apt. 880,,西東京市,GB,Navarra,15253,TRUE
8057,8057,REGISTERED,"Viela de Dias, 242",,Bergzabern,FR,Mississippi,31388,TRUE
8058,8058,REGISTERED,"Viale Alessia, 9 Piano 6",,青梅市,IT,Salamanca,43119,TRUE
8059,8059,REGISTERED,"Vicolo Marisa, 8",,Michaelview,IR,New York,40048,TRUE
8060,8060,REGISTERED,Burkard-Heß-Allee 97,,Casone,BS,Florida,74366,TRUE
8061,8061,REGISTERED,"Canale Sansoni, 493 Piano 5",,Port عبّودfort,US,Paraná,41472-738,TRUE
8062,8062,REGISTERED,66801 Smith Rest Suite 176,,Port Beverleystad,US,Michigan,95010,TRUE
8063,8063,REGISTERED,598 高橋 Street,,Andrade,FR,Florida,19912,TRUE
8064,8064,REGISTERED,"6, rue Rémy Rousseau",,Wolfach,NL,South Dakota,36804,TRUE
8065,8065,REGISTERED,"38, avenue Alain Sanchez",,Tarragona,ES,Nordrhein-Westfalen,22220,TRUE
8066,8066,REGISTERED,45999 Carl Drives Suite 105,,Phillipston,ES,Arkansas,245-4958,TRUE
8067,8067,REGISTERED,2776 مرشد Trail,,da Paz,TR,Ourense,375-0494,TRUE
8068,8068,REGISTERED,Loretta-Müller-Ring 2/2,,Borgo Carso,US,Niedersachsen,55597-093,TRUE
8069,8069,REGISTERED,"43, rue de Lemoine",,Jessen,CA,New Jersey,14281,TRUE
8070,8070,REGISTERED,"Trevo de Aragão, 42",,横浜市栄区,ES,Maranhão,16881,TRUE
8071,8071,REGISTERED,12528 Davidson Landing Apt. 602,,Wolfach,NL,Bayern,25654,TRUE
8072,8072,REGISTERED,310 Parry Landing,,Fiascherino,TR,Ohio,54279,TRUE
8073,8073,REGISTERED,"8, boulevard Marthe Gonzalez",,Toledo,ZA,Granada,38713,TRUE
8074,8074,REGISTERED,00392 عاطف Mills,,da Rosa,PA,Vermont,29428,TRUE
8075,8075,REGISTERED,"Contrada Borghese, 0",,Borges de Barbosa,DE,Isernia,41466,TRUE
8076,8076,REGISTERED,Veli-Stolze-Weg 1,,León,JP,North Carolina,84013,TRUE
8077,8077,REGISTERED,"Stretto Coriolano, 37",,La Rioja,JP,Vermont,35012,TRUE
8078,8078,REGISTERED,0564 Douglas Stream,,Port Vicki,IT,Foggia,36754,TRUE
8079,8079,REGISTERED,550 Torres Pines Suite 567,,Banchette,FR,Thüringen,87159,TRUE
8080,8080,REGISTERED,avenue Turpin,,Marques,KY,Bremen,24980,TRUE
8081,8081,REGISTERED,"Avenida Breno Vieira, 61",,Port Margaretmouth,JP,Murcia,36281,TRUE
8082,8082,REGISTERED,chemin Anaïs Jacquet,,South Anne,SG,Washington,07566,TRUE
8083,8083,REGISTERED,"Rodovia de Monteiro, 2",,West Andrea,IR,Sergipe,70398,TRUE
8084,8084,REGISTERED,"Borgo Anita, 6",,Vechta,JP,Ávila,58249,TRUE
8085,8085,REGISTERED,785 McDonald Locks,,Córdoba,CA,Vizcaya,26033,TRUE
8086,8086,REGISTERED,8045 Brian Land,,Rehau,FR,Bologna,20442-324,TRUE
8087,8087,REGISTERED,"Rodovia Fogaça, 763",,Robin-les-Bains,GB,Oregon,820-2102,TRUE
8088,8088,REGISTERED,"9, avenue Véronique Adam",,Reynaud-sur-Legrand,GB,Georgia,51017,TRUE
8089,8089,REGISTERED,"81, avenue Fernandes",,Almería,FR,Navarra,87066,TRUE
8090,8090,REGISTERED,512 佐藤 Street,,Lugo,US,Ancona,857-2704,TRUE
8091,8091,REGISTERED,Alameda de Casa Grande,,Perrier,BS,La Coruña,CH5 1DX,TRUE
8092,8092,REGISTERED,6 Annette Islands,,横浜市港北区,SG,Ourense,29312,TRUE
8093,8093,REGISTERED,02908 Torres Dale Apt. 217,,North زغلول,ES,Acre,53143,TRUE
8094,8094,REGISTERED,68697 النقيب Motorway,,La Rioja,KY,Sergipe,88464,TRUE
8095,8095,REGISTERED,Pasaje de Visitación Peral 9,,Bianco,IR,New Mexico,64013,TRUE
8096,8096,REGISTERED,93 Hopkins Via,,Lake Brandon,FR,Oklahoma,90040,TRUE
8097,8097,REGISTERED,Pasaje de Celia Blazquez 8,,利島村,GB,Almería,68919,TRUE
8098,8098,REGISTERED,"Setor Montenegro, 1",,New Ashleighstad,US,Alabama,512-1675,TRUE
8099,8099,REGISTERED,"61, avenue Maggie Schneider",,Lake Michaelberg,US,Montana,WN77 5FS,TRUE
8100,8100,REGISTERED,69179 عبد التّواب Island Suite 074,,نضالberg,GB,Goiás,96759301,TRUE
8101,8101,REGISTERED,"87, rue Goncalves",,Segovia,TR,Campobasso,TQ30 8AN,TRUE
8102,8102,REGISTERED,91 Emma Flats,,葛飾区,DE,Washington,14292-605,TRUE
8103,8103,REGISTERED,6 Brennan Creek,,Ramos do Galho,DE,Michigan,10088,TRUE
8104,8104,REGISTERED,Vial René Amo 89 Piso 4 ,,Aliceborough,YE,Vermont,26334,TRUE
8105,8105,REGISTERED,C. de Álvaro Angulo 15,,Calau,GB,Rheinland-Pfalz,09246,TRUE
8106,8106,REGISTERED,"Aeroporto Luiz Gustavo Mendes, 34",,横浜市瀬谷区,TR,Tocantins,996-9349,TRUE
8107,8107,REGISTERED,02986 مراد Meadows,,Salgareda,DE,Castellón,95683,TRUE
8108,8108,REGISTERED,Jadwiga-Wirth-Allee 52,,North عبد الخالق,DE,Rio Grande do Norte,G51 1PF,TRUE
8109,8109,REGISTERED,Vereda de Moura,,Freitas,NL,Valencia,92781,TRUE
8110,8110,REGISTERED,"989, avenue Claude Aubry",,Salamanca,SE,Pescara,02585,TRUE
8111,8111,REGISTERED,566 وسام Summit,,Lüdenscheid,FR,Santa Cruz de Tenerife,07504,TRUE
8112,8112,REGISTERED,"814, rue de Laroche",,Burg,IR,Brindisi,N9B 4NZ,TRUE
8113,8113,REGISTERED,Calle de Miguela Perez 81 Piso 9 ,,Leleu,US,Nordrhein-Westfalen,22693,TRUE
8114,8114,REGISTERED,Adolphweg 42,,Rezende,FR,Maryland,88163,TRUE
8115,8115,REGISTERED,"845, rue de Brunel",,نسيبةmouth,US,Schleswig-Holstein,40344,TRUE
8116,8116,REGISTERED,Steystraße 4-4,,Lemoine,FR,Paraná,12254,TRUE
8117,8117,REGISTERED,"37, rue Jacquot",,BourgeoisVille,JP,Idaho,06429371,TRUE
8118,8118,REGISTERED,Lorenzo-Rosenow-Platz 4822,,Aurich,FR,Tocantins,61953,TRUE
8119,8119,REGISTERED,641 أكلب Field,,Campi Bisenzio,US,Colorado,51444,TRUE
8120,8120,REGISTERED,155 Sarah Shoals,,Vaccolino,US,Missouri,28173,TRUE
8121,8121,REGISTERED,839 佐藤 Street,,West عقيلberg,ES,New York,43550,TRUE
8122,8122,REGISTERED,"Studio 34
Carly Burgs",,Albuquerque,DE,Indiana,PA4 1WH,TRUE
8123,8123,REGISTERED,027 العوالق Springs Apt. 387,,South تالا,IT,Mato Grosso do Sul,255-7096,TRUE
8124,8124,REGISTERED,"Lagoa Eduardo da Cunha, 19",,Pineau,JP,Mato Grosso,05023,TRUE
8125,8125,REGISTERED,Acceso Ariadna Perez 52 Piso 2 ,,das Neves,GB,Bayern,25291,TRUE
8126,8126,REGISTERED,"Trecho Oliveira, 59",,Lemaître-sur-Mercier,US,Soria,74181,TRUE
8127,8127,REGISTERED,"Flat 7
Mohamed Summit",,Cuenca,ES,Thüringen,28976,TRUE
8128,8128,REGISTERED,3121 معن Landing Suite 128,,Hayesburgh,PA,Bayern,TD0 9LN,TRUE
8129,8129,REGISTERED,"Canale Federico, 43",,Figino,PA,Pordenone,458-7002,TRUE
8130,8130,REGISTERED,050 福田 Street,,Nicolas,BS,Maranhão,DT2W 2SG,TRUE
8131,8131,REGISTERED,5990 عجرمة (العجارمة) Knolls,,بنو يعلىport,GB,Amapá,26953,TRUE
8132,8132,REGISTERED,566 وهبة Run,,Naomimouth,US,Zamora,03309,TRUE
8133,8133,REGISTERED,"Rodovia Moura, 15",,Chartier-sur-Chrétien,GB,Nordrhein-Westfalen,24946,TRUE
8134,8134,REGISTERED,680 بنو هاشم Greens Apt. 704,,New Julie,ZA,New Hampshire,508-3747,TRUE
8135,8135,REGISTERED,Peukertgasse 50,,Emmendingen,SY,Nordrhein-Westfalen,97658,TRUE
8136,8136,REGISTERED,"Vicolo Scalfaro, 8 Appartamento 3",,Viana Grande,JP,Distrito Federal,62036742,TRUE
8137,8137,REGISTERED,343 أروى Port,,稲城市,CA,Baden-Württemberg,02032,TRUE
8138,8138,REGISTERED,"23, boulevard de Gonzalez",,Port كمال,FR,Utah,89812,TRUE
8139,8139,REGISTERED,"Núcleo Davi Porto, 66",,Leonardberg,CA,Rio Grande do Norte,60030,TRUE
8140,8140,REGISTERED,rue Camus,,Lake Renee,ZA,Sachsen,67220,TRUE
8141,8141,REGISTERED,"36, chemin Wagner",,Barros,DE,Mecklenburg-Vorpommern,12836,TRUE
8142,8142,REGISTERED,887 渡辺 Street,,Ávila,PA,Roraima,777-4576,TRUE
8143,8143,REGISTERED,01 Kerry Hills,,Klötze,US,Burgos,34778,TRUE
8144,8144,REGISTERED,94880 العسلي Land,,Tracyport,ES,Massachusetts,48832,TRUE
8145,8145,REGISTERED,rue Collet,,Toledo,KY,Kentucky,08137,TRUE
8146,8146,REGISTERED,913 岡田 Street,,Porte,BS,Rimini,13822,TRUE
8147,8147,REGISTERED,12484 Hansen Mount Apt. 047,,Camerata Picena,GB,Santa Catarina,93483,TRUE
8148,8148,REGISTERED,Pátio Maria Flor Cavalcanti,,Port Susanport,CA,Forlì-Cesena,579-0279,TRUE
8149,8149,REGISTERED,Acceso Lilia Armengol 9,,جعفرville,US,Texas,65933,TRUE
8150,8150,REGISTERED,chemin Raynaud,,香取市,IT,Amapá,84052,TRUE
8151,8151,REGISTERED,0311 سموم Plains,,Ravensburg,US,Oklahoma,11027,TRUE
8152,8152,REGISTERED,Cuesta de Melchor Arnal 90 Apt. 68 ,,New Jodiview,US,Maine,15040,TRUE
8153,8153,REGISTERED,"Vale Mirella Pinto, 23",,Novaes,TR,Montana,32841,TRUE
8154,8154,REGISTERED,8604 Denise Road Suite 022,,Huesca,JP,Iowa,09485,TRUE
8155,8155,REGISTERED,"Viale Domenico, 81",,السمانburgh,SY,Ceuta,CF4Y 9PJ,TRUE
8156,8156,REGISTERED,"394, rue Étienne Breton",,Jakeborough,ES,Saarland,483-8696,TRUE
8157,8157,REGISTERED,"2, avenue Briand",,Saint Alaindan,FR,Burgos,77086,TRUE
8158,8158,REGISTERED,Ronda de Estela Escolano 34,,Saguedo,ZA,Arkansas,91787,TRUE
8159,8159,REGISTERED,146 藤田 Street,,North بلقيس,ES,Florida,21467,TRUE
8160,8160,REGISTERED,Callejón de Jovita Uría 1,,Viechtach,KY,Rio de Janeiro,91650,TRUE
8161,8161,REGISTERED,8021 Adams Point Suite 937,,Aparecida dos Dourados,RU,Guadalajara,74406,TRUE
8162,8162,REGISTERED,46115 Maureen Haven Apt. 565,,文京区,US,Nuoro,86611,TRUE
8163,8163,REGISTERED,"Quadra Maria Helena da Mata, 9",,da Cunha,ES,Cagliari,178-6714,TRUE
8164,8164,REGISTERED,"Flat 74D
Martyn Glens",,大島町,KY,Santa Catarina,79430,TRUE
8165,8165,REGISTERED,"27, chemin de Fouquet",,Brooksport,RU,Palermo,43392,TRUE
8166,8166,REGISTERED,25409 يمام Trail Suite 561,,Lewismouth,DE,Varese,647-9888,TRUE
8167,8167,REGISTERED,Cuesta Darío Botella 83,,Machado,SG,Alaska,09029,TRUE
8168,8168,REGISTERED,747 吉田 Street,,Dias do Campo,TR,Palencia,73026,TRUE
8169,8169,REGISTERED,Vial de Graciana Gálvez 5,,وثّابborough,US,West Virginia,96853,TRUE
8170,8170,REGISTERED,"Studio 09y
Harvey Mountain",,Neveu,ZA,Michigan,08331924,TRUE
8171,8171,REGISTERED,Urbanización Maximiano Alegre 1 Puerta 5 ,,السروريberg,DE,Minas Gerais,34734,TRUE
8172,8172,REGISTERED,9 Leigh Junctions,,Ourense,ES,Medio Campidano,L5 7GG,TRUE
8173,8173,REGISTERED,Jäkelstr. 8/4,,富里市,US,Ancona,03506,TRUE
8174,8174,REGISTERED,785 مخلص Valley Apt. 342,,Griesbach Rottal,RU,Mato Grosso do Sul,66908,TRUE
8175,8175,REGISTERED,580 鈴木 Street,,Cirino das Pedras,KY,Kentucky,88450,TRUE
8176,8176,REGISTERED,Heidrichring 6237,,Tuttlingen,TR,Rheinland-Pfalz,47120,TRUE
8177,8177,REGISTERED,Pasaje Febe Palacios 86,,武蔵野市,US,Bayern,93600213,TRUE
8178,8178,REGISTERED,Carmen-Scholl-Gasse 93-68,,San Filippo Di Contigliano,KY,Mato Grosso do Sul,86977,TRUE
8179,8179,REGISTERED,"Aeroporto Emanuel Ribeiro, 340",,Huesca,TR,Brandenburg,06064,TRUE
8180,8180,REGISTERED,"761, rue de Weiss",,Laurahaven,NL,Arizona,17495,TRUE
8181,8181,REGISTERED,0453 Clark Highway,,Blondel,CA,Minas Gerais,W1 5RT,TRUE
8182,8182,REGISTERED,75810 Kelly Camp,,Ussana,IR,Soria,52004,TRUE
8183,8183,REGISTERED,771 Marcus Parks,,معمّرview,IT,Tarragona,99045,TRUE
8184,8184,REGISTERED,Dragan-Etzold-Ring 6/3,,Port Michaelland,YE,Montana,04669,TRUE
8185,8185,REGISTERED,145 木村 Street,,Cologna Veneta,FR,Alagoas,86078,TRUE
8186,8186,REGISTERED,Vial Débora Márquez 56 Apt. 90 ,,川崎市川崎区,GB,Ogliastra,35553,TRUE
8187,8187,REGISTERED,"31, rue de Morvan",,Brownstad,PA,Rio Grande do Norte,244-4183,TRUE
8188,8188,REGISTERED,051 三浦 Street,,Walshshire,PA,Utah,24709,TRUE
8189,8189,REGISTERED,"16, rue Masse",,Declanbury,FR,Aosta,161-3036,TRUE
8190,8190,REGISTERED,439 池田 Street,,Sainte Guy,SE,Amazonas,38696,TRUE
8191,8191,REGISTERED,0370 Christopher Village Suite 252,,Jenniferview,ES,Niedersachsen,40382,TRUE
8192,8192,REGISTERED,Vial Saturnino Tenorio 9 Piso 7 ,,Huelva,GB,Nordrhein-Westfalen,18103,TRUE
8193,8193,REGISTERED,022 清水 Street,,Pirmasens,ES,Lugo,817-7157,TRUE
8194,8194,REGISTERED,"Rotonda Tina, 91 Appartamento 5",,طائلmouth,DE,Arezzo,109-0359,TRUE
8195,8195,REGISTERED,"Flat 30
June Meadow",,長生郡長柄町,US,Ciudad,ST3A 7AW,TRUE
8196,8196,REGISTERED,Kargering 46,,Wunsiedel,GB,Chieti,624-1948,TRUE
8197,8197,REGISTERED,"Piazza Gianvecchio, 47",,Gérardnec,DE,Acre,56025,TRUE
8198,8198,REGISTERED,"Rua Joana Santos, 62",,Jüterbog,BS,Espírito Santo,45412,TRUE
8199,8199,REGISTERED,"594, rue Masson",,印旛郡栄町,NG,Navarra,48711,TRUE
8200,8200,REGISTERED,"Via Trincavelli, 493",,Málaga,DE,Burgos,63802,TRUE
8201,8201,REGISTERED,"206, avenue de Teixeira",,Huelva,DE,Huesca,65373,TRUE
8202,8202,REGISTERED,2032 سلسبيل Estate,,Merle,US,Nordrhein-Westfalen,42691,TRUE
8203,8203,REGISTERED,"65, boulevard Roger Briand",,板橋区,TR,Madrid,38137,TRUE
8204,8204,REGISTERED,487 太田 Street,,立川市,US,Castellón,72416,TRUE
8205,8205,REGISTERED,"27, rue de Bonnin",,横浜市青葉区,DE,Pisa,71013,TRUE
8206,8206,REGISTERED,Acceso de Magdalena Crespo 96 Apt. 07 ,,Thomasfurt,ZA,Macerata,90859,TRUE
8207,8207,REGISTERED,791 小川 Street,,Sanderschester,ES,Jaén,329-7058,TRUE
8208,8208,REGISTERED,683 橋本 Street,,府中市,AU,Melilla,40741,TRUE
8209,8209,REGISTERED,"Viale Silvestro, 52",,大島町,JP,Michigan,80215,TRUE
8210,8210,REGISTERED,445 岡本 Street,,日野市,DE,Indiana,581-8685,TRUE
8211,8211,REGISTERED,Residencial Kaique Sousa,,Cervantesside,KY,Connecticut,10704,TRUE
8212,8212,REGISTERED,Plaza de Zacarías Pera 69,,福生市,FR,Teruel,92935,TRUE
8213,8213,REGISTERED,682 中村 Street,,Santa Maria Hoe',KY,Amapá,74196-072,TRUE
8214,8214,REGISTERED,538 بنو زيد Passage,,調布市,CA,Massa-Carrara,34525,TRUE
8215,8215,REGISTERED,"Via Luigi Correia, 29",,Las Palmas,MM,Bremen,645-8444,TRUE
8216,8216,REGISTERED,Hamannstraße 4/1,,豊島区,TR,Zamora,SA8 2RX,TRUE
8217,8217,REGISTERED,Acceso Enrique Zurita 31,,Capanne Vecchie,GB,Thüringen,55150,TRUE
8218,8218,REGISTERED,895 Bethan Pines,,Piano Di Coreglia,TR,Saarland,27023,TRUE
8219,8219,REGISTERED,216 Rodney Branch Apt. 638,,三宅島三宅村,US,Schleswig-Holstein,578-6723,TRUE
8220,8220,REGISTERED,"Rodovia Costa, 78",,Pages,ES,Amapá,81501,TRUE
8221,8221,REGISTERED,"Studio 52
Eleanor Circle",,Bitterfeld,NL,Delaware,06049,TRUE
8222,8222,REGISTERED,199 小林 Street,,Meganport,NG,Hamburg,69222-387,TRUE
8223,8223,REGISTERED,214 三浦 Street,,Beilngries,DE,Barcelona,554-1070,TRUE
8224,8224,REGISTERED,3591 Berry Points,,Segovia,US,Pará,003-0620,TRUE
8225,8225,REGISTERED,831 Nicholas Pass,,Mendonça,US,Roraima,61792,TRUE
8226,8226,REGISTERED,638 山田 Street,,Pires da Praia,NL,South Dakota,G03 2JQ,TRUE
8227,8227,REGISTERED,Glorieta Luis Ángel Alcázar 62 Apt. 89 ,,Osterburg,CA,Goiás,06371,TRUE
8228,8228,REGISTERED,0178 علاء الدّين Port,,横浜市瀬谷区,KP,Chieti,832-3982,TRUE
8229,8229,REGISTERED,44293 Williams Stravenue,,Varapodio,GB,Schleswig-Holstein,10106,TRUE
8230,8230,REGISTERED,"46, boulevard Rousseau",,MeyerVille,MM,Cáceres,31675,TRUE
8231,8231,REGISTERED,"Stretto Ilaria, 31 Piano 0",,Jennifertown,IT,Madrid,27501,TRUE
8232,8232,REGISTERED,0393 Amanda Curve Apt. 645,,Montenegro da Serra,YE,Delaware,W5H 0TB,TRUE
8233,8233,REGISTERED,Severin-Heuser-Allee 8/4,,North Robert,US,Viterbo,B6H 7BR,TRUE
8234,8234,REGISTERED,3404 رائد Camp Suite 441,,Martinez,BS,Bahia,58618,TRUE
8235,8235,REGISTERED,rue Techer,,Graemeview,GB,Acre,11835,TRUE
8236,8236,REGISTERED,"Flat 70R
Clare Grove",,East Michael,RU,Santa Catarina,495-8454,TRUE
8237,8237,REGISTERED,rue de Lemonnier,,Carrberg,GB,Cuneo,02276,TRUE
8238,8238,REGISTERED,758 森 Street,,Ahaus,SE,Almería,85807-271,TRUE
8239,8239,REGISTERED,"Via Draghi, 52 Piano 6",,Sainte Emmanuel,CA,Santa Cruz de Tenerife,W8 2YW,TRUE
8240,8240,REGISTERED,165 池田 Street,,Guyhaven,GB,Hamburg,07491531,TRUE
8241,8241,REGISTERED,"5, rue Le Gall",,Cádiz,ES,Distrito Federal,380-7845,TRUE
8242,8242,REGISTERED,Pasaje Agapito Bayona 26 Puerta 2 ,,Main-Höchst,GB,Oregon,47218,TRUE
8243,8243,REGISTERED,Hartwig-Schenk-Straße 53/22,,Greifswald,SE,Granada,34837,TRUE
8244,8244,REGISTERED,834 渡辺 Street,,Lleida,KP,Vercelli,05575,TRUE
8245,8245,REGISTERED,Biengasse 811,,معتوقberg,YE,Melilla,66289,TRUE
8246,8246,REGISTERED,chemin Agnès Roussel,,Port Zacharyland,BS,Nebraska,09097,TRUE
8247,8247,REGISTERED,"Flat 25r
Leigh Mills",,目黒区,AU,Arkansas,80051,TRUE
8248,8248,REGISTERED,"Contrada Missoni, 976 Appartamento 0",,Settebagni,IR,Kentucky,169-6224,TRUE
8249,8249,REGISTERED,"90, rue Hortense Collet",,Lopezview,GB,Nuoro,52528,TRUE
8250,8250,REGISTERED,"13, chemin Alex Gomez",,Álava,GB,Saarland,34714,TRUE
8251,8251,REGISTERED,121 木村 Street,,Hollieburgh,JP,Santa Cruz de Tenerife,14083-720,TRUE
8252,8252,REGISTERED,"Piazza Pierpaolo, 87",,Janetville,NL,Lleida,40576,TRUE
8253,8253,REGISTERED,"50, rue Laurent Texier",,Vasconcelos,DE,Texas,45382,TRUE
8254,8254,REGISTERED,"Piazza Morabito, 248",,Lake مُصلحville,US,Asturias,31989,TRUE
8255,8255,REGISTERED,"496, chemin de Wagner",,Saint LucasBourg,IT,Schleswig-Holstein,22493,TRUE
8256,8256,REGISTERED,"Studio 85
Payne Haven",,Geoffreytown,GB,Minas Gerais,02339703,TRUE
8257,8257,REGISTERED,"Esplanada Alana Barros, 5",,Carvalho do Oeste,GB,Las Palmas,72179,TRUE
8258,8258,REGISTERED,Gumprichring 7-9,,Saint Nicole,CA,Piauí,39651,TRUE
8259,8259,REGISTERED,30046 القضماني Forges,,Garnier,JP,Bayern,98892,TRUE
8260,8260,REGISTERED,01919 Williams Course Apt. 723,,da Rocha dos Dourados,US,Maranhão,56475,TRUE
8261,8261,REGISTERED,131 Amanda Circles,,Chanmouth,RU,Torino,04742,TRUE
8262,8262,REGISTERED,18570 Carroll Plaza Suite 538,,طوطحfurt,IT,Minas Gerais,PR38 2JB,TRUE
8263,8263,REGISTERED,Täscheallee 2,,横浜市金沢区,GB,Rhode Island,15072-644,TRUE
8264,8264,REGISTERED,Maurizio-Gotthard-Allee 39-94,,Beilngries,NL,Mato Grosso,20098,TRUE
8265,8265,REGISTERED,086 佐藤 Street,,South معمّر,RU,Connecticut,48191,TRUE
8266,8266,REGISTERED,565 مُرسي Lane,,New Franceston,US,Badajoz,ML6 6AQ,TRUE
8267,8267,REGISTERED,"Contrada Bosurgi, 211 Appartamento 87",,Lörrach,SG,Wisconsin,342-4917,TRUE
8268,8268,REGISTERED,"Studio 77q
Emma Summit",,Port Rossport,KY,Ceuta,18601,TRUE
8269,8269,REGISTERED,198 田中 Street,,Amandaview,CA,Rheinland-Pfalz,18312,TRUE
8270,8270,REGISTERED,Beerring 98-74,,Gadebusch,NL,Pontevedra,60781,TRUE
8271,8271,REGISTERED,Pasaje Olivia Infante 55 Apt. 32 ,,da Mata do Galho,US,Missouri,02803,TRUE
8272,8272,REGISTERED,219 小川 Street,,長生郡長生村,GB,Paraíba,06069,TRUE
8273,8273,REGISTERED,"640, avenue Delorme",,Abreu,FR,Brandenburg,00131,TRUE
8274,8274,REGISTERED,813 عتريس Point Apt. 957,,Lamy-les-Bains,DE,Kentucky,88035,TRUE
8275,8275,REGISTERED,Pasadizo de Loreto Blanch 15,,東大和市,DE,Potenza,88945,TRUE
8276,8276,REGISTERED,105 Tony Crossroad Suite 106,,East شادن,GB,West Virginia,64071,TRUE
8277,8277,REGISTERED,410 佐藤 Street,,Málaga,ES,Las Palmas,18617,TRUE
8278,8278,REGISTERED,22110 عسير Square,,South Kariborough,US,Niedersachsen,611-3667,TRUE
8279,8279,REGISTERED,"Distrito de Ferreira, 1",,Castel Dell'Aquila,US,Distrito Federal,G4 6EF,TRUE
8280,8280,REGISTERED,"Canale Procacci, 865 Appartamento 45",,da Mota do Oeste,US,La Coruña,10568066,TRUE
8281,8281,REGISTERED,Scheelplatz 19/27,,Wademouth,KY,Distrito Federal,28171,TRUE
8282,8282,REGISTERED,"89, avenue de Renault",,Sevilla,FR,Piacenza,46103,TRUE
8283,8283,REGISTERED,387 Joel Curve,,東村山市,SE,Ravenna,09058,TRUE
8284,8284,REGISTERED,939 小川 Street,,Lake Erinshire,NL,Oklahoma,55525,TRUE
8285,8285,REGISTERED,Seifertplatz 63,,Barbarano Del Capo,JP,Maryland,54684,TRUE
8286,8286,REGISTERED,7019 Martin Park,,Teruel,KP,Sachsen,12477,TRUE
8287,8287,REGISTERED,"Conjunto Cunha, 535",,Senftenberg,SY,Forlì-Cesena,G5 7YL,TRUE
8288,8288,REGISTERED,263 Shelton Course Apt. 766,,West نصوح,IT,Aosta,30170,TRUE
8289,8289,REGISTERED,5 Patrick Ways,,East خاشعةfort,GB,Maranhão,22969,TRUE
8290,8290,REGISTERED,502 May Forest,,Aliceborough,ES,Rio Grande do Norte,TD25 2SH,TRUE
8291,8291,REGISTERED,"Studio 2
Andrew Isle",,Joeshire,ZA,Almería,25763,TRUE
8292,8292,REGISTERED,"675, chemin Élise Lambert",,Silveira,IT,Piauí,949-4670,TRUE
8293,8293,REGISTERED,859 阿部 Street,,La Coruña,PA,Rheinland-Pfalz,E3H 9GA,TRUE
8294,8294,REGISTERED,Johanne-Bolander-Straße 8064,,South شريفstad,CA,Florida,G8 9WF,TRUE
8295,8295,REGISTERED,30484 Mcintosh Ramp,,Lima,ZA,Lodi,29565,TRUE
8296,8296,REGISTERED,9274 Brent Spur,,Vasseur,FR,Paraná,M5 3GD,TRUE
8297,8297,REGISTERED,"Flat 0
Robinson Cliff",,Fogaça,CA,Michigan,26043,TRUE
8298,8298,REGISTERED,Cañada Rico Alvarado 4 Apt. 12 ,,Ispani,CA,Mississippi,34155,TRUE
8299,8299,REGISTERED,4082 Cassidy Gateway,,Carloshaven,RU,Berlin,HP5 2JE,TRUE
8300,8300,REGISTERED,rue Thomas Neveu,,Ginaberg,US,Reggio Calabria,65741,TRUE
8301,8301,REGISTERED,"Viela Rafaela Barbosa, 570",,Grimesstad,US,Massachusetts,71012,TRUE
8302,8302,REGISTERED,030 小林 Street,,Leebury,FR,Alicante,81121-976,TRUE
8303,8303,REGISTERED,992 غامد Lakes,,البخاريton,IR,Catanzaro,123-6964,TRUE
8304,8304,REGISTERED,469 藤井 Street,,Valladolid,ZA,Baden-Württemberg,93738,TRUE
8305,8305,REGISTERED,79476 عماد Highway,,Bernburg,CA,Pordenone,26832,TRUE
8306,8306,REGISTERED,"Jardim de Cassiano, 26",,East رازي,ZA,Zamora,38542,TRUE
8307,8307,REGISTERED,Plaza de Pío Folch 797 Apt. 60 ,,Tammyville,IT,Córdoba,FY2Y 7JU,TRUE
8308,8308,REGISTERED,"Incrocio Virgilio, 167 Piano 2",,West منيبville,RU,Hessen,18295,TRUE
8309,8309,REGISTERED,4617 Silva Wells Suite 691,,Phillipshaven,JP,Olbia-Tempio,559-9612,TRUE
8310,8310,REGISTERED,Vial Milagros Canals 49,,Novaes da Prata,US,Berlin,24679,TRUE
8311,8311,REGISTERED,rue Cohen,,معتوقstad,RU,Rhode Island,16861,TRUE
8312,8312,REGISTERED,"7, rue Lucas Renaud",,Farias das Pedras,TR,Ohio,697-5722,TRUE
8313,8313,REGISTERED,"Vila Marques, 577",,Damienmouth,GB,Montana,58361644,TRUE
8314,8314,REGISTERED,Susi-Kruschwitz-Gasse 2/2,,West يعرب,DE,Kansas,45863-315,TRUE
8315,8315,REGISTERED,407 加藤 Street,,Gransee,KY,Lecce,92295,TRUE
8316,8316,REGISTERED,"Quadra de Borges, 7",,Larrymouth,RU,Santa Catarina,28112,TRUE
8317,8317,REGISTERED,263 山口 Street,,Montecopiolo,DE,Maranhão,30127,TRUE
8318,8318,REGISTERED,Via de Ricarda Bastida 46 Apt. 87 ,,Vilsbiburg,IT,Roraima,83797,TRUE
8319,8319,REGISTERED,230 Herman Fields,,عامرside,IR,Varese,23403,TRUE
8320,8320,REGISTERED,Pius-Bender-Platz 9,,新島村,JP,Alaska,52727,TRUE
8321,8321,REGISTERED,Czeslaw-Stoll-Weg 0,,日野市,DE,Maranhão,61287,TRUE
8322,8322,REGISTERED,"Piazza Trussardi, 7",,North سامرbury,KY,Baden-Württemberg,76835,TRUE
8323,8323,REGISTERED,"Lago de Machado, 9",,Mccarthyport,DE,Saarland,SK75 9BP,TRUE
8324,8324,REGISTERED,"Fazenda de Fogaça, 669",,Siqueira,GB,Massa-Carrara,71114312,TRUE
8325,8325,REGISTERED,35596 عبد الحيّ Corners,,八千代市,TR,Bahia,39043,TRUE
8326,8326,REGISTERED,91560 مضر Fords Apt. 864,,Schwäbisch Gmünd,CA,Arizona,23846,TRUE
8327,8327,REGISTERED,"Flat 50
Barry Light",,Alonte,DE,Piauí,61568,TRUE
8328,8328,REGISTERED,"Quadra Vinícius Araújo, 71",,Fernandes de Silva,CH,Arkansas,42294,TRUE
8329,8329,REGISTERED,"Studio 98V
Williams River",,横浜市緑区,KY,Bremen,31335,TRUE
8330,8330,REGISTERED,138 前田 Street,,Georges-sur-Wagner,BS,Bremen,03730,TRUE
8331,8331,REGISTERED,980 坂本 Street,,目黒区,AU,Vermont,99226,TRUE
8332,8332,REGISTERED,3 Geraldine Rapid,,印旛郡本埜村,BS,Pará,72997,TRUE
8333,8333,REGISTERED,490 高橋 Street,,da Mota,FR,Mecklenburg-Vorpommern,15242,TRUE
8334,8334,REGISTERED,"Studio 32r
Kirsty Points",,Baleares,IT,Bahia,88541,TRUE
8335,8335,REGISTERED,595 سليمان Greens Suite 659,,Hoareau-sur-Léger,ZA,Rhode Island,71233,TRUE
8336,8336,REGISTERED,8504 خضر Lakes,,Córdoba,DE,New Jersey,35332,TRUE
8337,8337,REGISTERED,"Rotonda Vespucci, 3 Piano 0",,Christianshire,IR,New Hampshire,16400,TRUE
8338,8338,REGISTERED,318 عربي Dam Suite 082,,Segovia,ES,Alabama,33021,TRUE
8339,8339,REGISTERED,rue de Coulon,,Albuquerque,AU,Kansas,80144,TRUE
8340,8340,REGISTERED,Violetta-Herrmann-Allee 9/1,,Moraes de Novaes,AU,Iowa,28894,TRUE
8341,8341,REGISTERED,426 田中 Street,,Rudolstadt,RU,Wyoming,23874,TRUE
8342,8342,REGISTERED,04141 دوبلال Court,,Travisland,CA,North Carolina,90143,TRUE
8343,8343,REGISTERED,Marie-Therese-Conradi-Platz 31/53,,Brownberg,CA,Berlin,25806,TRUE
8344,8344,REGISTERED,12461 شرف Prairie Suite 781,,Bobbyview,ES,Álava,34012-160,TRUE
8345,8345,REGISTERED,Haeringgasse 75,,Teixeira,IR,Baden-Württemberg,58706,TRUE
8346,8346,REGISTERED,8744 نجيب Center Apt. 494,,Normantown,JP,Nordrhein-Westfalen,27032,TRUE
8347,8347,REGISTERED,509 Heather Underpass,,Marytown,DE,Louisiana,45312,TRUE
8348,8348,REGISTERED,Rambla Hermenegildo Roda 16 Piso 1 ,,Petersentown,FR,Indiana,19056,TRUE
8349,8349,REGISTERED,2463 Brandon Pines,,Tirschenreuth,GB,Hawaii,22846,TRUE
8350,8350,REGISTERED,Cindy-Pärtzelt-Straße 85/80,,日野市,FR,Barletta-Andria-Trani,49961,TRUE
8351,8351,REGISTERED,"91, chemin Adèle Humbert",,Pisciotta,FR,Asturias,664-9693,TRUE
8352,8352,REGISTERED,49875 Cole Tunnel,,Bouvet-sur-Mer,BS,Nebraska,N2 7XD,TRUE
8353,8353,REGISTERED,"91, boulevard Devaux",,Gamalero,KY,Paraíba,92863,TRUE
8354,8354,REGISTERED,"257, boulevard de Ribeiro",,Vizcaya,ES,Alagoas,41581,TRUE
8355,8355,REGISTERED,"Flat 2
Morris Camp",,San Michele Di Piave,DE,Hawaii,46010,TRUE
8356,8356,REGISTERED,Ivana-Blümel-Straße 8/6,,Nogueira de Aragão,GB,Mecklenburg-Vorpommern,61022,TRUE
8357,8357,REGISTERED,Cuesta de Renato Raya 93 Piso 0 ,,Kleve,JP,Pistoia,16994,TRUE
8358,8358,REGISTERED,5936 حيدر Stravenue,,North موسىstad,PA,Tocantins,75681,TRUE
8359,8359,REGISTERED,"6, chemin Françoise Brun",,Port Judith,GB,Paraíba,24300,TRUE
8360,8360,REGISTERED,7830 Wendy Cliff Apt. 221,,Colas-sur-Cordier,TR,Caserta,97371,TRUE
8361,8361,REGISTERED,"26, rue Chauvet",,Buonvicino,IR,New Hampshire,01648-985,TRUE
8362,8362,REGISTERED,"Borgo Taliani, 81 Appartamento 81",,فخر الدّينville,TR,Roma,852-2464,TRUE
8363,8363,REGISTERED,Johanne-Sontag-Weg 8766,,Lugo,US,Benevento,00814,TRUE
8364,8364,REGISTERED,"Sítio Cavalcanti, 12",,Cardoso do Sul,IR,Verona,60911,TRUE
8365,8365,REGISTERED,Sepp-Bähr-Allee 54-52,,Cottbus,GB,La Spezia,251-1796,TRUE
8366,8366,REGISTERED,Margita-Henk-Weg 3,,الامامbury,NL,Utah,34744,TRUE
8367,8367,REGISTERED,"Contrada Arsenio, 6 Appartamento 3",,Henrystad,DE,Brandenburg,50687,TRUE
8368,8368,REGISTERED,263 بنو عمرو Inlet,,Bourgeois,US,Aosta,15818,TRUE
8369,8369,REGISTERED,"Vicolo Geraci, 790",,Hagenow,US,North Dakota,76220,TRUE
8370,8370,REGISTERED,"Recanto Fernandes, 17",,Ávila,FR,Colorado,17720,TRUE
8371,8371,REGISTERED,Marliese-Adler-Gasse 7,,国立市,ES,Rio Grande do Sul,06608-178,TRUE
8372,8372,REGISTERED,624 عامر بن صعصعة Ramp Suite 035,,Lübben,US,Illinois,W89 0HB,TRUE
8373,8373,REGISTERED,Pasadizo Jose Angel Alegre 85,,印旛郡本埜村,DE,Rheinland-Pfalz,40073273,TRUE
8374,8374,REGISTERED,"Piazza Romiti, 21",,Segromigno In Monte,NL,Schleswig-Holstein,55958,TRUE
8375,8375,REGISTERED,Vial de Yago Agustí 35,,横浜市旭区,RU,Thüringen,17047,TRUE
8376,8376,REGISTERED,2243 حمزة Canyon,,Tarragona,US,Maine,75150,TRUE
8377,8377,REGISTERED,Glorieta de Iván Padilla 7 Piso 2 ,,Sainte Patricia,ZA,Bahia,08537383,TRUE
8378,8378,REGISTERED,28467 داني Islands Apt. 857,,Markhaven,IT,Ohio,47784,TRUE
8379,8379,REGISTERED,465 中川 Street,,Hallmouth,GB,Niedersachsen,18437,TRUE
8380,8380,REGISTERED,"Residencial de da Luz, 16",,品川区,SE,Rheinland-Pfalz,63067,TRUE
8381,8381,REGISTERED,"330, rue Guillet",,印旛郡酒々井町,SE,Roraima,41861866,TRUE
8382,8382,REGISTERED,"Flat 64
Bray Curve",,Alicante,SG,Pescara,43955,TRUE
8383,8383,REGISTERED,Baumstraße 6271,,練馬区,FR,Grosseto,HR6Y 1BX,TRUE
8384,8384,REGISTERED,79938 Diana Isle Suite 809,,East Madeline,GB,Florida,72209,TRUE
8385,8385,REGISTERED,"Stretto Marisa, 95 Appartamento 29",,Brownhaven,GB,Roma,W25 0SD,TRUE
8386,8386,REGISTERED,"Rodovia Fogaça, 35",,Lake Julietown,US,Terni,54209,TRUE
8387,8387,REGISTERED,21 Geraldine Ranch,,Lanetown,ES,Nordrhein-Westfalen,04360,TRUE
8388,8388,REGISTERED,Jobst-Zobel-Weg 6,,La Coruña,IT,Arizona,24779,TRUE
8389,8389,REGISTERED,"70, chemin Mathilde Brunet",,New جهراء,JP,Nuoro,14194,TRUE
8390,8390,REGISTERED,Fernando-Faust-Straße 6-5,,Scandolara,SY,Berlin,97177,TRUE
8391,8391,REGISTERED,Condomínio de Guerra,,East Frankberg,TR,Toledo,22308,TRUE
8392,8392,REGISTERED,"Borgo Cianciolo, 2",,Vilpian,IT,La Coruña,99291,TRUE
8393,8393,REGISTERED,90760 بنو لام Alley,,North خيري,TR,Valencia,77205,TRUE
8394,8394,REGISTERED,3572 Tammy Court Suite 676,,Cameronborough,RU,Connecticut,L09 8WA,TRUE
8395,8395,REGISTERED,86895 ناردين Springs,,East Carole,FR,Carbonia-Iglesias,95887618,TRUE
8396,8396,REGISTERED,Rambla Concha Amador 5,,Moreauboeuf,ZA,Berlin,16937513,TRUE
8397,8397,REGISTERED,1607 Diane Hollow Apt. 983,,ابو الحاجstad,GB,Jaén,04002,TRUE
8398,8398,REGISTERED,8827 بنو عجل Fork,,Santa Liberata,ES,Wisconsin,01614,TRUE
8399,8399,REGISTERED,Curt-Wohlgemut-Weg 64-62,,Kimberleyland,ES,Ceará,L3D 1WN,TRUE
8400,8400,REGISTERED,546 Roy Prairie,,Joubert,US,Valencia,57070,TRUE
8401,8401,REGISTERED,Kohlstraße 6/8,,Tarragona,GB,Mato Grosso do Sul,604-5139,TRUE
8402,8402,REGISTERED,rue Olivier Diallo,,新宿区,DE,Arezzo,88264,TRUE
8403,8403,REGISTERED,Avenida Encarnita Larrea 90,,Imbert,IR,Paraíba,GY3 2TX,TRUE
8404,8404,REGISTERED,"Vicolo Ossani, 645",,Masson-sur-Becker,PA,Sachsen,11290,TRUE
8405,8405,REGISTERED,249 Chadwick Bypass,,大田区,CA,Sachsen-Anhalt,31052,TRUE
8406,8406,REGISTERED,"Studio 50R
Rebecca Alley",,Cirino Verde,SY,Ciudad,990-2679,TRUE
8407,8407,REGISTERED,Via de Cecilio Mata 18,,South Adamshire,KY,Hamburg,39659,TRUE
8408,8408,REGISTERED,3609 Mcdaniel Trafficway,,Cimolais,NL,Firenze,90138,TRUE
8409,8409,REGISTERED,0326 Martin Fords Apt. 757,,Lake Maurice,GB,Hessen,98045,TRUE
8410,8410,REGISTERED,887 Olson Shoals Suite 811,,Delaunay-sur-Martineau,DE,Murcia,49346,TRUE
8411,8411,REGISTERED,109 Garcia Unions,,Port مادلين,US,Louisiana,89016,TRUE
8412,8412,REGISTERED,"Pátio Viana, 28",,Port Abdulhaven,RU,Vibo Valentia,04015,TRUE
8413,8413,REGISTERED,"Viale Franco, 47",,Burgos,RU,North Dakota,448-1837,TRUE
8414,8414,REGISTERED,Vittorio-Riehl-Weg 375,,Granada,IT,Delaware,153-6984,TRUE
8415,8415,REGISTERED,5844 الكبابيش Freeway,,Lübben,ES,Minas Gerais,90692,TRUE
8416,8416,REGISTERED,259 Ramos Via,,Almería,RU,Terni,23850,TRUE
8417,8417,REGISTERED,"4, boulevard Bernier",,الوعريborough,PA,Novara,18273,TRUE
8418,8418,REGISTERED,4820 الديسي Springs Apt. 255,,Oliverfurt,FR,Sachsen-Anhalt,20061,TRUE
8419,8419,REGISTERED,"473, boulevard Valette",,Corno D'Oro,US,Oklahoma,855-3545,TRUE
8420,8420,REGISTERED,"Contrada Pizzamano, 3 Appartamento 83",,Madrid,DE,Rio Grande do Sul,45128,TRUE
8421,8421,REGISTERED,814 小林 Street,,横浜市旭区,US,Massachusetts,68978,TRUE
8422,8422,REGISTERED,"Viale Giampaolo, 8",,大網白里市,DE,Chieti,W8 7QY,TRUE
8423,8423,REGISTERED,Camino de Gervasio Ruano 4,,Jackfort,DE,Hessen,778-9097,TRUE
8424,8424,REGISTERED,Camino Ruth Paredes 4,,Aparecida,ES,Connecticut,78452,TRUE
8425,8425,REGISTERED,Cuesta Baldomero Cuervo 62,,شاديside,SE,Vicenza,11486,TRUE
8426,8426,REGISTERED,5701 Stacey Stream Apt. 037,,Guérin,ES,Niedersachsen,31889,TRUE
8427,8427,REGISTERED,Nohlmansallee 9,,نغمtown,KP,Thüringen,68942,TRUE
8428,8428,REGISTERED,"Stretto Tamburello, 94 Appartamento 3",,مهديview,TR,Teramo,27174,TRUE
8429,8429,REGISTERED,Cañada de Nicodemo Amaya 69 Piso 9 ,,Sternberg,PA,South Dakota,00057,TRUE
8430,8430,REGISTERED,456 عويضة Island,,North نسيب,PA,Rio de Janeiro,83749,TRUE
8431,8431,REGISTERED,"Vicolo Olga, 74 Appartamento 76",,Rodrigues das Pedras,CA,Kentucky,55754,TRUE
8432,8432,REGISTERED,531 吉田 Street,,Lynnborough,FR,Segovia,20077,TRUE
8433,8433,REGISTERED,"Studio 95
Joseph Junctions",,Louisemouth,DE,Ceuta,27032,TRUE
8434,8434,REGISTERED,"5, rue Riou",,Simpsonton,SG,South Carolina,ML8W 7HA,TRUE
8435,8435,REGISTERED,"Stretto Lucrezia, 40 Appartamento 75",,長生郡長南町,ES,Maryland,32291,TRUE
8436,8436,REGISTERED,90759 Perez Falls Suite 211,,Partanna,IT,Maryland,48106,TRUE
8437,8437,REGISTERED,486 阿部 Street,,Cunha do Oeste,ES,Paraná,SM2 7HR,TRUE
8438,8438,REGISTERED,Alexa-Johann-Straße 75/48,,Ceuta,BS,Alabama,65239,TRUE
8439,8439,REGISTERED,63 Clark Squares,,長生郡睦沢町,DE,Roraima,02692,TRUE
8440,8440,REGISTERED,064 Alexander Isle,,Porchiano,ES,Rieti,12976,TRUE
8441,8441,REGISTERED,333 山口 Street,,Gavazzana,TR,Minnesota,88890,TRUE
8442,8442,REGISTERED,660 العوازم Green Apt. 218,,Lake خلدونview,US,Gorizia,88325,TRUE
8443,8443,REGISTERED,526 السادة Lights,,South يمام,JP,Distrito Federal,28407,TRUE
8444,8444,REGISTERED,316 高橋 Street,,حمزةville,US,Sassari,46686,TRUE
8445,8445,REGISTERED,"387, avenue de Cousin",,Santos da Mata,TR,Baden-Württemberg,65010,TRUE
8446,8446,REGISTERED,Pasaje Lupe Amigó 792 Piso 8 ,,Pastor,PA,Connecticut,13219838,TRUE
8447,8447,REGISTERED,"7, chemin Fernandes",,Fontaine,KY,Rio Grande do Sul,N8A 1ZF,TRUE
8448,8448,REGISTERED,396 村上 Street,,Kelheim,GB,Hamburg,12464-857,TRUE
8449,8449,REGISTERED,Rambla de Régulo Gallardo 84,,East صنديدstad,AU,Foggia,87767,TRUE
8450,8450,REGISTERED,880 عبد اللطيف Walk,,Pierrenec,BS,Schleswig-Holstein,50089,TRUE
8451,8451,REGISTERED,"782, chemin Charles Hubert",,North Gregorystad,PA,Bayern,N5 5PN,TRUE
8452,8452,REGISTERED,Loteamento Porto,,León,AU,Lugo,15024,TRUE
8453,8453,REGISTERED,Pasadizo de Anna Silva 1,,Oliveira da Serra,ZA,Cosenza,00078,TRUE
8454,8454,REGISTERED,"Campo Laís Camargo, 96",,Siqueira,CA,Saarland,B4U 1AQ,TRUE
8455,8455,REGISTERED,Paseo de Martin Albero 47 Piso 2 ,,Miltenberg,DE,New York,37943,TRUE
8456,8456,REGISTERED,"77, rue Agnès Denis",,زحيكةbury,ES,Nordrhein-Westfalen,036-9946,TRUE
8457,8457,REGISTERED,878 Diana Summit,,Hildburghausen,GB,Missouri,44939,TRUE
8458,8458,REGISTERED,Heserstraße 45-60,,Karlsruhe,IT,Cosenza,15916,TRUE
8459,8459,REGISTERED,C. Lino Montenegro 8,,Dubois,US,Michigan,83275,TRUE
8460,8460,REGISTERED,"Trevo Gonçalves, 151",,West Christine,SE,Ancona,814-3956,TRUE
8461,8461,REGISTERED,rue Véronique Fernandez,,Villatora,RU,North Carolina,30735,TRUE
8462,8462,REGISTERED,"Studio 63B
Patrick Extension",,目黒区,US,Tarragona,19712,TRUE
8463,8463,REGISTERED,"96, rue Noël",,Port خاطرchester,NG,Rheinland-Pfalz,832-5359,TRUE
8464,8464,REGISTERED,"Studio 4
Geraldine Mission",,West Rachelburgh,IR,Zaragoza,M54 0FP,TRUE
8465,8465,REGISTERED,"Viaduto de Sampaio, 34",,Nicolas-sur-Mer,FR,West Virginia,53052-589,TRUE
8466,8466,REGISTERED,Schmidtkestr. 87,,Barcelona,ES,Álava,BB8 2QA,TRUE
8467,8467,REGISTERED,Vial de Maximiano Pedraza 66 Piso 6 ,,Granada,CA,Baleares,51054-316,TRUE
8468,8468,REGISTERED,Schönlandweg 375,,Jeffreystad,AU,Kentucky,25049670,TRUE
8469,8469,REGISTERED,Magdalene-Kohl-Weg 1-2,,Osterode am Harz,FR,Caserta,17936,TRUE
8470,8470,REGISTERED,Avenida Hernán Molins 21 Puerta 3 ,,Sales de Brito,KY,Monza e della Brianza,024-1972,TRUE
8471,8471,REGISTERED,5 Jones Rue,,印旛郡栄町,YE,Nevada,66902,TRUE
8472,8472,REGISTERED,"Flat 0
Carole Wells",,Guipúzcoa,KY,Iowa,25040,TRUE
8473,8473,REGISTERED,16012 Martin Knolls Apt. 721,,Janetside,ZA,Jaén,79681-239,TRUE
8474,8474,REGISTERED,720 Harrison Dam Suite 009,,夷隅郡大多喜町,NG,Como,597-8749,TRUE
8475,8475,REGISTERED,8101 الشهابي Shore,,Torricella In Sabina,ES,Savona,48351,TRUE
8476,8476,REGISTERED,Eduard-Lehmann-Allee 6,,Nascimento da Mata,SG,Wyoming,92012,TRUE
8477,8477,REGISTERED,832 前田 Street,,Recklinghausen,NG,Tocantins,39084-162,TRUE
8478,8478,REGISTERED,"3, boulevard Nathalie Caron",,Merizzo,BS,Rio de Janeiro,13821,TRUE
8479,8479,REGISTERED,"Flat 71L
Marie Ways",,Thorntonburgh,KP,Amapá,78093,TRUE
8480,8480,REGISTERED,62908 مُصلح Valley,,Bowmanchester,DE,North Dakota,256-8732,TRUE
8481,8481,REGISTERED,"Stretto Paride, 90",,Lake Steven,SY,Maranhão,87033,TRUE
8482,8482,REGISTERED,734 鈴木 Street,,Gaudin-sur-Pineau,DE,Thüringen,DA3 0NU,TRUE
8483,8483,REGISTERED,958 Morgan Harbors,,Almería,JP,Pernambuco,65182,TRUE
8484,8484,REGISTERED,"Contrada Guglielmo, 698",,Saint Françoise-les-Bains,GB,New York,80435,TRUE
8485,8485,REGISTERED,6 Donald Curve,,Mendès-sur-Barthelemy,JP,Colorado,56503,TRUE
8486,8486,REGISTERED,95308 Brianna Circle,,New Russellview,ES,Vizcaya,34523,TRUE
8487,8487,REGISTERED,"13, rue Leleu",,南房総市,MM,Vercelli,38390,TRUE
8488,8488,REGISTERED,250 岡田 Street,,Sainte AdélaïdeBourg,JP,Cantabria,145-0634,TRUE
8489,8489,REGISTERED,"Vicolo Giacinto, 93 Appartamento 52",,夷隅郡御宿町,FR,Sachsen,98695,TRUE
8490,8490,REGISTERED,Schmidtstr. 2904,,Delattre,SG,Tennessee,E5 9ZE,TRUE
8491,8491,REGISTERED,"Flat 03l
Hughes Extension",,Placanica,US,Teramo,20159,TRUE
8492,8492,REGISTERED,"292, boulevard Tessier",,الموركةview,DE,Illinois,20566,TRUE
8493,8493,REGISTERED,925 山崎 Street,,横浜市中区,FR,Maryland,40012,TRUE
8494,8494,REGISTERED,8811 Morales Orchard Suite 232,,Pires Verde,PA,Amazonas,72318,TRUE
8495,8495,REGISTERED,755 鈴木 Street,,العسليchester,NL,Schleswig-Holstein,36126,TRUE
8496,8496,REGISTERED,"Rodovia de Marques, 7",,Raynaud,PA,Nordrhein-Westfalen,94652,TRUE
8497,8497,REGISTERED,Glorieta de Fabiana Alonso 70 Piso 0 ,,Álava,DE,Sachsen,81987,TRUE
8498,8498,REGISTERED,67003 الخلفاوي Light,,South عليbury,US,Catania,53956,TRUE
8499,8499,REGISTERED,5615 Brianna Hollow,,Lake Amanda,BS,Ancona,19094,TRUE
8500,8500,REGISTERED,"6, rue Michelle Rémy",,Mendes da Serra,SY,Roraima,59109,TRUE
8501,8501,REGISTERED,"42, avenue Cousin",,Ceuta,IT,Cáceres,35254,TRUE
8502,8502,REGISTERED,685 山田 Street,,Sömmerda,US,Mato Grosso,02792,TRUE
8503,8503,REGISTERED,982 斎藤 Street,,Fonseca de Cunha,US,Pennsylvania,91627,TRUE
8504,8504,REGISTERED,"Viale Lombroso, 75",,山武郡芝山町,DE,Ceará,69107,TRUE
8505,8505,REGISTERED,"69, chemin Jérôme Aubert",,Bonnin,CH,Goiás,45219,TRUE
8506,8506,REGISTERED,279 Amy Road,,Catherinemouth,FR,Paraíba,26847,TRUE
8507,8507,REGISTERED,Klotzgasse 507,,Port Gailberg,GB,Roma,92366,TRUE
8508,8508,REGISTERED,Gotthardgasse 24/77,,Rosieborough,MM,South Carolina,83787,TRUE
8509,8509,REGISTERED,Pasaje de Félix Herranz 88 Piso 1 ,,Bad Kreuznach,US,Massachusetts,95631,TRUE
8510,8510,REGISTERED,Oestrovskyring 17,,South روبين,TR,Texas,W48 8RE,TRUE
8511,8511,REGISTERED,Klingelhöferstr. 2920,,Soria,GB,Pará,94578,TRUE
8512,8512,REGISTERED,095 Crystal Plaza,,Meyersside,TR,Sondrio,M8 4SX,TRUE
8513,8513,REGISTERED,Cuesta de Pancho Arroyo 901,,国立市,IR,Tocantins,60987,TRUE
8514,8514,REGISTERED,521 Mary Turnpike Apt. 798,,Carlymouth,ES,Maine,S58 7WU,TRUE
8515,8515,REGISTERED,Cecilia-Paffrath-Gasse 5/4,,Torre Degli Alberi,PA,Amazonas,523-5918,TRUE
8516,8516,REGISTERED,832 森 Street,,Moreira,GB,La Coruña,38813,TRUE
8517,8517,REGISTERED,2252 Julie Loop Suite 453,,فخريshire,KY,Mississippi,266-7731,TRUE
8518,8518,REGISTERED,110 藤原 Street,,Lake عرفهchester,CA,Segovia,87353-842,TRUE
8519,8519,REGISTERED,"Studio 79u
Sanders Orchard",,Verghereto,IT,Hamburg,61614835,TRUE
8520,8520,REGISTERED,Urbanización Enrique Vilalta 53,,東大和市,PA,Bahia,M1 0ED,TRUE
8521,8521,REGISTERED,Via de Tamara Cañizares 14,,Filci,GB,Wisconsin,64352,TRUE
8522,8522,REGISTERED,"Borgo Virginia, 68 Appartamento 64",,da Costa,GB,Mecklenburg-Vorpommern,00133,TRUE
8523,8523,REGISTERED,11 Kaur Ville,,Beeskow,IT,Ohio,94306,TRUE
8524,8524,REGISTERED,923 加藤 Street,,Garrettport,SE,Minas Gerais,18021,TRUE
8525,8525,REGISTERED,Camino de Albano Saura 9,,目黒区,IR,Indiana,655-4209,TRUE
8526,8526,REGISTERED,078 佐々木 Street,,da Cunha,US,Texas,73020,TRUE
8527,8527,REGISTERED,"72, chemin de Pichon",,武蔵村山市,NL,Delaware,86093,TRUE
8528,8528,REGISTERED,"Aeroporto de Rodrigues, 68",,New Judith,GB,Oklahoma,UB5 7DA,TRUE
8529,8529,REGISTERED,Birthe-Caspar-Straße 33-99,,Schwäbisch Hall,GB,Paraná,49385,TRUE
8530,8530,REGISTERED,235 林 Street,,川崎市中原区,ZA,Ohio,90440,TRUE
8531,8531,REGISTERED,"Rotonda Matilda, 6",,Joannbury,FR,Mecklenburg-Vorpommern,32337599,TRUE
8532,8532,REGISTERED,449 Mary Green Apt. 440,,Macedo de da Cruz,SG,Guipúzcoa,10290,TRUE
8533,8533,REGISTERED,Drewesstr. 90,,川崎市幸区,SY,Pará,71430,TRUE
8534,8534,REGISTERED,778 高橋 Street,,Freitas de Oliveira,BS,Albacete,50143,TRUE
8535,8535,REGISTERED,Acceso de Lucio Borja 7,,Barbosa do Norte,US,Huesca,KY5 2WZ,TRUE
8536,8536,REGISTERED,"59, rue Baron",,West جوليا,IT,Rio Grande do Sul,PL6 9YF,TRUE
8537,8537,REGISTERED,Urbanización Apolonia Valero 95,,Nürtingen,US,Baden-Württemberg,76577,TRUE
8538,8538,REGISTERED,285 Dale Loaf,,Weavershire,KP,Idaho,25363,TRUE
8539,8539,REGISTERED,45 Donna Light,,Barbosa Verde,FR,Baden-Württemberg,309-7438,TRUE
8540,8540,REGISTERED,714 鈴木 Street,,港区,JP,Ciudad,60044,TRUE
8541,8541,REGISTERED,"Via Flora, 51",,Cádiz,GB,Oregon,HX44 4DH,TRUE
8542,8542,REGISTERED,"Stretto Bignami, 74 Piano 8",,Daystad,TR,Soria,76174-367,TRUE
8543,8543,REGISTERED,42335 Fitzgerald Parkway,,East Michaelville,US,Missouri,B61 8ZU,TRUE
8544,8544,REGISTERED,"Studio 44l
Atkinson Cove",,Blanc,ZA,Sachsen,20600,TRUE
8545,8545,REGISTERED,709 الخالدي Circle Suite 635,,Traore,TR,Rio de Janeiro,194-9120,TRUE
8546,8546,REGISTERED,139 加藤 Street,,Kötzting,SE,Baden-Württemberg,13055,TRUE
8547,8547,REGISTERED,"Distrito de Cavalcanti, 87",,Charlesburgh,DE,Missouri,68021,TRUE
8548,8548,REGISTERED,59679 Jones Islands Suite 403,,Borges,YE,Roraima,38031,TRUE
8549,8549,REGISTERED,12309 Anthony Spur Apt. 611,,Neu-Ulm,GB,Baden-Württemberg,20641,TRUE
8550,8550,REGISTERED,"238, boulevard Augustin Bazin",,West Harryville,TR,Ourense,29801,TRUE
8551,8551,REGISTERED,"Vicolo Bocelli, 858",,匝瑳市,AU,Florida,NN62 7ZT,TRUE
8552,8552,REGISTERED,Emanuel-Kuhl-Ring 1298,,Fieldsville,FR,Montana,20157,TRUE
8553,8553,REGISTERED,"Morro Benjamin Pimenta, 85",,Stio,NL,Hessen,413-2773,TRUE
8554,8554,REGISTERED,Cuesta de Zoraida Peral 21 Apt. 68 ,,調布市,DE,Brandenburg,38955,TRUE
8555,8555,REGISTERED,"Borgo Ruggieri, 670 Appartamento 33",,Farnetta,SG,Cáceres,43798824,TRUE
8556,8556,REGISTERED,95581 جهينة Stravenue Apt. 560,,Bradleyhaven,ES,Enna,70739,TRUE
8557,8557,REGISTERED,"92, chemin de Marin",,Pichon,MM,Venezia,747-9793,TRUE
8558,8558,REGISTERED,"66, rue Camille Simon",,印旛郡本埜村,NG,Sachsen,27067,TRUE
8559,8559,REGISTERED,6 Lisa Lights,,Vizcaya,AU,New Jersey,51360,TRUE
8560,8560,REGISTERED,Mato-Steinberg-Allee 4/1,,West راضيview,GB,Badajoz,123-8558,TRUE
8561,8561,REGISTERED,369 近藤 Street,,Stewartview,IT,Lodi,02908,TRUE
8562,8562,REGISTERED,Nathalie-Ring-Gasse 29,,墨田区,BS,Guipúzcoa,15300,TRUE
8563,8563,REGISTERED,"18, rue de Moulin",,Moreno,IR,Campobasso,04223,TRUE
8564,8564,REGISTERED,68 Metcalfe Trace,,Jenningsborough,GB,Utah,M5U 8XE,TRUE
8565,8565,REGISTERED,5 Rita Rapid,,江戸川区,DE,Wyoming,12046,TRUE
8566,8566,REGISTERED,"Flat 14h
Smith Bridge",,Las Palmas,AU,Pernambuco,98336653,TRUE
8567,8567,REGISTERED,"66, chemin de Cohen",,Thompsonton,BS,Nordrhein-Westfalen,12903,TRUE
8568,8568,REGISTERED,6569 بلقرن Isle Apt. 396,,大田区,PA,Florida,34294,TRUE
8569,8569,REGISTERED,Gesa-Noack-Weg 42-20,,ColletVille,CH,Minas Gerais,02265-159,TRUE
8570,8570,REGISTERED,"262, rue Diallo",,Goncalves,ES,Vicenza,16164,TRUE
8571,8571,REGISTERED,"Rua de Cavalcante, 18",,夷隅郡大多喜町,NG,Badajoz,18086,TRUE
8572,8572,REGISTERED,Cathrin-Zorbach-Platz 7-7,,Vizcaya,BS,Medio Campidano,20162,TRUE
8573,8573,REGISTERED,"Trevo Mariah Almeida, 49",,Jacksonside,BS,Wyoming,14011,TRUE
8574,8574,REGISTERED,Rambla de Gastón Campillo 9 Piso 2 ,,Fermo,FR,Schleswig-Holstein,76542114,TRUE
8575,8575,REGISTERED,Hans-Karl-Nohlmans-Weg 8-5,,Marina Di Altidona,ZA,Florida,33637,TRUE
8576,8576,REGISTERED,330 佐藤 Street,,Clarkport,SG,Rhode Island,66277,TRUE
8577,8577,REGISTERED,7371 ضبيعة Plains Apt. 346,,Lake Martin,AU,Valladolid,961-1736,TRUE
8578,8578,REGISTERED,Eckhardt-Rogge-Ring 6,,Lake Jennifer,KP,Santa Catarina,64855-611,TRUE
8579,8579,REGISTERED,"Incrocio Roero, 4",,港区,TR,Ceará,S4J 9JR,TRUE
8580,8580,REGISTERED,"1, avenue Hortense Renard",,بنو سعد بن ليث بن بكرberg,US,Zaragoza,13894,TRUE
8581,8581,REGISTERED,"Jardim da Costa, 77",,Lichtenfels,SG,New Mexico,54592,TRUE
8582,8582,REGISTERED,"61, chemin Mathieu",,Caporiacco,FR,La Rioja,20637-787,TRUE
8583,8583,REGISTERED,Doreen-Trüb-Weg 2-4,,Shawport,IT,Baleares,19835,TRUE
8584,8584,REGISTERED,"Vereda Maria Sophia Vargas, 2",,Framura,SG,Maine,380-3694,TRUE
8585,8585,REGISTERED,47999 جدير Burg,,Murcia,IT,Hamburg,SN51 9WQ,TRUE
8586,8586,REGISTERED,"35, boulevard Lecoq",,Lemgo,GB,Berlin,92360-973,TRUE
8587,8587,REGISTERED,553 سليم Valley Suite 566,,Port ابتكار,ZA,North Carolina,56257,TRUE
8588,8588,REGISTERED,413 鈴木 Street,,New Evanbury,TR,León,68388,TRUE
8589,8589,REGISTERED,572 Crystal Lakes,,印旛郡栄町,ES,Girona,97335,TRUE
8590,8590,REGISTERED,56994 بنو صخر Walks Suite 432,,横浜市港南区,JP,Trento,12462,TRUE
8591,8591,REGISTERED,15576 ثروت Valley Suite 371,,Söll,US,Rhode Island,DG57 3UG,TRUE
8592,8592,REGISTERED,Casparweg 6573,,جعفرville,DE,Brandenburg,19371,TRUE
8593,8593,REGISTERED,672 石川 Street,,安房郡鋸南町,PA,Messina,48012,TRUE
8594,8594,REGISTERED,7271 عبد القدّوس Mall,,Christinemouth,BS,New Hampshire,356-9921,TRUE
8595,8595,REGISTERED,24640 الأزد Trafficway Apt. 000,,Bethborough,CH,Alagoas,40450,TRUE
8596,8596,REGISTERED,Plaza Néstor Marquez 82,,München,BS,Roraima,84363,TRUE
8597,8597,REGISTERED,67025 Lindsay Mill,,Jaén,DE,Saarland,18106,TRUE
8598,8598,REGISTERED,479 石川 Street,,Lake عزّ الدّين,SY,Pennsylvania,87388,TRUE
8599,8599,REGISTERED,343 田中 Street,,Sampaio,DE,Santa Catarina,27805738,TRUE
8600,8600,REGISTERED,Camino Clímaco Barceló 24 Piso 7 ,,西多摩郡奥多摩町,NL,Valencia,35622252,TRUE
8601,8601,REGISTERED,Callejón Glauco Adadia 426 Puerta 4 ,,八千代市,CA,Almería,05223,TRUE
8602,8602,REGISTERED,"Flat 47
Pritchard Gardens",,South زاكي,NL,Barcelona,63075,TRUE
8603,8603,REGISTERED,"514, chemin Alexandre",,East شادي,TR,New York,10071,TRUE
8604,8604,REGISTERED,"Studio 86b
Stevens Springs",,Delorme-sur-Turpin,DE,Rondônia,22684,TRUE
8605,8605,REGISTERED,2500 Preston Keys Suite 580,,East Nicholasside,US,Niedersachsen,97685,TRUE
8606,8606,REGISTERED,Dowergplatz 26,,Mendonça,SG,Vizcaya,10054,TRUE
8607,8607,REGISTERED,952 Bishop Crossing Apt. 542,,North عتيدville,NL,Montana,23709-655,TRUE
8608,8608,REGISTERED,133 西村 Street,,Bellfurt,US,Berlin,59954,TRUE
8609,8609,REGISTERED,Alameda de Gabriel Bellido 98 Piso 8 ,,Sainte Constance-sur-Mer,SE,Michigan,31943-187,TRUE
8610,8610,REGISTERED,"3, avenue de Hamon",,Briandboeuf,GB,Ceará,45081,TRUE
8611,8611,REGISTERED,"51, avenue Denis Collet",,Saint Aurore,NG,New Mexico,54887,TRUE
8612,8612,REGISTERED,Calle de Edmundo Calderon 75 Puerta 7 ,,Bruneldan,FR,Ceará,13033,TRUE
8613,8613,REGISTERED,"Piazza Priscilla, 1",,رمزيberg,CA,Vizcaya,323-6706,TRUE
8614,8614,REGISTERED,542 松本 Street,,South فضل,DE,Chieti,70743,TRUE
8615,8615,REGISTERED,Pasaje de Carmelo Ramos 213 Puerta 1 ,,Álava,CA,Colorado,15309,TRUE
8616,8616,REGISTERED,Mangoldring 42-43,,Porto dos Dourados,US,Paraná,48724-401,TRUE
8617,8617,REGISTERED,Mira-Salz-Ring 58/94,,小金井市,RU,Taranto,61333,TRUE
8618,8618,REGISTERED,244 長谷川 Street,,横浜市瀬谷区,CA,Georgia,86517500,TRUE
8619,8619,REGISTERED,"Residencial Rodrigues, 980",,Camargo,TR,Ancona,89027,TRUE
8620,8620,REGISTERED,"Colônia de Rocha, 3",,Baleares,ES,Ohio,523-4725,TRUE
8621,8621,REGISTERED,Paseo de Otilia Alcázar 92,,Huesca,US,Burgos,30146,TRUE
8622,8622,REGISTERED,Paseo de Agustina Vall 89,,横浜市瀬谷区,GB,Idaho,990-6398,TRUE
8623,8623,REGISTERED,"Jardim Andrade, 88",,الوعريfurt,RU,Amazonas,42519,TRUE
8624,8624,REGISTERED,Cañada de Ainara Ferrer 541,,Ellisport,NL,Louisiana,32305,TRUE
8625,8625,REGISTERED,479 松本 Street,,East كرمtown,CA,Indiana,80137,TRUE
8626,8626,REGISTERED,"8, avenue Boyer",,Beeskow,ES,Baleares,64767,TRUE
8627,8627,REGISTERED,4863 David Street,,Ciudad,NL,Vicenza,74861,TRUE
8628,8628,REGISTERED,611 清水 Street,,Northeim,ZA,Georgia,E5 5DY,TRUE
8629,8629,REGISTERED,"Piazza Napoleone, 32",,Güstrow,TR,Bremen,64916,TRUE
8630,8630,REGISTERED,"Stretto Natalia, 94 Appartamento 25",,川崎市宮前区,GB,La Spezia,47318,TRUE
8631,8631,REGISTERED,3934 بنو مهدي Groves Suite 738,,Castelnuovo Parano,IR,Connecticut,11966,TRUE
8632,8632,REGISTERED,"Studio 07d
Cameron Squares",,Villa Favale,BS,Benevento,34204,TRUE
8633,8633,REGISTERED,"Canale Lippomano, 969",,New أغاريدmouth,ES,Brandenburg,16078622,TRUE
8634,8634,REGISTERED,335 鈴木 Street,,横浜市戸塚区,ES,Paraíba,38708,TRUE
8635,8635,REGISTERED,382 小川 Street,,Smithmouth,GB,Minas Gerais,S6 1NA,TRUE
8636,8636,REGISTERED,658 西村 Street,,Málaga,DE,Asturias,DG00 3LY,TRUE
8637,8637,REGISTERED,4 Pritchard Knolls,,North Rita,RU,North Dakota,49973049,TRUE
8638,8638,REGISTERED,Pátio de Viana,,Calvi Risorta,BS,Espírito Santo,07150,TRUE
8639,8639,REGISTERED,"Alameda Machado, 747",,Navarra,GB,Campobasso,025-2022,TRUE
8640,8640,REGISTERED,763 藤井 Street,,三宅島三宅村,DE,Minas Gerais,21909,TRUE
8641,8641,REGISTERED,Núcleo Carvalho,,Jaén,FR,Ohio,M4H 2ET,TRUE
8642,8642,REGISTERED,"Canale Carla, 7",,Lake Lisabury,KY,Missouri,32626,TRUE
8643,8643,REGISTERED,697 Arnold Loop Suite 512,,Woodsstad,US,Ávila,15702,TRUE
8644,8644,REGISTERED,"Incrocio Ravaglioli, 59 Appartamento 63",,Porelli Di Bagnara,PA,Idaho,572-4830,TRUE
8645,8645,REGISTERED,3486 Gordon Villages Apt. 384,,Torre Mondovi',US,Alicante,047-6939,TRUE
8646,8646,REGISTERED,710 مكّي Pike Apt. 809,,Roth,DE,Ceará,85010,TRUE
8647,8647,REGISTERED,"2, chemin de Millet",,Oranienburg,IT,Tennessee,67611,TRUE
8648,8648,REGISTERED,125 太田 Street,,Toussaint,IT,Oregon,CT9N 2NG,TRUE
8649,8649,REGISTERED,"Lagoa da Rosa, 26",,Morinboeuf,DE,Baden-Württemberg,70828426,TRUE
8650,8650,REGISTERED,Alameda Pacheco,,Aurich,CH,Goiás,62781342,TRUE
8651,8651,REGISTERED,"Vicolo Cundari, 74 Appartamento 13",,Novaes Alegre,IT,Brandenburg,66058-571,TRUE
8652,8652,REGISTERED,Johan-Steuer-Allee 11/91,,千代田区,JP,Nordrhein-Westfalen,92709,TRUE
8653,8653,REGISTERED,"74, rue de Boulanger",,Görlitz,TR,Nevada,24104,TRUE
8654,8654,REGISTERED,"55, rue Isaac Dupré",,ضبيعةburgh,ES,Ceará,54177,TRUE
8655,8655,REGISTERED,"Studio 43w
Mohammed Oval",,Freitas,YE,Pará,638-8391,TRUE
8656,8656,REGISTERED,Cäcilia-Drub-Straße 7595,,Ochsenfurt,DE,Florida,114-1987,TRUE
8657,8657,REGISTERED,2 Shannon Locks,,文京区,CA,Oristano,20573,TRUE
8658,8658,REGISTERED,Kensystraße 595,,Normanborough,SE,California,90735,TRUE
8659,8659,REGISTERED,201 鈴木 Street,,Eggenfelden,ES,Alagoas,18115-711,TRUE
8660,8660,REGISTERED,"Passarela de Câmara, 24",,Jacobhaven,IT,Granada,164-7381,TRUE
8661,8661,REGISTERED,boulevard Denis Vasseur,,三宅島三宅村,GB,Vermont,66430264,TRUE
8662,8662,REGISTERED,"Studio 41X
Owen Station",,كنارfurt,FR,Maine,95438,TRUE
8663,8663,REGISTERED,793 鈴木 Street,,Ávila,IT,Rhode Island,67020,TRUE
8664,8664,REGISTERED,"Piazza Valeria, 453",,New Shelly,SG,Castellón,47663,TRUE
8665,8665,REGISTERED,"Canale Imelda, 40",,Teixeira,FR,Cosenza,71381-175,TRUE
8666,8666,REGISTERED,"Flat 50y
Joel Ports",,川崎市多摩区,SG,Hessen,48180-496,TRUE
8667,8667,REGISTERED,Doreen-Lorch-Straße 86-35,,Celleno,TR,Guipúzcoa,28857,TRUE
8668,8668,REGISTERED,"Morro de Jesus, 56",,Tuttlingen,BS,Toledo,71045,TRUE
8669,8669,REGISTERED,1671 التوتنجي Oval Apt. 716,,Lopes da Prata,NG,New Hampshire,61574,TRUE
8670,8670,REGISTERED,584 後藤 Street,,Jacquet,DE,Madrid,90026,TRUE
8671,8671,REGISTERED,Alameda de Cristian Cuenca 13 Piso 1 ,,豊島区,SG,Pernambuco,24752,TRUE
8672,8672,REGISTERED,474 هايل Alley,,الدجانيfort,US,Albacete,84170,TRUE
8673,8673,REGISTERED,"14, boulevard Émilie Carpentier",,البيسار القعقورmouth,SE,Rheinland-Pfalz,26839,TRUE
8674,8674,REGISTERED,974 佐藤 Street,,Novais,JP,Hessen,33074,TRUE
8675,8675,REGISTERED,"Canale Chiappetta, 6",,Sevilla,BS,Pisa,17512776,TRUE
8676,8676,REGISTERED,Wähnerplatz 365,,Ono San Pietro,IT,Pavia,41901,TRUE
8677,8677,REGISTERED,"Studio 40
Andrew Street",,Williamton,JP,Cantabria,31536,TRUE
8678,8678,REGISTERED,"Contrada Camillo, 810 Appartamento 9",,North Lisashire,SG,Asti,978-2258,TRUE
8679,8679,REGISTERED,"Studio 78
Banks Pike",,Valencia,DE,Hessen,62218543,TRUE
8680,8680,REGISTERED,Trevo Gabriela da Conceição,,New Martin,GB,Maryland,37335,TRUE
8681,8681,REGISTERED,"Incrocio Druso, 38",,Silveira,GB,Novara,58024,TRUE
8682,8682,REGISTERED,01 Jackson Throughway,,Lima de Costela,PA,Bremen,08000,TRUE
8683,8683,REGISTERED,"Rotonda Germana, 58",,Apolda,DE,Ourense,81025,TRUE
8684,8684,REGISTERED,"Campo de Lima, 506",,South Ritaview,GB,Verona,07016,TRUE
8685,8685,REGISTERED,"40, chemin Danielle Letellier",,Gressoney Saint Jean,FR,Paraíba,74131,TRUE
8686,8686,REGISTERED,"3, avenue Paul Briand",,袖ケ浦市,DE,Wyoming,375-4522,TRUE
8687,8687,REGISTERED,Alena-Wiek-Platz 72-21,,Badoberan,BS,Maine,93647,TRUE
8688,8688,REGISTERED,"Flat 3
Joanna Gateway",,New لاماland,SE,Pontevedra,E6 3NZ,TRUE
8689,8689,REGISTERED,983 Harris Isle,,Cavalcante de Minas,IT,Michigan,20412,TRUE
8690,8690,REGISTERED,Stanislaus-Steuer-Ring 104,,Townsendchester,DE,Arizona,B1 0NZ,TRUE
8691,8691,REGISTERED,"3, chemin Coulon",,East مُتيّم,GB,Niedersachsen,12146,TRUE
8692,8692,REGISTERED,Calle de Elena Niño 2,,da Rocha de Silva,GB,Brandenburg,893-8639,TRUE
8693,8693,REGISTERED,845 斉藤 Street,,Mariahaven,GB,Bayern,021-0768,TRUE
8694,8694,REGISTERED,"Condomínio Oliveira, 556",,Swansonhaven,PA,Brandenburg,03012,TRUE
8695,8695,REGISTERED,Andersstraße 5/6,,North جوريّة,RU,Santa Catarina,23490,TRUE
8696,8696,REGISTERED,Salih-Häring-Weg 2-9,,Albert,US,Baleares,88693,TRUE
8697,8697,REGISTERED,0939 الرباطاب Estates,,鴨川市,CA,Schleswig-Holstein,31961,TRUE
8698,8698,REGISTERED,2902 فاخر Mountains Apt. 839,,South Stephanie,ZA,Espírito Santo,63905,TRUE
8699,8699,REGISTERED,"1, avenue de Millet",,Câmara,TR,Olbia-Tempio,31816,TRUE
8700,8700,REGISTERED,"Travessa Rezende, 99",,東村山市,NG,Michigan,W60 1SR,TRUE
8701,8701,REGISTERED,49054 Delgado Village Apt. 499,,Bigotnec,CA,Jaén,68542-096,TRUE
8702,8702,REGISTERED,078 池田 Street,,Teor,NL,Goiás,16043,TRUE
8703,8703,REGISTERED,"Quadra Ravi Camargo, 73",,Konstanz,FR,Wyoming,29879,TRUE
8704,8704,REGISTERED,"Viale Giampiero, 94",,Sainte Émiledan,RU,Utah,84413,TRUE
8705,8705,REGISTERED,"Contrada Boccaccio, 64",,BlanchardVille,RU,Alicante,73020,TRUE
8706,8706,REGISTERED,Rambla de María Jesús Lobo 27 Piso 9 ,,Garmisch-Partenkirchen,GB,Aosta,84430,TRUE
8707,8707,REGISTERED,"Incrocio Borromeo, 3",,West Charleston,SE,Nordrhein-Westfalen,34917,TRUE
8708,8708,REGISTERED,2834 كبير Camp Apt. 271,,Reesberg,TR,Lleida,GY3V 1ND,TRUE
8709,8709,REGISTERED,795 近藤 Street,,Cavalcante das Flores,TR,Nevada,86656,TRUE
8710,8710,REGISTERED,25836 Linda Knoll Apt. 575,,Soria,MM,Alabama,87130,TRUE
8711,8711,REGISTERED,98304 بيروتي Dale,,da Rosa,AU,North Dakota,06675,TRUE
8712,8712,REGISTERED,60826 ناصر Mill,,Lüdinghausen,SG,Connecticut,38211,TRUE
8713,8713,REGISTERED,797 山本 Street,,New Robertstad,JP,Minnesota,841-7344,TRUE
8714,8714,REGISTERED,448 長谷川 Street,,Vizcaya,TR,Espírito Santo,07959,TRUE
8715,8715,REGISTERED,Roggestr. 6,,Cádiz,AU,Minnesota,39243-617,TRUE
8716,8716,REGISTERED,5203 صدّام Stream,,Borgonuovo,ES,Grosseto,50085,TRUE
8717,8717,REGISTERED,Pátio Viana,,Spremberg,DE,Minas Gerais,11839,TRUE
8718,8718,REGISTERED,Eimergasse 76/26,,Watsonville,CA,Grosseto,37021,TRUE
8719,8719,REGISTERED,176 小林 Street,,匝瑳市,BS,Arizona,77221,TRUE
8720,8720,REGISTERED,951 Vanessa Pike,,Rocca Di Mezzo,SE,Bayern,69590,TRUE
8721,8721,REGISTERED,000 Perez Dam Suite 087,,Vallebruca,GB,Vizcaya,41959,TRUE
8722,8722,REGISTERED,02269 عربي Court Suite 054,,Lopes-sur-Lamy,TR,Pennsylvania,27218,TRUE
8723,8723,REGISTERED,"Borgo Romano, 1 Piano 6",,Khanfort,GB,Madrid,34131,TRUE
8724,8724,REGISTERED,Calle Agapito Carreño 46,,Port Kayleigh,AU,Georgia,37726-722,TRUE
8725,8725,REGISTERED,33945 Charles Rue,,Comiso,JP,Nuoro,92335,TRUE
8726,8726,REGISTERED,"Strada Ferragamo, 578 Piano 3",,横浜市神奈川区,DE,Utah,19582,TRUE
8727,8727,REGISTERED,63993 Eric River,,Lake رهيف,US,Pernambuco,38644,TRUE
8728,8728,REGISTERED,Dennis-Hertrampf-Allee 2/2,,معمّرmouth,US,Wyoming,37938549,TRUE
8729,8729,REGISTERED,"Flat 65b
Katy Key",,Rodrigues de Andrade,RU,Maryland,N1S 5BY,TRUE
8730,8730,REGISTERED,"Borgo Alberto, 251",,Madrid,GB,Niedersachsen,14022,TRUE
8731,8731,REGISTERED,"Piazza Pietro, 90 Appartamento 89",,GuillaumeBourg,CA,Baden-Württemberg,E54 2XT,TRUE
8732,8732,REGISTERED,651 山田 Street,,Nataliefurt,NL,Illinois,73794,TRUE
8733,8733,REGISTERED,Löfflerallee 58,,Nunes,ES,Rio Grande do Sul,95029,TRUE
8734,8734,REGISTERED,54011 Shelly Manor,,Azevedo,SE,Georgia,SW35 6FJ,TRUE
8735,8735,REGISTERED,0 Leanne Center,,Faivre,RU,Ohio,49690-636,TRUE
8736,8736,REGISTERED,918 山口 Street,,Leemouth,JP,Trieste,00029,TRUE
8737,8737,REGISTERED,5023 Mercado Plains Apt. 925,,袖ケ浦市,IT,Roma,47272,TRUE
8738,8738,REGISTERED,Wesackplatz 59,,Salamanca,GB,Hamburg,39025,TRUE
8739,8739,REGISTERED,"Esplanada Antônio Mendonça, 9",,Meißen,CA,Santa Catarina,82078,TRUE
8740,8740,REGISTERED,"Viela de Campos, 9",,South Benjaminborough,BS,Oklahoma,63863,TRUE
8741,8741,REGISTERED,"Incrocio Nina, 171",,Dupré,US,Las Palmas,E4S 1ZS,TRUE
8742,8742,REGISTERED,"Borgo Puccini, 3 Piano 5",,Girard,CA,Mato Grosso,64044,TRUE
8743,8743,REGISTERED,"43, rue Augustin Laurent",,Nogueira de Rios,AU,Virginia,38349,TRUE
8744,8744,REGISTERED,976 太田 Street,,Ca Morosini,ZA,Saarland,86028,TRUE
8745,8745,REGISTERED,Setor de Carvalho,,Oliveira,US,Virginia,20140,TRUE
8746,8746,REGISTERED,543 渡辺 Street,,Lugo,US,Amapá,N95 4UA,TRUE
8747,8747,REGISTERED,Calle de Goyo Jover 271,,Port ميمونbury,IT,Arkansas,98059,TRUE
8748,8748,REGISTERED,718 中村 Street,,Borges de Moraes,TR,Nevada,24601,TRUE
8749,8749,REGISTERED,"34, rue Maryse Godard",,Abreu do Norte,RU,Texas,89413,TRUE
8750,8750,REGISTERED,81212 Sara Drives Apt. 093,,عبد القدّوسshire,SG,Michigan,14012,TRUE
8751,8751,REGISTERED,Lagoa de Lima,,Masse-sur-Mer,TR,Michigan,24190,TRUE
8752,8752,REGISTERED,"Núcleo Martins, 966",,Capparuccia,GB,Bahia,61040,TRUE
8753,8753,REGISTERED,Vial Calista Escalona 89,,Sá de Jesus,KY,Gorizia,87453,TRUE
8754,8754,REGISTERED,44907 القرجولي Freeway,,خزاعةside,SE,Palermo,27470,TRUE
8755,8755,REGISTERED,216 طيء View,,Cantabria,US,Florida,G17 4UW,TRUE
8756,8756,REGISTERED,"Piazza Fabbri, 23 Appartamento 7",,خثعمstad,GB,Niedersachsen,48208,TRUE
8757,8757,REGISTERED,"17, boulevard de Jacquet",,New يحيى,NL,Vizcaya,51500,TRUE
8758,8758,REGISTERED,343 中村 Street,,Perezfort,US,Hawaii,27749,TRUE
8759,8759,REGISTERED,109 阿部 Street,,Pastor,GB,Hawaii,06132,TRUE
8760,8760,REGISTERED,127 青木 Street,,Ponte Messa,US,Colorado,TN2B 1QW,TRUE
8761,8761,REGISTERED,"Strada Borgia, 58 Appartamento 23",,夷隅郡御宿町,PA,Catania,28421,TRUE
8762,8762,REGISTERED,"Studio 72
Chambers Shoals",,Ponte All'Ania,JP,Vermont,09088,TRUE
8763,8763,REGISTERED,"Strada Schiaparelli, 542 Appartamento 8",,Güstrow,DE,Huesca,52049,TRUE
8764,8764,REGISTERED,Schombergasse 40/41,,da Mota da Mata,IT,Pará,48052-480,TRUE
8765,8765,REGISTERED,35 Kerr Forest,,Gera,SE,Ogliastra,373-2974,TRUE
8766,8766,REGISTERED,108 村上 Street,,Hünfeld,FR,Mato Grosso,074-4564,TRUE
8767,8767,REGISTERED,"Studio 44
Abdul Ranch",,Almería,ES,Bremen,47158,TRUE
8768,8768,REGISTERED,"48, rue Dupont",,حب رمانview,SE,Teruel,08423,TRUE
8769,8769,REGISTERED,093 山口 Street,,Brianfort,FR,Wisconsin,081-8562,TRUE
8770,8770,REGISTERED,C. de Águeda Huguet 807 Piso 8 ,,Gimenez,TR,Rheinland-Pfalz,CF05 7LN,TRUE
8771,8771,REGISTERED,137 Andrea Port Suite 202,,Günzburg,TR,New York,35038,TRUE
8772,8772,REGISTERED,217 中村 Street,,إباءmouth,IT,North Carolina,43096,TRUE
8773,8773,REGISTERED,Acceso de Luís Cabello 59,,Duarte de Araújo,ZA,Carbonia-Iglesias,69088,TRUE
8774,8774,REGISTERED,"Conjunto de Almeida, 97",,Sousa do Norte,US,Nordrhein-Westfalen,37478,TRUE
8775,8775,REGISTERED,194 عذرة Landing,,Rey,NL,Missouri,55236,TRUE
8776,8776,REGISTERED,265 木村 Street,,Melissaburgh,ES,Kansas,32545,TRUE
8777,8777,REGISTERED,40331 Thomas Burgs Apt. 386,,South Benmouth,DE,Bayern,GU95 0LU,TRUE
8778,8778,REGISTERED,"Condomínio Dom Novaes, 427",,Laurent,TR,Pesaro e Urbino,18716,TRUE
8779,8779,REGISTERED,"Avenida das Neves, 24",,文京区,KY,Vizcaya,755-0200,TRUE
8780,8780,REGISTERED,"Viela de Peixoto, 33",,San Giovanni In Persiceto,IT,Guipúzcoa,WV0V 1DH,TRUE
8781,8781,REGISTERED,"Feira Daniela Jesus, 7",,Pereira Alegre,GB,Sergipe,24331,TRUE
8782,8782,REGISTERED,0585 Jay Ville,,Saint Paul-la-Forêt,IT,Mato Grosso do Sul,51696,TRUE
8783,8783,REGISTERED,"Vila Costa, 20",,板橋区,IR,New Mexico,20373,TRUE
8784,8784,REGISTERED,"Studio 4
Robert Courts",,Lake Samuel,RU,New York,87228060,TRUE
8785,8785,REGISTERED,833 阿部 Street,,النمرside,FR,New Hampshire,73159702,TRUE
8786,8786,REGISTERED,"Alameda de Pimenta, 6",,Lake Pamela,GB,Massachusetts,85126539,TRUE
8787,8787,REGISTERED,"Via Opizzi, 951",,محفوظmouth,KY,Brandenburg,057-8553,TRUE
8788,8788,REGISTERED,Sofie-Roht-Gasse 99-36,,غامدfurt,FR,Como,50549,TRUE
8789,8789,REGISTERED,"Piazza Nicolini, 345",,Sainte Françoiseboeuf,ZA,Acre,51512,TRUE
8790,8790,REGISTERED,7746 Mcmillan Roads Suite 913,,Gillesnec,NL,Idaho,07356,TRUE
8791,8791,REGISTERED,509 小川 Street,,Lleida,SG,Ohio,44947,TRUE
8792,8792,REGISTERED,Favela Nunes,,新宿区,NL,Baden-Württemberg,72732,TRUE
8793,8793,REGISTERED,72155 Esparza Courts,,新島村,DE,Valladolid,95847,TRUE
8794,8794,REGISTERED,450 مشفق Loaf Suite 830,,فاديton,GB,Rio de Janeiro,29366,TRUE
8795,8795,REGISTERED,834 斎藤 Street,,Almería,US,Ceuta,376-6273,TRUE
8796,8796,REGISTERED,"Viale Pepe, 2 Piano 8",,浦安市,JP,New York,27580,TRUE
8797,8797,REGISTERED,1929 Edward Orchard,,Baleares,US,North Carolina,59265,TRUE
8798,8798,REGISTERED,"Rotonda Manuel, 71 Piano 2",,Azevedo dos Dourados,SG,Segovia,81773582,TRUE
8799,8799,REGISTERED,Camino de Lupe Barco 35,,Sainte Sophienec,KY,South Carolina,SY8H 7WX,TRUE
8800,8800,REGISTERED,3765 حوالة Club,,Gerolzhofen,SG,Genova,29652,TRUE
8801,8801,REGISTERED,036 伊藤 Street,,Riou,ZA,São Paulo,03736,TRUE
8802,8802,REGISTERED,Urbanización Tatiana Yuste 23 Piso 9 ,,Madrid,IT,Cuenca,81455-553,TRUE
8803,8803,REGISTERED,534 Tiffany Plaza,,Lecomte,TR,Tennessee,78278,TRUE
8804,8804,REGISTERED,Beatrix-Striebitz-Allee 77/34,,North Lucyborough,ES,Pontevedra,068-0117,TRUE
8805,8805,REGISTERED,29756 وسام Loaf Suite 503,,Greifswald,NL,Rheinland-Pfalz,12990,TRUE
8806,8806,REGISTERED,Heßstraße 1-2,,Scicli,TR,Niedersachsen,13100,TRUE
8807,8807,REGISTERED,9794 رامي Summit Suite 792,,Alicante,PA,Lugo,32045,TRUE
8808,8808,REGISTERED,4035 Rachel Forges,,Lake Cristina,IT,Rheinland-Pfalz,722-1482,TRUE
8809,8809,REGISTERED,"Aeroporto de da Paz, 37",,Wunsiedel,DE,Imperia,970-2901,TRUE
8810,8810,REGISTERED,Paseo Fernanda Jerez 2 Puerta 4 ,,Lake Wyattstad,PA,Sachsen-Anhalt,58249,TRUE
8811,8811,REGISTERED,"65, chemin Adrienne Lebreton",,西多摩郡日の出町,FR,Massachusetts,12175,TRUE
8812,8812,REGISTERED,664 吉田 Street,,LeclercqBourg,DE,Soria,56844,TRUE
8813,8813,REGISTERED,Ariane-Stumpf-Ring 9,,Chemnitz,TR,Soria,87225001,TRUE
8814,8814,REGISTERED,"822, rue de Dos Santos",,Lake Lyndaberg,BS,Wisconsin,960-4066,TRUE
8815,8815,REGISTERED,927 藤田 Street,,Euskirchen,RU,Tocantins,712-4875,TRUE
8816,8816,REGISTERED,"19, avenue de Dumont",,Montereale Valcellina,ZA,Toledo,CO6 5SR,TRUE
8817,8817,REGISTERED,609 Michael Ferry,,青梅市,KY,Pará,68937,TRUE
8818,8818,REGISTERED,"Canale Ermanno, 298",,Facen,TR,Tocantins,33377,TRUE
8819,8819,REGISTERED,"Studio 3
Joe Locks",,Silva,FR,La Spezia,DT88 9JJ,TRUE
8820,8820,REGISTERED,"Stretto Arturo, 17",,横浜市緑区,SG,Nevada,74206,TRUE
8821,8821,REGISTERED,Pasadizo de Diana Nicolau 2,,Castelmagno,TR,Utah,84198-870,TRUE
8822,8822,REGISTERED,564 長谷川 Street,,Soria,CH,Varese,54759,TRUE
8823,8823,REGISTERED,Freudenbergerstraße 6-1,,East Robin,GB,Sachsen-Anhalt,63706,TRUE
8824,8824,REGISTERED,Margrit-Scheuermann-Gasse 26-55,,Gomes,PA,Piauí,45030,TRUE
8825,8825,REGISTERED,"Flat 94
Byrne Bridge",,da Luz,DE,Oklahoma,646-8989,TRUE
8826,8826,REGISTERED,"Studio 31
Marshall Hills",,Almería,PA,Hamburg,929-2917,TRUE
8827,8827,REGISTERED,6391 Lane Forks,,Burgdorf,FR,Sachsen,71554-242,TRUE
8828,8828,REGISTERED,"Stretto Fedele, 151 Piano 7",,Toussaint-sur-Delahaye,IT,California,52992-859,TRUE
8829,8829,REGISTERED,Calle de Amador Rovira 76,,Eckernförde,KP,Oregon,771-1453,TRUE
8830,8830,REGISTERED,"8, rue de Rivière",,Joneston,ES,Georgia,06790,TRUE
8831,8831,REGISTERED,Kunibert-Benthin-Allee 7-6,,Port Allisonstad,ES,Oklahoma,50133-721,TRUE
8832,8832,REGISTERED,148 高橋 Street,,سجاtown,GB,Sassari,60021,TRUE
8833,8833,REGISTERED,"59, avenue de Ramos",,Mary,KY,Sachsen-Anhalt,943-0492,TRUE
8834,8834,REGISTERED,"Flat 33E
Andrew Drive",,Gifhorn,IT,Pará,L13 8HD,TRUE
8835,8835,REGISTERED,Ronda Carlos Manjón 97 Piso 4 ,,Adambury,TR,Hessen,79720,TRUE
8836,8836,REGISTERED,97046 Curry Fork,,Michaelfurt,DE,New Hampshire,31157,TRUE
8837,8837,REGISTERED,Baumplatz 25,,San Lorenzitto,CA,Rio Grande do Norte,76931-075,TRUE
8838,8838,REGISTERED,"91, boulevard de Klein",,Jessetown,GB,Rheinland-Pfalz,42042,TRUE
8839,8839,REGISTERED,boulevard de Gauthier,,Philipton,ZA,Varese,75423,TRUE
8840,8840,REGISTERED,Urbanización Luís Pintor 98 Apt. 72 ,,South Seanport,KY,Rondônia,630-2001,TRUE
8841,8841,REGISTERED,"Parque Dias, 405",,Santa Cruz de Tenerife,GB,Wyoming,28307319,TRUE
8842,8842,REGISTERED,"81, rue de Sanchez",,浦安市,IT,Piauí,81678121,TRUE
8843,8843,REGISTERED,"Incrocio Piero, 43 Appartamento 5",,Breton-sur-Mer,BS,Nevada,84232,TRUE
8844,8844,REGISTERED,Callejón Eugenia Ugarte 779,,Alexanderburgh,SE,Hawaii,WN3V 4ZQ,TRUE
8845,8845,REGISTERED,109 بلي Mill,,South Sandraville,PA,Rheinland-Pfalz,29049,TRUE
8846,8846,REGISTERED,77997 ناضر Meadows Apt. 281,,Lake طارق,DE,Las Palmas,58602,TRUE
8847,8847,REGISTERED,1 Heath Gardens,,Corne',US,Berlin,64028,TRUE
8848,8848,REGISTERED,"1, chemin Étienne Samson",,Barcelona,GB,New Mexico,27471,TRUE
8849,8849,REGISTERED,"Praia de Borges, 5",,Port Tyler,IT,Hawaii,64992,TRUE
8850,8850,REGISTERED,"666, rue Olivier Salmon",,Pires,NL,Bahia,95025,TRUE
8851,8851,REGISTERED,Paseo Jordi Manrique 92,,Juliemouth,US,Bremen,34846,TRUE
8852,8852,REGISTERED,"Canale Loredana, 26 Appartamento 3",,Frankmouth,PA,Pennsylvania,81308,TRUE
8853,8853,REGISTERED,5399 Johnson Stream Suite 994,,Johnsonchester,NL,Santa Catarina,76846,TRUE
8854,8854,REGISTERED,923 البقوم Junction Suite 671,,Teixeira,NG,Saarland,67711-619,TRUE
8855,8855,REGISTERED,054 النقيب Springs Suite 395,,Pontevedra,NL,Illinois,40612,TRUE
8856,8856,REGISTERED,834 Melissa Isle Suite 307,,New Dawnland,GB,Hessen,262-7182,TRUE
8857,8857,REGISTERED,Thanelgasse 25/59,,目黒区,IT,Wyoming,PA5P 0RX,TRUE
8858,8858,REGISTERED,479 نادي Plain,,Vizcaya,US,Berlin,16247,TRUE
8859,8859,REGISTERED,4998 الزماميري Hollow,,Querfurt,TR,Mecklenburg-Vorpommern,68429,TRUE
8860,8860,REGISTERED,Vial de Luisa Trujillo 54 Puerta 6 ,,القلمونيside,ES,Chieti,09073,TRUE
8861,8861,REGISTERED,Rua de Garcia,,بنو أميةmouth,CA,Trieste,44927,TRUE
8862,8862,REGISTERED,Via Baldomero Campoy 74 Apt. 10 ,,Cousin,IR,Amapá,94856,TRUE
8863,8863,REGISTERED,854 吉田 Street,,West Meganside,SY,South Dakota,30114,TRUE
8864,8864,REGISTERED,0828 مجاهد Parks Suite 938,,das Neves do Galho,MM,Mato Grosso do Sul,48029,TRUE
8865,8865,REGISTERED,78555 سموح Court Suite 348,,Lake Paula,NL,Lucca,11783,TRUE
8866,8866,REGISTERED,25706 Lauren Village Apt. 526,,Sá,US,New Jersey,G0 7ZN,TRUE
8867,8867,REGISTERED,370 藤原 Street,,印旛郡酒々井町,PA,North Carolina,67266,TRUE
8868,8868,REGISTERED,7807 السروري Corner Apt. 257,,Pizzinni,CA,Tennessee,17922,TRUE
8869,8869,REGISTERED,Hornichallee 25/75,,福生市,DE,Pistoia,14242,TRUE
8870,8870,REGISTERED,Segebahnring 2385,,South Danielville,FR,West Virginia,13028,TRUE
8871,8871,REGISTERED,Katja-Biggen-Platz 3636,,Lübeck,US,West Virginia,99371,TRUE
8872,8872,REGISTERED,Alameda de Juan Francisco Galván 52,,Maureenmouth,DE,Massachusetts,88191,TRUE
8873,8873,REGISTERED,9061 لبيب Spring Suite 025,,الألجاويshire,DE,Bremen,35638,TRUE
8874,8874,REGISTERED,6934 Webb Flat,,山武市,ES,Schleswig-Holstein,27101,TRUE
8875,8875,REGISTERED,"Flat 1
Jessica Views",,Camusdan,CA,Paraíba,610-5590,TRUE
8876,8876,REGISTERED,0672 Mathew Drive,,Justinstad,KY,Cádiz,26128,TRUE
8877,8877,REGISTERED,7270 Tony Villages Apt. 003,,Meyer-sur-Mer,GB,Arizona,292-7868,TRUE
8878,8878,REGISTERED,6226 صيداوي Key,,Evansfurt,JP,Hamburg,09924562,TRUE
8879,8879,REGISTERED,032 Zimmerman Shoal Suite 478,,Lake Ashley,GB,Isernia,41269,TRUE
8880,8880,REGISTERED,"Stretto Rolando, 871",,Oliveira da Mata,DE,Rio Grande do Sul,28794,TRUE
8881,8881,REGISTERED,Stiebitzplatz 667,,Pierredan,GB,Rio Grande do Sul,S36 5QB,TRUE
8882,8882,REGISTERED,56337 ضياء Lane,,Jaén,JP,Biella,52376,TRUE
8883,8883,REGISTERED,"Borgo Simonetta, 50 Piano 1",,بنو كنزmouth,IR,Álava,30629,TRUE
8884,8884,REGISTERED,1 Newton Oval,,Iserlohn,GB,New Hampshire,66014,TRUE
8885,8885,REGISTERED,"Via de Pires, 16",,Maillot,GB,Schleswig-Holstein,50286,TRUE
8886,8886,REGISTERED,"Studio 69C
George Gardens",,Almeida,US,Amapá,70050-586,TRUE
8887,8887,REGISTERED,"Strada Alighieri, 255 Appartamento 93",,Abdultown,US,Ourense,833-9291,TRUE
8888,8888,REGISTERED,Stahrstr. 5629,,Seelow,IT,Berlin,47529,TRUE
8889,8889,REGISTERED,"Estação de Cunha, 21",,East Callum,DE,Massa-Carrara,28292,TRUE
8890,8890,REGISTERED,367 عبد الرّزاق Mission,,Campos de Rodrigues,TR,Saarland,23924,TRUE
8891,8891,REGISTERED,"Incrocio Ennio, 25 Piano 1",,世田谷区,JP,Sachsen,14303,TRUE
8892,8892,REGISTERED,Monika-Barth-Straße 8-4,,New Tiffanyville,FR,Maryland,820-8591,TRUE
8893,8893,REGISTERED,"Strada Lamborghini, 957",,NeveuVille,GB,Acre,98054,TRUE
8894,8894,REGISTERED,"Vicolo Bresciani, 82",,Gräfenhainichen,US,Barcelona,40838,TRUE
8895,8895,REGISTERED,"Piazza Fabrizio, 63 Appartamento 52",,بيسانville,GB,Baden-Württemberg,12950,TRUE
8896,8896,REGISTERED,Katrin-Butte-Allee 381,,Leão da Mata,GB,North Dakota,01538,TRUE
8897,8897,REGISTERED,224 نذير Trafficway Suite 714,,Monteiro,TR,North Carolina,71010,TRUE
8898,8898,REGISTERED,Miesallee 17/33,,Seguin,US,Bahia,38749,TRUE
8899,8899,REGISTERED,251 伊藤 Street,,Taquisara,GB,Connecticut,20041-130,TRUE
8900,8900,REGISTERED,89907 أكلب Ridges,,三鷹市,ES,Amapá,59624,TRUE
8901,8901,REGISTERED,185 伊藤 Street,,da Paz de Minas,IT,Texas,64792,TRUE
8902,8902,REGISTERED,"Flat 81
Nelson Avenue",,Salamanca,JP,Paraná,38693-041,TRUE
8903,8903,REGISTERED,6682 Brown Valley,,川崎市川崎区,IT,Sassari,04373,TRUE
8904,8904,REGISTERED,Paseo de Victor Manuel Cabañas 7,,Amyfurt,IT,Berlin,79030,TRUE
8905,8905,REGISTERED,"Piazza Barbara, 614",,Cirino,RU,Santa Catarina,01593,TRUE
8906,8906,REGISTERED,"Canale Esposito, 297 Appartamento 29",,Lake سليمmouth,SG,New Jersey,66384170,TRUE
8907,8907,REGISTERED,3208 Miguel Vista,,Malchin,PA,Udine,03639-095,TRUE
8908,8908,REGISTERED,Klaus-Ulrich-Schleich-Platz 4-9,,Murcia,GB,Utah,001-2329,TRUE
8909,8909,REGISTERED,3843 Peter Well Apt. 332,,Rodrigues-sur-Vasseur,ZA,Melilla,34406,TRUE
8910,8910,REGISTERED,155 伊藤 Street,,New سعد,KY,Rieti,973-0807,TRUE
8911,8911,REGISTERED,"Morro Ramos, 423",,Pratella,GB,Mecklenburg-Vorpommern,N3B 5YG,TRUE
8912,8912,REGISTERED,"8, rue Clément",,Rhyshaven,GB,São Paulo,25624,TRUE
8913,8913,REGISTERED,Gehringerallee 6871,,Roncello,KY,West Virginia,87385-487,TRUE
8914,8914,REGISTERED,75875 عدوي Plain,,Segovia,RU,Aosta,87675,TRUE
8915,8915,REGISTERED,"Área Luiz Otávio Souza, 95",,Griesbach Rottal,DE,New Hampshire,10589,TRUE
8916,8916,REGISTERED,"Vicolo Rosselli, 91",,Vizcaya,US,Florida,26537,TRUE
8917,8917,REGISTERED,760 鈴木 Street,,Sainte Richard,RU,Amazonas,94634,TRUE
8918,8918,REGISTERED,7913 بنو ضمرة Mill,,Santa Cruz de Tenerife,JP,Wisconsin,L9 0RB,TRUE
8919,8919,REGISTERED,616 Sara Loaf,,Gonçalves de da Costa,ZA,Bahia,21466,TRUE
8920,8920,REGISTERED,"Strada Argentero, 54",,Brownchester,CA,Washington,47283,TRUE
8921,8921,REGISTERED,338 高橋 Street,,West ناظم,US,Texas,14651,TRUE
8922,8922,REGISTERED,Blochstraße 3/1,,Oliverhaven,PA,Cantabria,09656,TRUE
8923,8923,REGISTERED,48098 Kevin Cliffs,,Bützow,TR,Distrito Federal,HA5 1QZ,TRUE
8924,8924,REGISTERED,"Flat 19Y
Oliver Field",,Attimis,CH,Rimini,66100,TRUE
8925,8925,REGISTERED,C. de Adalberto Sans 64,,الشعبانيborough,DE,Washington,34737,TRUE
8926,8926,REGISTERED,696 山本 Street,,West Deborah,SY,Kentucky,49516,TRUE
8927,8927,REGISTERED,"4, rue Martel",,الزماميريville,GB,Rio de Janeiro,61685,TRUE
8928,8928,REGISTERED,Ronda de Eliana Río 82 Apt. 05 ,,Badajoz,RU,Kentucky,41020,TRUE
8929,8929,REGISTERED,"Via Giampaolo, 562",,حمّادburgh,DE,Idaho,63409,TRUE
8930,8930,REGISTERED,95300 حسني Overpass Suite 624,,Guadalajara,TR,Trento,M4A 2TB,TRUE
8931,8931,REGISTERED,"Lago de Santos, 58",,Torchione,US,Mississippi,15617-266,TRUE
8932,8932,REGISTERED,9522 Thomas Mountains,,Stadolina,DE,Roma,80975,TRUE
8933,8933,REGISTERED,14 Carolyn Avenue,,横浜市栄区,US,Nevada,12483,TRUE
8934,8934,REGISTERED,"Flat 30L
Mann Court",,Bertin,US,Novara,23838,TRUE
8935,8935,REGISTERED,"Setor Mariah Melo, 850",,Kimton,FR,Wyoming,443-2802,TRUE
8936,8936,REGISTERED,518 中村 Street,,横浜市瀬谷区,RU,Huesca,30022,TRUE
8937,8937,REGISTERED,"Piazza Galilei, 79",,De Sousadan,ZA,Zamora,44488,TRUE
8938,8938,REGISTERED,37452 لطفي Stream,,Lima do Galho,KY,Pontevedra,71521,TRUE
8939,8939,REGISTERED,"548, avenue Maillot",,横浜市中区,ZA,Hessen,45179,TRUE
8940,8940,REGISTERED,Callejón Ani Amador 863,,Melilla,IT,Vermont,42965,TRUE
8941,8941,REGISTERED,Rambla de Maricruz Villena 635 Piso 2 ,,Elliefurt,TR,Hessen,CR25 3FL,TRUE
8942,8942,REGISTERED,Radischstraße 49/46,,da Mata,ES,Rondônia,24149,TRUE
8943,8943,REGISTERED,0 Steven Fields,,Cuenca,NG,Soria,58291,TRUE
8944,8944,REGISTERED,Junckengasse 9,,豊島区,PA,Texas,35056,TRUE
8945,8945,REGISTERED,328 佐々木 Street,,Ciro',NL,Hamburg,30495,TRUE
8946,8946,REGISTERED,"Studio 2
Parker Alley",,Moraes,FR,Cantabria,814-2491,TRUE
8947,8947,REGISTERED,Plaza de Andrés Torralba 1,,八街市,GB,Alagoas,TF8H 9LW,TRUE
8948,8948,REGISTERED,"Praça Melissa da Cruz, 44",,Leão das Pedras,IT,Santa Cruz de Tenerife,03544,TRUE
8949,8949,REGISTERED,Löwerweg 5-7,,Saraton,DE,Arkansas,89852,TRUE
8950,8950,REGISTERED,"Studio 0
Lloyd Green",,品川区,GB,West Virginia,CB8 4GU,TRUE
8951,8951,REGISTERED,021 Bell Springs,,Lugo Di Grezzana,KY,Idaho,79830,TRUE
8952,8952,REGISTERED,24 Stanley Spring,,Carre-sur-Carlier,CA,Alabama,80437,TRUE
8953,8953,REGISTERED,8468 فارع Cove Suite 748,,Peixoto,YE,Hamburg,73731,TRUE
8954,8954,REGISTERED,8792 شريف Street,,Duarte de Minas,ES,Hamburg,69673129,TRUE
8955,8955,REGISTERED,27 Joyce Ways,,West Leonardfurt,IT,Bayern,19597,TRUE
8956,8956,REGISTERED,"Via Ugo, 196",,Lleida,ZA,Pennsylvania,12168,TRUE
8957,8957,REGISTERED,"21, rue de Delahaye",,Granada,BS,Paraná,396-8159,TRUE
8958,8958,REGISTERED,"299, rue Thierry",,Albacete,JP,Cuenca,36373,TRUE
8959,8959,REGISTERED,66002 روفيدا Wall,,Patriciamouth,TR,Nebraska,12691,TRUE
8960,8960,REGISTERED,Via José Jiménez 4,,Saint Philippine,FR,Cosenza,20866,TRUE
8961,8961,REGISTERED,"53, chemin Bigot",,Noepoli,BS,Rhode Island,38984-116,TRUE
8962,8962,REGISTERED,797 中島 Street,,Port Melissafort,GB,Prato,54665,TRUE
8963,8963,REGISTERED,1985 Jennifer Highway,,Guadalajara,GB,Thüringen,L5 1JX,TRUE
8964,8964,REGISTERED,993 山崎 Street,,Heinsberg,PA,Olbia-Tempio,24119209,TRUE
8965,8965,REGISTERED,Jardim Barbosa,,West فهدton,CH,Amazonas,TA1 5LT,TRUE
8966,8966,REGISTERED,"Piazza Caboto, 514 Appartamento 1",,عبد الباقيborough,US,Savona,47861,TRUE
8967,8967,REGISTERED,"Ladeira Pires, 59",,Cassiano,FR,Belluno,32849,TRUE
8968,8968,REGISTERED,Rambla de Perlita Zurita 626 Apt. 24 ,,East يزيد,FR,Ourense,483-8125,TRUE
8969,8969,REGISTERED,0820 Jacobs Expressway Apt. 526,,日野市,NL,North Carolina,90610,TRUE
8970,8970,REGISTERED,"Flat 85C
Davies Roads",,Viana da Serra,AU,Saarland,G0H 3QA,TRUE
8971,8971,REGISTERED,0395 ارناؤوط Islands Apt. 644,,Pinto,ES,Arizona,E79 1QD,TRUE
8972,8972,REGISTERED,5894 Kelly Gateway Suite 674,,بعلبكيside,FR,Idaho,63282783,TRUE
8973,8973,REGISTERED,"4, avenue Gosselin",,Roccella Ionica,SG,Melilla,13890,TRUE
8974,8974,REGISTERED,"Aeroporto Josué Ferreira, 579",,Valladolid,US,Vibo Valentia,38042,TRUE
8975,8975,REGISTERED,"Canale Valentina, 31 Piano 5",,東大和市,NL,Minnesota,32635,TRUE
8976,8976,REGISTERED,6647 جذام Spring,,目黒区,ES,Piauí,89826,TRUE
8977,8977,REGISTERED,78322 Alicia Well,,横浜市港南区,ZA,Zaragoza,96555,TRUE
8978,8978,REGISTERED,979 山口 Street,,印旛郡酒々井町,US,Brandenburg,JE4 2ES,TRUE
8979,8979,REGISTERED,764 Vazquez Fort Suite 370,,Rocha de Oliveira,SG,Idaho,49028,TRUE
8980,8980,REGISTERED,Vogtallee 8885,,Seelow,US,Reggio Emilia,94442-545,TRUE
8981,8981,REGISTERED,03532 Lisa Prairie Apt. 477,,Jacksonside,ZA,Ceará,04237,TRUE
8982,8982,REGISTERED,"Flat 1
Ann Greens",,Girona,ES,Schleswig-Holstein,38696,TRUE
8983,8983,REGISTERED,"Conjunto Ravi Lucca Pinto, 86",,Lake Christopherside,ZA,Georgia,24588,TRUE
8984,8984,REGISTERED,958 田中 Street,,山武郡九十九里町,FR,Álava,203-9827,TRUE
8985,8985,REGISTERED,"Condomínio Cavalcante, 84",,Port Anne,GB,Pernambuco,86442477,TRUE
8986,8986,REGISTERED,"2, boulevard Simone Delmas",,Lugo,TR,Huelva,39101,TRUE
8987,8987,REGISTERED,Ronda Benita Nuñez 66,,Córdoba,BS,South Dakota,83899,TRUE
8988,8988,REGISTERED,Glorieta de Mayte Baena 9,,Baggio,SY,Massachusetts,52391,TRUE
8989,8989,REGISTERED,2943 الخطيب بني جماعة الكناني Estate,,مختارburgh,GB,Pennsylvania,10899,TRUE
8990,8990,REGISTERED,5509 نوّار Highway,,Pires,FR,Ohio,36307,TRUE
8991,8991,REGISTERED,074 Medina Square Suite 060,,Jackfurt,US,Nordrhein-Westfalen,16976,TRUE
8992,8992,REGISTERED,919 高橋 Street,,Pereira,IT,California,92067,TRUE
8993,8993,REGISTERED,"Studio 06e
Darren Shore",,Guipúzcoa,NL,Montana,32631,TRUE
8994,8994,REGISTERED,5061 Jennifer Way,,横浜市鶴見区,YE,Hamburg,10673,TRUE
8995,8995,REGISTERED,"Studio 5
Black Track",,Port Lindsey,KY,Connecticut,49252,TRUE
8996,8996,REGISTERED,901 Frederick Falls,,墨田区,NL,Roraima,27031,TRUE
8997,8997,REGISTERED,787 Garza Lock,,Guillon,RU,Rio Grande do Sul,392-8478,TRUE
8998,8998,REGISTERED,10 Martin Knoll,,墨田区,CA,Rio de Janeiro,12789,TRUE
8999,8999,REGISTERED,"Estrada de Caldeira, 269",,羽村市,JP,Aosta,15475337,TRUE
9000,9000,REGISTERED,C. Sigfrido Llorens 43,,Kerryton,NL,Ávila,LA90 5BH,TRUE
9001,9001,REGISTERED,"Studio 28T
Barbara Port",,طرابلسيburgh,IR,South Dakota,26718,TRUE
9002,9002,REGISTERED,576 小林 Street,,North Eleanor,GB,Toledo,96178,TRUE
9003,9003,REGISTERED,38 Samuel Mall,,Royland,DE,Foggia,20139,TRUE
9004,9004,REGISTERED,"22, boulevard de Charrier",,East Jackiehaven,NL,Sachsen-Anhalt,39941669,TRUE
9005,9005,REGISTERED,57 Moore Centers,,Roux,ES,Paraná,07540454,TRUE
9006,9006,REGISTERED,chemin de Ollivier,,君津市,ES,Parma,74469,TRUE
9007,9007,REGISTERED,"Largo Luiz Felipe Rodrigues, 91",,Toledo,US,Distrito Federal,L7 5YB,TRUE
9008,9008,REGISTERED,3906 كمال Well Suite 364,,Navarra,IT,Berlin,28100,TRUE
9009,9009,REGISTERED,"462, boulevard de Lejeune",,Borges,US,Oregon,01716,TRUE
9010,9010,REGISTERED,"Favela Kaique Ramos, 761",,Peixoto do Campo,IR,Piauí,30985,TRUE
9011,9011,REGISTERED,Urbanización de Virginia Barceló 120,,West تقيّ الدّينport,ES,Maranhão,12235,TRUE
9012,9012,REGISTERED,"Estrada de Machado, 78",,Lisahaven,YE,Vicenza,15553,TRUE
9013,9013,REGISTERED,066 عتريس Plaza Apt. 434,,Paul,FR,Álava,24966,TRUE
9014,9014,REGISTERED,"Studio 76R
Kay Plains",,Barbosa,SE,Huelva,48743,TRUE
9015,9015,REGISTERED,44070 جهراء Point Apt. 125,,Sevilla,DE,Girona,SN3 5JG,TRUE
9016,9016,REGISTERED,02255 Elizabeth Crescent,,Cornaiano,CH,Castellón,52299,TRUE
9017,9017,REGISTERED,Via de Tamara Moll 5 Apt. 18 ,,御蔵島村,ES,Acre,96017,TRUE
9018,9018,REGISTERED,Pasaje Luciano Rodríguez 68 Apt. 29 ,,Rivamonte Agordino,GB,Hamburg,14203,TRUE
9019,9019,REGISTERED,Volkhard-Mende-Platz 1654,,Aimeefurt,KP,São Paulo,606-4159,TRUE
9020,9020,REGISTERED,Pasadizo Roque Juliá 5 Puerta 4 ,,板橋区,SE,Georgia,38216-054,TRUE
9021,9021,REGISTERED,811 شعبان Forest,,Durand,US,Georgia,25638,TRUE
9022,9022,REGISTERED,870 村上 Street,,Laurent,ZA,Rhode Island,348-0397,TRUE
9023,9023,REGISTERED,Frankestraße 1/8,,Elaineborough,RU,Berlin,51979,TRUE
9024,9024,REGISTERED,835 鈴木 Street,,North عاطف,US,Hawaii,81267,TRUE
9025,9025,REGISTERED,Sylvester-Mangold-Gasse 61/12,,Vieira do Oeste,GB,Acre,06043,TRUE
9026,9026,REGISTERED,541 伊藤 Street,,Sainte Capucine,FR,California,35573,TRUE
9027,9027,REGISTERED,"Studio 86X
Akhtar Tunnel",,East Cameron,PA,Murcia,35887,TRUE
9028,9028,REGISTERED,Pasadizo Eusebio Pomares 10 Piso 0 ,,Regen,US,Santa Cruz de Tenerife,21693,TRUE
9029,9029,REGISTERED,"Pátio Viana, 99",,Câmara da Mata,AU,Palermo,878-2147,TRUE
9030,9030,REGISTERED,"79, rue Ribeiro",,Lake Russell,IT,Treviso,20718-057,TRUE
9031,9031,REGISTERED,8703 ميرا Route Suite 959,,横浜市瀬谷区,IT,Valencia,LD07 9UX,TRUE
9032,9032,REGISTERED,174 山崎 Street,,Valladolid,ZA,North Carolina,20897,TRUE
9033,9033,REGISTERED,283 رامز Via,,Shannontown,RU,Acre,83637,TRUE
9034,9034,REGISTERED,620 伊藤 Street,,Saint Sophie,NL,Baden-Württemberg,74145,TRUE
9035,9035,REGISTERED,Fischerring 6422,,川崎市川崎区,ES,Mato Grosso,30139,TRUE
9036,9036,REGISTERED,"Ladeira Vitor Mendes, 52",,Liamfurt,IT,Palencia,03626,TRUE
9037,9037,REGISTERED,"Piazza Eleanora, 22",,Leão,KP,Venezia,33072,TRUE
9038,9038,REGISTERED,582 سجا Tunnel Suite 401,,Port سيّد,ZA,Las Palmas,40037,TRUE
9039,9039,REGISTERED,Calle Rafaela Barba 166,,Lake Kevin,ZA,Rhode Island,80178797,TRUE
9040,9040,REGISTERED,"1, avenue Fischer",,印旛郡栄町,MM,Nordrhein-Westfalen,OX2R 2GR,TRUE
9041,9041,REGISTERED,"Viale Versace, 75",,Guipúzcoa,DE,Isernia,61310,TRUE
9042,9042,REGISTERED,33 Holly Ridge,,Baleares,IR,Missouri,E1 6GW,TRUE
9043,9043,REGISTERED,"Vale Lívia Ribeiro, 19",,da Mota,ZA,Berlin,47352-157,TRUE
9044,9044,REGISTERED,162 鈴木 Street,,León,TR,Vermont,33281,TRUE
9045,9045,REGISTERED,Leyla-Barkholz-Gasse 476,,Leonardside,US,Tocantins,23011,TRUE
9046,9046,REGISTERED,Casparring 34/47,,Nicolemouth,IR,Rheinland-Pfalz,HD8A 6ZE,TRUE
9047,9047,REGISTERED,"Studio 8
Wilson Drives",,East صقرhaven,US,L'Aquila,479-1462,TRUE
9048,9048,REGISTERED,715 伊藤 Street,,Pires de Goiás,DE,Piauí,933-0871,TRUE
9049,9049,REGISTERED,166 مياس Creek Suite 860,,Oneta,US,Oklahoma,12024-385,TRUE
9050,9050,REGISTERED,"Via Oliveira, 19",,Hechingen,DE,Bahia,91977,TRUE
9051,9051,REGISTERED,"Vila Maysa Araújo, 70",,Delaunay-la-Forêt,TR,Idaho,54016,TRUE
9052,9052,REGISTERED,65 Turnbull Well,,Wetzlar,SE,Jaén,82236,TRUE
9053,9053,REGISTERED,Calle Ester Morante 80 Piso 1 ,,Maillet,PA,Siracusa,24628,TRUE
9054,9054,REGISTERED,"Recanto de Leão, 46",,Mazzarrone,BS,Trieste,19502915,TRUE
9055,9055,REGISTERED,632 Edwards Estates,,Dachau,DE,Michigan,73857,TRUE
9056,9056,REGISTERED,"23, boulevard de Roux",,Port Norman,NG,Ciudad,27490,TRUE
9057,9057,REGISTERED,338 清水 Street,,Nogueira,IT,Amapá,29124,TRUE
9058,9058,REGISTERED,"Flat 9
Kieran Mall",,Novais,SE,Alaska,09519,TRUE
9059,9059,REGISTERED,21 Julian Court,,北区,US,Delaware,97158,TRUE
9060,9060,REGISTERED,Pasaje de Herminio Peñas 52,,New مُعتزstad,IT,Valencia,67659,TRUE
9061,9061,REGISTERED,480 Parker Drive,,Rivarola,GB,Palermo,57768,TRUE
9062,9062,REGISTERED,Schwitalplatz 41/22,,Navarra,PA,Asturias,15796523,TRUE
9063,9063,REGISTERED,20089 Wood Trace,,East Mathewmouth,PA,Rheinland-Pfalz,94298374,TRUE
9064,9064,REGISTERED,"63, rue Leclercq",,Maury,CA,Montana,74388,TRUE
9065,9065,REGISTERED,"Lago de Brito, 24",,三鷹市,GB,Ávila,17031,TRUE
9066,9066,REGISTERED,Edith-Schmiedt-Gasse 3/1,,لقاءland,DE,Connecticut,40037,TRUE
9067,9067,REGISTERED,567 中島 Street,,Basagliapenta,GB,Maine,NE3M 2LA,TRUE
9068,9068,REGISTERED,"Contrada Boaga, 989 Piano 5",,Bosco,KY,Córdoba,HX7B 3WN,TRUE
9069,9069,REGISTERED,"79, boulevard de Baron",,Rochlitz,NG,Sergipe,41436,TRUE
9070,9070,REGISTERED,"62, rue Hardy",,South Mary,US,Parma,47296,TRUE
9071,9071,REGISTERED,"60, boulevard Henry",,Cáceres,GB,Brandenburg,93775,TRUE
9072,9072,REGISTERED,"Piazza Juvara, 54 Piano 3",,Burglengenfeld,BS,Mississippi,10830,TRUE
9073,9073,REGISTERED,7 Rogers Roads,,Duranchester,FR,Nordrhein-Westfalen,19362,TRUE
9074,9074,REGISTERED,"Studio 7
Tina Coves",,صخرton,IT,Minas Gerais,92297,TRUE
9075,9075,REGISTERED,91641 Mark Motorway,,North عتابchester,RU,Wyoming,032-2213,TRUE
9076,9076,REGISTERED,392 伊藤 Street,,New Alexbury,IT,Tarragona,857-7515,TRUE
9077,9077,REGISTERED,"2, rue Alexandrie Ruiz",,Goncalves,DE,Nebraska,32567,TRUE
9078,9078,REGISTERED,Acceso de Baltasar Ramón 65,,New Martinmouth,US,Oklahoma,NW8 3QL,TRUE
9079,9079,REGISTERED,Lutz-Gertz-Platz 72,,Costrignano,US,Pará,47836,TRUE
9080,9080,REGISTERED,Loosallee 5856,,Port Jamesview,GB,Nevada,40466-219,TRUE
9081,9081,REGISTERED,Etzoldstr. 4/8,,Montenegro do Galho,ES,Kansas,19370611,TRUE
9082,9082,REGISTERED,Urbanización de Jose Ramón Puerta 77 Puerta 2 ,,South Andrewfort,DE,Pará,38345,TRUE
9083,9083,REGISTERED,9984 الدواسر Hills,,Montedoro,GB,Las Palmas,43282937,TRUE
9084,9084,REGISTERED,"Viale Silvio, 86",,Leeland,NG,Benevento,19472,TRUE
9085,9085,REGISTERED,"Recanto João Lucas Marques, 2",,Isola,ZA,Utah,L96 0YD,TRUE
9086,9086,REGISTERED,"941, rue Antoine Mahe",,Saint Luc,RU,Kansas,46292,TRUE
9087,9087,REGISTERED,"Canale Aldobrandi, 718",,Toledo,DE,Hessen,67438119,TRUE
9088,9088,REGISTERED,Acceso de Encarnita Herrera 109,,Cordier,US,Distrito Federal,15617,TRUE
9089,9089,REGISTERED,"Flat 0
Elizabeth Underpass",,Lugo,FR,Montana,30826,TRUE
9090,9090,REGISTERED,"Borgo Amico, 911 Appartamento 17",,Lugo,MM,Hawaii,46570,TRUE
9091,9091,REGISTERED,49353 Sanchez Villages,,Rovolon,ZA,Matera,81416,TRUE
9092,9092,REGISTERED,"Viale Saverio, 63",,Cantabria,RU,Mississippi,11635,TRUE
9093,9093,REGISTERED,5641 Hogan Loaf,,Rios,ES,Siracusa,32052,TRUE
9094,9094,REGISTERED,795 小林 Street,,町田市,TR,Catanzaro,580-3363,TRUE
9095,9095,REGISTERED,Aloys-Neuschäfer-Weg 7/3,,Lake Janemouth,TR,Tocantins,238-8261,TRUE
9096,9096,REGISTERED,Christoph-Beier-Weg 6588,,West Cherylton,CA,Gorizia,B78 0YG,TRUE
9097,9097,REGISTERED,544 山本 Street,,Roche,DE,Illinois,29375,TRUE
9098,9098,REGISTERED,Via de Emiliano Vizcaíno 282 Puerta 3 ,,La Rioja,SG,Toledo,33520,TRUE
9099,9099,REGISTERED,794 西村 Street,,Guadalajara,JP,Pavia,18774,TRUE
9100,9100,REGISTERED,"Studio 77n
Willis Extensions",,板橋区,IT,Rovigo,054-9384,TRUE
9101,9101,REGISTERED,407 佐藤 Street,,Roche,ZA,Brandenburg,57760,TRUE
9102,9102,REGISTERED,501 加藤 Street,,西多摩郡瑞穂町,ZA,Barcelona,89060,TRUE
9103,9103,REGISTERED,Cañada Lalo Carbó 21 Puerta 7 ,,Saint Lucas,KY,Castellón,W7 4WG,TRUE
9104,9104,REGISTERED,214 山本 Street,,Husum,FR,Oregon,02058-003,TRUE
9105,9105,REGISTERED,"2, boulevard Michelle Peltier",,Güstrow,FR,Oregon,39520,TRUE
9106,9106,REGISTERED,"Rotonda Caboto, 770 Piano 6",,بنو هلالberg,KP,Acre,40303,TRUE
9107,9107,REGISTERED,826 عبد المولى Shores,,Costela,YE,Varese,CW94 8WR,TRUE
9108,9108,REGISTERED,Pechelweg 98,,Schwandorf,ES,Colorado,17857,TRUE
9109,9109,REGISTERED,21746 لتين Key,,Machado do Campo,TR,Terni,57021,TRUE
9110,9110,REGISTERED,"Rodovia Joaquim Duarte, 245",,East Elizabethside,DE,Latina,M74 5BF,TRUE
9111,9111,REGISTERED,Kostolzinstr. 9,,立川市,ES,Santa Catarina,02903,TRUE
9112,9112,REGISTERED,"27, avenue Anne Baron",,الدواسرtown,SY,Teramo,65277,TRUE
9113,9113,REGISTERED,8479 William Fields Apt. 317,,طهborough,US,Amazonas,L5 4RU,TRUE
9114,9114,REGISTERED,1601 صلاح Cliffs Apt. 381,,New Richardstad,RU,Burgos,39308,TRUE
9115,9115,REGISTERED,Rambla Fátima Fortuny 500 Piso 1 ,,East Rodneyville,NL,Texas,W2U 4FZ,TRUE
9116,9116,REGISTERED,"Strada Ilaria, 1",,Bouvier-la-Forêt,DE,Maranhão,W9 1FU,TRUE
9117,9117,REGISTERED,C. de Pepe Font 3,,Navarra,FR,Hamburg,L6 6ZF,TRUE
9118,9118,REGISTERED,8721 Banks Row Apt. 644,,South Jodieville,CA,Livorno,917-0693,TRUE
9119,9119,REGISTERED,586 Ross Lakes,,Henrynec,NL,Maryland,63787185,TRUE
9120,9120,REGISTERED,"Pátio Clarice Albuquerque, 997",,DupréBourg,US,Rio de Janeiro,E8D 4SQ,TRUE
9121,9121,REGISTERED,7024 كليم Key,,香取市,ES,Kentucky,23857,TRUE
9122,9122,REGISTERED,"7, boulevard Royer",,Worbis,ZA,Zaragoza,49946,TRUE
9123,9123,REGISTERED,"32, rue de Leduc",,Klötze,ZA,Hamburg,41380,TRUE
9124,9124,REGISTERED,"Flat 29
Brenda Haven",,Phamton,US,Toledo,14270,TRUE
9125,9125,REGISTERED,Hubertus-Gute-Weg 7,,معتوقfurt,ES,Pennsylvania,20444,TRUE
9126,9126,REGISTERED,29712 عاقل Row Apt. 923,,Dieburg,GB,Bayern,985-9481,TRUE
9127,9127,REGISTERED,Constantin-Weinhage-Ring 82-52,,Ludwigslust,GB,Lugo,590-4014,TRUE
9128,9128,REGISTERED,931 عادل Course Suite 862,,印旛郡酒々井町,NL,Pesaro e Urbino,83016,TRUE
9129,9129,REGISTERED,Gudeweg 6-7,,North Stephanieton,US,Rio de Janeiro,52047,TRUE
9130,9130,REGISTERED,6002 Brian Harbor Suite 871,,Pirmasens,FR,Arkansas,23525,TRUE
9131,9131,REGISTERED,6723 Graham Brook Suite 818,,South Jade,US,Iowa,20850,TRUE
9132,9132,REGISTERED,Urbanización Dani Agudo 5,,da Rocha de Goiás,FR,Pernambuco,19227,TRUE
9133,9133,REGISTERED,Cañada Natalio Santiago 52 Puerta 7 ,,Re,ZA,Salamanca,52434,TRUE
9134,9134,REGISTERED,122 زكريا Plains Apt. 162,,Zaragoza,FR,Nordrhein-Westfalen,15070,TRUE
9135,9135,REGISTERED,"Incrocio Pizzamano, 295 Appartamento 60",,New صبيحland,RU,Mississippi,G6H 6JN,TRUE
9136,9136,REGISTERED,avenue de Vaillant,,国立市,KY,Sachsen-Anhalt,W58 4YU,TRUE
9137,9137,REGISTERED,51821 Shelton Cliff,,بني رشيدton,KP,Florida,AL5 2UT,TRUE
9138,9138,REGISTERED,"Borgo Iolanda, 40 Appartamento 21",,Sala Biellese,ES,Mecklenburg-Vorpommern,CW9 7HD,TRUE
9139,9139,REGISTERED,259 بنو عمرو Loaf Suite 366,,Praiano,JP,Brescia,81912,TRUE
9140,9140,REGISTERED,Thekla-Hendriks-Platz 65-53,,新宿区,NG,Hamburg,65782,TRUE
9141,9141,REGISTERED,"Piazza Toscanini, 727 Appartamento 6",,South غيداء,SE,Idaho,14574,TRUE
9142,9142,REGISTERED,Krausstraße 9,,Dachau,IT,Sondrio,09468,TRUE
9143,9143,REGISTERED,679 高橋 Street,,South نورس,GB,Rio de Janeiro,WV8 3PD,TRUE
9144,9144,REGISTERED,"86, boulevard de Masse",,فاضلberg,GB,L'Aquila,54885,TRUE
9145,9145,REGISTERED,051 Ronald Port,,Sevilla,TR,Florida,86174,TRUE
9146,9146,REGISTERED,"4, avenue de Poulain",,Jacksonview,RU,Ancona,69220,TRUE
9147,9147,REGISTERED,1140 جزار Spur Suite 693,,Hardingberg,SE,West Virginia,E0G 9PG,TRUE
9148,9148,REGISTERED,2 Melanie Plains,,Lake فخريview,US,Pernambuco,72167,TRUE
9149,9149,REGISTERED,Jolanthe-Gorlitz-Gasse 1559,,Mercier,CA,Córdoba,91382,TRUE
9150,9150,REGISTERED,6451 Cox Valleys Suite 997,,印旛郡酒々井町,SG,Huesca,98145,TRUE
9151,9151,REGISTERED,"Viale Sanguineti, 652 Appartamento 98",,North Tammymouth,BS,Guadalajara,68370,TRUE
9152,9152,REGISTERED,"3, avenue Lemaire",,Taleggio,NG,Pará,42200,TRUE
9153,9153,REGISTERED,"Studio 71W
Donald Mews",,Donaldbury,KY,Córdoba,54035,TRUE
9154,9154,REGISTERED,Pasaje de Amor Lamas 9 Piso 0 ,,حجازيview,GB,Hamburg,72232-709,TRUE
9155,9155,REGISTERED,48203 سعدي Port Suite 894,,Madrid,RU,Wisconsin,G7D 0UY,TRUE
9156,9156,REGISTERED,397 田中 Street,,Breton,US,La Spezia,94760,TRUE
9157,9157,REGISTERED,7041 الأنصاري Lodge,,Navarra,PA,Brindisi,541-7950,TRUE
9158,9158,REGISTERED,5 Sarah Branch,,三鷹市,IT,Rheinland-Pfalz,638-2179,TRUE
9159,9159,REGISTERED,"13, avenue Sophie Blondel",,بكر بن عبد مناةshire,US,Pará,84075,TRUE
9160,9160,REGISTERED,"Jardim Mendes, 62",,Lefebvre,SY,Connecticut,54999,TRUE
9161,9161,REGISTERED,695 斎藤 Street,,武蔵野市,CA,Utah,W6 3FB,TRUE
9162,9162,REGISTERED,"2, chemin de Valette",,Garcia,TR,Mato Grosso,29222-795,TRUE
9163,9163,REGISTERED,956 زحلاوي Avenue,,Kyritz,FR,Lleida,90131,TRUE
9164,9164,REGISTERED,75763 Wanda Points Apt. 848,,حياةberg,US,Acre,E9 4NA,TRUE
9165,9165,REGISTERED,"Flat 3
Bradley Path",,North زيد,IR,Pontevedra,340-1000,TRUE
9166,9166,REGISTERED,Wagnerring 1983,,North عمادport,IT,Massachusetts,516-5879,TRUE
9167,9167,REGISTERED,"Flat 11g
Jane Prairie",,حنبلfort,PA,New York,61877,TRUE
9168,9168,REGISTERED,"10, chemin de Berger",,Saint Émile-les-Bains,US,Vizcaya,91151604,TRUE
9169,9169,REGISTERED,1565 Miller Plain Suite 547,,Bad Freienwalde,DE,Kansas,84108,TRUE
9170,9170,REGISTERED,avenue Anastasie Fernandes,,Lake معنmouth,JP,Teruel,RG06 5WZ,TRUE
9171,9171,REGISTERED,"Canale Scamarcio, 12",,Tarragona,DE,Sergipe,N31 5QQ,TRUE
9172,9172,REGISTERED,"Estrada Eloá Lopes, 23",,Amantea,NL,Nebraska,006-0841,TRUE
9173,9173,REGISTERED,"31, rue Yves Nicolas",,Gelnhausen,ZA,Minas Gerais,15078,TRUE
9174,9174,REGISTERED,"586, boulevard Renée Rivière",,山武郡芝山町,KY,Hawaii,29308478,TRUE
9175,9175,REGISTERED,"Flat 89h
Rosie Course",,La Coruña,KP,Paraná,01021,TRUE
9176,9176,REGISTERED,023 清水 Street,,Peltier,DE,Berlin,48738,TRUE
9177,9177,REGISTERED,"572, chemin Honoré Bonnin",,Fonseca da Prata,US,Lugo,51408,TRUE
9178,9178,REGISTERED,Truppallee 2696,,長生郡白子町,FR,Sachsen-Anhalt,939-0753,TRUE
9179,9179,REGISTERED,Callejón de Pepe Carnero 3,,North Elizabethchester,BS,Alagoas,76539,TRUE
9180,9180,REGISTERED,"Incrocio Dante, 46 Piano 7",,Schrobenhausen,FR,Louisiana,53075,TRUE
9181,9181,REGISTERED,660 高橋 Street,,West Sandraborough,IR,California,26047,TRUE
9182,9182,REGISTERED,Aloys-Schacht-Weg 39/41,,Jaén,SE,Oristano,37431,TRUE
9183,9183,REGISTERED,Nelli-Dörr-Straße 3-3,,East Nathanton,NL,Nebraska,25011,TRUE
9184,9184,REGISTERED,525 鈴木 Street,,印旛郡印旛村,SG,Indiana,33579,TRUE
9185,9185,REGISTERED,"Trevo Novais, 1",,Jensenstad,DE,Saarland,98885,TRUE
9186,9186,REGISTERED,502 السمان Falls Suite 796,,Lallio,YE,Livorno,24068,TRUE
9187,9187,REGISTERED,"15, rue Stéphanie Lefèvre",,Caprara D'Abruzzo,FR,Mecklenburg-Vorpommern,04124617,TRUE
9188,9188,REGISTERED,Hettnergasse 1920,,Nunes,AU,Macerata,82160164,TRUE
9189,9189,REGISTERED,Filiz-Atzler-Ring 36/54,,Mühldorf am Inn,GB,Sachsen-Anhalt,99239,TRUE
9190,9190,REGISTERED,Pasaje Maxi Cerezo 481,,Sainte Sébastiendan,JP,Sachsen,23601360,TRUE
9191,9191,REGISTERED,50 Carter Vista,,Freemanfort,NL,Georgia,S1K 6HR,TRUE
9192,9192,REGISTERED,Nina-Hartmann-Platz 7-9,,Calusco D'Adda,FR,Asti,97143,TRUE
9193,9193,REGISTERED,"17, rue Ferrand",,Matthewstad,IR,Perugia,14777,TRUE
9194,9194,REGISTERED,Calle de Lina Cortes 333 Puerta 2 ,,Joubert,US,New York,03723,TRUE
9195,9195,REGISTERED,Hübelstraße 771,,Port Iain,RU,Niedersachsen,97197,TRUE
9196,9196,REGISTERED,37934 فطين Manors Apt. 718,,New Charlotteborough,CA,Berlin,81403,TRUE
9197,9197,REGISTERED,132 佐藤 Street,,Garciaville,PA,New Jersey,940-8523,TRUE
9198,9198,REGISTERED,Pergandegasse 8,,da Rosa,KY,Saarland,75443,TRUE
9199,9199,REGISTERED,66 Pope Keys,,Pimenta das Pedras,US,Indiana,80478,TRUE
9200,9200,REGISTERED,703 العوازم Coves,,San Giovanni Teatino,SE,Santa Catarina,04735,TRUE
9201,9201,REGISTERED,10127 Villa Creek,,Madrid,RU,Terni,12260,TRUE
9202,9202,REGISTERED,"75, rue Simon",,Peixoto de da Mota,TR,Napoli,54721-052,TRUE
9203,9203,REGISTERED,015 鈴木 Street,,西多摩郡檜原村,FR,Bremen,54661,TRUE
9204,9204,REGISTERED,1259 Mcconnell Knoll,,Heiligenstadt,CA,Rhode Island,EN3 8ES,TRUE
9205,9205,REGISTERED,4 Hughes Mills,,Toledo,ZA,Alagoas,408-2221,TRUE
9206,9206,REGISTERED,0 Henry Bridge,,Varzi,NG,Berlin,42720,TRUE
9207,9207,REGISTERED,8799 بنو هلال Views,,横浜市鶴見区,CH,Alabama,66995820,TRUE
9208,9208,REGISTERED,"Flat 24
Rogers Cove",,Vesio,ZA,Rio Grande do Sul,48383,TRUE
9209,9209,REGISTERED,"29, avenue de Martineau",,Lake Timothyfort,RU,North Dakota,69117,TRUE
9210,9210,REGISTERED,"Contrada Fiamma, 47",,Bousquet,US,Delaware,39856,TRUE
9211,9211,REGISTERED,"Rotonda Tonino, 98",,Badajoz,DE,Berlin,57274,TRUE
9212,9212,REGISTERED,"63, chemin Jacob",,Millsburgh,KY,Mato Grosso do Sul,HX5X 1QX,TRUE
9213,9213,REGISTERED,83128 Jennifer Overpass,,Santos,CA,Teruel,WD9M 7PL,TRUE
9214,9214,REGISTERED,"Viale Barsanti, 85",,Frederickhaven,US,Hamburg,18780,TRUE
9215,9215,REGISTERED,"Incrocio Erika, 81 Piano 1",,Ramos de Goiás,SG,Amazonas,43544,TRUE
9216,9216,REGISTERED,640 Carey Plain Apt. 899,,North Leah,KY,Baden-Württemberg,32120-778,TRUE
9217,9217,REGISTERED,Edward-Stiebitz-Straße 7216,,Zaragoza,GB,Paraíba,020-1523,TRUE
9218,9218,REGISTERED,"Borgo Ottino, 39",,Freitas da Serra,US,Murcia,422-7995,TRUE
9219,9219,REGISTERED,187 西村 Street,,Delitzsch,FR,Albacete,550-6728,TRUE
9220,9220,REGISTERED,"Trevo Costela, 61",,Bertrandboeuf,DE,Maryland,97984,TRUE
9221,9221,REGISTERED,C. de Gloria Ferrero 96 Apt. 74 ,,Joebury,SE,Salamanca,16243,TRUE
9222,9222,REGISTERED,0309 جيلان Spur Suite 675,,North Lynnbury,IT,Valladolid,31973,TRUE
9223,9223,REGISTERED,Mosemanngasse 93-44,,Tarragona,US,Massa-Carrara,21529,TRUE
9224,9224,REGISTERED,"93, rue Philippine Descamps",,Moorefurt,ES,California,31215,TRUE
9225,9225,REGISTERED,Börnerplatz 73/47,,Pontevedra,US,Washington,64041,TRUE
9226,9226,REGISTERED,"Vicolo Draghi, 97",,سهيلtown,JP,Álava,85909,TRUE
9227,9227,REGISTERED,"Estrada Cavalcante, 544",,Ossimo,TR,Saarland,026-1201,TRUE
9228,9228,REGISTERED,"Flat 50
Turner Trail",,Gomes das Flores,CA,Ancona,E9T 7NF,TRUE
9229,9229,REGISTERED,Pasadizo Jose Carlos Rosell 33,,غوشةbury,FR,Cáceres,19306,TRUE
9230,9230,REGISTERED,805 渡辺 Street,,San Floro,KY,Napoli,84835,TRUE
9231,9231,REGISTERED,8 Harrison Dam,,横浜市緑区,IT,Teruel,W89 8QR,TRUE
9232,9232,REGISTERED,9974 Lyons Corner Suite 695,,Morganside,FR,Pennsylvania,56018,TRUE
9233,9233,REGISTERED,935 山本 Street,,四街道市,NL,Amapá,10085,TRUE
9234,9234,REGISTERED,Danica-Scheuermann-Allee 2/6,,Lake جالاchester,US,Castellón,HS20 5WR,TRUE
9235,9235,REGISTERED,Deborah-Becker-Allee 125,,القبانيview,DE,Cádiz,11805,TRUE
9236,9236,REGISTERED,669 Lesley Circles,,Córdoba,JP,Padova,TR6 4UJ,TRUE
9237,9237,REGISTERED,Alameda Juliana Guitart 283,,Georginabury,MM,Virginia,65889,TRUE
9238,9238,REGISTERED,916 Lawson Highway,,North Jade,FR,Niedersachsen,36483,TRUE
9239,9239,REGISTERED,"88, boulevard Masson",,السيفيtown,GB,Rio de Janeiro,B2T 9FH,TRUE
9240,9240,REGISTERED,"991, chemin de Cousin",,Breton,NL,Las Palmas,37922,TRUE
9241,9241,REGISTERED,640 長谷川 Street,,Cantabria,US,Vermont,29372,TRUE
9242,9242,REGISTERED,"61, rue de Marie",,Robertsbury,US,Melilla,65722145,TRUE
9243,9243,REGISTERED,Möchlichengasse 980,,La Coruña,ES,Cremona,76122,TRUE
9244,9244,REGISTERED,37 Patricia Extension,,Costela Alegre,GB,Bremen,S5A 0UJ,TRUE
9245,9245,REGISTERED,"Lago Maysa Cavalcante, 81",,Giaglione,KY,Hessen,28895,TRUE
9246,9246,REGISTERED,"Chácara Araújo, 65",,Belzig,NL,Indiana,55674,TRUE
9247,9247,REGISTERED,Harloffweg 16/49,,夷隅郡大多喜町,IT,Colorado,549-4974,TRUE
9248,9248,REGISTERED,77114 نسيب Squares Suite 755,,横浜市港南区,RU,California,18891,TRUE
9249,9249,REGISTERED,"Studio 56y
Mathew Well",,Gaglianico,US,Sergipe,84264,TRUE
9250,9250,REGISTERED,"62, chemin Fischer",,Delaunay,GB,Minas Gerais,65789-132,TRUE
9251,9251,REGISTERED,1 Rebecca Knolls,,Traore,US,Alagoas,81063,TRUE
9252,9252,REGISTERED,Ronda de Juan Gallardo 82,,New Sharon,IT,South Carolina,854-1789,TRUE
9253,9253,REGISTERED,127 福田 Street,,東久留米市,SE,Delaware,51926,TRUE
9254,9254,REGISTERED,000 鈴木 Street,,Araújo do Norte,KY,Barcelona,SR5V 4BD,TRUE
9255,9255,REGISTERED,Acceso Balduino Prado 67,,West Nigelburgh,NG,Grosseto,92218,TRUE
9256,9256,REGISTERED,"Travessa Rhavi Cavalcanti, 18",,Eisenhüttenstadt,SE,Toledo,806-8022,TRUE
9257,9257,REGISTERED,"26, avenue Jérôme Morel",,North تامر,GB,Tennessee,89056,TRUE
9258,9258,REGISTERED,Cañada de Fidela Farré 344,,Lake Zoe,ES,Bayern,90548,TRUE
9259,9259,REGISTERED,Mahmut-Bolander-Ring 5468,,Pinto,CA,Paraíba,98026,TRUE
9260,9260,REGISTERED,Plaza Juanito Julián 69 Apt. 99 ,,Burgdorf,GB,Maryland,G94 3DF,TRUE
9261,9261,REGISTERED,"Incrocio Mazzocchi, 62",,Biacesa Di Ledro,US,Saarland,16325,TRUE
9262,9262,REGISTERED,08 Clark Stravenue,,Soria,IT,Colorado,M4S 2JS,TRUE
9263,9263,REGISTERED,4 Marion Well,,حنفيchester,ZA,Córdoba,95324,TRUE
9264,9264,REGISTERED,Zobelgasse 42/99,,Bremervörde,GB,Paraíba,92280731,TRUE
9265,9265,REGISTERED,"877, chemin Auger",,Saint Nathalie,MM,Jaén,23071,TRUE
9266,9266,REGISTERED,"867, chemin de Laroche",,راجحhaven,DE,Florida,06488,TRUE
9267,9267,REGISTERED,"Flat 89
Richard Center",,Lloydfurt,IT,Alicante,10084,TRUE
9268,9268,REGISTERED,Pasaje de Ariel Pacheco 78,,横浜市港南区,RU,Oklahoma,43210-657,TRUE
9269,9269,REGISTERED,"Flat 71
Phillips Throughway",,Pierre,DE,Alabama,154-6951,TRUE
9270,9270,REGISTERED,Via Arturo Garriga 45,,Maryfurt,US,Tennessee,672-1626,TRUE
9271,9271,REGISTERED,90 Lane Roads,,León,DE,Roraima,308-7620,TRUE
9272,9272,REGISTERED,Lara-Loos-Ring 90-10,,横浜市西区,MM,Bolzano,84237413,TRUE
9273,9273,REGISTERED,72892 Berg Place Apt. 343,,Peschiera Borromeo,KY,Paraíba,95286,TRUE
9274,9274,REGISTERED,"Travessa das Neves, 811",,Cunha de Santos,NG,Minnesota,85026,TRUE
9275,9275,REGISTERED,"12, rue de Aubry",,Palazzolo Dello Stella,NL,Arkansas,00512653,TRUE
9276,9276,REGISTERED,"Flat 63X
Hughes Common",,Aparecida do Galho,NL,Perugia,715-5880,TRUE
9277,9277,REGISTERED,600 Lisa Estate Suite 453,,رمحيville,BS,Sachsen-Anhalt,08425878,TRUE
9278,9278,REGISTERED,Avenida de Samanta Prado 346,,Sevilla,DE,Rheinland-Pfalz,36380,TRUE
9279,9279,REGISTERED,625 小林 Street,,North Christopher,GB,Granada,E40 7SA,TRUE
9280,9280,REGISTERED,577 سمير Freeway,,八丈島八丈町,CA,Utah,IG4 6PS,TRUE
9281,9281,REGISTERED,"Trecho Azevedo, 14",,Toledo,ES,Fermo,83817,TRUE
9282,9282,REGISTERED,317 加藤 Street,,Sainte Laurent,CH,New Hampshire,19523,TRUE
9283,9283,REGISTERED,"Studio 63
Carroll Manors",,Amyville,ES,Indiana,34568,TRUE
9284,9284,REGISTERED,"4, chemin Laure Imbert",,Albacete,RU,Kansas,88884,TRUE
9285,9285,REGISTERED,Michaela-Kramer-Gasse 2,,Smithfurt,ZA,Palencia,42086,TRUE
9286,9286,REGISTERED,"Strada Zabarella, 822 Piano 6",,Macedo de Goiás,RU,Sevilla,71819,TRUE
9287,9287,REGISTERED,596 田中 Street,,Portacomaro,NL,Rio Grande do Sul,44035,TRUE
9288,9288,REGISTERED,Kambsstraße 90,,Millsborough,KY,Sassari,364-0146,TRUE
9289,9289,REGISTERED,"Avenida de Borges, 51",,Potier,US,Berlin,89920,TRUE
9290,9290,REGISTERED,381 後藤 Street,,Herbertmouth,US,Mecklenburg-Vorpommern,77420,TRUE
9291,9291,REGISTERED,Carsten-Blümel-Allee 44/35,,Casa Grande dos Dourados,FR,Oregon,72584,TRUE
9292,9292,REGISTERED,18763 Barrett Rapid Suite 087,,الدقاقbury,JP,Kentucky,30394,TRUE
9293,9293,REGISTERED,5285 رامز Prairie,,Evanshaven,PA,Macerata,421-1814,TRUE
9294,9294,REGISTERED,"Strada Virginia, 926",,印西市,GB,Monza e della Brianza,38015,TRUE
9295,9295,REGISTERED,44441 بنو الأحمر بن الحارث Court Apt. 898,,Christianfort,GB,Utah,G7J 8WS,TRUE
9296,9296,REGISTERED,24310 شهد Alley Apt. 125,,Gauthier,US,Pará,39861-070,TRUE
9297,9297,REGISTERED,440 加藤 Street,,Lichtenberg,KY,Wyoming,82488,TRUE
9298,9298,REGISTERED,5 Lorraine Run,,Durand-la-Forêt,US,Ancona,86421,TRUE
9299,9299,REGISTERED,Urbanización Julie Ferreras 344,,Neustadt am Rübenberge,TR,Santa Cruz de Tenerife,88952214,TRUE
9300,9300,REGISTERED,738 Madden Roads Suite 357,,長生郡睦沢町,TR,Amazonas,801-0709,TRUE
9301,9301,REGISTERED,"Stretto Chiara, 49",,East Alyssaburgh,DE,Thüringen,18835,TRUE
9302,9302,REGISTERED,Geraldine-Harloff-Weg 6,,Silveira de Azevedo,TR,Alicante,04352,TRUE
9303,9303,REGISTERED,Rambla Rosalva Sacristán 49 Puerta 4 ,,Lake جعفر,CH,Monza e della Brianza,653-0092,TRUE
9304,9304,REGISTERED,Rennerstraße 96,,Calvignano,ES,Modena,WV0 4FX,TRUE
9305,9305,REGISTERED,61762 هوازن Island Suite 916,,Freudenstadt,GB,Idaho,47100,TRUE
9306,9306,REGISTERED,"82, rue de Blanchard",,Königs Wusterhausen,PA,Parma,95492748,TRUE
9307,9307,REGISTERED,"2, rue Salmon",,Duarte Verde,FR,Georgia,PH3X 7XS,TRUE
9308,9308,REGISTERED,"Parque Cunha, 43",,Vargas de Araújo,FR,Ohio,12419741,TRUE
9309,9309,REGISTERED,"7, rue Gabriel Boutin",,البيسار القعقورmouth,SG,Baden-Württemberg,39033,TRUE
9310,9310,REGISTERED,"Canale Scaramucci, 33 Piano 8",,Hamburg,GB,Connecticut,CB56 9TS,TRUE
9311,9311,REGISTERED,1353 بيلسان Road,,South Denis,AU,Murcia,CV55 7SN,TRUE
9312,9312,REGISTERED,"45, rue Gautier",,North Amber,US,Maryland,12023,TRUE
9313,9313,REGISTERED,"Stretto Anastasi, 65 Appartamento 52",,Las Palmas,SE,Rondônia,N3 3QB,TRUE
9314,9314,REGISTERED,"90, chemin Roux",,RoyerVille,YE,Minas Gerais,86796,TRUE
9315,9315,REGISTERED,243 中島 Street,,Barryview,NL,Schleswig-Holstein,77131452,TRUE
9316,9316,REGISTERED,7926 عبدالرّحمن Island,,Melo,FR,Bremen,256-4978,TRUE
9317,9317,REGISTERED,"Strada Irma, 85",,大島町,FR,Pará,31048,TRUE
9318,9318,REGISTERED,27556 العجمان Common Suite 309,,Jaén,PA,Amapá,26146,TRUE
9319,9319,REGISTERED,"Strada Olga, 47",,Delaunay-sur-Dupont,US,New Mexico,75870,TRUE
9320,9320,REGISTERED,Martingasse 8116,,Las Palmas,IT,Santa Catarina,04822,TRUE
9321,9321,REGISTERED,278 高橋 Street,,Schwandorf,RU,Guadalajara,353-4279,TRUE
9322,9322,REGISTERED,007 加藤 Street,,Peixoto,TR,La Rioja,10309,TRUE
9323,9323,REGISTERED,"Flat 36
Bennett Spring",,West عالمshire,IR,Pará,55049,TRUE
9324,9324,REGISTERED,9704 وديع Route,,Bradleyton,CA,Caltanissetta,06715,TRUE
9325,9325,REGISTERED,Geislergasse 9,,葛飾区,SY,Hessen,G2H 6TN,TRUE
9326,9326,REGISTERED,"Stretto Giuseppina, 46 Piano 6",,Lake Jonathan,BS,Salamanca,13031,TRUE
9327,9327,REGISTERED,0722 بتروني Freeway,,Coleburgh,SY,Álava,797-6962,TRUE
9328,9328,REGISTERED,"Stretto Gabba, 452",,Saint Gérard,MM,Goiás,13026,TRUE
9329,9329,REGISTERED,34 Kyle Mountains,,Craco,KY,Bayern,25825,TRUE
9330,9330,REGISTERED,1083 ريمان Row,,East نصر,TR,Medio Campidano,24413-930,TRUE
9331,9331,REGISTERED,"93, boulevard Alexandre",,San Cipriano Po,JP,Monza e della Brianza,28071,TRUE
9332,9332,REGISTERED,Alameda Yago Souza,,Lovere,DE,Vibo Valentia,28053,TRUE
9333,9333,REGISTERED,223 Freeman Rapid Suite 574,,Shirleyview,SY,Santa Catarina,37134,TRUE
9334,9334,REGISTERED,Ronda de Lara Montserrat 24 Apt. 87 ,,Girard,JP,Cáceres,71061,TRUE
9335,9335,REGISTERED,Karzstr. 2085,,Kaitlynview,TR,Baleares,76293,TRUE
9336,9336,REGISTERED,4689 Antonio Trail Suite 325,,Weißwasser,IT,Bremen,18240,TRUE
9337,9337,REGISTERED,449 遠藤 Street,,Luckenwalde,DE,Indiana,88834,TRUE
9338,9338,REGISTERED,"Studio 71
Mahmood Manor",,Ludwigsburg,US,Pará,12888,TRUE
9339,9339,REGISTERED,Urbanización Teófila Sevillano 5 Puerta 5 ,,السادةland,JP,Niedersachsen,60549,TRUE
9340,9340,REGISTERED,760 鈴木 Street,,Burg,FR,Olbia-Tempio,05436-960,TRUE
9341,9341,REGISTERED,Mosemanngasse 1/2,,Barondan,NL,Cagliari,89035,TRUE
9342,9342,REGISTERED,Hübelweg 51/16,,Payet,GB,Asturias,169-5758,TRUE
9343,9343,REGISTERED,87249 Wanda Point Suite 758,,Deposito Di Luzzi,NG,Benevento,074-7453,TRUE
9344,9344,REGISTERED,21 Davies Square,,Huelva,RU,Hamburg,25436,TRUE
9345,9345,REGISTERED,Klemtstr. 5/7,,Baleares,US,Madrid,54307,TRUE
9346,9346,REGISTERED,Manuel-Boucsein-Ring 9,,Murcia,RU,Guadalajara,64770,TRUE
9347,9347,REGISTERED,"99, rue Vincent Couturier",,طيءhaven,IT,Matera,41471207,TRUE
9348,9348,REGISTERED,Riehlplatz 82/37,,Vargas,TR,Delaware,SE1 2LH,TRUE
9349,9349,REGISTERED,"Piazza Vincenza, 59 Piano 3",,South Glenn,BS,Georgia,90182,TRUE
9350,9350,REGISTERED,646 鈴木 Street,,Asturias,DE,Córdoba,69579363,TRUE
9351,9351,REGISTERED,2 Storey Burg,,Saint Antoine,JP,Sachsen-Anhalt,38970,TRUE
9352,9352,REGISTERED,829 نور الدّين Manor,,West جابر,TR,Castellón,G5 3FJ,TRUE
9353,9353,REGISTERED,Aneta-Wernecke-Gasse 5639,,江戸川区,NG,Barcelona,72428,TRUE
9354,9354,REGISTERED,556 田中 Street,,Joanhaven,AU,Huesca,25027,TRUE
9355,9355,REGISTERED,639 Kelly Corners,,West إليناhaven,RU,Málaga,E1 4DE,TRUE
9356,9356,REGISTERED,"Stretto Raffaello, 58",,Calatafimi Segesta,FR,Berlin,39036,TRUE
9357,9357,REGISTERED,604 Sharon Forest,,هنديةburgh,US,New York,17981,TRUE
9358,9358,REGISTERED,"12, chemin de Prévost",,Campos do Sul,IT,Thüringen,50356,TRUE
9359,9359,REGISTERED,Plaza de Maura Bernad 518,,横浜市港北区,KY,Maranhão,81984,TRUE
9360,9360,REGISTERED,"Flat 06z
Alexandra Crossroad",,Girifalco,FR,Nordrhein-Westfalen,G3S 0DJ,TRUE
9361,9361,REGISTERED,8514 Kimberly Mountain,,横浜市旭区,KY,Pennsylvania,06056,TRUE
9362,9362,REGISTERED,434 山本 Street,,Heinsberg,RU,California,13878,TRUE
9363,9363,REGISTERED,"Trecho Leonardo Rios, 52",,Gotha,PA,Arizona,88911,TRUE
9364,9364,REGISTERED,Avenida de Evangelina Ruiz 383,,大田区,TR,Alaska,60232-165,TRUE
9365,9365,REGISTERED,"Studio 9
Patricia Springs",,Ávila,CA,Novara,45456,TRUE
9366,9366,REGISTERED,"Viale Albertini, 43",,North قيس,KP,Saarland,061-5464,TRUE
9367,9367,REGISTERED,82593 Angela Drive,,Guipúzcoa,TR,Michigan,65767,TRUE
9368,9368,REGISTERED,117 山田 Street,,Martinezmouth,GB,Michigan,46981,TRUE
9369,9369,REGISTERED,Via Perla Madrid 38,,عابدhaven,BS,Ferrara,54670,TRUE
9370,9370,REGISTERED,"Via de Lopes, 22",,Castellón,RU,California,10412,TRUE
9371,9371,REGISTERED,"28, rue de Bouvier",,غنيمberg,US,Cuenca,31940-277,TRUE
9372,9372,REGISTERED,Jan-Henck-Straße 21/24,,Jamesborough,TR,Cremona,CF5V 7QU,TRUE
9373,9373,REGISTERED,"Borgo Lombardo, 5 Piano 9",,West صالح,DE,Mississippi,60525,TRUE
9374,9374,REGISTERED,"Via Gramsci, 38 Appartamento 80",,印旛郡印旛村,DE,Perugia,82408,TRUE
9375,9375,REGISTERED,"Flat 01
Allen Roads",,Sainte Marianne-les-Bains,GB,Bremen,79538-538,TRUE
9376,9376,REGISTERED,"Parque Gael Henrique Cassiano, 26",,Sainte Benoît,RU,Oregon,90247131,TRUE
9377,9377,REGISTERED,"Flat 38
Leigh Expressway",,Madonna Di Buja,FR,New Jersey,HD5 2NY,TRUE
9378,9378,REGISTERED,Pasadizo Salud Expósito 96,,Sonyaborough,FR,Albacete,60083-285,TRUE
9379,9379,REGISTERED,Cornelia-Klapp-Gasse 44-79,,South Christie,DE,Niedersachsen,03264,TRUE
9380,9380,REGISTERED,891 山口 Street,,Mello,TR,Minas Gerais,19139,TRUE
9381,9381,REGISTERED,"Vereda de Farias, 16",,Tanguy-sur-Diaz,ES,La Coruña,42584,TRUE
9382,9382,REGISTERED,"13, avenue Boucher",,Sharonmouth,NL,Baleares,37180,TRUE
9383,9383,REGISTERED,"Stretto Schiaparelli, 27 Piano 8",,Moreira dos Dourados,NL,Huesca,254-6883,TRUE
9384,9384,REGISTERED,7384 Karen Turnpike,,Teruel,FR,Pará,738-0546,TRUE
9385,9385,REGISTERED,Via Cayetana Agustí 15 Apt. 30 ,,Canossa,US,Illinois,22046,TRUE
9386,9386,REGISTERED,"45, boulevard Benoît Richard",,Saint Auguste,US,Rhode Island,64478,TRUE
9387,9387,REGISTERED,"33, boulevard Duhamel",,South Staceymouth,JP,Pontevedra,97811,TRUE
9388,9388,REGISTERED,"328, avenue Alexandrie Nguyen",,North Hazelville,CA,Pistoia,17428267,TRUE
9389,9389,REGISTERED,"Passarela Sousa, 38",,Salamanca,KY,Colorado,018-1943,TRUE
9390,9390,REGISTERED,Loosring 87,,Deggendorf,RU,South Dakota,16143,TRUE
9391,9391,REGISTERED,"Lago Aylla Caldeira, 91",,Grahamberg,YE,Virginia,56414,TRUE
9392,9392,REGISTERED,4849 خالدي Extensions,,Port Chelseabury,GB,Pavia,203-7299,TRUE
9393,9393,REGISTERED,321 近藤 Street,,Saint Jules,DE,Ceará,45831,TRUE
9394,9394,REGISTERED,Ruppertplatz 83/89,,横浜市瀬谷区,ES,Rheinland-Pfalz,85378,TRUE
9395,9395,REGISTERED,Brit-Zahn-Straße 75/45,,Cavalcante,GB,Oristano,E41 8EG,TRUE
9396,9396,REGISTERED,614 岡田 Street,,新宿区,PA,Murcia,20862,TRUE
9397,9397,REGISTERED,44970 Barnes Rest,,神津島村,US,Savona,82160,TRUE
9398,9398,REGISTERED,Rambla de Isaac Vilaplana 187 Puerta 5 ,,Beeskow,US,Ceuta,139-3951,TRUE
9399,9399,REGISTERED,89640 جودة Ferry Apt. 934,,Eilenburg,GB,Louisiana,33051,TRUE
9400,9400,REGISTERED,"50, rue Martinez",,武蔵村山市,JP,La Rioja,04003,TRUE
9401,9401,REGISTERED,Cichoriusallee 54-62,,New Natashamouth,ES,Prato,49865,TRUE
9402,9402,REGISTERED,160 鈴木 Street,,خولانtown,TR,Maranhão,67535,TRUE
9403,9403,REGISTERED,"Piazza Pugliese, 0",,Mandystad,GB,Alessandria,44026,TRUE
9404,9404,REGISTERED,Schulzallee 19-46,,Vert,JP,Vermont,71923,TRUE
9405,9405,REGISTERED,237 جزيني Fort Suite 740,,香取市,NL,Nevada,58911190,TRUE
9406,9406,REGISTERED,"Área de Leão, 34",,South Chelsea,US,Rio de Janeiro,86319-908,TRUE
9407,9407,REGISTERED,537 Daniel Rest,,New زهران,NL,Hessen,49878-126,TRUE
9408,9408,REGISTERED,Aeroporto Moura,,Nguyennec,GB,Olbia-Tempio,37800,TRUE
9409,9409,REGISTERED,Urbanización Rafael Morata 96 Puerta 6 ,,Guadalajara,DE,Monza e della Brianza,97079,TRUE
9410,9410,REGISTERED,38 Kelly Loop,,Iglesias,RU,Imperia,61529017,TRUE
9411,9411,REGISTERED,326 渡辺 Street,,狛江市,NL,Córdoba,51521,TRUE
9412,9412,REGISTERED,"Flat 81x
Douglas Coves",,النمريtown,FR,Piacenza,03954,TRUE
9413,9413,REGISTERED,Cañada Begoña Valle 41,,New Marian,SE,Nevada,46636,TRUE
9414,9414,REGISTERED,"Viale Elladio, 8",,South Dorothy,US,Colorado,95188,TRUE
9415,9415,REGISTERED,855 高橋 Street,,Badajoz,RU,Massachusetts,50008,TRUE
9416,9416,REGISTERED,9 Ashleigh Crossing,,Carvalho do Sul,ZA,Saarland,BA2W 0GJ,TRUE
9417,9417,REGISTERED,boulevard Robert Humbert,,杉並区,FR,Forlì-Cesena,PL7 3YS,TRUE
9418,9418,REGISTERED,326 伊藤 Street,,Segovia,FR,Medio Campidano,E9F 4GQ,TRUE
9419,9419,REGISTERED,207 中川 Street,,Bompietro,DE,Paraíba,17259,TRUE
9420,9420,REGISTERED,rue Nicole Thomas,,鴨川市,BS,Michigan,W32 4EG,TRUE
9421,9421,REGISTERED,8 Simon Trafficway,,Villa Di Chiavenna,FR,Las Palmas,63141,TRUE
9422,9422,REGISTERED,"8, boulevard de Nguyen",,Novaes,GB,Roraima,09092,TRUE
9423,9423,REGISTERED,"Stretto Maurizio, 34 Appartamento 29",,Ravagnese,US,Mato Grosso,S46 3GH,TRUE
9424,9424,REGISTERED,117 後藤 Street,,Bad Brückenau,FR,Mississippi,61051-231,TRUE
9425,9425,REGISTERED,boulevard de Imbert,,Suttonchester,JP,Bahia,31743,TRUE
9426,9426,REGISTERED,"Strada Leonardo, 978 Piano 8",,Roccantica,US,Cádiz,344-4176,TRUE
9427,9427,REGISTERED,578 Higgins Camp,,Burgos,PA,Sachsen-Anhalt,37454,TRUE
9428,9428,REGISTERED,2 Thompson Vista,,Thompsonfort,CA,Sachsen-Anhalt,55818,TRUE
9429,9429,REGISTERED,420 حيدر Summit,,長生郡長南町,PA,Vizcaya,84610,TRUE
9430,9430,REGISTERED,59434 نور الدين Mews Apt. 852,,Melo das Pedras,GB,Reggio Emilia,15399,TRUE
9431,9431,REGISTERED,64345 Alex Overpass Suite 329,,君津市,FR,Indiana,73534,TRUE
9432,9432,REGISTERED,Hendriksstr. 0,,East Amandaburgh,ES,Ciudad,64015,TRUE
9433,9433,REGISTERED,985 森 Street,,Zamora,DE,Ferrara,19651,TRUE
9434,9434,REGISTERED,Sofie-Tschentscher-Allee 92-35,,羽村市,FR,Wyoming,43447,TRUE
9435,9435,REGISTERED,"Travessa Gomes, 909",,調布市,DE,Kansas,44574,TRUE
9436,9436,REGISTERED,"Viale Guariento, 5 Appartamento 4",,Sainte Martine,ES,Burgos,18228,TRUE
9437,9437,REGISTERED,Agnieszka-Gröttner-Ring 4613,,Madrid,BS,Amazonas,156-8203,TRUE
9438,9438,REGISTERED,"Stretto Venancio, 27 Piano 0",,Danielfort,AU,Montana,33072,TRUE
9439,9439,REGISTERED,"Jardim Pires, 437",,Codevilla,ES,Nebraska,40129,TRUE
9440,9440,REGISTERED,471 الأشراف Pass Apt. 599,,Ávila,RU,Novara,04597,TRUE
9441,9441,REGISTERED,"Feira Sara Pires, 87",,江東区,IR,Santa Catarina,BD2 2WZ,TRUE
9442,9442,REGISTERED,17660 Hamilton Islands Apt. 150,,La Rioja,ES,León,29210,TRUE
9443,9443,REGISTERED,"47, chemin Chevalier",,Querfurt,JP,Rondônia,83497,TRUE
9444,9444,REGISTERED,"9, rue Diane Grenier",,Ribeiro do Campo,NL,Belluno,39476,TRUE
9445,9445,REGISTERED,615 村上 Street,,Montisola,CA,Las Palmas,90818,TRUE
9446,9446,REGISTERED,9248 بكيل Walks,,Feuchtwangen,FR,Indiana,62920557,TRUE
9447,9447,REGISTERED,"Trecho Zoe Barbosa, 838",,西多摩郡瑞穂町,TR,Roraima,48832,TRUE
9448,9448,REGISTERED,"Vila Marques, 498",,横浜市西区,NL,La Rioja,73957,TRUE
9449,9449,REGISTERED,"9, boulevard Odette Rémy",,Lake Carole,ES,Nevada,G2H 2DU,TRUE
9450,9450,REGISTERED,155 Hall Overpass,,da Luz da Prata,GB,Modena,01687967,TRUE
9451,9451,REGISTERED,96496 Samantha Inlet,,Bastida De' Dossi,TR,Sachsen-Anhalt,01478,TRUE
9452,9452,REGISTERED,541 鈴木 Street,,Wardmouth,PA,Alaska,21498,TRUE
9453,9453,REGISTERED,289 佐藤 Street,,Christinestad,DE,Paraíba,60040,TRUE
9454,9454,REGISTERED,"83, avenue Collet",,Villaperuccio,GB,Arezzo,21034,TRUE
9455,9455,REGISTERED,"Chácara de Borges, 80",,New Molly,US,Acre,88491,TRUE
9456,9456,REGISTERED,"Via Salvini, 856",,Lake Oliviamouth,NG,Lecce,91473,TRUE
9457,9457,REGISTERED,2498 Willis Unions,,Álava,CA,Paraná,15028,TRUE
9458,9458,REGISTERED,75 Hart Lock,,Lake شبلي,IR,Zamora,43171,TRUE
9459,9459,REGISTERED,68 Begum Hollow,,Barza,JP,Idaho,88727,TRUE
9460,9460,REGISTERED,"Viela Fogaça, 3",,Variglie,US,Las Palmas,01587,TRUE
9461,9461,REGISTERED,Urbanización Imelda Pellicer 24,,Faivre-sur-Torres,US,Bayern,85208,TRUE
9462,9462,REGISTERED,Paseo de Pastora Aguado 28,,Trivio Di Formia,FR,Córdoba,35033,TRUE
9463,9463,REGISTERED,"Flat 12
Hewitt Curve",,Danielburgh,IT,Alicante,49273-323,TRUE
9464,9464,REGISTERED,"Recanto Macedo, 96",,Boutin,NL,Sachsen-Anhalt,39277,TRUE
9465,9465,REGISTERED,510 森 Street,,Lake Shannon,US,Barcelona,05255,TRUE
9466,9466,REGISTERED,"Studio 48
Leanne Passage",,Marchand,TR,Alaska,58635,TRUE
9467,9467,REGISTERED,818 山本 Street,,横浜市鶴見区,ES,Viterbo,07348,TRUE
9468,9468,REGISTERED,rue Thibaut Chauveau,,Brandenburg,ZA,Hamburg,53631,TRUE
9469,9469,REGISTERED,"Canale Botta, 3",,Williamborough,TR,Albacete,04956-781,TRUE
9470,9470,REGISTERED,Via de Roxana Losa 76 Apt. 91 ,,Laine-sur-Lemaire,SE,Missouri,12044318,TRUE
9471,9471,REGISTERED,0008 الديسي Club,,Rehau,FR,Asti,GU22 1RR,TRUE
9472,9472,REGISTERED,Bianka-Hölzenbecher-Ring 50,,Lake Jennifershire,NG,Utah,17657,TRUE
9473,9473,REGISTERED,687 林 Street,,Montanaro,JP,Crotone,60540,TRUE
9474,9474,REGISTERED,Urbanización Ricarda Prat 520,,Granada,ES,Saarland,67034-925,TRUE
9475,9475,REGISTERED,Glorieta Georgina Iriarte 38,,Traore,DE,Hamburg,985-5505,TRUE
9476,9476,REGISTERED,Pasadizo Bienvenida Ribas 45,,Huelva,FR,Jaén,147-0042,TRUE
9477,9477,REGISTERED,Pasadizo Carolina Juan 316 Apt. 59 ,,San Leonardo Valcellina,SE,Maine,09834,TRUE
9478,9478,REGISTERED,"Canale Greca, 896 Appartamento 0",,Rosenheim,ZA,Grosseto,81648,TRUE
9479,9479,REGISTERED,"5, chemin de Joseph",,Salamanca,ZA,Louisiana,80478261,TRUE
9480,9480,REGISTERED,5942 غامد Spurs Suite 673,,Tesero,JP,Rio Grande do Sul,39301,TRUE
9481,9481,REGISTERED,Alexej-Heser-Platz 35/75,,Farias,NL,Rheinland-Pfalz,05406,TRUE
9482,9482,REGISTERED,"Canale Bompiani, 82",,نجدتton,US,Huesca,04437-713,TRUE
9483,9483,REGISTERED,"Lago Campos, 24",,Nascimento,SG,Acre,28976,TRUE
9484,9484,REGISTERED,"Borgo Roberto, 97",,East Joshchester,US,Michigan,W2 5WF,TRUE
9485,9485,REGISTERED,"Via Romina, 91",,Port Kieranton,AU,Teruel,B5 6DB,TRUE
9486,9486,REGISTERED,160 اعتكاف Ferry Apt. 627,,Lukemouth,TR,Maryland,26358,TRUE
9487,9487,REGISTERED,"Studio 41
Rosie Bridge",,狛江市,SG,Foggia,54528,TRUE
9488,9488,REGISTERED,9991 Moore Mission Apt. 860,,品川区,JP,Vermont,27262,TRUE
9489,9489,REGISTERED,"Rodovia de Fonseca, 4",,RichardVille,BS,São Paulo,16585-357,TRUE
9490,9490,REGISTERED,"Studio 80v
Dunn Stravenue",,Lisafort,US,Vermont,N8 0DQ,TRUE
9491,9491,REGISTERED,145 伊藤 Street,,Lake ابتسام,JP,Girona,82000616,TRUE
9492,9492,REGISTERED,Ronda Aurora Miguel 67 Puerta 3 ,,Natalieville,US,Rheinland-Pfalz,49670,TRUE
9493,9493,REGISTERED,Fabian-Weihmann-Platz 27/54,,Sant'Arsenio,GB,Las Palmas,75521,TRUE
9494,9494,REGISTERED,"Viale Riccardo, 46 Piano 9",,مؤنسland,ES,Pará,55135,TRUE
9495,9495,REGISTERED,7642 Farmer Crescent Suite 178,,西多摩郡奥多摩町,IT,Mato Grosso,39769,TRUE
9496,9496,REGISTERED,"Borgo Vittadello, 645 Appartamento 11",,Agropoli Stazione,ES,Tennessee,S28 3UB,TRUE
9497,9497,REGISTERED,Calle de Teodoro Bou 41,,Trevorshire,DE,Paraná,40588,TRUE
9498,9498,REGISTERED,26291 نوره Knolls,,品川区,TR,Enna,67076-018,TRUE
9499,9499,REGISTERED,Vial de Pacífica Sánchez 5 Puerta 8 ,,das Neves,US,Alabama,18036,TRUE
9500,9500,REGISTERED,Cañada Reina Teruel 65,,Ginostra,RU,Mecklenburg-Vorpommern,SA6X 9FQ,TRUE
9501,9501,REGISTERED,"Vale Duarte, 8",,Riou,ES,Málaga,23033,TRUE
9502,9502,REGISTERED,"Via Borghese, 92",,Piraino,NG,Wyoming,11637,TRUE
9503,9503,REGISTERED,Reisingallee 6260,,Tarragona,BS,Valencia,01731,TRUE
9504,9504,REGISTERED,478 中村 Street,,Starnberg,BS,Paraná,132-0651,TRUE
9505,9505,REGISTERED,353 Dustin Springs,,Janicebury,JP,Cuneo,388-2577,TRUE
9506,9506,REGISTERED,"Lagoa de Pimenta, 5",,Ciudad,RU,Alabama,89586,TRUE
9507,9507,REGISTERED,8470 عرفان Lane Apt. 955,,Palencia,IR,Alabama,40599,TRUE
9508,9508,REGISTERED,0268 البغدادي Port,,South Heidifurt,US,Jaén,27108,TRUE
9509,9509,REGISTERED,93 Stuart Inlet,,Schmitt-sur-Mer,RU,Acre,CH17 4WB,TRUE
9510,9510,REGISTERED,"Contrada Morpurgo, 57 Piano 2",,North Tiffany,GB,Oregon,14883,TRUE
9511,9511,REGISTERED,Cañada Teodora Montaña 56,,大島町,KY,Illinois,91016,TRUE
9512,9512,REGISTERED,"Stretto Gabriella, 3",,Stadtsteinach,FR,Schleswig-Holstein,13025,TRUE
9513,9513,REGISTERED,"Trevo Araújo, 4",,Asturias,BS,Bremen,375-3234,TRUE
9514,9514,REGISTERED,Glorieta Teobaldo Cardona 29 Piso 6 ,,Tarragona,ZA,Bremen,62587378,TRUE
9515,9515,REGISTERED,Hoffmannstr. 3,,豊島区,JP,La Spezia,L89 0QE,TRUE
9516,9516,REGISTERED,"Flat 04
Gareth Extensions",,تميمhaven,CA,La Coruña,51298,TRUE
9517,9517,REGISTERED,"822, avenue Élodie Gilbert",,RoyVille,GB,New Hampshire,05529,TRUE
9518,9518,REGISTERED,"3, avenue Tanguy",,عارفfurt,GB,Pará,17045,TRUE
9519,9519,REGISTERED,Glorieta de Ismael Vidal 392,,Álava,US,Murcia,64900,TRUE
9520,9520,REGISTERED,"Stretto Cilibrasi, 2 Piano 7",,North Jamesview,CA,Lucca,93119,TRUE
9521,9521,REGISTERED,476 鈴木 Street,,Bautzen,DE,Michigan,72728-253,TRUE
9522,9522,REGISTERED,"Flat 46C
Nicholson Village",,North نورسland,FR,Latina,E3 3JH,TRUE
9523,9523,REGISTERED,"Distrito João Guilherme Azevedo, 8",,Pellegrino Parmense,FR,Arkansas,59239,TRUE
9524,9524,REGISTERED,"Contrada Taliercio, 2 Appartamento 87",,Kassel,CA,São Paulo,30047,TRUE
9525,9525,REGISTERED,6 Ward Well,,Borges do Galho,NL,Pará,11758,TRUE
9526,9526,REGISTERED,011 Carolyn Loaf,,Álava,IR,Cuneo,25061,TRUE
9527,9527,REGISTERED,957 山崎 Street,,Hettstedt,US,Sergipe,05758,TRUE
9528,9528,REGISTERED,"Stretto Sanguineti, 8",,Penango,US,Las Palmas,91160,TRUE
9529,9529,REGISTERED,Liesel-Metz-Gasse 773,,Asturias,IT,Roma,49391,TRUE
9530,9530,REGISTERED,25 Ben Fall,,Marion-sur-Dubois,FR,Monza e della Brianza,92679,TRUE
9531,9531,REGISTERED,Elke-Etzold-Straße 39,,Brownhaven,JP,Rio de Janeiro,71700,TRUE
9532,9532,REGISTERED,53277 Elizabeth Fields Apt. 773,,San Calogero,DE,Thüringen,063-2633,TRUE
9533,9533,REGISTERED,7080 شدّاد Valley,,Günzburg,FR,Teruel,06010,TRUE
9534,9534,REGISTERED,"Piazza Fiorenzo, 76",,Murcia,DE,Rovigo,54428,TRUE
9535,9535,REGISTERED,"Piazza Rembrandt, 48 Appartamento 2",,Santos,GB,Wisconsin,77606,TRUE
9536,9536,REGISTERED,14367 طاهر Forest,,North Barbarabury,NG,Alabama,S4 1GZ,TRUE
9537,9537,REGISTERED,Rambla Leandro Plaza 17,,Daviesmouth,CA,Navarra,22872,TRUE
9538,9538,REGISTERED,673 Christine Plains,,Weißenfels,GB,Pescara,L2 1PP,TRUE
9539,9539,REGISTERED,Rambla de Lidia Castilla 822,,Naila,FR,Espírito Santo,795-8362,TRUE
9540,9540,REGISTERED,Via de Francisco Benavent 789 Apt. 62 ,,das Neves,CA,Texas,70968,TRUE
9541,9541,REGISTERED,57112 Johnson Track,,New Damian,NL,Nevada,258-7625,TRUE
9542,9542,REGISTERED,C. de Noé Pacheco 4,,Mathieu-sur-De Sousa,US,Oklahoma,34182,TRUE
9543,9543,REGISTERED,"4, avenue de Thomas",,البقومtown,CA,Sergipe,DL9 3RJ,TRUE
9544,9544,REGISTERED,"42, rue Catherine Roux",,Serrungarina,AU,Vermont,67267,TRUE
9545,9545,REGISTERED,"82, chemin Gilles Ollivier",,国立市,KY,Sachsen,34835,TRUE
9546,9546,REGISTERED,Ronda de Calixta Viña 35 Apt. 59 ,,La Rioja,FR,South Dakota,95379-926,TRUE
9547,9547,REGISTERED,714 後藤 Street,,Rovezzano,DE,Thüringen,78131,TRUE
9548,9548,REGISTERED,Wagenknechtweg 1,,Kitzingen,IR,Campobasso,24036,TRUE
9549,9549,REGISTERED,"Flat 9
Harrison Avenue",,Sainte Sylvie-sur-Mer,DE,Nordrhein-Westfalen,63812,TRUE
9550,9550,REGISTERED,"Trevo de Fernandes, 43",,Natashamouth,FR,Teramo,96256-585,TRUE
9551,9551,REGISTERED,4358 Rachel Valley Apt. 034,,Michaelshire,SE,Soria,07821,TRUE
9552,9552,REGISTERED,162 Warner Way,,Cooperburgh,FR,Maine,39166,TRUE
9553,9553,REGISTERED,93859 Cory Crossing Apt. 933,,長生郡睦沢町,US,Verona,35562,TRUE
9554,9554,REGISTERED,"Studio 8
Hannah Stream",,Ourense,FR,North Dakota,26227276,TRUE
9555,9555,REGISTERED,Seifertstr. 997,,Moura de Vieira,CA,Varese,IG8 8BU,TRUE
9556,9556,REGISTERED,"66, boulevard de Bonnet",,Celledizzo,US,Mato Grosso,CT79 8EP,TRUE
9557,9557,REGISTERED,890 岡田 Street,,Conscenti,DE,Iowa,57921-768,TRUE
9558,9558,REGISTERED,Callejón Sofía Macías 21 Apt. 94 ,,Melo,NL,Hamburg,10375-628,TRUE
9559,9559,REGISTERED,778 井上 Street,,Gay,FR,Oklahoma,11030,TRUE
9560,9560,REGISTERED,"Via Pereira, 428",,Staffelstein,GB,Texas,38325,TRUE
9561,9561,REGISTERED,"Vale Heitor Machado, 95",,Ponte Di Nanto,US,Oregon,89799,TRUE
9562,9562,REGISTERED,8301 كمال Trace,,Freising,IT,Macerata,15721,TRUE
9563,9563,REGISTERED,"Viale Daniele, 4 Piano 3",,Salmon,IT,Saarland,48378,TRUE
9564,9564,REGISTERED,5 Owens Pine,,八丈島八丈町,IT,Ciudad,65997,TRUE
9565,9565,REGISTERED,"Flat 84
Blackburn Stravenue",,Lévyboeuf,FR,Bremen,99222,TRUE
9566,9566,REGISTERED,"Studio 38
Jenkins Highway",,شكيبport,US,Melilla,G9B 8BG,TRUE
9567,9567,REGISTERED,66949 Rodriguez Turnpike,,Geithain,IT,Rhode Island,30675,TRUE
9568,9568,REGISTERED,Rambla de Cristian Piñol 9,,Saint Dianenec,CA,Teruel,07747,TRUE
9569,9569,REGISTERED,"227, avenue Gilbert Prévost",,青ヶ島村,FR,Connecticut,33342,TRUE
9570,9570,REGISTERED,32241 Salinas Highway,,Rathenow,KY,Treviso,25507,TRUE
9571,9571,REGISTERED,83356 الكثيري Mountains,,Quero,FR,Jaén,88789967,TRUE
9572,9572,REGISTERED,266 高橋 Street,,小平市,DE,Mississippi,75600,TRUE
9573,9573,REGISTERED,Francoise-Loos-Allee 46/15,,Lake زينstad,ES,Trento,21730,TRUE
9574,9574,REGISTERED,664 岡田 Street,,Johnhaven,SY,Wyoming,72578,TRUE
9575,9575,REGISTERED,17 Terence Trail,,Guadalajara,AU,Indiana,26898,TRUE
9576,9576,REGISTERED,3 Saunders Drive,,Porto,FR,Pontevedra,737-2185,TRUE
9577,9577,REGISTERED,"Área Manuella Nogueira, 10",,رجاءbury,GB,León,13761,TRUE
9578,9578,REGISTERED,89751 Rodriguez Club,,Helmstedt,GB,Ourense,43596,TRUE
9579,9579,REGISTERED,009 渡辺 Street,,匝瑳市,JP,New Hampshire,125-4278,TRUE
9580,9580,REGISTERED,59829 النمري Ways Suite 815,,Madrid,IR,Rio Grande do Sul,10084,TRUE
9581,9581,REGISTERED,Killerstr. 5/1,,Saint Zoé,GB,Baleares,415-3129,TRUE
9582,9582,REGISTERED,Cuesta Ema Talavera 59,,Uelzen,GB,Idaho,02524,TRUE
9583,9583,REGISTERED,59100 Kelly Turnpike Suite 062,,Lake سامح,US,Alaska,729-3177,TRUE
9584,9584,REGISTERED,Tomasz-Hethur-Ring 18,,Sevilla,DE,Prato,08083,TRUE
9585,9585,REGISTERED,747 اهرام Keys Suite 064,,Aragno,GB,Alagoas,26828,TRUE
9586,9586,REGISTERED,39198 Mason Village Suite 238,,Lefort,KY,New Mexico,67727,TRUE
9587,9587,REGISTERED,Urs-Kraus-Allee 877,,Rodrigues,NL,Como,85931,TRUE
9588,9588,REGISTERED,691 Brock Village Apt. 965,,Lake Dawnville,FR,Campobasso,20776,TRUE
9589,9589,REGISTERED,6605 غانم Circles Suite 081,,La Rioja,MM,León,N5 0AR,TRUE
9590,9590,REGISTERED,"Flat 94
Edwards Mountains",,Sangerhausen,US,Nevada,26613,TRUE
9591,9591,REGISTERED,"Contrada Ricciardi, 58 Piano 3",,Wiedenbrück,NG,Brandenburg,49382,TRUE
9592,9592,REGISTERED,"Rotonda Sandro, 972",,Port Stephanie,DE,Latina,79946-445,TRUE
9593,9593,REGISTERED,07 Dawson Centers,,Döbeln,FR,Saarland,40536869,TRUE
9594,9594,REGISTERED,656 小林 Street,,東久留米市,FR,Acre,96504628,TRUE
9595,9595,REGISTERED,"775, boulevard de Perret",,East فلاح,CA,Nordrhein-Westfalen,22824,TRUE
9596,9596,REGISTERED,"Stretto Luciana, 68 Piano 6",,North Jennifer,BS,Georgia,93575227,TRUE
9597,9597,REGISTERED,988 山本 Street,,Jacquotnec,US,Thüringen,31564,TRUE
9598,9598,REGISTERED,34493 Reeves Forges,,Sainte MathildeBourg,NG,Distrito Federal,WF8A 7QQ,TRUE
9599,9599,REGISTERED,375 ابو السعود Drives,,Jaén,ZA,Connecticut,33709224,TRUE
9600,9600,REGISTERED,Cañada Noé Costa 5 Apt. 71 ,,Pereira do Norte,CA,Bremen,50304,TRUE
9601,9601,REGISTERED,4049 لطوف Squares,,BretonBourg,US,Biella,74960,TRUE
9602,9602,REGISTERED,"Piazza Petrocelli, 61 Piano 7",,Hettstedt,DE,North Carolina,PH86 3LA,TRUE
9603,9603,REGISTERED,5434 شويفاتي Club,,الفتيانيport,NL,Bahia,178-4364,TRUE
9604,9604,REGISTERED,"Ladeira de da Paz, 74",,NoëlVille,ES,Georgia,90874,TRUE
9605,9605,REGISTERED,069 Jonathan Crest Apt. 930,,Mitogio,TR,Ávila,46020,TRUE
9606,9606,REGISTERED,"Studio 1
Bryan Junctions",,Fisherchester,GB,Napoli,59552-119,TRUE
9607,9607,REGISTERED,Ronda de Onofre Cazorla 1 Puerta 1 ,,渋谷区,KY,Taranto,75013,TRUE
9608,9608,REGISTERED,Ilias-Mies-Straße 4/2,,East مأمون,NG,Espírito Santo,84445,TRUE
9609,9609,REGISTERED,Eva-Maria-Bloch-Ring 85-98,,South John,GB,Cáceres,49941,TRUE
9610,9610,REGISTERED,Hermann-Boucsein-Weg 394,,Lugo,BS,Sachsen-Anhalt,19288,TRUE
9611,9611,REGISTERED,945 阿部 Street,,New Douglas,US,Pennsylvania,23908,TRUE
9612,9612,REGISTERED,447 هدى Mall Apt. 433,,Meißen,DE,Espírito Santo,12031,TRUE
9613,9613,REGISTERED,Cuesta de Vidal Naranjo 75 Apt. 34 ,,South Eleanor,TR,North Carolina,M53 8FR,TRUE
9614,9614,REGISTERED,388 Carter Skyway Suite 602,,Invorio,US,Terni,783-1615,TRUE
9615,9615,REGISTERED,"93, rue Stéphane Ferrand",,Janetberg,US,Tennessee,M0F 3RT,TRUE
9616,9616,REGISTERED,"Strada Balotelli, 6 Piano 3",,Pentedattilo,FR,Rhode Island,49348,TRUE
9617,9617,REGISTERED,Beyerweg 79/79,,横浜市瀬谷区,US,Hawaii,92416,TRUE
9618,9618,REGISTERED,4086 Smith Harbors Suite 063,,Camerontown,FR,Hawaii,B53 8PT,TRUE
9619,9619,REGISTERED,"Via Verri, 973",,Darrenside,ES,Pennsylvania,SN4 5DL,TRUE
9620,9620,REGISTERED,795 高橋 Street,,South Mary,US,Nevada,13103,TRUE
9621,9621,REGISTERED,"54, boulevard de Diallo",,Chevallier-sur-Dufour,FR,Cremona,24868,TRUE
9622,9622,REGISTERED,832 ريتال Haven Apt. 820,,西多摩郡檜原村,US,Amazonas,02521-617,TRUE
9623,9623,REGISTERED,"Piazza Simeoni, 0",,Peine,SE,Espírito Santo,23291,TRUE
9624,9624,REGISTERED,764 佐藤 Street,,South Conorburgh,KP,Maryland,11438-262,TRUE
9625,9625,REGISTERED,Rambla Toribio Vera 12,,Coburg,FR,Mecklenburg-Vorpommern,46558,TRUE
9626,9626,REGISTERED,6 Jemma Via,,Groß-Gerau,BS,Berlin,15769729,TRUE
9627,9627,REGISTERED,6774 Baker Rue,,Delaunay,DE,L'Aquila,812-9401,TRUE
9628,9628,REGISTERED,"30, chemin Lenoir",,New Rebeccaville,FR,Idaho,18789,TRUE
9629,9629,REGISTERED,13723 Nancy Row,,دارينtown,CA,Navarra,M72 0ZP,TRUE
9630,9630,REGISTERED,919 伊藤 Street,,印旛郡栄町,NG,Minas Gerais,65202,TRUE
9631,9631,REGISTERED,19303 ثقيف Lodge Suite 191,,Bobbio Pellice,GB,Pordenone,70996,TRUE
9632,9632,REGISTERED,"Studio 7
Kevin Rapid",,Wanzleben,NG,Distrito Federal,30727,TRUE
9633,9633,REGISTERED,"Via Cavalcanti, 57",,Kirbyburgh,IR,North Carolina,LU6R 7GW,TRUE
9634,9634,REGISTERED,"Studio 82
Hannah Heights",,Samanthaberg,DE,Iowa,76880,TRUE
9635,9635,REGISTERED,Morro Garcia,,Auger,CA,Oklahoma,74320,TRUE
9636,9636,REGISTERED,909 شمر Union Apt. 660,,West صبورhaven,DE,Nevada,20144,TRUE
9637,9637,REGISTERED,"97, rue de Barre",,Schwarzenberg,ES,Minas Gerais,35039,TRUE
9638,9638,REGISTERED,Vial Galo Madrigal 47 Piso 4 ,,Seanton,FR,Zamora,32753,TRUE
9639,9639,REGISTERED,4247 Jessica Port Apt. 075,,横浜市南区,PA,Brandenburg,27053,TRUE
9640,9640,REGISTERED,"Viale Gatto, 744",,Machado,CA,Forlì-Cesena,13225,TRUE
9641,9641,REGISTERED,2254 William Inlet,,Fonseca do Norte,DE,Espírito Santo,44333,TRUE
9642,9642,REGISTERED,"Via Acerbi, 14",,North Shane,JP,Massachusetts,09951,TRUE
9643,9643,REGISTERED,27 Warner Mountain,,البديريchester,YE,Rhode Island,07356,TRUE
9644,9644,REGISTERED,"Incrocio Susanna, 70 Piano 0",,Jüterbog,US,Tarragona,49384,TRUE
9645,9645,REGISTERED,Pasadizo de Oriana Garrido 51,,Bautzen,US,Burgos,96433,TRUE
9646,9646,REGISTERED,"3, boulevard de Lopes",,München,TR,Wyoming,34188,TRUE
9647,9647,REGISTERED,251 高橋 Street,,Castronuovo Di Sicilia,US,Louisiana,49175,TRUE
9648,9648,REGISTERED,rue Pascal,,Freital,US,Segovia,33023,TRUE
9649,9649,REGISTERED,116 ازحيمان Row Suite 909,,South Eileen,DE,New Jersey,30662,TRUE
9650,9650,REGISTERED,0222 Mathews Overpass Apt. 335,,North طلعت,ZA,Valencia,46638,TRUE
9651,9651,REGISTERED,639 Ford Ranch,,Dieburg,YE,Alagoas,16151,TRUE
9652,9652,REGISTERED,356 Michael Points,,Leclercq-sur-Maréchal,CA,Ceará,68034469,TRUE
9653,9653,REGISTERED,"Pátio Marcelo Pacheco, 306",,Furtei,KY,Minas Gerais,69002,TRUE
9654,9654,REGISTERED,avenue Jacques Mahe,,Port Gordonland,KY,Badajoz,549-5526,TRUE
9655,9655,REGISTERED,"Rotonda Romiti, 820 Piano 4",,江戸川区,NG,Málaga,01769,TRUE
9656,9656,REGISTERED,Schottinstr. 8-2,,Pezzan,GB,Roraima,18520,TRUE
9657,9657,REGISTERED,"Strada Telemaco, 70",,Aparecida de Novaes,FR,Piauí,86259,TRUE
9658,9658,REGISTERED,851 井上 Street,,Álava,SG,Ceará,49178,TRUE
9659,9659,REGISTERED,664 中村 Street,,Álava,DE,Hamburg,17933,TRUE
9660,9660,REGISTERED,Polina-Warmer-Ring 53,,Martins,ES,Saarland,69359480,TRUE
9661,9661,REGISTERED,62463 بني رشيد Ville,,Bailly-les-Bains,NG,Amazonas,E9 3HL,TRUE
9662,9662,REGISTERED,799 小川 Street,,Davisshire,ZA,Salamanca,551-0503,TRUE
9663,9663,REGISTERED,834 山本 Street,,Monicaborough,MM,Saarland,26672,TRUE
9664,9664,REGISTERED,Henryk-Mies-Straße 92,,Lecomte,SY,Salerno,BS29 4XU,TRUE
9665,9665,REGISTERED,"37, rue Adrienne Thibault",,New عبد الواحدton,YE,Avellino,G2U 2ST,TRUE
9666,9666,REGISTERED,"Viale Bernini, 39",,Legendre-les-Bains,IR,Maine,99680-904,TRUE
9667,9667,REGISTERED,"3, chemin Victoire Leduc",,Abreu,AU,Piauí,56720,TRUE
9668,9668,REGISTERED,1 McDonald Spur,,South Denischester,TR,Segovia,HS7R 7ZL,TRUE
9669,9669,REGISTERED,5792 راجح Stravenue Apt. 707,,South نمرton,DE,North Carolina,60193,TRUE
9670,9670,REGISTERED,Cuesta Jenaro Costa 77,,عضلberg,IT,Mecklenburg-Vorpommern,526-1778,TRUE
9671,9671,REGISTERED,Urbanización Vilma Tamayo 69,,Adamton,NG,North Carolina,97355,TRUE
9672,9672,REGISTERED,666 佐藤 Street,,الموسوسland,BS,Navarra,44700,TRUE
9673,9673,REGISTERED,"Aeroporto de Almeida, 77",,South خاطرshire,TR,Niedersachsen,E4 4RT,TRUE
9674,9674,REGISTERED,88357 Michelle Crest,,Leblanc-sur-Leblanc,GB,Connecticut,833-4254,TRUE
9675,9675,REGISTERED,4496 سرور Underpass,,Morvannec,NG,Sachsen,75576,TRUE
9676,9676,REGISTERED,14854 Chavez Divide Suite 441,,West سالم,FR,Michigan,71935,TRUE
9677,9677,REGISTERED,"8, rue de Bouvier",,Leini',FR,New Hampshire,32082,TRUE
9678,9678,REGISTERED,"Feira de Porto, 855",,川崎市高津区,FR,Rheinland-Pfalz,10583,TRUE
9679,9679,REGISTERED,Keudelweg 14-23,,Moura,NL,Napoli,91851-427,TRUE
9680,9680,REGISTERED,rue de Lopez,,East Victoria,FR,Hawaii,34752,TRUE
9681,9681,REGISTERED,3995 محمود Ridge,,عبد الإلهland,ES,Pisa,19971,TRUE
9682,9682,REGISTERED,"Quadra Eloá Fonseca, 12",,Bruchsal,TR,Pennsylvania,51979,TRUE
9683,9683,REGISTERED,"Estação de Ferreira, 31",,Reecefort,DE,Cádiz,06544833,TRUE
9684,9684,REGISTERED,"Ladeira Matteo Castro, 459",,Oliveira de Goiás,IR,Wisconsin,99613,TRUE
9685,9685,REGISTERED,"46, rue Leduc",,Vizcaya,US,Louisiana,03045,TRUE
9686,9686,REGISTERED,Pasaje Antonia Piñeiro 57 Puerta 1 ,,Zamora,RU,Florida,38559,TRUE
9687,9687,REGISTERED,Rua Teixeira,,Carvalho Alegre,NG,Lucca,34520,TRUE
9688,9688,REGISTERED,712 加藤 Street,,Göttingen,PA,Salamanca,72882,TRUE
9689,9689,REGISTERED,"Studio 27i
Hughes Garden",,لبيبberg,ES,Milano,09181,TRUE
9690,9690,REGISTERED,275 山本 Street,,Gello,JP,Guipúzcoa,17045,TRUE
9691,9691,REGISTERED,768 Barnes Burgs,,Sainte Noël,IR,Mecklenburg-Vorpommern,52022,TRUE
9692,9692,REGISTERED,Manja-Scholl-Platz 6/5,,Pascal-sur-Sanchez,BS,Mecklenburg-Vorpommern,83118,TRUE
9693,9693,REGISTERED,951 Abigail Shore,,Moura Alegre,GB,Indiana,97222,TRUE
9694,9694,REGISTERED,"Viale Pederiva, 57 Appartamento 5",,Tarragona,IT,Louisiana,579-3483,TRUE
9695,9695,REGISTERED,Junkplatz 49,,Andrade,PA,Ceuta,766-6391,TRUE
9696,9696,REGISTERED,890 伊藤 Street,,Bisceglie,KY,Olbia-Tempio,00006,TRUE
9697,9697,REGISTERED,82899 صالح Cliffs,,横浜市旭区,FR,Sondrio,43100,TRUE
9698,9698,REGISTERED,rue Tanguy,,Nicolasview,TR,Alagoas,15097,TRUE
9699,9699,REGISTERED,Janina-Graf-Allee 78/13,,Zaragoza,SE,Rondônia,216-3904,TRUE
9700,9700,REGISTERED,373 John Rue,,Aaronville,US,Iowa,DA6P 4XD,TRUE
9701,9701,REGISTERED,0337 Jacob Light Suite 513,,御蔵島村,FR,Foggia,95834,TRUE
9702,9702,REGISTERED,"Trecho de Almeida, 899",,Goodwinland,FR,Missouri,43644-653,TRUE
9703,9703,REGISTERED,avenue Fournier,,South Hannah,IT,Bahia,42014,TRUE
9704,9704,REGISTERED,"431, rue de Leleu",,Sankt Goarshausen,IT,Mecklenburg-Vorpommern,IP2 0XD,TRUE
9705,9705,REGISTERED,"Incrocio Moresi, 31",,Grottaferrata,GB,Medio Campidano,93326,TRUE
9706,9706,REGISTERED,35190 Holmes Curve Apt. 326,,Garretthaven,FR,Cosenza,60591,TRUE
9707,9707,REGISTERED,833 前田 Street,,Burglengenfeld,GB,Acre,797-6919,TRUE
9708,9708,REGISTERED,Fechnerring 3,,Guichard-sur-Laurent,GB,Paraná,04482,TRUE
9709,9709,REGISTERED,"Incrocio Faggiani, 8 Appartamento 4",,Monteiro de Marques,US,New Jersey,870-8262,TRUE
9710,9710,REGISTERED,243 阿部 Street,,West ساجيtown,ES,Hamburg,G49 5WG,TRUE
9711,9711,REGISTERED,93673 المنتفق Coves Suite 024,,Saint Alfredboeuf,CA,Utah,85951,TRUE
9712,9712,REGISTERED,"Quadra Ana Vitória Vasconcelos, 54",,Waldmünchen,CA,Virginia,955-6372,TRUE
9713,9713,REGISTERED,"256, rue de Morvan",,Jillbury,NG,León,07614,TRUE
9714,9714,REGISTERED,"Studio 7
Duncan Pike",,West Tiffany,DE,Texas,76441,TRUE
9715,9715,REGISTERED,8030 Waters Roads Apt. 515,,Campos,IT,Washington,WA4P 5LU,TRUE
9716,9716,REGISTERED,"Sítio Pacheco, 3",,Kennethbury,US,León,W33 2LW,TRUE
9717,9717,REGISTERED,Lehmanngasse 3802,,Saint Henridan,GB,Bayern,41026,TRUE
9718,9718,REGISTERED,"Flat 88x
Simon Villages",,Sassuolo,RU,Bremen,68166,TRUE
9719,9719,REGISTERED,"Incrocio Tamburello, 78",,Huesca,RU,Catanzaro,45155,TRUE
9720,9720,REGISTERED,52701 الساحلي Valleys Suite 211,,Senftenberg,JP,Alicante,60369,TRUE
9721,9721,REGISTERED,837 زبيد Mall,,North Luke,KY,Sachsen-Anhalt,94019,TRUE
9722,9722,REGISTERED,"Aeroporto Aparecida, 5",,富里市,ES,Amazonas,78244,TRUE
9723,9723,REGISTERED,2451 Taylor Park,,Lake هدىton,FR,New Mexico,37764,TRUE
9724,9724,REGISTERED,"Borgo Morena, 220",,Almería,GB,Lleida,01157,TRUE
9725,9725,REGISTERED,089 عبيد Gateway,,Montefalco,AU,Burgos,144-3275,TRUE
9726,9726,REGISTERED,"Studio 29F
Donna Stravenue",,East Lauraberg,FR,Rheinland-Pfalz,03609,TRUE
9727,9727,REGISTERED,501 بلند Fort Suite 327,,North Grahamborough,IR,Maine,308-5583,TRUE
9728,9728,REGISTERED,"99, rue de Barre",,Gillet,NG,Pennsylvania,38692,TRUE
9729,9729,REGISTERED,Ottogasse 91/81,,Albinea,TR,Varese,41920,TRUE
9730,9730,REGISTERED,360 بنو ياس Groves,,Ellisport,US,Connecticut,98885085,TRUE
9731,9731,REGISTERED,"Praia Mariah Barbosa, 73",,Wernerberg,GB,Alabama,20311,TRUE
9732,9732,REGISTERED,00 Jane Ford,,Caldeira do Sul,GB,Venezia,28727-154,TRUE
9733,9733,REGISTERED,18294 روبا Underpass,,国分寺市,NL,Rondônia,DG3 7ES,TRUE
9734,9734,REGISTERED,Paseo Tamara Mulet 38 Apt. 82 ,,North بدرالدّجىberg,CH,Toledo,23135,TRUE
9735,9735,REGISTERED,641 長谷川 Street,,Ferreira,SG,Rio Grande do Sul,93890,TRUE
9736,9736,REGISTERED,0 Lynn Light,,Cantabria,US,Murcia,33043,TRUE
9737,9737,REGISTERED,"Flat 9
Burke Tunnel",,Schignano,IT,Madrid,71015,TRUE
9738,9738,REGISTERED,26 Wright Junctions,,Las Palmas,RU,Minnesota,15239,TRUE
9739,9739,REGISTERED,chemin de Blanchard,,長生郡白子町,DE,North Dakota,04710,TRUE
9740,9740,REGISTERED,545 吉田 Street,,South عمروmouth,SE,Illinois,68924,TRUE
9741,9741,REGISTERED,2 Christian Manor,,Verdier,US,Teruel,36725,TRUE
9742,9742,REGISTERED,33493 أفغاني Ridge Suite 548,,Sevilla,TR,Florida,914-9403,TRUE
9743,9743,REGISTERED,rue Huet,,Casola Valsenio,RU,Roraima,24457-058,TRUE
9744,9744,REGISTERED,Geiselweg 8,,East Steven,IR,Maine,321-1541,TRUE
9745,9745,REGISTERED,Estação Garcia,,Paladina,IR,Amapá,W7 8AD,TRUE
9746,9746,REGISTERED,"3, rue Emmanuelle Rousset",,Málaga,US,Ceuta,99692,TRUE
9747,9747,REGISTERED,735 清水 Street,,Cantabria,US,Bergamo,14911,TRUE
9748,9748,REGISTERED,Thomas-Stoll-Ring 870,,South Jamestown,FR,Santa Catarina,N5 5GN,TRUE
9749,9749,REGISTERED,Pasadizo Maricela Moya 60,,Aubert,NL,Las Palmas,33124,TRUE
9750,9750,REGISTERED,Estação de Leão,,Guadalajara,DE,Piauí,45647,TRUE
9751,9751,REGISTERED,Gierschnerring 7686,,شريفport,RU,Mato Grosso,78007-780,TRUE
9752,9752,REGISTERED,Blümelplatz 20-70,,East غطفان,NL,Mantova,S40 0ZH,TRUE
9753,9753,REGISTERED,Hettnerstraße 75/21,,Gonzalez,ES,Mississippi,049-7939,TRUE
9754,9754,REGISTERED,"Studio 4
Denise Ferry",,South Johnfort,BS,Pernambuco,577-1134,TRUE
9755,9755,REGISTERED,"Trecho Cavalcante, 75",,هلاليmouth,IR,Montana,22163,TRUE
9756,9756,REGISTERED,"Favela Martins, 35",,武蔵野市,GB,California,312-2100,TRUE
9757,9757,REGISTERED,"Vila Valentina Gonçalves, 23",,Mairano,FR,Nevada,S1 2UE,TRUE
9758,9758,REGISTERED,"693, boulevard de Weiss",,Norrisport,GB,Utah,43896,TRUE
9759,9759,REGISTERED,"Piazza Paolini, 54",,Allisonfurt,RU,Roraima,72133,TRUE
9760,9760,REGISTERED,Kuhlweg 81/79,,Kusel,NG,Venezia,53314,TRUE
9761,9761,REGISTERED,"Borgo Carducci, 434 Appartamento 98",,South Brian,ZA,Brandenburg,41021146,TRUE
9762,9762,REGISTERED,"Viale Zamengo, 436",,رينادfort,TR,Bayern,40854-906,TRUE
9763,9763,REGISTERED,478 الدجاني Stream,,Borgo Piave,CH,Santa Catarina,32068142,TRUE
9764,9764,REGISTERED,"Contrada Martucci, 53 Appartamento 1",,Cavalcanti,US,Ávila,13724,TRUE
9765,9765,REGISTERED,Alameda Vera Olivé 94,,Christinemouth,YE,Ragusa,80352,TRUE
9766,9766,REGISTERED,"Viale Agnolo, 99 Appartamento 3",,da Mota,KY,Tennessee,64939,TRUE
9767,9767,REGISTERED,"Largo Helena Brito, 17",,Brito Paulista,DE,Pescara,28922,TRUE
9768,9768,REGISTERED,"Piazza Ubaldo, 6 Appartamento 67",,御蔵島村,FR,Minas Gerais,82590,TRUE
9769,9769,REGISTERED,"Largo Benicio Moraes, 250",,فراسport,US,Illinois,14712,TRUE
9770,9770,REGISTERED,36337 كمال Circles Suite 948,,Melle,CA,Hessen,29603-900,TRUE
9771,9771,REGISTERED,Marliese-Beckmann-Ring 72/66,,Teruel,RU,Saarland,88662,TRUE
9772,9772,REGISTERED,378 伊藤 Street,,Ponte Rio Di Monterado,PA,Jaén,24303,TRUE
9773,9773,REGISTERED,"30, avenue de Monnier",,Fonterutoli,PA,Cádiz,90100,TRUE
9774,9774,REGISTERED,2549 الدجاني Unions,,Monticelli D'Ongina,ES,Sergipe,34285,TRUE
9775,9775,REGISTERED,671 جيلان Track,,Orune,TR,La Rioja,51016,TRUE
9776,9776,REGISTERED,Miesallee 6-6,,Saint DanielleBourg,ZA,Louisiana,84408,TRUE
9777,9777,REGISTERED,665 أولاد زيان Key,,Saint Andrée,GB,Huelva,06516,TRUE
9778,9778,REGISTERED,boulevard Meyer,,الفتيانيtown,KY,Hessen,889-8884,TRUE
9779,9779,REGISTERED,019 高橋 Street,,Ericton,DE,California,558-2879,TRUE
9780,9780,REGISTERED,272 كنان Canyon,,香取郡神崎町,US,Medio Campidano,74449,TRUE
9781,9781,REGISTERED,"Canale Angiolello, 6",,Georges-sur-Mer,GB,Bahia,65949,TRUE
9782,9782,REGISTERED,515 سرندح Inlet Suite 526,,East Carlchester,IT,Berlin,47229,TRUE
9783,9783,REGISTERED,"Studio 9
Greenwood Fields",,Foggia,FR,Berlin,23109,TRUE
9784,9784,REGISTERED,95989 مهنّد Parks Suite 037,,New Lorraine,GB,São Paulo,348-3916,TRUE
9785,9785,REGISTERED,0 Gilbert Inlet,,Pasewalk,KY,Tennessee,83821,TRUE
9786,9786,REGISTERED,267 Walker Park,,Lake Bryanhaven,GB,Taranto,GU57 8DU,TRUE
9787,9787,REGISTERED,"Sítio de Aragão, 9",,大田区,BS,Pernambuco,86467216,TRUE
9788,9788,REGISTERED,538 قائد Mountain Apt. 038,,Blin,FR,Pennsylvania,14964,TRUE
9789,9789,REGISTERED,"Borgo Comeriato, 69",,Jennaberg,CA,Amapá,20004,TRUE
9790,9790,REGISTERED,Cañada Juan Peiró 51 Apt. 29 ,,جذامton,ES,Álava,07857,TRUE
9791,9791,REGISTERED,"Flat 25
Connor Squares",,文京区,JP,Saarland,30123,TRUE
9792,9792,REGISTERED,"Studio 22
Chan Mountain",,علّامfort,ES,Tocantins,84310,TRUE
9793,9793,REGISTERED,"21, rue Fischer",,North Sarah,US,Navarra,55593870,TRUE
9794,9794,REGISTERED,676 木村 Street,,East طموح,US,Rimini,51825,TRUE
9795,9795,REGISTERED,613 松本 Street,,Barros do Campo,ZA,Sachsen,18849,TRUE
9796,9796,REGISTERED,Alameda de Nazaret Ayala 71,,羽村市,DE,California,550-9209,TRUE
9797,9797,REGISTERED,40004 Giles Path Suite 533,,Schleiz,TR,Bremen,40019,TRUE
9798,9798,REGISTERED,776 前田 Street,,Weber,RU,Santa Cruz de Tenerife,30202,TRUE
9799,9799,REGISTERED,"Flat 6
Joanna Common",,South Lancebury,US,Espírito Santo,19586433,TRUE
9800,9800,REGISTERED,881 Kevin Extensions,,Albacete,AU,Virginia,45327,TRUE
9801,9801,REGISTERED,535 Ian Skyway,,West هناءberg,NG,Delaware,70232,TRUE
9802,9802,REGISTERED,"Pátio de Ribeiro, 59",,Saint Philippinenec,US,Cáceres,21553,TRUE
9803,9803,REGISTERED,Cañada Ceferino Roselló 84,,江戸川区,IT,Alabama,47825,TRUE
9804,9804,REGISTERED,Luka-Holt-Allee 711,,East فايدfort,AU,Bolzano,E9 4RE,TRUE
9805,9805,REGISTERED,80 Ford Keys,,Lübben,US,Berlin,SA6R 5ZZ,TRUE
9806,9806,REGISTERED,"Vicolo Montanari, 0 Piano 9",,Geithain,GB,Tennessee,44638,TRUE
9807,9807,REGISTERED,Setor Carlos Eduardo da Paz,,Bad Brückenau,IT,Maranhão,B8C 8GF,TRUE
9808,9808,REGISTERED,Via de Ester Cabanillas 94,,Stadtroda,RU,L'Aquila,53171,TRUE
9809,9809,REGISTERED,Juri-Hoffmann-Ring 84,,Sainte NathVille,US,Acre,LD4B 9GJ,TRUE
9810,9810,REGISTERED,"Stretto Alessandro, 259 Appartamento 5",,新島村,US,Distrito Federal,80297,TRUE
9811,9811,REGISTERED,1 Shaw Drive,,Gardelegen,SY,Brescia,91235-116,TRUE
9812,9812,REGISTERED,964 Thomas Fork Apt. 528,,Schwandorf,ZA,Bayern,186-1271,TRUE
9813,9813,REGISTERED,"64, boulevard Pruvost",,Boulanger,GB,Arkansas,78605,TRUE
9814,9814,REGISTERED,003 Reynolds Square,,Saint Michelnec,FR,Bremen,61247,TRUE
9815,9815,REGISTERED,8331 راسم Path,,Port شاديfurt,ES,Iowa,16191,TRUE
9816,9816,REGISTERED,583 佐々木 Street,,Valladolid,SG,Mato Grosso,03605,TRUE
9817,9817,REGISTERED,"Canale Cherubini, 364",,Nicholsonstad,US,Santa Catarina,71424,TRUE
9818,9818,REGISTERED,"Contrada Toscanini, 81",,Alicante,MM,Crotone,18030,TRUE
9819,9819,REGISTERED,58679 Sara Shoals Apt. 848,,Decimomannu,ZA,Nebraska,82583,TRUE
9820,9820,REGISTERED,"Studio 15
Dale Route",,Badajoz,IT,Iowa,34069,TRUE
9821,9821,REGISTERED,"Borgo Mariana, 28 Appartamento 29",,Álava,TR,Pennsylvania,NG2R 0JB,TRUE
9822,9822,REGISTERED,642 中村 Street,,San Desiderio,CA,Bari,N9 8GL,TRUE
9823,9823,REGISTERED,686 佐藤 Street,,Vargas da Prata,US,Frosinone,01039,TRUE
9824,9824,REGISTERED,6858 لخم Ports Suite 909,,Ianmouth,CA,Viterbo,57033,TRUE
9825,9825,REGISTERED,226 鈴木 Street,,West Deborahport,CA,Idaho,71101,TRUE
9826,9826,REGISTERED,Gordon-Wagner-Gasse 8,,New غوى,RU,Sergipe,B7C 0NP,TRUE
9827,9827,REGISTERED,"Studio 49t
Tracy Dam",,Joubert-sur-Mer,SE,Hamburg,28947,TRUE
9828,9828,REGISTERED,Denise-Heydrich-Platz 6/9,,Abreu Verde,AU,Isernia,83582,TRUE
9829,9829,REGISTERED,737 渡辺 Street,,South Mariamouth,US,Piauí,22500,TRUE
9830,9830,REGISTERED,"Praça de da Cruz, 5",,Vestreno,ES,Utah,44455,TRUE
9831,9831,REGISTERED,529 طائف Crossing Suite 460,,Robertshire,US,Mecklenburg-Vorpommern,465-4266,TRUE
9832,9832,REGISTERED,"298, boulevard de Duval",,Bertin-la-Forêt,CA,Pistoia,E85 3GF,TRUE
9833,9833,REGISTERED,727 Thompson Valley,,West Jacobshire,US,Sachsen,34571,TRUE
9834,9834,REGISTERED,956 ازحيمان Curve Suite 845,,Lévêque,US,Murcia,09330,TRUE
9835,9835,REGISTERED,8437 Kevin Village,,Lake حسنيstad,GB,Amazonas,16672,TRUE
9836,9836,REGISTERED,Avenida Aurora Muñoz 167,,San Nullo,US,Nordrhein-Westfalen,67637,TRUE
9837,9837,REGISTERED,80028 Michael Ranch Apt. 398,,安房郡鋸南町,FR,Lleida,03653196,TRUE
9838,9838,REGISTERED,"50, rue Alves",,Maillot-la-Forêt,GB,Imperia,56365,TRUE
9839,9839,REGISTERED,"5, avenue Matthieu Gilles",,Álava,PA,South Carolina,SK6A 5EQ,TRUE
9840,9840,REGISTERED,035 田中 Street,,Lima do Campo,RU,Pernambuco,70537,TRUE
9841,9841,REGISTERED,353 佐藤 Street,,New Ronaldtown,TR,Livorno,L07 9DB,TRUE
9842,9842,REGISTERED,"1, rue Launay",,Donnaland,YE,Kentucky,52469,TRUE
9843,9843,REGISTERED,Pasaje Donato Vidal 6 Apt. 73 ,,Brito,KY,Rondônia,21317,TRUE
9844,9844,REGISTERED,Södingplatz 5/8,,世田谷区,FR,Cuenca,51113,TRUE
9845,9845,REGISTERED,156 松本 Street,,Girard,ES,Rondônia,16082-737,TRUE
9846,9846,REGISTERED,Glorieta de Aurelio Gomis 3,,Ryanshire,RU,Massa-Carrara,05194,TRUE
9847,9847,REGISTERED,"Flat 11
Woods Row",,Guazzino,FR,Potenza,72705,TRUE
9848,9848,REGISTERED,Paseo de Violeta Infante 99 Apt. 83 ,,Artern,IR,Pernambuco,95242,TRUE
9849,9849,REGISTERED,5280 ازحيمان Plains,,Port زهديmouth,FR,North Dakota,19595,TRUE
9850,9850,REGISTERED,0842 زبيد Row Apt. 443,,Roche,US,New Hampshire,19961,TRUE
9851,9851,REGISTERED,Urbanización de Casemiro López 555,,八街市,RU,Paraná,E3T 6TR,TRUE
9852,9852,REGISTERED,"Piazza Scalera, 39 Appartamento 9",,Rovere' Veronese,TR,Saarland,24396,TRUE
9853,9853,REGISTERED,Cuesta Luciana Verdú 92 Puerta 6 ,,جادside,PA,Mato Grosso do Sul,52885,TRUE
9854,9854,REGISTERED,4904 Steele Circles Suite 894,,Säckingen,DE,Goiás,203-6654,TRUE
9855,9855,REGISTERED,Glorieta Angélica Pombo 28,,South Lesley,IT,Bahia,64362,TRUE
9856,9856,REGISTERED,"Piazza Silvestro, 2 Appartamento 6",,Königs Wusterhausen,TR,Oregon,636-5042,TRUE
9857,9857,REGISTERED,Alfredo-Höfig-Gasse 2,,Ceuta,NL,Berlin,82731,TRUE
9858,9858,REGISTERED,"Travessa Cauê Moreira, 65",,Jacob-sur-Leblanc,AU,New York,14694,TRUE
9859,9859,REGISTERED,Setor Freitas,,横浜市西区,US,Rhode Island,28555,TRUE
9860,9860,REGISTERED,Acceso Íngrid Luján 2,,Nuragus,GB,Maryland,16347,TRUE
9861,9861,REGISTERED,83 Lewis Junction,,West Tanyashire,DE,Cuenca,23175,TRUE
9862,9862,REGISTERED,"Rotonda Argentero, 52",,ثابتburgh,ZA,Mato Grosso do Sul,80499,TRUE
9863,9863,REGISTERED,rue Vasseur,,Cavalcante do Norte,JP,Alessandria,424-4439,TRUE
9864,9864,REGISTERED,"Studio 10
Graham Orchard",,Blondel,FR,Hamburg,27264,TRUE
9865,9865,REGISTERED,chemin de Alexandre,,North شريفtown,IT,Mato Grosso,62863,TRUE
9866,9866,REGISTERED,"Via Marconi, 70",,横浜市戸塚区,FR,Maranhão,29596,TRUE
9867,9867,REGISTERED,951 Vargas Trafficway Suite 452,,東村山市,DE,Bayern,43116,TRUE
9868,9868,REGISTERED,425 Cross Station,,Córdoba,FR,Kansas,93453,TRUE
9869,9869,REGISTERED,859 前田 Street,,Oliveira de Rezende,GB,Mato Grosso,620-2891,TRUE
9870,9870,REGISTERED,Urbanización Lola Núñez 50 Puerta 5 ,,Stadtroda,GB,Agrigento,72856,TRUE
9871,9871,REGISTERED,92837 بنو لام Centers Apt. 800,,八街市,DE,Rio Grande do Norte,99481,TRUE
9872,9872,REGISTERED,"Strada Melissa, 529 Appartamento 34",,Bressanvido,KP,Niedersachsen,95348,TRUE
9873,9873,REGISTERED,"Incrocio Maurilio, 66",,North Williamland,BS,Sachsen,75429,TRUE
9874,9874,REGISTERED,2339 طقش Flat,,Aschaffenburg,ZA,Mato Grosso,98034,TRUE
9875,9875,REGISTERED,"Stretto Rembrandt, 9",,Lukeville,US,Wisconsin,56048,TRUE
9876,9876,REGISTERED,16437 Michael Ferry Suite 795,,East Jessicafort,KY,Málaga,S4 8GY,TRUE
9877,9877,REGISTERED,"Piazza Guido, 49",,Demmin,RU,Arizona,660-5744,TRUE
9878,9878,REGISTERED,11 O'Sullivan Union,,江東区,DE,Isernia,00784-425,TRUE
9879,9879,REGISTERED,Antonius-Fiebig-Gasse 23-32,,Watersmouth,IR,Huelva,E49 0QU,TRUE
9880,9880,REGISTERED,"Via Malpighi, 893",,North Brian,SY,Hawaii,L63 9TT,TRUE
9881,9881,REGISTERED,074 جعفر Island Suite 666,,رسميborough,ES,Espírito Santo,SK3 8WA,TRUE
9882,9882,REGISTERED,Heckerplatz 661,,Palazzo Adriano,GB,L'Aquila,16379,TRUE
9883,9883,REGISTERED,"Strada Tonino, 14",,Jaén,US,Rheinland-Pfalz,24961,TRUE
9884,9884,REGISTERED,"Aeroporto Guilherme da Conceição, 24",,Lugo,FR,Ravenna,16023,TRUE
9885,9885,REGISTERED,481 斎藤 Street,,Ourense,DE,Georgia,370-8862,TRUE
9886,9886,REGISTERED,Glorieta de Cecilio Atienza 726 Piso 6 ,,da Cunha da Mata,FR,Acre,93569624,TRUE
9887,9887,REGISTERED,9238 الحلواني Motorway Suite 075,,Cáceres,RU,Wyoming,84332,TRUE
9888,9888,REGISTERED,"Piazza Lippomano, 371",,Sainte FrançoisVille,ES,Alaska,G42 6SR,TRUE
9889,9889,REGISTERED,"7, rue de Gimenez",,Vaillantdan,NG,Saarland,45534,TRUE
9890,9890,REGISTERED,"Estrada Luiz Otávio da Mata, 78",,Goncalves,RU,Roraima,18617,TRUE
9891,9891,REGISTERED,"30, avenue de Reynaud",,Palencia,NL,Carbonia-Iglesias,179-6001,TRUE
9892,9892,REGISTERED,3 Scott Loop,,Germain,NL,Málaga,050-0895,TRUE
9893,9893,REGISTERED,"Lagoa Gonçalves, 92",,Lörrach,PA,Sachsen,31414,TRUE
9894,9894,REGISTERED,"91, rue Moreau",,Brun,SE,Rheinland-Pfalz,92007714,TRUE
9895,9895,REGISTERED,"Flat 4
Laura Cliff",,Alisonhaven,FR,Málaga,PH0 1WL,TRUE
9896,9896,REGISTERED,8229 السمان Shoal,,Pieve Caina,RU,Santa Cruz de Tenerife,08684366,TRUE
9897,9897,REGISTERED,220 Alejandro Cliffs,,Aparecida de da Cruz,TR,Bremen,M6B 9BW,TRUE
9898,9898,REGISTERED,Callejón de Cintia Torres 3 Piso 9 ,,ابو عيدchester,ES,Wisconsin,90623,TRUE
9899,9899,REGISTERED,Beckmannplatz 84,,Minori,IT,Cuneo,38228,TRUE
9900,9900,REGISTERED,"Rotonda Fausto, 69 Appartamento 27",,La Rioja,US,Baden-Württemberg,57583-137,TRUE
9901,9901,REGISTERED,96379 Barker Via,,Lévydan,SY,Sachsen-Anhalt,20823,TRUE
9902,9902,REGISTERED,"Colônia Ribeiro, 36",,Pieve Di Rivoschio,DE,Arkansas,71118,TRUE
9903,9903,REGISTERED,241 小川 Street,,Jennaborough,KY,Wisconsin,37784186,TRUE
9904,9904,REGISTERED,5 Payne Parkway,,South Karen,CA,Sachsen-Anhalt,01096629,TRUE
9905,9905,REGISTERED,"Esplanada Mathias Porto, 53",,Lake Alberthaven,GB,Ohio,38089,TRUE
9906,9906,REGISTERED,"Stretto Paolo, 54 Appartamento 61",,Robertsview,PA,Hamburg,48382,TRUE
9907,9907,REGISTERED,Schachtplatz 7-1,,Saint Céline,AU,New Mexico,62675662,TRUE
9908,9908,REGISTERED,495 井上 Street,,الساحليburgh,KY,Sachsen,16753,TRUE
9909,9909,REGISTERED,"Piazza Roberta, 499",,Salamanca,US,Utah,16099,TRUE
9910,9910,REGISTERED,Geißlerplatz 9395,,Megliadino San Vitale,FR,Tocantins,04576,TRUE
9911,9911,REGISTERED,Ritterring 35,,Cantabria,CA,Nebraska,020-5896,TRUE
9912,9912,REGISTERED,99 Arthur Groves,,Browntown,GB,Florida,33289,TRUE
9913,9913,REGISTERED,846 中島 Street,,Nabburg,US,Las Palmas,60121,TRUE
9914,9914,REGISTERED,446 Harrison Shores,,Wagner,SE,La Coruña,42007,TRUE
9915,9915,REGISTERED,"Setor Manuela Freitas, 89",,North James,FR,Nevada,76588,TRUE
9916,9916,REGISTERED,"7, rue Barthelemy",,South Mariontown,SE,Oklahoma,80871,TRUE
9917,9917,REGISTERED,"Praia Arthur Aragão, 755",,Álava,DE,Florida,26309,TRUE
9918,9918,REGISTERED,17564 Joseph Course Apt. 979,,渋谷区,IT,Vermont,27319,TRUE
9919,9919,REGISTERED,Blochweg 3/4,,千代田区,RU,Pontevedra,90239-657,TRUE
9920,9920,REGISTERED,266 佐藤 Street,,Arnoldfort,ES,Montana,76921-541,TRUE
9921,9921,REGISTERED,"22, rue Lévêque",,Altentreptow,US,Illinois,50430629,TRUE
9922,9922,REGISTERED,"69, rue Dorothée Simon",,North Juanfurt,DE,Melilla,HD1 3TJ,TRUE
9923,9923,REGISTERED,"Piazza Folliero, 823",,Potsdam,SG,Iowa,361-9232,TRUE
9924,9924,REGISTERED,"Morro de Viana, 62",,فراهيدtown,TR,Brandenburg,15952,TRUE
9925,9925,REGISTERED,"Strada Antonio, 43",,Senftenberg,US,Santa Cruz de Tenerife,47564,TRUE
9926,9926,REGISTERED,38311 Anthony Corners,,East Jessicaland,GB,Paraná,G1 1FQ,TRUE
9927,9927,REGISTERED,8902 Susan Island,,Chiapuzza,RU,Saarland,27584,TRUE
9928,9928,REGISTERED,"6, boulevard Laetitia Grégoire",,夷隅郡大多喜町,US,Vermont,646-6426,TRUE
9929,9929,REGISTERED,Müllerweg 2356,,South Heather,SG,Pistoia,91166,TRUE
9930,9930,REGISTERED,Schmiedtweg 76/97,,Casalnuovo Di Napoli,KY,Sachsen-Anhalt,45814,TRUE
9931,9931,REGISTERED,"Studio 7
Evans Oval",,Guipúzcoa,US,Idaho,84324,TRUE
9932,9932,REGISTERED,9010 Kevin Creek Apt. 939,,Marty,GB,Wyoming,02015,TRUE
9933,9933,REGISTERED,"Stretto Napoleone, 76 Appartamento 37",,Dijoux,GB,Vizcaya,88738013,TRUE
9934,9934,REGISTERED,Camino Leonel Salinas 561 Piso 3 ,,印西市,ES,Rheinland-Pfalz,30314,TRUE
9935,9935,REGISTERED,Camino de Corona Bastida 40,,Masse,ES,Soria,44578,TRUE
9936,9936,REGISTERED,"Condomínio de Ferreira, 88",,Branzi,TR,Forlì-Cesena,143-7743,TRUE
9937,9937,REGISTERED,"Flat 91u
Charlotte Rapid",,Massama,US,Maryland,19482,TRUE
9938,9938,REGISTERED,608 Newton Islands,,Lübz,US,New Jersey,71990,TRUE
9939,9939,REGISTERED,1230 مرازيق البقوم Curve Apt. 904,,Resia,US,Zaragoza,537-1457,TRUE
9940,9940,REGISTERED,"Aeroporto de Marques, 79",,Regensburg,DE,Tarragona,69360-847,TRUE
9941,9941,REGISTERED,"Viale Tanzini, 98",,香取郡東庄町,RU,Virginia,19566583,TRUE
9942,9942,REGISTERED,122 Abigail Spur,,Lopes do Amparo,GB,Brandenburg,35929,TRUE
9943,9943,REGISTERED,Irmela-Kabus-Ring 6,,板橋区,NG,Gorizia,40017,TRUE
9944,9944,REGISTERED,1850 Paul Key Suite 723,,横浜市金沢区,SG,Málaga,YO65 5EX,TRUE
9945,9945,REGISTERED,Vial Urbano Andreu 651,,Saint Corinne,DE,Missouri,52423,TRUE
9946,9946,REGISTERED,"Strada Fischetti, 45",,da Rosa,AU,Paraná,03049,TRUE
9947,9947,REGISTERED,"Piazza Caccioppoli, 33 Piano 4",,Port ميثاق,RU,Rondônia,PR88 2TY,TRUE
9948,9948,REGISTERED,Römerstr. 46/41,,Port Mathew,RU,Sachsen-Anhalt,55348,TRUE
9949,9949,REGISTERED,Vial de Valerio Navarro 81,,رائدport,RU,Almería,43045,TRUE
9950,9950,REGISTERED,"Rotonda Lina, 669",,Pruvost,AU,Rheinland-Pfalz,WC32 9GX,TRUE
9951,9951,REGISTERED,"Estrada Melo, 25",,横浜市保土ケ谷区,TR,Rondônia,41800,TRUE
9952,9952,REGISTERED,939 Fitzgerald Freeway,,印旛郡酒々井町,GB,South Carolina,17965,TRUE
9953,9953,REGISTERED,756 山崎 Street,,Fonseca de da Rosa,DE,Milano,27605,TRUE
9954,9954,REGISTERED,Travessa Clara Guerra,,Allein,TR,Rheinland-Pfalz,77230,TRUE
9955,9955,REGISTERED,"Flat 01G
Bennett Heights",,Gomezport,US,Massa-Carrara,46490,TRUE
9956,9956,REGISTERED,Bonbachallee 5/8,,Thomas,US,Sergipe,39641,TRUE
9957,9957,REGISTERED,"Piazza Salieri, 29 Appartamento 6",,Tana,AU,Burgos,73074305,TRUE
9958,9958,REGISTERED,Steuerallee 9,,Cartigliano,JP,Iowa,65211-878,TRUE
9959,9959,REGISTERED,"Via Carolina, 949 Appartamento 60",,文京区,CH,Minas Gerais,SG7 1JU,TRUE
9960,9960,REGISTERED,"Parque de Cardoso, 81",,Granada,DE,Frosinone,22941,TRUE
9961,9961,REGISTERED,4 Thompson Mount,,Stadtroda,FR,Mato Grosso,24869,TRUE
9962,9962,REGISTERED,31966 روفيدا Hills,,Picard-sur-Dumas,GB,Castellón,51019,TRUE
9963,9963,REGISTERED,"Flat 3
Lee Island",,Dias da Prata,SE,New Jersey,35015,TRUE
9964,9964,REGISTERED,249 山本 Street,,Costela,MM,Pistoia,N9S 5BY,TRUE
9965,9965,REGISTERED,036 加藤 Street,,Sainte Virginienec,FR,Rovigo,N82 8BG,TRUE
9966,9966,REGISTERED,624 斉藤 Street,,夷隅郡大多喜町,CA,Vicenza,M49 5FH,TRUE
9967,9967,REGISTERED,219 高橋 Street,,小笠原村,DE,Kentucky,07832,TRUE
9968,9968,REGISTERED,114 Dunn Route,,Basagliapenta,SE,Verbano-Cusio-Ossola,31669,TRUE
9969,9969,REGISTERED,7 Alexander Square,,長生郡長柄町,BS,Salerno,01365,TRUE
9970,9970,REGISTERED,3 Robson Plains,,Silveira,PA,Cádiz,76380424,TRUE
9971,9971,REGISTERED,"Contrada Alfredo, 9",,Asturias,SG,Ávila,PL6H 4JR,TRUE
9972,9972,REGISTERED,479 山本 Street,,Le Gall,BS,Ourense,57263,TRUE
9973,9973,REGISTERED,581 بنو لام Ridges Apt. 600,,Niesky,FR,Roma,G07 2SQ,TRUE
9974,9974,REGISTERED,882 حجازي Greens,,Stollberg,SE,Bayern,60928,TRUE
9975,9975,REGISTERED,"Flat 23
Hammond Streets",,Harrietstad,DE,Bayern,04356,TRUE
9976,9976,REGISTERED,870 Gillian Lock,,Araújo,CA,Nevada,S87 9UZ,TRUE
9977,9977,REGISTERED,26843 Garrett Harbors,,Saint Michelle,FR,Cagliari,758-5067,TRUE
9978,9978,REGISTERED,"Studio 61Z
Joel Springs",,Tarmassia,CH,Hamburg,02675,TRUE
9979,9979,REGISTERED,37320 غزوان Park,,حمّادville,DE,Baden-Württemberg,50179,TRUE
9980,9980,REGISTERED,22701 Ortiz Points,,白井市,GB,Toledo,476-1081,TRUE
9981,9981,REGISTERED,"55, rue Mahe",,Port غسّان,AU,Hessen,32402,TRUE
9982,9982,REGISTERED,"44, rue Audrey Peltier",,Diepholz,IR,Matera,88632,TRUE
9983,9983,REGISTERED,683 John Radial,,شامخview,SE,Florida,43691,TRUE
9984,9984,REGISTERED,5667 Dylan Lodge,,Saint Paulineboeuf,SE,Espírito Santo,00039,TRUE
9985,9985,REGISTERED,Cuesta de Jose Ignacio Torres 92,,Castellón,US,Como,20754,TRUE
9986,9986,REGISTERED,6098 Danielle Islands Suite 110,,Barre,CH,Florida,89824,TRUE
9987,9987,REGISTERED,"Praça de da Mata, 474",,Pozzuolo Del Friuli,TR,West Virginia,74781,TRUE
9988,9988,REGISTERED,69 Danny Corners,,Monteiro,IT,Thüringen,46499,TRUE
9989,9989,REGISTERED,"93, rue Renaud",,Nguyen-sur-Bouvet,US,Minnesota,51417021,TRUE
9990,9990,REGISTERED,"Setor de Barros, 36",,Delannoy,IT,Paraná,90133,TRUE
9991,9991,REGISTERED,"Viela de Lopes, 836",,Saint Frédéric-la-Forêt,IR,Napoli,S7F 2WW,TRUE
9992,9992,REGISTERED,666 池田 Street,,Mayen,PA,Roraima,TR5 2FD,TRUE
9993,9993,REGISTERED,"Lago de Nascimento, 28",,North Leannefort,ES,Mecklenburg-Vorpommern,W9 3PH,TRUE
9994,9994,REGISTERED,"96, chemin Verdier",,Ávila,TR,Maryland,31999,TRUE
9995,9995,REGISTERED,Acceso Evaristo Bustos 1,,New Michael,ZA,Ciudad,858-0124,TRUE
9996,9996,REGISTERED,189 Gregory Streets,,Garethfurt,IT,Montana,44252,TRUE
9997,9997,REGISTERED,"Flat 84K
Miller Landing",,Eilenburg,JP,California,SR54 5ZQ,TRUE
9998,9998,REGISTERED,"Ladeira Davi Miguel Mendonça, 938",,New Shane,US,Rio Grande do Sul,37024,TRUE
9999,9999,REGISTERED,"20, rue Hortense Albert",,عبد القيسshire,IT,Delaware,18915,TRUE
10000,10000,REGISTERED,Michel-Rosemann-Weg 57,,Murcia,GB,Castellón,16463,TRUE
