case_id,client_id,opened_date,product_type,case_status,assigned_officer_id,due_date,completed_date,rejection_reason,jurisdiction_risk
1,1,2025-09-06 15:01:12,AUTO_FINANCING,CLOSED,1,2025-09-20,2025-09-12 15:01:12,,LOW
2,2,2025-12-17 03:24:13,HIGH_YIELD_SAVINGS,IN_REVIEW,5,2025-12-31,,,LOW
3,3,2026-01-19 15:33:54,ESCROW_SERVICES,CLOSED,1,2026-02-02,2026-01-20 15:33:54,Unverified or expired identity documents,MEDIUM
4,4,2026-07-25 16:50:42,MORTGAGE_ORIGINATION,IN_REVIEW,5,2026-08-08,,,LOW
5,5,2026-08-16 23:45:50,CREDIT_CARD_ISSUANCE,CLOSED,3,2026-08-30,2026-08-19 23:45:50,,LOW
6,6,2026-02-16 14:56:24,PERSONAL_LOAN,CLOSED,4,2026-03-02,2026-02-17 14:56:24,,LOW
7,7,2025-09-17 19:44:06,HIGH_YIELD_SAVINGS,CLOSED,4,2025-10-01,2025-09-22 19:44:06,Unverified or expired identity documents,MEDIUM
8,8,2025-10-28 05:18:48,PAYROLL_SERVICES,CLOSED,3,2025-11-11,2025-11-03 05:18:48,Unverified or expired identity documents,HIGH
9,9,2026-08-06 00:51:48,FX_HEDGING_SOLUTIONS,CLOSED,1,2026-08-20,2026-08-07 00:51:48,,LOW
10,10,2025-12-19 13:11:46,AUTO_FINANCING,CLOSED,1,2026-01-02,2025-12-23 13:11:46,,LOW
11,11,2026-03-27 12:49:06,LETTER_OF_CREDIT,PENDING_DOCUMENTS,2,2026-04-10,,,MEDIUM
12,12,2026-08-19 19:31:42,ESTATE_PLANNING_SERVICES,IN_REVIEW,2,2026-09-02,,,LOW
13,13,2026-01-27 12:03:24,RETAIL_BANKING,CLOSED,1,2026-02-10,2026-01-29 12:03:24,,MEDIUM
14,14,2026-04-24 07:00:48,CROSS_BORDER_REMITTANCE,CLOSED,2,2026-05-08,2026-04-29 07:00:48,,LOW
15,15,2025-12-13 11:51:54,ROBO_ADVISORY,CLOSED,4,2025-12-27,2025-12-19 11:51:54,,LOW
16,16,2026-02-21 16:42:10,AUTO_FINANCING,CLOSED,5,2026-03-07,2026-02-26 16:42:10,Unverified or expired identity documents,HIGH
17,17,2025-12-08 19:21:09,SYNDICATED_LOANS,PENDING_DOCUMENTS,,2025-12-22,,,LOW
18,18,2026-06-11 14:08:06,TREASURY_MANAGEMENT,CLOSED,5,2026-06-25,2026-06-15 14:08:06,,LOW
19,19,2026-06-12 04:11:46,CRYPTO_BROKERAGE,OPEN,4,2026-06-26,,,MEDIUM
20,20,2026-04-07 00:31:00,TRADE_FINANCE_CREDIT_INSURANCE,CLOSED,4,2026-04-21,2026-04-12 00:31:00,,LOW
21,21,2025-10-05 06:28:39,CORPORATE_CREDIT_CARD,CLOSED,1,2025-10-19,2025-10-11 06:28:39,,LOW
22,22,2026-07-01 03:07:14,ESCROW_SERVICES,CLOSED,1,2026-07-15,2026-07-04 03:07:14,,LOW
23,23,2025-12-31 17:58:57,RETAIL_EQUITY_BROKERAGE,CLOSED,5,2026-01-14,2026-01-02 17:58:57,Unverified or expired identity documents,LOW
24,24,2025-12-16 17:41:42,BENEFICIARY_DISBURSEMENT_SERVICES,CLOSED,5,2025-12-30,2025-12-21 17:41:42,,LOW
25,25,2026-08-13 02:39:31,GOVERNMENT_RELATIONS_ESCROW,CLOSED,5,2026-08-27,2026-08-14 02:39:31,Adverse media and PEP screening threshold exceeded,MEDIUM
26,26,2026-03-24 18:28:24,INSTITUTIONAL_CRYPTO_CUSTODY,CLOSED,1,2026-04-07,2026-03-27 18:28:24,,LOW
27,27,2026-04-09 14:27:06,HIGH_YIELD_SAVINGS,CLOSED,5,2026-04-23,2026-04-10 14:27:06,,LOW
28,28,2026-06-16 10:24:33,ROBO_ADVISORY,CLOSED,2,2026-06-30,2026-06-22 10:24:33,Unverified or expired identity documents,HIGH
29,29,2026-06-21 08:38:18,CROSS_BORDER_REMITTANCE,CLOSED,2,2026-07-05,2026-06-26 08:38:18,,LOW
30,30,2025-10-13 07:29:04,TERM_LIFE_INSURANCE,CLOSED,4,2025-10-27,2025-10-19 07:29:04,,LOW
31,31,2026-02-08 13:04:33,MORTGAGE_ORIGINATION,CLOSED,1,2026-02-22,2026-02-10 13:04:33,,MEDIUM
32,32,2025-10-05 16:51:52,RETAIL_BANKING,CLOSED,5,2025-10-19,2025-10-07 16:51:52,,LOW
33,33,2026-03-08 03:51:01,RETAIL_BANKING,CLOSED,2,2026-03-22,2026-03-09 03:51:01,Unverified or expired identity documents,HIGH
34,34,2025-09-11 21:26:49,ROBO_ADVISORY,CLOSED,3,2025-09-25,2025-09-17 21:26:49,,LOW
35,35,2025-09-17 19:09:06,BUY_NOW_PAY_LATER,CLOSED,2,2025-10-01,2025-09-21 19:09:06,,LOW
36,36,2025-08-31 09:52:28,BUY_NOW_PAY_LATER,CLOSED,3,2025-09-14,2025-09-04 09:52:28,,LOW
37,37,2026-05-18 17:40:34,BESPOKE_PORTFOLIO_MANAGEMENT,CLOSED,1,2026-06-01,2026-05-19 17:40:34,,LOW
38,38,2025-12-24 15:42:53,RETAIL_EQUITY_BROKERAGE,CLOSED,2,2026-01-07,2025-12-26 15:42:53,,LOW
39,39,2026-04-05 05:47:02,MORTGAGE_ORIGINATION,CLOSED,3,2026-04-19,2026-04-09 05:47:02,Unverified or expired identity documents,LOW
40,40,2025-12-08 22:57:59,RETAIL_EQUITY_BROKERAGE,CLOSED,1,2025-12-22,2025-12-14 22:57:59,Unverified or expired identity documents,MEDIUM
41,41,2025-12-30 17:06:22,DISBURSEMENT_PAYROLL_SERVICES,CLOSED,4,2026-01-13,2026-01-03 17:06:22,,LOW
42,42,2026-01-29 13:57:32,CORPORATE_ACCOUNT,CLOSED,2,2026-02-12,2026-02-02 13:57:32,,LOW
43,43,2025-10-21 03:44:35,CROSS_BORDER_REMITTANCE,CLOSED,4,2025-11-04,2025-10-27 03:44:35,,LOW
44,44,2026-06-28 19:03:39,AUTO_FINANCING,CLOSED,2,2026-07-12,2026-06-30 19:03:39,,LOW
45,45,2026-01-17 02:00:59,CORPORATE_ACCOUNT,PENDING_DOCUMENTS,5,2026-01-31,,,LOW
46,46,2026-07-07 02:12:56,POLITICAL_DONATION_PROCESSING,CLOSED,5,2026-07-21,2026-07-08 02:12:56,Adverse media and PEP screening threshold exceeded,LOW
47,47,2026-01-31 20:15:50,TREASURY_MANAGEMENT,CLOSED,2,2026-02-14,2026-02-04 20:15:50,,LOW
48,48,2026-07-21 20:13:36,BUY_NOW_PAY_LATER,CLOSED,5,2026-08-04,2026-07-22 20:13:36,,HIGH
49,49,2026-08-12 01:59:16,TERM_LIFE_INSURANCE,CLOSED,3,2026-08-26,2026-08-14 01:59:16,,MEDIUM
50,50,2025-09-20 13:36:04,ESCROW_SERVICES,OPEN,3,2025-10-04,,,LOW
51,51,2026-07-26 02:29:51,HIGH_YIELD_SAVINGS,CLOSED,4,2026-08-09,2026-07-29 02:29:51,,LOW
52,52,2026-07-02 09:32:23,RETAIL_EQUITY_BROKERAGE,IN_REVIEW,1,2026-07-16,,,LOW
53,53,2026-08-15 01:37:02,AUTO_FINANCING,CLOSED,2,2026-08-29,2026-08-18 01:37:02,,LOW
54,54,2025-09-04 11:46:08,RETAIL_EQUITY_BROKERAGE,CLOSED,5,2025-09-18,2025-09-10 11:46:08,,MEDIUM
55,55,2026-08-23 07:10:20,AUTO_FINANCING,CLOSED,1,2026-09-06,2026-08-25 07:10:20,,LOW
56,56,2026-02-28 20:09:22,CRYPTO_BROKERAGE,CLOSED,3,2026-03-14,2026-03-03 20:09:22,,LOW
57,57,2025-10-01 21:08:03,ROBO_ADVISORY,CLOSED,3,2025-10-15,2025-10-06 21:08:03,,LOW
58,58,2025-08-28 11:00:11,AUTO_FINANCING,IN_REVIEW,,2025-09-11,,,LOW
59,59,2025-09-09 21:59:13,ESTATE_PLANNING_SERVICES,CLOSED,1,2025-09-23,2025-09-12 21:59:13,,LOW
60,60,2026-06-30 17:04:38,BUY_NOW_PAY_LATER,CLOSED,5,2026-07-14,2026-07-06 17:04:38,,LOW
61,61,2026-03-17 08:35:10,RETAIL_BANKING,CLOSED,2,2026-03-31,2026-03-22 08:35:10,,LOW
62,62,2026-05-29 15:03:48,RETAIL_BANKING,CLOSED,4,2026-06-12,2026-05-31 15:03:48,,LOW
63,63,2026-02-26 16:55:36,MORTGAGE_ORIGINATION,CLOSED,2,2026-03-12,2026-03-04 16:55:36,,LOW
64,64,2026-02-23 01:03:14,CROSS_BORDER_REMITTANCE,PENDING_DOCUMENTS,5,2026-03-09,,,MEDIUM
65,65,2026-01-21 05:57:23,SYNDICATED_LOANS,IN_REVIEW,,2026-02-04,,,LOW
66,66,2025-10-23 18:34:37,CORPORATE_ACCOUNT,CLOSED,2,2025-11-06,2025-10-27 18:34:37,,MEDIUM
67,67,2026-05-13 13:26:01,CROSS_BORDER_REMITTANCE,CLOSED,3,2026-05-27,2026-05-15 13:26:01,,LOW
68,68,2026-03-18 15:57:14,ROBO_ADVISORY,CLOSED,2,2026-04-01,2026-03-20 15:57:14,,MEDIUM
69,69,2025-11-24 05:19:39,FX_HEDGING_SOLUTIONS,CLOSED,2,2025-12-08,2025-11-25 05:19:39,,LOW
70,70,2026-02-25 04:17:58,INSTITUTIONAL_CRYPTO_CUSTODY,CLOSED,3,2026-03-11,2026-02-26 04:17:58,,LOW
71,71,2025-11-06 08:35:35,FX_HEDGING_SOLUTIONS,CLOSED,5,2025-11-20,2025-11-10 08:35:35,,LOW
72,72,2025-09-12 00:52:58,CRYPTO_BROKERAGE,CLOSED,3,2025-09-26,2025-09-14 00:52:58,,MEDIUM
73,73,2025-08-28 19:59:19,PERSONAL_LOAN,IN_REVIEW,,2025-09-11,,,LOW
74,74,2025-09-24 23:17:48,RETAIL_EQUITY_BROKERAGE,CLOSED,4,2025-10-08,2025-09-29 23:17:48,,LOW
75,75,2026-08-17 05:54:13,CORPORATE_ACCOUNT,CLOSED,2,2026-08-31,2026-08-20 05:54:13,,LOW
76,76,2025-09-15 03:16:16,PERSONAL_LOAN,PENDING_DOCUMENTS,,2025-09-29,,,LOW
77,77,2026-01-12 08:45:14,FX_HEDGING_SOLUTIONS,IN_REVIEW,1,2026-01-26,,,LOW
78,78,2026-02-10 02:15:38,AUTO_FINANCING,CLOSED,1,2026-02-24,2026-02-16 02:15:38,,LOW
79,79,2026-06-06 16:18:34,BUY_NOW_PAY_LATER,OPEN,3,2026-06-20,,,LOW
80,80,2025-10-06 18:10:51,MORTGAGE_ORIGINATION,CLOSED,5,2025-10-20,2025-10-08 18:10:51,,LOW
81,81,2026-01-05 12:23:50,AUTO_FINANCING,CLOSED,5,2026-01-19,2026-01-10 12:23:50,,LOW
82,82,2026-06-07 15:44:30,BUY_NOW_PAY_LATER,CLOSED,3,2026-06-21,2026-06-09 15:44:30,,LOW
83,83,2026-04-19 16:35:29,SECURITIES_BASED_LENDING,CLOSED,3,2026-05-03,2026-04-23 16:35:29,,LOW
84,84,2025-11-05 22:40:09,HIGH_YIELD_SAVINGS,CLOSED,2,2025-11-19,2025-11-11 22:40:09,,MEDIUM
85,85,2026-02-15 22:35:36,HIGH_YIELD_SAVINGS,PENDING_DOCUMENTS,,2026-03-01,,,LOW
86,86,2025-10-16 22:33:51,CREDIT_CARD_ISSUANCE,CLOSED,2,2025-10-30,2025-10-18 22:33:51,,LOW
87,87,2026-02-08 03:20:53,ROBO_ADVISORY,CLOSED,5,2026-02-22,2026-02-09 03:20:53,,LOW
88,88,2025-09-24 13:13:32,BUY_NOW_PAY_LATER,CLOSED,4,2025-10-08,2025-09-28 13:13:32,,MEDIUM
89,89,2026-02-12 04:48:29,HIGH_YIELD_SAVINGS,IN_REVIEW,,2026-02-26,,,LOW
90,90,2026-07-20 13:42:40,DIRECT_INDEXING,CLOSED,2,2026-08-03,2026-07-22 13:42:40,,LOW
91,91,2025-11-17 01:39:14,CREDIT_CARD_ISSUANCE,CLOSED,1,2025-12-01,2025-11-21 01:39:14,,MEDIUM
92,92,2026-05-27 04:53:45,CROSS_BORDER_REMITTANCE,CLOSED,4,2026-06-10,2026-06-01 04:53:45,,MEDIUM
93,93,2025-08-26 06:43:27,ROBO_ADVISORY,CLOSED,2,2025-09-09,2025-09-01 06:43:27,,LOW
94,94,2026-04-12 01:44:36,RETAIL_EQUITY_BROKERAGE,PENDING_DOCUMENTS,,2026-04-26,,,LOW
95,95,2025-10-19 13:48:04,TRADE_FINANCE_CREDIT_INSURANCE,CLOSED,3,2025-11-02,2025-10-21 13:48:04,,LOW
96,96,2026-06-24 04:19:25,CREDIT_CARD_ISSUANCE,IN_REVIEW,2,2026-07-08,,,LOW
97,97,2025-09-13 07:02:13,TREASURY_MANAGEMENT,IN_REVIEW,2,2025-09-27,,,LOW
98,98,2026-02-20 07:34:05,BESPOKE_PORTFOLIO_MANAGEMENT,CLOSED,1,2026-03-06,2026-02-22 07:34:05,,LOW
99,99,2025-12-11 22:29:07,ESCROW_SERVICES,CLOSED,1,2025-12-25,2025-12-16 22:29:07,,LOW
100,100,2026-07-08 07:06:47,RETAIL_EQUITY_BROKERAGE,CLOSED,4,2026-07-22,2026-07-12 07:06:47,,LOW
101,101,2025-10-21 15:33:35,BUY_NOW_PAY_LATER,CLOSED,2,2025-11-04,2025-10-24 15:33:35,,HIGH
102,102,2026-08-17 23:28:57,POLITICAL_DONATION_PROCESSING,CLOSED,4,2026-08-31,2026-08-23 23:28:57,,LOW
103,103,2026-08-02 17:28:56,GOVERNMENT_RELATIONS_ESCROW,OPEN,5,2026-08-16,,,LOW
104,104,2026-02-08 19:00:32,AUTO_FINANCING,CLOSED,2,2026-02-22,2026-02-09 19:00:32,,MEDIUM
105,105,2026-07-18 23:16:55,PERSONAL_LOAN,IN_REVIEW,3,2026-08-01,,,LOW
106,106,2026-07-09 02:52:25,HIGH_YIELD_SAVINGS,CLOSED,4,2026-07-23,2026-07-12 02:52:25,,LOW
107,107,2025-09-28 01:56:19,TERM_LIFE_INSURANCE,CLOSED,3,2025-10-12,2025-09-30 01:56:19,,LOW
108,108,2025-09-13 10:12:33,BENEFICIARY_DISBURSEMENT_SERVICES,CLOSED,1,2025-09-27,2025-09-15 10:12:33,,LOW
109,109,2026-01-28 22:36:22,ESTATE_PLANNING_SERVICES,IN_REVIEW,2,2026-02-11,,,LOW
110,110,2026-06-12 03:36:28,ROBO_ADVISORY,CLOSED,5,2026-06-26,2026-06-14 03:36:28,Unverified or expired identity documents,LOW
111,111,2026-07-11 09:55:04,HIGH_YIELD_SAVINGS,CLOSED,2,2026-07-25,2026-07-14 09:55:04,,LOW
112,112,2026-08-12 11:48:45,ESCROW_SERVICES,CLOSED,5,2026-08-26,2026-08-18 11:48:45,,HIGH
113,113,2026-07-27 18:09:20,TERM_LIFE_INSURANCE,CLOSED,5,2026-08-10,2026-08-02 18:09:20,,LOW
114,114,2026-06-16 21:37:11,CRYPTO_BROKERAGE,CLOSED,5,2026-06-30,2026-06-17 21:37:11,,LOW
115,115,2025-10-04 04:05:39,LETTER_OF_CREDIT,CLOSED,4,2025-10-18,2025-10-10 04:05:39,,MEDIUM
116,116,2026-06-20 19:21:07,ROBO_ADVISORY,CLOSED,1,2026-07-04,2026-06-24 19:21:07,,LOW
117,117,2026-06-26 01:16:41,CREDIT_CARD_ISSUANCE,CLOSED,2,2026-07-10,2026-06-30 01:16:41,,LOW
118,118,2025-09-23 10:17:03,DISBURSEMENT_PAYROLL_SERVICES,CLOSED,5,2025-10-07,2025-09-27 10:17:03,,MEDIUM
119,119,2026-07-01 22:23:02,PERSONAL_LOAN,IN_REVIEW,,2026-07-15,,,LOW
120,120,2026-05-19 13:39:40,MERCHANT_ACQUIRING,CLOSED,1,2026-06-02,2026-05-22 13:39:40,,LOW
121,121,2026-02-14 21:45:39,ROBO_ADVISORY,CLOSED,3,2026-02-28,2026-02-15 21:45:39,,LOW
122,122,2025-10-08 13:33:32,REGULATORY_REPORTING_INTEGRATION,PENDING_DOCUMENTS,,2025-10-22,,,MEDIUM
123,123,2025-08-26 23:12:49,MORTGAGE_ORIGINATION,PENDING_DOCUMENTS,1,2025-09-09,,,MEDIUM
124,124,2026-07-25 13:09:35,MORTGAGE_ORIGINATION,CLOSED,1,2026-08-08,2026-07-28 13:09:35,,LOW
125,125,2025-12-14 14:14:04,ROBO_ADVISORY,CLOSED,5,2025-12-28,2025-12-17 14:14:04,,LOW
126,126,2026-07-13 14:47:27,PERSONAL_LOAN,CLOSED,5,2026-07-27,2026-07-16 14:47:27,,LOW
127,127,2026-04-14 02:06:43,AUTO_FINANCING,IN_REVIEW,,2026-04-28,,,LOW
128,128,2026-02-25 16:46:26,POLITICAL_DONATION_PROCESSING,CLOSED,5,2026-03-11,2026-03-03 16:46:26,Unverified or expired identity documents,MEDIUM
129,129,2026-06-21 14:38:06,CRYPTO_BROKERAGE,CLOSED,5,2026-07-05,2026-06-26 14:38:06,,LOW
130,130,2026-05-01 09:16:38,MORTGAGE_ORIGINATION,IN_REVIEW,,2026-05-15,,,LOW
131,131,2026-04-04 16:54:30,CROSS_BORDER_REMITTANCE,CLOSED,3,2026-04-18,2026-04-05 16:54:30,,MEDIUM
132,132,2025-10-02 10:05:48,CORPORATE_CREDIT_CARD,CLOSED,1,2025-10-16,2025-10-03 10:05:48,,MEDIUM
133,133,2026-08-01 05:16:23,CRYPTO_BROKERAGE,CLOSED,1,2026-08-15,2026-08-02 05:16:23,,LOW
134,134,2025-09-29 10:48:31,RETAIL_BANKING,CLOSED,3,2025-10-13,2025-10-01 10:48:31,,LOW
135,135,2026-05-04 03:28:22,HIGH_VOLUME_MERCHANT_GATEWAY,OPEN,,2026-05-18,,,LOW
136,136,2025-11-15 10:15:59,HIGH_YIELD_SAVINGS,CLOSED,1,2025-11-29,2025-11-17 10:15:59,,LOW
137,137,2025-10-28 21:11:53,SYNDICATED_LOANS,CLOSED,5,2025-11-11,2025-11-02 21:11:53,,LOW
138,138,2025-09-30 11:22:39,CRYPTO_BROKERAGE,OPEN,3,2025-10-14,,,LOW
139,139,2025-10-10 01:01:34,TRADE_FINANCE_CREDIT_INSURANCE,OPEN,2,2025-10-24,,,LOW
140,140,2026-03-30 09:54:58,TREASURY_MANAGEMENT,IN_REVIEW,,2026-04-13,,,LOW
141,141,2026-04-30 22:43:54,BUY_NOW_PAY_LATER,CLOSED,2,2026-05-14,2026-05-01 22:43:54,,LOW
142,142,2026-07-07 23:56:01,MERCHANT_ACQUIRING,PENDING_DOCUMENTS,,2026-07-21,,,LOW
143,143,2026-01-20 21:33:26,CROSS_BORDER_REMITTANCE,CLOSED,2,2026-02-03,2026-01-23 21:33:26,,LOW
144,144,2026-04-20 16:03:58,TERM_LIFE_INSURANCE,CLOSED,2,2026-05-04,2026-04-23 16:03:58,,LOW
145,145,2026-04-20 09:08:29,MORTGAGE_ORIGINATION,CLOSED,1,2026-05-04,2026-04-25 09:08:29,,MEDIUM
146,146,2025-11-01 20:52:59,PAC_TREASURY_MANAGEMENT,OPEN,,2025-11-15,,,LOW
147,147,2025-11-01 01:36:14,ROBO_ADVISORY,CLOSED,4,2025-11-15,2025-11-02 01:36:14,Unverified or expired identity documents,MEDIUM
148,148,2026-06-11 17:40:31,CRYPTO_BROKERAGE,CLOSED,4,2026-06-25,2026-06-12 17:40:31,,LOW
149,149,2025-11-29 08:41:12,RETAIL_BANKING,CLOSED,5,2025-12-13,2025-12-02 08:41:12,,MEDIUM
150,150,2026-02-01 08:48:07,PAYROLL_SERVICES,PENDING_DOCUMENTS,5,2026-02-15,,,LOW
151,151,2025-11-18 22:51:16,CREDIT_CARD_ISSUANCE,CLOSED,5,2025-12-02,2025-11-19 22:51:16,,LOW
152,152,2025-11-17 15:07:25,BUY_NOW_PAY_LATER,CLOSED,2,2025-12-01,2025-11-22 15:07:25,,LOW
153,153,2025-11-10 15:16:30,PERSONAL_LOAN,CLOSED,3,2025-11-24,2025-11-14 15:16:30,,LOW
154,154,2026-05-19 15:11:53,CROSS_BORDER_REMITTANCE,CLOSED,3,2026-06-02,2026-05-23 15:11:53,,LOW
155,155,2025-11-06 23:37:23,ROBO_ADVISORY,CLOSED,5,2025-11-20,2025-11-07 23:37:23,,LOW
156,156,2025-12-28 13:38:04,RETAIL_EQUITY_BROKERAGE,CLOSED,1,2026-01-11,2026-01-01 13:38:04,,MEDIUM
157,157,2026-02-23 01:24:41,MORTGAGE_ORIGINATION,CLOSED,4,2026-03-09,2026-02-24 01:24:41,,LOW
158,158,2026-03-09 06:51:42,MORTGAGE_ORIGINATION,CLOSED,4,2026-03-23,2026-03-10 06:51:42,,MEDIUM
159,159,2026-03-29 08:05:28,ROBO_ADVISORY,CLOSED,4,2026-04-12,2026-04-04 08:05:28,,LOW
160,160,2026-06-05 02:14:04,LIQUIDITY_MANAGEMENT,CLOSED,5,2026-06-19,2026-06-07 02:14:04,,LOW
161,161,2025-10-21 18:21:35,HIGH_YIELD_SAVINGS,CLOSED,5,2025-11-04,2025-10-25 18:21:35,,LOW
162,162,2025-10-30 00:21:27,CROSS_BORDER_REMITTANCE,CLOSED,2,2025-11-13,2025-11-03 00:21:27,,MEDIUM
163,163,2025-09-14 21:34:28,ROBO_ADVISORY,CLOSED,4,2025-09-28,2025-09-18 21:34:28,,MEDIUM
164,164,2025-11-25 00:22:19,CRYPTO_BROKERAGE,CLOSED,4,2025-12-09,2025-11-27 00:22:19,,LOW
165,165,2026-08-13 07:17:51,RETAIL_EQUITY_BROKERAGE,CLOSED,4,2026-08-27,2026-08-16 07:17:51,,MEDIUM
166,166,2025-11-04 17:34:09,TERM_LIFE_INSURANCE,CLOSED,5,2025-11-18,2025-11-09 17:34:09,,LOW
167,167,2026-08-01 04:17:10,RETAIL_EQUITY_BROKERAGE,CLOSED,3,2026-08-15,2026-08-04 04:17:10,,LOW
168,168,2026-05-31 06:31:18,MORTGAGE_ORIGINATION,CLOSED,2,2026-06-14,2026-06-06 06:31:18,,LOW
169,169,2026-04-24 01:28:01,LETTER_OF_CREDIT,CLOSED,4,2026-05-08,2026-04-25 01:28:01,,HIGH
170,170,2025-09-13 07:47:22,RETAIL_BANKING,CLOSED,2,2025-09-27,2025-09-17 07:47:22,,LOW
171,171,2025-10-06 17:33:17,HIGH_YIELD_SAVINGS,CLOSED,1,2025-10-20,2025-10-10 17:33:17,,HIGH
172,172,2026-03-30 22:14:06,CREDIT_CARD_ISSUANCE,CLOSED,4,2026-04-13,2026-04-05 22:14:06,Unverified or expired identity documents,LOW
173,173,2026-04-25 20:42:59,BUY_NOW_PAY_LATER,CLOSED,5,2026-05-09,2026-05-01 20:42:59,,LOW
174,174,2026-06-26 02:59:32,PERSONAL_LOAN,OPEN,,2026-07-10,,,LOW
175,175,2025-09-03 00:18:55,RETAIL_BANKING,OPEN,5,2025-09-17,,,LOW
176,176,2026-03-23 05:19:40,TERM_LIFE_INSURANCE,CLOSED,4,2026-04-06,2026-03-24 05:19:40,,LOW
177,177,2025-11-20 04:41:58,CAMPAIGN_CHECKING_ACCOUNT,CLOSED,3,2025-12-04,2025-11-21 04:41:58,High-risk sanctions/FATF jurisdiction,HIGH
178,178,2026-03-26 02:02:21,CREDIT_CARD_ISSUANCE,CLOSED,3,2026-04-09,2026-03-30 02:02:21,,LOW
179,179,2026-05-08 22:38:42,INSTITUTIONAL_CRYPTO_CUSTODY,CLOSED,5,2026-05-22,2026-05-14 22:38:42,,MEDIUM
180,180,2025-10-06 21:14:47,BUY_NOW_PAY_LATER,IN_REVIEW,5,2025-10-20,,,LOW
181,181,2026-04-24 07:52:51,ROBO_ADVISORY,IN_REVIEW,3,2026-05-08,,,LOW
182,182,2026-03-14 01:06:11,TRADE_FINANCE_CREDIT_INSURANCE,CLOSED,1,2026-03-28,2026-03-18 01:06:11,Unverified or expired identity documents,HIGH
183,183,2025-12-14 16:05:59,AUTO_FINANCING,CLOSED,3,2025-12-28,2025-12-19 16:05:59,,LOW
184,184,2026-06-03 05:35:10,MORTGAGE_ORIGINATION,CLOSED,4,2026-06-17,2026-06-06 05:35:10,,LOW
185,185,2026-07-19 03:39:52,PERSONAL_LOAN,CLOSED,4,2026-08-02,2026-07-24 03:39:52,,MEDIUM
186,186,2026-04-22 19:59:05,BUY_NOW_PAY_LATER,CLOSED,1,2026-05-06,2026-04-28 19:59:05,,LOW
187,187,2026-01-01 11:21:03,ROBO_ADVISORY,CLOSED,5,2026-01-15,2026-01-07 11:21:03,,MEDIUM
188,188,2026-08-11 14:25:50,MORTGAGE_ORIGINATION,CLOSED,2,2026-08-25,2026-08-17 14:25:50,,LOW
189,189,2025-11-01 20:59:09,TERM_LIFE_INSURANCE,CLOSED,1,2025-11-15,2025-11-07 20:59:09,Unverified or expired identity documents,HIGH
190,190,2026-01-04 01:09:02,LETTER_OF_CREDIT,CLOSED,1,2026-01-18,2026-01-09 01:09:02,,LOW
191,191,2026-07-08 21:14:03,BUY_NOW_PAY_LATER,CLOSED,3,2026-07-22,2026-07-14 21:14:03,,LOW
192,192,2025-10-29 13:07:53,AUTO_FINANCING,CLOSED,5,2025-11-12,2025-11-03 13:07:53,,LOW
193,193,2025-10-09 22:02:11,ROBO_ADVISORY,CLOSED,3,2025-10-23,2025-10-10 22:02:11,,LOW
194,194,2025-10-25 15:52:33,HIGH_YIELD_SAVINGS,CLOSED,5,2025-11-08,2025-10-28 15:52:33,,LOW
195,195,2026-01-22 16:57:51,REGULATORY_REPORTING_INTEGRATION,CLOSED,1,2026-02-05,2026-01-26 16:57:51,Unverified or expired identity documents,MEDIUM
196,196,2025-12-30 09:24:12,CAMPAIGN_CHECKING_ACCOUNT,CLOSED,2,2026-01-13,2026-01-03 09:24:12,,LOW
197,197,2026-02-21 09:20:47,FX_HEDGING_SOLUTIONS,CLOSED,5,2026-03-07,2026-02-23 09:20:47,,MEDIUM
198,198,2026-05-26 00:40:58,CREDIT_CARD_ISSUANCE,CLOSED,4,2026-06-09,2026-05-27 00:40:58,,MEDIUM
199,199,2026-08-09 14:16:37,MORTGAGE_ORIGINATION,CLOSED,1,2026-08-23,2026-08-10 14:16:37,High-risk sanctions/FATF jurisdiction,HIGH
200,200,2025-09-02 20:10:49,SHORT_TERM_LIQUIDITY_MANAGEMENT,CLOSED,3,2025-09-16,2025-09-08 20:10:49,Unverified or expired identity documents,MEDIUM
201,201,2026-05-26 21:45:15,BUY_NOW_PAY_LATER,CLOSED,4,2026-06-09,2026-05-31 21:45:15,,MEDIUM
202,202,2026-06-14 04:04:48,ESCROW_SERVICES,CLOSED,4,2026-06-28,2026-06-18 04:04:48,,MEDIUM
203,203,2026-01-25 11:04:43,FX_HEDGING_SOLUTIONS,CLOSED,3,2026-02-08,2026-01-30 11:04:43,Unverified or expired identity documents,LOW
204,204,2025-10-18 11:38:57,ROBO_ADVISORY,CLOSED,2,2025-11-01,2025-10-19 11:38:57,,LOW
205,205,2026-02-03 06:58:01,MORTGAGE_ORIGINATION,CLOSED,1,2026-02-17,2026-02-06 06:58:01,,LOW
206,206,2025-09-13 04:50:23,CRYPTO_BROKERAGE,CLOSED,5,2025-09-27,2025-09-15 04:50:23,,LOW
207,207,2026-04-20 12:21:03,AUTO_FINANCING,CLOSED,5,2026-05-04,2026-04-21 12:21:03,,LOW
208,208,2025-11-14 18:38:38,TERM_LIFE_INSURANCE,CLOSED,2,2025-11-28,2025-11-15 18:38:38,,LOW
209,209,2026-04-07 10:27:30,PERSONAL_LOAN,CLOSED,2,2026-04-21,2026-04-12 10:27:30,,LOW
210,210,2025-10-07 03:00:19,CREDIT_CARD_ISSUANCE,OPEN,,2025-10-21,,,LOW
211,211,2026-01-25 14:41:37,MORTGAGE_ORIGINATION,CLOSED,4,2026-02-08,2026-01-30 14:41:37,,LOW
212,212,2026-03-03 07:46:35,RETAIL_BANKING,CLOSED,4,2026-03-17,2026-03-09 07:46:35,,LOW
213,213,2025-12-25 10:41:18,CROSS_BORDER_REMITTANCE,CLOSED,1,2026-01-08,2025-12-29 10:41:18,,LOW
214,214,2026-04-11 19:43:26,ESTATE_PLANNING_SERVICES,CLOSED,3,2026-04-25,2026-04-16 19:43:26,,MEDIUM
215,215,2025-09-08 19:10:07,RETAIL_EQUITY_BROKERAGE,CLOSED,4,2025-09-22,2025-09-13 19:10:07,,LOW
216,216,2025-12-06 06:12:31,HIGH_YIELD_SAVINGS,CLOSED,1,2025-12-20,2025-12-12 06:12:31,,LOW
217,217,2025-11-15 23:38:53,MORTGAGE_ORIGINATION,CLOSED,4,2025-11-29,2025-11-19 23:38:53,,LOW
218,218,2025-10-22 12:32:01,LIQUIDITY_MANAGEMENT,CLOSED,4,2025-11-05,2025-10-26 12:32:01,,LOW
219,219,2025-11-24 22:50:49,CREDIT_CARD_ISSUANCE,CLOSED,3,2025-12-08,2025-11-27 22:50:49,,LOW
220,220,2026-07-10 06:27:51,BUY_NOW_PAY_LATER,CLOSED,1,2026-07-24,2026-07-11 06:27:51,,MEDIUM
221,221,2026-08-20 02:21:50,RETAIL_EQUITY_BROKERAGE,CLOSED,5,2026-09-03,2026-08-25 02:21:50,,MEDIUM
222,222,2026-05-29 09:40:55,HIGH_VOLUME_MERCHANT_GATEWAY,CLOSED,3,2026-06-12,2026-06-04 09:40:55,,MEDIUM
223,223,2025-09-13 14:47:42,HIGH_YIELD_SAVINGS,OPEN,3,2025-09-27,,,LOW
224,224,2026-01-30 22:30:17,PERSONAL_LOAN,CLOSED,3,2026-02-13,2026-02-04 22:30:17,,MEDIUM
225,225,2026-02-24 04:11:32,SYNDICATED_LOANS,IN_REVIEW,,2026-03-10,,,LOW
226,226,2026-08-10 21:25:18,RETAIL_BANKING,CLOSED,3,2026-08-24,2026-08-13 21:25:18,,LOW
227,227,2025-11-12 09:43:11,COMMERCIAL_LENDING,CLOSED,4,2025-11-26,2025-11-13 09:43:11,,LOW
228,228,2025-11-15 08:51:57,ROBO_ADVISORY,CLOSED,4,2025-11-29,2025-11-19 08:51:57,,LOW
229,229,2026-02-14 06:36:30,LETTER_OF_CREDIT,CLOSED,3,2026-02-28,2026-02-20 06:36:30,,LOW
230,230,2026-04-03 01:55:15,CRYPTO_BROKERAGE,CLOSED,2,2026-04-17,2026-04-05 01:55:15,,LOW
231,231,2025-08-27 13:16:58,TERM_LIFE_INSURANCE,OPEN,4,2025-09-10,,,LOW
232,232,2025-12-20 03:32:31,HIGH_YIELD_SAVINGS,CLOSED,3,2026-01-03,2025-12-24 03:32:31,,LOW
233,233,2026-03-18 10:58:45,AUTO_FINANCING,CLOSED,5,2026-04-01,2026-03-24 10:58:45,,LOW
234,234,2026-06-02 01:35:09,CORPORATE_ACCOUNT,CLOSED,5,2026-06-16,2026-06-03 01:35:09,,LOW
235,235,2025-10-08 13:03:17,PERSONAL_LOAN,CLOSED,3,2025-10-22,2025-10-11 13:03:17,,LOW
236,236,2026-06-05 18:39:45,COMMERCIAL_LENDING,CLOSED,4,2026-06-19,2026-06-07 18:39:45,,LOW
237,237,2025-10-17 20:59:04,TAX_OPTIMIZED_INVESTING,CLOSED,2,2025-10-31,2025-10-22 20:59:04,,LOW
238,238,2026-05-24 06:00:26,CAMPAIGN_CHECKING_ACCOUNT,CLOSED,1,2026-06-07,2026-05-28 06:00:26,,LOW
239,239,2025-11-27 00:14:02,CROSS_BORDER_REMITTANCE,CLOSED,5,2025-12-11,2025-12-01 00:14:02,,LOW
240,240,2026-07-13 00:22:57,CORPORATE_ACCOUNT,CLOSED,1,2026-07-27,2026-07-17 00:22:57,,LOW
241,241,2026-05-21 23:43:13,BUY_NOW_PAY_LATER,CLOSED,3,2026-06-04,2026-05-22 23:43:13,Unverified or expired identity documents,LOW
242,242,2026-01-07 16:25:40,PAYROLL_SERVICES,PENDING_DOCUMENTS,,2026-01-21,,,MEDIUM
243,243,2026-04-22 13:31:26,RETAIL_EQUITY_BROKERAGE,CLOSED,2,2026-05-06,2026-04-23 13:31:26,,HIGH
244,244,2026-02-02 10:16:19,INSTITUTIONAL_CRYPTO_CUSTODY,CLOSED,5,2026-02-16,2026-02-04 10:16:19,,MEDIUM
245,245,2025-11-26 08:13:55,HIGH_YIELD_SAVINGS,IN_REVIEW,2,2025-12-10,,,LOW
246,246,2026-03-23 04:02:51,INSTITUTIONAL_CRYPTO_CUSTODY,CLOSED,5,2026-04-06,2026-03-25 04:02:51,,MEDIUM
247,247,2026-07-02 18:29:35,CRYPTO_BROKERAGE,CLOSED,4,2026-07-16,2026-07-07 18:29:35,,MEDIUM
248,248,2026-07-12 15:20:02,ROBO_ADVISORY,CLOSED,3,2026-07-26,2026-07-14 15:20:02,,LOW
249,249,2026-04-03 07:12:05,RETAIL_BANKING,CLOSED,3,2026-04-17,2026-04-08 07:12:05,,LOW
250,250,2026-07-19 04:37:04,RETAIL_BANKING,CLOSED,4,2026-08-02,2026-07-23 04:37:04,,MEDIUM
251,251,2025-12-31 03:22:48,CRYPTO_BROKERAGE,CLOSED,1,2026-01-14,2026-01-05 03:22:48,,MEDIUM
252,252,2026-08-16 07:10:53,CAMPAIGN_CHECKING_ACCOUNT,CLOSED,5,2026-08-30,2026-08-22 07:10:53,,LOW
253,253,2026-08-02 00:24:08,ROBO_ADVISORY,CLOSED,3,2026-08-16,2026-08-07 00:24:08,,LOW
254,254,2025-12-23 03:50:17,PAC_TREASURY_MANAGEMENT,CLOSED,1,2026-01-06,2025-12-26 03:50:17,Unverified or expired identity documents,MEDIUM
255,255,2026-07-04 19:05:53,RETAIL_EQUITY_BROKERAGE,CLOSED,4,2026-07-18,2026-07-08 19:05:53,,LOW
256,256,2026-01-03 16:44:41,TRADE_FINANCE_CREDIT_INSURANCE,CLOSED,3,2026-01-17,2026-01-06 16:44:41,,LOW
257,257,2026-04-09 02:49:30,PERSONAL_LOAN,CLOSED,3,2026-04-23,2026-04-10 02:49:30,,LOW
258,258,2025-11-13 18:01:27,TRADE_FINANCE_CREDIT_INSURANCE,OPEN,4,2025-11-27,,,LOW
259,259,2025-12-26 09:37:43,CRYPTO_BROKERAGE,CLOSED,3,2026-01-09,2025-12-27 09:37:43,,LOW
260,260,2026-06-20 08:24:48,TERM_LIFE_INSURANCE,OPEN,,2026-07-04,,,LOW
261,261,2026-03-07 09:15:35,CROSS_BORDER_REMITTANCE,CLOSED,2,2026-03-21,2026-03-13 09:15:35,,LOW
262,262,2025-11-23 18:52:08,RETAIL_EQUITY_BROKERAGE,IN_REVIEW,,2025-12-07,,,MEDIUM
263,263,2026-04-10 10:36:21,SYNDICATED_LOANS,CLOSED,3,2026-04-24,2026-04-14 10:36:21,,LOW
264,264,2025-11-26 08:54:21,INSTITUTIONAL_CRYPTO_CUSTODY,CLOSED,1,2025-12-10,2025-11-29 08:54:21,Unverified or expired identity documents,LOW
265,265,2025-09-08 22:52:10,CRYPTO_BROKERAGE,OPEN,3,2025-09-22,,,HIGH
266,266,2026-07-16 03:32:23,CROSS_BORDER_REMITTANCE,CLOSED,5,2026-07-30,2026-07-18 03:32:23,,MEDIUM
267,267,2026-08-24 22:10:58,CRYPTO_BROKERAGE,CLOSED,2,2026-09-07,2026-08-28 22:10:58,,LOW
268,268,2025-09-20 12:03:19,MORTGAGE_ORIGINATION,CLOSED,3,2025-10-04,2025-09-24 12:03:19,,LOW
269,269,2026-06-08 09:08:45,BUY_NOW_PAY_LATER,CLOSED,4,2026-06-22,2026-06-11 09:08:45,,LOW
270,270,2025-09-29 22:02:37,INSTITUTIONAL_CRYPTO_CUSTODY,CLOSED,2,2025-10-13,2025-10-01 22:02:37,,MEDIUM
271,271,2026-07-09 14:02:43,RETAIL_EQUITY_BROKERAGE,CLOSED,4,2026-07-23,2026-07-12 14:02:43,,LOW
272,272,2026-01-21 10:16:20,TREASURY_MANAGEMENT,CLOSED,1,2026-02-04,2026-01-24 10:16:20,,MEDIUM
273,273,2025-12-04 18:33:46,MORTGAGE_ORIGINATION,CLOSED,4,2025-12-18,2025-12-05 18:33:46,,HIGH
274,274,2026-07-07 11:56:21,ESCROW_SERVICES,CLOSED,4,2026-07-21,2026-07-08 11:56:21,,LOW
275,275,2026-02-12 10:41:22,MORTGAGE_ORIGINATION,CLOSED,1,2026-02-26,2026-02-15 10:41:22,,LOW
276,276,2026-06-16 23:12:38,ESTATE_PLANNING_SERVICES,CLOSED,3,2026-06-30,2026-06-18 23:12:38,,LOW
277,277,2025-11-23 23:42:30,CRYPTO_BROKERAGE,CLOSED,4,2025-12-07,2025-11-27 23:42:30,,MEDIUM
278,278,2026-08-08 09:55:03,TRADE_FINANCE_CREDIT_INSURANCE,OPEN,,2026-08-22,,,LOW
279,279,2025-10-07 12:56:40,CROSS_BORDER_REMITTANCE,OPEN,5,2025-10-21,,,LOW
280,280,2026-04-14 20:45:11,TREASURY_MANAGEMENT,CLOSED,5,2026-04-28,2026-04-18 20:45:11,,LOW
281,281,2026-01-07 13:14:31,BUY_NOW_PAY_LATER,CLOSED,1,2026-01-21,2026-01-09 13:14:31,,LOW
282,282,2026-02-25 07:37:34,MERCHANT_ACQUIRING,CLOSED,1,2026-03-11,2026-02-26 07:37:34,,MEDIUM
283,283,2026-01-21 09:32:58,BUY_NOW_PAY_LATER,CLOSED,2,2026-02-04,2026-01-24 09:32:58,,LOW
284,284,2026-05-05 17:50:04,BESPOKE_PORTFOLIO_MANAGEMENT,CLOSED,2,2026-05-19,2026-05-10 17:50:04,,LOW
285,285,2026-04-17 16:43:04,LETTER_OF_CREDIT,CLOSED,1,2026-05-01,2026-04-22 16:43:04,Unverified or expired identity documents,MEDIUM
286,286,2025-11-12 09:59:31,INSTITUTIONAL_CRYPTO_CUSTODY,IN_REVIEW,5,2025-11-26,,,LOW
287,287,2026-01-19 07:53:36,CROSS_BORDER_REMITTANCE,CLOSED,3,2026-02-02,2026-01-22 07:53:36,,LOW
288,288,2026-02-26 11:27:32,DIRECT_INDEXING,CLOSED,3,2026-03-12,2026-02-28 11:27:32,,MEDIUM
289,289,2026-04-29 03:20:02,REGULATORY_REPORTING_INTEGRATION,CLOSED,3,2026-05-13,2026-05-04 03:20:02,Unverified or expired identity documents,LOW
290,290,2026-05-25 03:24:48,TERM_LIFE_INSURANCE,OPEN,,2026-06-08,,,LOW
291,291,2026-08-23 13:28:41,ROBO_ADVISORY,CLOSED,1,2026-09-06,2026-08-29 13:28:41,,LOW
292,292,2026-01-17 15:36:04,PERSONAL_LOAN,CLOSED,2,2026-01-31,2026-01-18 15:36:04,,LOW
293,293,2025-10-10 10:00:31,TERM_LIFE_INSURANCE,CLOSED,3,2025-10-24,2025-10-11 10:00:31,,MEDIUM
294,294,2025-09-26 08:48:38,LETTER_OF_CREDIT,CLOSED,1,2025-10-10,2025-10-02 08:48:38,,LOW
295,295,2026-01-30 11:04:08,ROBO_ADVISORY,CLOSED,4,2026-02-13,2026-02-05 11:04:08,,HIGH
296,296,2026-05-17 12:26:48,RETAIL_EQUITY_BROKERAGE,CLOSED,4,2026-05-31,2026-05-20 12:26:48,,LOW
297,297,2026-08-06 12:58:26,CRYPTO_BROKERAGE,CLOSED,1,2026-08-20,2026-08-10 12:58:26,,LOW
298,298,2026-01-21 11:19:32,TREASURY_MANAGEMENT,CLOSED,3,2026-02-04,2026-01-22 11:19:32,,MEDIUM
299,299,2026-05-01 18:30:30,CROSS_BORDER_REMITTANCE,CLOSED,4,2026-05-15,2026-05-06 18:30:30,,MEDIUM
300,300,2026-07-29 04:00:44,MERCHANT_ACQUIRING,IN_REVIEW,,2026-08-12,,,HIGH
301,301,2026-06-02 13:48:50,FX_HEDGING_SOLUTIONS,CLOSED,1,2026-06-16,2026-06-03 13:48:50,Unverified or expired identity documents,HIGH
302,302,2026-02-27 06:32:01,CRYPTO_BROKERAGE,CLOSED,1,2026-03-13,2026-03-01 06:32:01,,LOW
303,303,2025-10-07 01:19:22,TERM_LIFE_INSURANCE,CLOSED,1,2025-10-21,2025-10-09 01:19:22,,LOW
304,304,2026-01-23 23:26:09,TERM_LIFE_INSURANCE,CLOSED,5,2026-02-06,2026-01-25 23:26:09,,LOW
305,305,2026-04-07 21:45:37,CREDIT_CARD_ISSUANCE,CLOSED,1,2026-04-21,2026-04-12 21:45:37,,LOW
306,306,2026-05-24 16:19:20,TRADE_FINANCE_CREDIT_INSURANCE,CLOSED,3,2026-06-07,2026-05-30 16:19:20,,LOW
307,307,2026-02-05 19:40:37,BUY_NOW_PAY_LATER,CLOSED,4,2026-02-19,2026-02-10 19:40:37,,LOW
308,308,2025-12-12 21:08:36,CRYPTO_BROKERAGE,CLOSED,4,2025-12-26,2025-12-14 21:08:36,,LOW
309,309,2026-08-08 10:52:26,CREDIT_CARD_ISSUANCE,IN_REVIEW,1,2026-08-22,,,LOW
310,310,2025-10-19 16:07:20,ROBO_ADVISORY,CLOSED,2,2025-11-02,2025-10-25 16:07:20,Unverified or expired identity documents,HIGH
311,311,2026-07-19 09:13:23,LETTER_OF_CREDIT,OPEN,,2026-08-02,,,LOW
312,312,2025-11-10 17:59:19,REGULATORY_REPORTING_INTEGRATION,IN_REVIEW,2,2025-11-24,,,LOW
313,313,2026-04-29 03:49:09,ROBO_ADVISORY,IN_REVIEW,,2026-05-13,,,MEDIUM
314,314,2026-03-31 02:49:47,CREDIT_CARD_ISSUANCE,CLOSED,4,2026-04-14,2026-04-05 02:49:47,,LOW
315,315,2026-03-08 06:33:26,CROSS_BORDER_REMITTANCE,CLOSED,4,2026-03-22,2026-03-14 06:33:26,,LOW
316,316,2025-10-03 00:04:29,CREDIT_CARD_ISSUANCE,CLOSED,5,2025-10-17,2025-10-04 00:04:29,Unverified or expired identity documents,HIGH
317,317,2025-09-04 11:25:20,CREDIT_CARD_ISSUANCE,CLOSED,5,2025-09-18,2025-09-07 11:25:20,,LOW
318,318,2026-07-16 11:20:19,RETAIL_EQUITY_BROKERAGE,CLOSED,2,2026-07-30,2026-07-20 11:20:19,,LOW
319,319,2026-06-20 11:21:15,CREDIT_CARD_ISSUANCE,CLOSED,3,2026-07-04,2026-06-22 11:21:15,Unverified or expired identity documents,MEDIUM
320,320,2026-01-18 00:24:30,MORTGAGE_ORIGINATION,CLOSED,1,2026-02-01,2026-01-21 00:24:30,,LOW
321,321,2026-03-21 10:14:21,TRUSTEE_ADMINISTRATION,CLOSED,2,2026-04-04,2026-03-27 10:14:21,,LOW
322,322,2026-01-24 20:11:13,CREDIT_CARD_ISSUANCE,CLOSED,5,2026-02-07,2026-01-29 20:11:13,,LOW
323,323,2025-09-22 11:50:28,RETAIL_BANKING,CLOSED,5,2025-10-06,2025-09-23 11:50:28,,MEDIUM
324,324,2026-02-04 20:59:59,BUY_NOW_PAY_LATER,CLOSED,2,2026-02-18,2026-02-09 20:59:59,,LOW
325,325,2026-03-04 21:00:53,TERM_LIFE_INSURANCE,CLOSED,5,2026-03-18,2026-03-07 21:00:53,,LOW
326,326,2026-05-19 10:40:41,HIGH_YIELD_SAVINGS,CLOSED,3,2026-06-02,2026-05-23 10:40:41,,HIGH
327,327,2026-01-09 09:04:22,BUY_NOW_PAY_LATER,PENDING_DOCUMENTS,,2026-01-23,,,LOW
328,328,2025-11-12 03:04:28,PERSONAL_LOAN,CLOSED,3,2025-11-26,2025-11-18 03:04:28,Unverified or expired identity documents,MEDIUM
329,329,2026-01-01 21:27:42,ROBO_ADVISORY,CLOSED,3,2026-01-15,2026-01-03 21:27:42,,HIGH
330,330,2026-03-05 14:07:06,RETAIL_BANKING,CLOSED,2,2026-03-19,2026-03-06 14:07:06,,LOW
331,331,2026-02-24 19:26:22,ESTATE_PLANNING_SERVICES,CLOSED,4,2026-03-10,2026-02-26 19:26:22,,LOW
332,332,2026-05-28 01:55:42,POLITICAL_DONATION_PROCESSING,IN_REVIEW,,2026-06-11,,,LOW
333,333,2025-12-10 13:35:38,ROBO_ADVISORY,CLOSED,4,2025-12-24,2025-12-13 13:35:38,,LOW
334,334,2025-09-10 04:29:40,SYNDICATED_LOANS,CLOSED,5,2025-09-24,2025-09-14 04:29:40,,LOW
335,335,2026-08-11 10:11:33,TRADE_FINANCE_CREDIT_INSURANCE,CLOSED,1,2026-08-25,2026-08-12 10:11:33,,LOW
336,336,2026-02-04 14:10:51,TAX_OPTIMIZED_INVESTING,CLOSED,4,2026-02-18,2026-02-07 14:10:51,,LOW
337,337,2026-07-10 11:49:17,LIQUIDITY_MANAGEMENT,CLOSED,2,2026-07-24,2026-07-13 11:49:17,,LOW
338,338,2026-03-01 03:22:36,CRYPTO_BROKERAGE,CLOSED,4,2026-03-15,2026-03-02 03:22:36,,LOW
339,339,2026-08-02 23:34:25,BUY_NOW_PAY_LATER,IN_REVIEW,1,2026-08-16,,,LOW
340,340,2026-06-22 10:01:02,TRADE_FINANCE_CREDIT_INSURANCE,CLOSED,4,2026-07-06,2026-06-27 10:01:02,,LOW
341,341,2026-04-17 20:05:03,FIDUCIARY_CUSTODY_ACCOUNT,CLOSED,1,2026-05-01,2026-04-19 20:05:03,,MEDIUM
342,342,2026-05-17 06:51:05,CRYPTO_BROKERAGE,CLOSED,2,2026-05-31,2026-05-19 06:51:05,Unverified or expired identity documents,HIGH
343,343,2026-03-20 19:58:30,RETAIL_BANKING,PENDING_DOCUMENTS,1,2026-04-03,,,LOW
344,344,2026-02-02 22:25:25,RETAIL_EQUITY_BROKERAGE,CLOSED,2,2026-02-16,2026-02-07 22:25:25,,LOW
345,345,2025-10-10 02:33:16,CRYPTO_BROKERAGE,CLOSED,2,2025-10-24,2025-10-14 02:33:16,,LOW
346,346,2025-11-13 05:32:50,ROBO_ADVISORY,CLOSED,5,2025-11-27,2025-11-16 05:32:50,,LOW
347,347,2025-09-08 05:05:42,PHILANTHROPY_ENDOWMENT_MANAGEMENT,CLOSED,1,2025-09-22,2025-09-12 05:05:42,,LOW
348,348,2025-11-13 04:19:40,MERCHANT_ACQUIRING,CLOSED,1,2025-11-27,2025-11-18 04:19:40,,LOW
349,349,2025-12-12 07:05:56,ROBO_ADVISORY,CLOSED,1,2025-12-26,2025-12-17 07:05:56,,LOW
350,350,2025-09-17 00:50:03,GOVERNMENT_RELATIONS_ESCROW,CLOSED,2,2025-10-01,2025-09-18 00:50:03,,LOW
351,351,2026-05-30 21:02:33,LETTER_OF_CREDIT,CLOSED,1,2026-06-13,2026-06-03 21:02:33,Unverified or expired identity documents,MEDIUM
352,352,2026-08-08 19:05:09,LIQUIDITY_MANAGEMENT,OPEN,,2026-08-22,,,HIGH
353,353,2026-04-05 08:56:45,INSTITUTIONAL_CRYPTO_CUSTODY,CLOSED,4,2026-04-19,2026-04-10 08:56:45,,MEDIUM
354,354,2026-08-19 19:05:29,MORTGAGE_ORIGINATION,CLOSED,2,2026-09-02,2026-08-24 19:05:29,,HIGH
355,355,2026-08-17 00:58:16,PERSONAL_LOAN,CLOSED,5,2026-08-31,2026-08-21 00:58:16,,HIGH
356,356,2026-01-19 14:48:41,TERM_LIFE_INSURANCE,CLOSED,5,2026-02-02,2026-01-22 14:48:41,,LOW
357,357,2026-08-04 02:50:11,MORTGAGE_ORIGINATION,CLOSED,5,2026-08-18,2026-08-08 02:50:11,,LOW
358,358,2026-02-13 20:56:22,AUTO_FINANCING,CLOSED,2,2026-02-27,2026-02-16 20:56:22,,LOW
359,359,2026-05-09 00:57:58,PERSONAL_LOAN,CLOSED,3,2026-05-23,2026-05-13 00:57:58,Unverified or expired identity documents,MEDIUM
360,360,2026-05-19 11:14:16,TREASURY_MANAGEMENT,OPEN,,2026-06-02,,,LOW
361,361,2026-04-15 17:03:29,CREDIT_CARD_ISSUANCE,CLOSED,4,2026-04-29,2026-04-18 17:03:29,,LOW
362,362,2026-03-21 10:47:18,SECURITIES_BASED_LENDING,CLOSED,1,2026-04-04,2026-03-24 10:47:18,,LOW
363,363,2026-01-26 19:49:46,RETAIL_EQUITY_BROKERAGE,CLOSED,2,2026-02-09,2026-01-28 19:49:46,Unverified or expired identity documents,MEDIUM
364,364,2025-12-05 21:57:31,CRYPTO_BROKERAGE,CLOSED,2,2025-12-19,2025-12-06 21:57:31,,LOW
365,365,2026-05-01 22:17:14,TERM_LIFE_INSURANCE,CLOSED,5,2026-05-15,2026-05-03 22:17:14,,LOW
366,366,2026-06-14 12:14:51,DISBURSEMENT_PAYROLL_SERVICES,OPEN,3,2026-06-28,,,LOW
367,367,2026-05-31 21:08:21,SHORT_TERM_LIQUIDITY_MANAGEMENT,CLOSED,2,2026-06-14,2026-06-01 21:08:21,,LOW
368,368,2026-03-22 02:48:17,FX_HEDGING_SOLUTIONS,CLOSED,4,2026-04-05,2026-03-26 02:48:17,,LOW
369,369,2025-10-04 06:35:33,CORPORATE_ACCOUNT,CLOSED,3,2025-10-18,2025-10-10 06:35:33,,LOW
370,370,2025-11-26 18:57:00,CROSS_BORDER_REMITTANCE,CLOSED,5,2025-12-10,2025-12-02 18:57:00,,LOW
371,371,2026-08-22 16:46:05,ROBO_ADVISORY,CLOSED,1,2026-09-05,2026-08-26 16:46:05,,LOW
372,372,2025-09-09 02:46:27,CRYPTO_BROKERAGE,OPEN,3,2025-09-23,,,LOW
373,373,2026-05-10 08:19:46,TRADE_FINANCE_CREDIT_INSURANCE,CLOSED,1,2026-05-24,2026-05-13 08:19:46,Unverified or expired identity documents,HIGH
374,374,2025-09-28 12:30:47,CORPORATE_CREDIT_CARD,CLOSED,4,2025-10-12,2025-09-30 12:30:47,,HIGH
375,375,2025-12-09 05:27:32,COMMERCIAL_LENDING,CLOSED,1,2025-12-23,2025-12-12 05:27:32,,LOW
376,376,2026-02-22 21:57:14,CROSS_BORDER_REMITTANCE,CLOSED,2,2026-03-08,2026-02-23 21:57:14,,LOW
377,377,2026-02-11 18:38:30,PAYROLL_SERVICES,CLOSED,2,2026-02-25,2026-02-13 18:38:30,,LOW
378,378,2026-06-29 04:48:25,TERM_LIFE_INSURANCE,CLOSED,1,2026-07-13,2026-07-03 04:48:25,,LOW
379,379,2026-03-26 19:33:45,RETAIL_BANKING,CLOSED,3,2026-04-09,2026-03-28 19:33:45,,LOW
380,380,2026-06-19 11:36:29,LETTER_OF_CREDIT,CLOSED,4,2026-07-03,2026-06-22 11:36:29,,LOW
381,381,2026-01-06 18:24:42,CORPORATE_ACCOUNT,OPEN,5,2026-01-20,,,LOW
382,382,2026-01-03 04:55:48,CREDIT_CARD_ISSUANCE,IN_REVIEW,,2026-01-17,,,LOW
383,383,2026-03-19 14:33:56,ROBO_ADVISORY,CLOSED,2,2026-04-02,2026-03-21 14:33:56,,LOW
384,384,2025-11-04 17:08:21,RETAIL_EQUITY_BROKERAGE,CLOSED,4,2025-11-18,2025-11-10 17:08:21,,LOW
385,385,2025-10-02 00:15:58,CRYPTO_BROKERAGE,CLOSED,2,2025-10-16,2025-10-08 00:15:58,,LOW
386,386,2026-02-16 15:03:41,HIGH_YIELD_SAVINGS,CLOSED,1,2026-03-02,2026-02-21 15:03:41,,LOW
387,387,2026-03-20 02:07:19,CREDIT_CARD_ISSUANCE,CLOSED,5,2026-04-03,2026-03-25 02:07:19,,MEDIUM
388,388,2025-09-03 03:36:32,MORTGAGE_ORIGINATION,CLOSED,1,2025-09-17,2025-09-09 03:36:32,,LOW
389,389,2026-06-30 17:03:56,MERCHANT_ACQUIRING,CLOSED,1,2026-07-14,2026-07-05 17:03:56,,LOW
390,390,2026-07-12 23:10:18,ROBO_ADVISORY,PENDING_DOCUMENTS,,2026-07-26,,,LOW
391,391,2026-04-01 03:21:08,TERM_LIFE_INSURANCE,CLOSED,5,2026-04-15,2026-04-05 03:21:08,,LOW
392,392,2026-01-19 01:48:04,RETAIL_BANKING,IN_REVIEW,3,2026-02-02,,,LOW
393,393,2026-01-27 00:59:29,FIDUCIARY_CUSTODY_ACCOUNT,CLOSED,3,2026-02-10,2026-02-02 00:59:29,,LOW
394,394,2026-04-09 17:41:35,BUY_NOW_PAY_LATER,CLOSED,1,2026-04-23,2026-04-12 17:41:35,,LOW
395,395,2025-12-30 21:55:31,ROBO_ADVISORY,CLOSED,3,2026-01-13,2026-01-03 21:55:31,,HIGH
396,396,2025-12-27 13:32:53,COMPLIANCE_RESTRICTED_DEPOSIT_ACCOUNT,CLOSED,5,2026-01-10,2025-12-29 13:32:53,,LOW
397,397,2026-02-06 10:50:52,CROSS_BORDER_REMITTANCE,CLOSED,5,2026-02-20,2026-02-08 10:50:52,,LOW
398,398,2025-09-12 03:32:05,CROSS_BORDER_REMITTANCE,CLOSED,4,2025-09-26,2025-09-18 03:32:05,,HIGH
399,399,2025-10-18 20:02:12,ROBO_ADVISORY,CLOSED,2,2025-11-01,2025-10-20 20:02:12,,LOW
400,400,2026-03-19 19:10:09,TERM_LIFE_INSURANCE,CLOSED,1,2026-04-02,2026-03-20 19:10:09,Unverified or expired identity documents,HIGH
401,401,2026-03-20 00:46:43,CRYPTO_BROKERAGE,CLOSED,1,2026-04-03,2026-03-21 00:46:43,,HIGH
402,402,2026-07-15 05:41:35,RETAIL_BANKING,CLOSED,2,2026-07-29,2026-07-21 05:41:35,,LOW
403,403,2026-06-12 10:19:56,INSTITUTIONAL_CRYPTO_CUSTODY,CLOSED,5,2026-06-26,2026-06-14 10:19:56,,LOW
404,404,2026-07-20 09:15:45,CRYPTO_BROKERAGE,CLOSED,2,2026-08-03,2026-07-26 09:15:45,,LOW
405,405,2026-04-23 19:26:19,CREDIT_CARD_ISSUANCE,CLOSED,2,2026-05-07,2026-04-26 19:26:19,Unverified or expired identity documents,HIGH
406,406,2025-10-13 03:37:57,RETAIL_EQUITY_BROKERAGE,CLOSED,3,2025-10-27,2025-10-14 03:37:57,,LOW
407,407,2026-06-11 18:03:08,RETAIL_EQUITY_BROKERAGE,IN_REVIEW,,2026-06-25,,,LOW
408,408,2026-05-09 20:42:15,FX_HEDGING_SOLUTIONS,CLOSED,1,2026-05-23,2026-05-12 20:42:15,,LOW
409,409,2025-10-29 01:02:20,CREDIT_CARD_ISSUANCE,CLOSED,4,2025-11-12,2025-11-02 01:02:20,,LOW
410,410,2026-05-03 04:43:45,AUTO_FINANCING,CLOSED,2,2026-05-17,2026-05-05 04:43:45,,MEDIUM
411,411,2025-10-08 02:30:23,BUY_NOW_PAY_LATER,CLOSED,5,2025-10-22,2025-10-12 02:30:23,,LOW
412,412,2025-10-04 15:48:44,MORTGAGE_ORIGINATION,CLOSED,2,2025-10-18,2025-10-07 15:48:44,,LOW
413,413,2025-10-02 15:42:21,RETAIL_EQUITY_BROKERAGE,CLOSED,3,2025-10-16,2025-10-03 15:42:21,,MEDIUM
414,414,2026-04-30 15:07:23,CRYPTO_BROKERAGE,CLOSED,4,2026-05-14,2026-05-06 15:07:23,,LOW
415,415,2025-10-20 21:24:59,TERM_LIFE_INSURANCE,CLOSED,5,2025-11-03,2025-10-26 21:24:59,Unverified or expired identity documents,LOW
416,416,2026-07-16 16:51:52,RETAIL_BANKING,CLOSED,3,2026-07-30,2026-07-19 16:51:52,,LOW
417,417,2025-10-01 19:21:39,CROSS_BORDER_REMITTANCE,CLOSED,4,2025-10-15,2025-10-03 19:21:39,,MEDIUM
418,418,2026-02-08 14:24:39,ROBO_ADVISORY,CLOSED,3,2026-02-22,2026-02-12 14:24:39,,LOW
419,419,2026-07-15 20:26:24,AUTO_FINANCING,PENDING_DOCUMENTS,,2026-07-29,,,LOW
420,420,2026-06-13 06:12:41,BUY_NOW_PAY_LATER,CLOSED,3,2026-06-27,2026-06-16 06:12:41,,LOW
421,421,2025-09-06 01:35:20,RETAIL_EQUITY_BROKERAGE,CLOSED,1,2025-09-20,2025-09-09 01:35:20,,LOW
422,422,2025-11-28 21:44:28,ESTATE_PLANNING_SERVICES,CLOSED,4,2025-12-12,2025-12-01 21:44:28,,LOW
423,423,2025-09-26 06:42:15,CRYPTO_BROKERAGE,OPEN,,2025-10-10,,,LOW
424,424,2026-07-21 02:05:44,DISBURSEMENT_PAYROLL_SERVICES,OPEN,,2026-08-04,,,MEDIUM
425,425,2026-08-16 15:17:02,COMMERCIAL_LENDING,CLOSED,4,2026-08-30,2026-08-20 15:17:02,,LOW
426,426,2025-10-09 01:15:24,CREDIT_CARD_ISSUANCE,CLOSED,5,2025-10-23,2025-10-13 01:15:24,,MEDIUM
427,427,2026-06-19 18:10:55,RETAIL_BANKING,CLOSED,1,2026-07-03,2026-06-25 18:10:55,,LOW
428,428,2025-12-26 14:35:52,HIGH_YIELD_SAVINGS,OPEN,,2026-01-09,,,LOW
429,429,2026-02-27 08:35:27,RETAIL_BANKING,OPEN,3,2026-03-13,,,LOW
430,430,2026-02-13 16:09:56,TERM_LIFE_INSURANCE,IN_REVIEW,,2026-02-27,,,LOW
431,431,2026-01-22 04:17:29,CROSS_BORDER_REMITTANCE,CLOSED,1,2026-02-05,2026-01-27 04:17:29,,LOW
432,432,2026-07-02 21:05:49,TERM_LIFE_INSURANCE,CLOSED,5,2026-07-16,2026-07-08 21:05:49,,MEDIUM
433,433,2026-05-15 08:21:34,MORTGAGE_ORIGINATION,CLOSED,5,2026-05-29,2026-05-17 08:21:34,,LOW
434,434,2025-09-09 23:51:32,BUY_NOW_PAY_LATER,CLOSED,3,2025-09-23,2025-09-12 23:51:32,,MEDIUM
435,435,2026-01-06 17:57:59,SYNDICATED_LOANS,CLOSED,4,2026-01-20,2026-01-11 17:57:59,,LOW
436,436,2025-09-16 02:17:35,BUY_NOW_PAY_LATER,CLOSED,1,2025-09-30,2025-09-17 02:17:35,,LOW
437,437,2026-03-10 09:48:49,RETAIL_BANKING,CLOSED,1,2026-03-24,2026-03-16 09:48:49,,LOW
438,438,2025-08-27 23:52:15,FX_HEDGING_SOLUTIONS,CLOSED,4,2025-09-10,2025-08-31 23:52:15,,LOW
439,439,2026-01-16 03:34:00,BENEFICIARY_DISBURSEMENT_SERVICES,CLOSED,5,2026-01-30,2026-01-17 03:34:00,Unverified or expired identity documents,HIGH
440,440,2026-06-28 14:56:05,FIDUCIARY_CUSTODY_ACCOUNT,CLOSED,3,2026-07-12,2026-06-29 14:56:05,Unverified or expired identity documents,HIGH
441,441,2026-03-02 13:08:31,RETAIL_BANKING,CLOSED,2,2026-03-16,2026-03-05 13:08:31,,LOW
442,442,2026-01-15 19:24:11,TRADE_FINANCE_CREDIT_INSURANCE,CLOSED,4,2026-01-29,2026-01-16 19:24:11,,LOW
443,443,2026-06-23 04:59:13,BUY_NOW_PAY_LATER,CLOSED,5,2026-07-07,2026-06-26 04:59:13,,LOW
444,444,2025-11-12 14:26:21,LIQUIDITY_MANAGEMENT,CLOSED,1,2025-11-26,2025-11-17 14:26:21,,LOW
445,445,2026-01-15 12:27:15,BENEFICIARY_DISBURSEMENT_SERVICES,OPEN,4,2026-01-29,,,LOW
446,446,2026-02-02 23:28:28,CRYPTO_BROKERAGE,CLOSED,5,2026-02-16,2026-02-07 23:28:28,High-risk sanctions/FATF jurisdiction,HIGH
447,447,2026-03-26 21:26:43,MORTGAGE_ORIGINATION,CLOSED,4,2026-04-09,2026-03-30 21:26:43,,LOW
448,448,2026-06-14 04:10:18,GOVERNMENT_RELATIONS_ESCROW,CLOSED,2,2026-06-28,2026-06-20 04:10:18,,MEDIUM
449,449,2026-04-02 10:10:38,INSTITUTIONAL_CRYPTO_CUSTODY,CLOSED,5,2026-04-16,2026-04-05 10:10:38,,LOW
450,450,2026-01-20 09:53:05,BUY_NOW_PAY_LATER,CLOSED,3,2026-02-03,2026-01-22 09:53:05,,LOW
451,451,2025-09-03 01:02:55,ASSET_PROTECTION_TRUSTS,PENDING_DOCUMENTS,4,2025-09-17,,,MEDIUM
452,452,2026-05-20 03:01:22,AUTO_FINANCING,CLOSED,1,2026-06-03,2026-05-21 03:01:22,,LOW
453,453,2025-10-21 14:49:30,CREDIT_CARD_ISSUANCE,CLOSED,2,2025-11-04,2025-10-22 14:49:30,,LOW
454,454,2025-10-04 14:24:46,HIGH_YIELD_SAVINGS,CLOSED,1,2025-10-18,2025-10-05 14:24:46,,MEDIUM
455,455,2026-07-07 14:25:18,AUTO_FINANCING,CLOSED,4,2026-07-21,2026-07-08 14:25:18,,LOW
456,456,2026-01-08 18:58:23,CRYPTO_BROKERAGE,IN_REVIEW,,2026-01-22,,,HIGH
457,457,2026-04-20 15:02:36,ESCROW_SERVICES,CLOSED,2,2026-05-04,2026-04-26 15:02:36,,LOW
458,458,2025-11-30 00:01:48,MERCHANT_ACQUIRING,CLOSED,3,2025-12-14,2025-12-03 00:01:48,,LOW
459,459,2025-10-05 13:50:02,BALLOT_INITIATIVE_ESCROW,CLOSED,3,2025-10-19,2025-10-09 13:50:02,,LOW
460,460,2025-09-17 13:58:07,TERM_LIFE_INSURANCE,CLOSED,2,2025-10-01,2025-09-23 13:58:07,,LOW
461,461,2025-11-29 05:37:23,CREDIT_CARD_ISSUANCE,CLOSED,4,2025-12-13,2025-11-30 05:37:23,,HIGH
462,462,2026-01-22 05:26:22,PERSONAL_LOAN,CLOSED,5,2026-02-05,2026-01-26 05:26:22,,LOW
463,463,2025-12-11 10:47:55,COMMERCIAL_LENDING,PENDING_DOCUMENTS,5,2025-12-25,,,MEDIUM
464,464,2026-08-22 10:09:51,TRADE_FINANCE_CREDIT_INSURANCE,CLOSED,4,2026-09-05,2026-08-25 10:09:51,,LOW
465,465,2026-02-11 01:31:28,HIGH_VOLUME_MERCHANT_GATEWAY,CLOSED,2,2026-02-25,2026-02-14 01:31:28,,LOW
466,466,2026-07-17 19:18:35,CRYPTO_BROKERAGE,CLOSED,5,2026-07-31,2026-07-19 19:18:35,,MEDIUM
467,467,2026-06-08 08:17:44,MORTGAGE_ORIGINATION,CLOSED,4,2026-06-22,2026-06-14 08:17:44,Unverified or expired identity documents,LOW
468,468,2026-05-02 23:04:05,ROBO_ADVISORY,CLOSED,4,2026-05-16,2026-05-08 23:04:05,,LOW
469,469,2025-09-30 03:47:53,PRIVATE_EQUITY_FEEDER,CLOSED,2,2025-10-14,2025-10-03 03:47:53,,LOW
470,470,2026-07-08 16:28:36,GOVERNMENT_RELATIONS_ESCROW,CLOSED,1,2026-07-22,2026-07-12 16:28:36,,LOW
471,471,2025-09-20 07:57:33,PERSONAL_LOAN,CLOSED,5,2025-10-04,2025-09-21 07:57:33,,LOW
472,472,2026-04-17 00:09:39,FIDUCIARY_CUSTODY_ACCOUNT,PENDING_DOCUMENTS,1,2026-05-01,,,LOW
473,473,2025-09-14 21:53:32,TERM_LIFE_INSURANCE,CLOSED,5,2025-09-28,2025-09-20 21:53:32,,LOW
474,474,2025-09-03 20:51:04,WEALTH_MANAGEMENT,CLOSED,4,2025-09-17,2025-09-04 20:51:04,,LOW
475,475,2025-10-20 04:30:33,CORPORATE_CREDIT_CARD,OPEN,,2025-11-03,,,LOW
476,476,2025-11-18 08:53:32,RETAIL_EQUITY_BROKERAGE,CLOSED,5,2025-12-02,2025-11-24 08:53:32,,LOW
477,477,2025-10-05 15:24:22,BUY_NOW_PAY_LATER,CLOSED,1,2025-10-19,2025-10-08 15:24:22,,LOW
478,478,2025-10-24 02:35:47,PERSONAL_LOAN,CLOSED,3,2025-11-07,2025-10-27 02:35:47,,LOW
479,479,2026-02-24 06:45:44,HIGH_YIELD_SAVINGS,CLOSED,3,2026-03-10,2026-02-28 06:45:44,,MEDIUM
480,480,2025-10-25 09:48:10,TREASURY_MANAGEMENT,CLOSED,4,2025-11-08,2025-10-28 09:48:10,Unverified or expired identity documents,LOW
481,481,2025-09-17 02:21:21,LETTER_OF_CREDIT,CLOSED,1,2025-10-01,2025-09-18 02:21:21,,LOW
482,482,2026-07-17 22:36:12,CREDIT_CARD_ISSUANCE,CLOSED,2,2026-07-31,2026-07-22 22:36:12,,LOW
483,483,2026-06-20 15:43:10,BESPOKE_PORTFOLIO_MANAGEMENT,IN_REVIEW,5,2026-07-04,,,LOW
484,484,2026-04-11 03:38:49,CREDIT_CARD_ISSUANCE,CLOSED,4,2026-04-25,2026-04-17 03:38:49,,LOW
485,485,2026-07-02 21:36:43,CROSS_BORDER_REMITTANCE,CLOSED,4,2026-07-16,2026-07-03 21:36:43,,HIGH
486,486,2026-08-21 21:05:49,CROSS_BORDER_REMITTANCE,CLOSED,4,2026-09-04,2026-08-22 21:05:49,,LOW
487,487,2026-06-26 08:08:48,RETAIL_EQUITY_BROKERAGE,CLOSED,5,2026-07-10,2026-06-27 08:08:48,Unverified or expired identity documents,HIGH
488,488,2026-06-10 11:26:13,AUTO_FINANCING,CLOSED,4,2026-06-24,2026-06-11 11:26:13,,MEDIUM
489,489,2026-03-31 07:31:33,ESCROW_SERVICES,CLOSED,3,2026-04-14,2026-04-05 07:31:33,,LOW
490,490,2025-12-26 21:39:52,ROBO_ADVISORY,CLOSED,3,2026-01-09,2025-12-29 21:39:52,,LOW
491,491,2025-10-17 10:42:24,PAYROLL_SERVICES,OPEN,3,2025-10-31,,,HIGH
492,492,2026-03-04 14:38:28,HIGH_YIELD_SAVINGS,CLOSED,2,2026-03-18,2026-03-07 14:38:28,,LOW
493,493,2026-04-11 16:51:19,POLITICAL_DONATION_PROCESSING,CLOSED,3,2026-04-25,2026-04-17 16:51:19,,LOW
494,494,2026-01-31 22:45:50,BUY_NOW_PAY_LATER,CLOSED,5,2026-02-14,2026-02-04 22:45:50,,MEDIUM
495,495,2026-02-15 18:57:54,ROBO_ADVISORY,CLOSED,5,2026-03-01,2026-02-17 18:57:54,,LOW
496,496,2025-12-01 04:30:53,PAYROLL_SERVICES,CLOSED,3,2025-12-15,2025-12-05 04:30:53,,LOW
497,497,2026-02-24 08:23:59,BUY_NOW_PAY_LATER,CLOSED,2,2026-03-10,2026-02-26 08:23:59,,LOW
498,498,2025-09-08 12:04:07,FX_HEDGING_SOLUTIONS,CLOSED,4,2025-09-22,2025-09-12 12:04:07,,LOW
499,499,2026-04-08 15:36:43,MERCHANT_ACQUIRING,OPEN,4,2026-04-22,,,MEDIUM
500,500,2026-03-20 06:58:50,MORTGAGE_ORIGINATION,CLOSED,5,2026-04-03,2026-03-21 06:58:50,,LOW
501,501,2026-01-29 21:15:53,BALLOT_INITIATIVE_ESCROW,OPEN,5,2026-02-12,,,MEDIUM
502,502,2026-03-22 14:39:18,DISBURSEMENT_PAYROLL_SERVICES,CLOSED,5,2026-04-05,2026-03-28 14:39:18,,LOW
503,503,2026-07-20 07:30:05,FIDUCIARY_CUSTODY_ACCOUNT,PENDING_DOCUMENTS,5,2026-08-03,,,MEDIUM
504,504,2025-09-27 07:25:06,CROSS_BORDER_REMITTANCE,CLOSED,5,2025-10-11,2025-09-28 07:25:06,,LOW
505,505,2025-10-22 12:29:58,LIQUIDITY_MANAGEMENT,CLOSED,4,2025-11-05,2025-10-23 12:29:58,Unverified or expired identity documents,LOW
506,506,2025-09-19 08:06:11,HIGH_YIELD_SAVINGS,CLOSED,3,2025-10-03,2025-09-22 08:06:11,,LOW
507,507,2026-03-15 21:35:57,CROSS_BORDER_REMITTANCE,OPEN,5,2026-03-29,,,LOW
508,508,2025-12-17 09:30:25,RETAIL_EQUITY_BROKERAGE,CLOSED,5,2025-12-31,2025-12-20 09:30:25,,LOW
509,509,2025-09-08 20:41:29,LIQUIDITY_MANAGEMENT,CLOSED,2,2025-09-22,2025-09-11 20:41:29,,LOW
510,510,2025-10-16 14:20:38,TERM_LIFE_INSURANCE,OPEN,5,2025-10-30,,,MEDIUM
511,511,2026-08-19 06:07:53,AUTO_FINANCING,CLOSED,4,2026-09-02,2026-08-20 06:07:53,,LOW
512,512,2025-11-08 21:34:29,MORTGAGE_ORIGINATION,IN_REVIEW,,2025-11-22,,,LOW
513,513,2026-07-31 00:46:56,TERM_LIFE_INSURANCE,IN_REVIEW,2,2026-08-14,,,LOW
514,514,2026-04-23 12:35:20,TERM_LIFE_INSURANCE,CLOSED,2,2026-05-07,2026-04-28 12:35:20,,LOW
515,515,2026-03-10 08:05:24,COMPLIANCE_RESTRICTED_DEPOSIT_ACCOUNT,CLOSED,4,2026-03-24,2026-03-11 08:05:24,Unverified or expired identity documents,LOW
516,516,2026-08-04 21:22:39,LIQUIDITY_MANAGEMENT,OPEN,,2026-08-18,,,LOW
517,517,2026-03-15 05:28:38,ROBO_ADVISORY,OPEN,,2026-03-29,,,MEDIUM
518,518,2026-05-08 22:59:31,TREASURY_MANAGEMENT,OPEN,3,2026-05-22,,,LOW
519,519,2026-07-14 14:31:32,LETTER_OF_CREDIT,CLOSED,3,2026-07-28,2026-07-17 14:31:32,,HIGH
520,520,2026-05-01 15:20:25,RETAIL_BANKING,CLOSED,3,2026-05-15,2026-05-07 15:20:25,,LOW
521,521,2025-10-26 19:09:00,DISBURSEMENT_PAYROLL_SERVICES,CLOSED,1,2025-11-09,2025-10-28 19:09:00,Unverified or expired identity documents,LOW
522,522,2026-01-18 07:10:55,AUTO_FINANCING,CLOSED,2,2026-02-01,2026-01-24 07:10:55,,LOW
523,523,2025-10-30 10:15:53,REGULATORY_REPORTING_INTEGRATION,OPEN,,2025-11-13,,,MEDIUM
524,524,2026-06-08 04:45:49,FX_HEDGING_SOLUTIONS,CLOSED,1,2026-06-22,2026-06-11 04:45:49,,LOW
525,525,2026-06-05 18:04:57,CROSS_BORDER_REMITTANCE,CLOSED,3,2026-06-19,2026-06-11 18:04:57,,LOW
526,526,2026-05-09 11:59:38,ESCROW_SERVICES,CLOSED,1,2026-05-23,2026-05-10 11:59:38,,LOW
527,527,2026-03-05 11:34:12,ROBO_ADVISORY,CLOSED,5,2026-03-19,2026-03-11 11:34:12,Unverified or expired identity documents,HIGH
528,528,2026-06-14 17:10:49,CROSS_BORDER_REMITTANCE,CLOSED,1,2026-06-28,2026-06-18 17:10:49,,LOW
529,529,2026-07-12 06:01:41,PAC_TREASURY_MANAGEMENT,CLOSED,4,2026-07-26,2026-07-13 06:01:41,Unverified or expired identity documents,MEDIUM
530,530,2026-04-05 18:18:28,ESCROW_SERVICES,CLOSED,3,2026-04-19,2026-04-07 18:18:28,,MEDIUM
531,531,2025-12-22 08:41:00,HIGH_YIELD_SAVINGS,OPEN,,2026-01-05,,,LOW
532,532,2026-07-08 18:47:53,CRYPTO_BROKERAGE,CLOSED,2,2026-07-22,2026-07-12 18:47:53,Unverified or expired identity documents,HIGH
533,533,2026-03-17 20:45:30,CRYPTO_BROKERAGE,CLOSED,2,2026-03-31,2026-03-18 20:45:30,,LOW
534,534,2026-07-06 19:04:03,LETTER_OF_CREDIT,OPEN,4,2026-07-20,,,MEDIUM
535,535,2026-07-21 19:49:02,HIGH_YIELD_SAVINGS,CLOSED,3,2026-08-04,2026-07-27 19:49:02,,LOW
536,536,2025-11-07 05:39:42,AUTO_FINANCING,CLOSED,1,2025-11-21,2025-11-13 05:39:42,,LOW
537,537,2026-08-09 18:00:33,COMPLIANCE_RESTRICTED_DEPOSIT_ACCOUNT,CLOSED,4,2026-08-23,2026-08-12 18:00:33,Unverified or expired identity documents,LOW
538,538,2026-06-27 00:07:42,ROBO_ADVISORY,CLOSED,1,2026-07-11,2026-06-29 00:07:42,,LOW
539,539,2025-10-11 17:21:56,CREDIT_CARD_ISSUANCE,CLOSED,3,2025-10-25,2025-10-14 17:21:56,,LOW
540,540,2026-05-27 05:03:51,CREDIT_CARD_ISSUANCE,CLOSED,5,2026-06-10,2026-06-02 05:03:51,,LOW
541,541,2026-05-11 10:55:02,MORTGAGE_ORIGINATION,CLOSED,1,2026-05-25,2026-05-14 10:55:02,,HIGH
542,542,2025-09-30 04:42:51,BUY_NOW_PAY_LATER,CLOSED,5,2025-10-14,2025-10-04 04:42:51,,MEDIUM
543,543,2026-04-17 13:35:49,AUTO_FINANCING,CLOSED,3,2026-05-01,2026-04-18 13:35:49,Unverified or expired identity documents,HIGH
544,544,2026-06-22 21:40:30,LETTER_OF_CREDIT,CLOSED,2,2026-07-06,2026-06-27 21:40:30,,LOW
545,545,2026-07-04 01:18:12,LIQUIDITY_MANAGEMENT,CLOSED,1,2026-07-18,2026-07-07 01:18:12,,LOW
546,546,2026-04-14 22:29:29,BUY_NOW_PAY_LATER,CLOSED,2,2026-04-28,2026-04-15 22:29:29,,MEDIUM
547,547,2026-04-01 11:38:13,TRADE_FINANCE_CREDIT_INSURANCE,CLOSED,5,2026-04-15,2026-04-02 11:38:13,Unverified or expired identity documents,LOW
548,548,2025-09-04 15:08:14,ROBO_ADVISORY,CLOSED,1,2025-09-18,2025-09-06 15:08:14,Adverse media and PEP screening threshold exceeded,MEDIUM
549,549,2026-02-20 16:26:04,CREDIT_CARD_ISSUANCE,CLOSED,2,2026-03-06,2026-02-23 16:26:04,,LOW
550,550,2025-11-10 13:16:13,SHORT_TERM_LIQUIDITY_MANAGEMENT,CLOSED,4,2025-11-24,2025-11-13 13:16:13,Unverified or expired identity documents,MEDIUM
551,551,2025-12-23 21:47:52,FIDUCIARY_CUSTODY_ACCOUNT,CLOSED,5,2026-01-06,2025-12-29 21:47:52,Unverified or expired identity documents,MEDIUM
552,552,2026-05-03 09:23:03,CRYPTO_BROKERAGE,CLOSED,1,2026-05-17,2026-05-07 09:23:03,,LOW
553,553,2026-07-04 16:41:39,TERM_LIFE_INSURANCE,CLOSED,1,2026-07-18,2026-07-09 16:41:39,,LOW
554,554,2025-09-02 23:41:23,CORPORATE_ACCOUNT,CLOSED,5,2025-09-16,2025-09-03 23:41:23,,LOW
555,555,2026-07-13 03:51:33,CREDIT_CARD_ISSUANCE,CLOSED,3,2026-07-27,2026-07-17 03:51:33,,MEDIUM
556,556,2026-05-10 09:09:02,ASSET_PROTECTION_TRUSTS,CLOSED,4,2026-05-24,2026-05-12 09:09:02,,LOW
557,557,2025-11-03 20:35:10,REGULATORY_REPORTING_INTEGRATION,CLOSED,1,2025-11-17,2025-11-08 20:35:10,,LOW
558,558,2025-12-06 13:19:17,RETAIL_EQUITY_BROKERAGE,CLOSED,2,2025-12-20,2025-12-08 13:19:17,,LOW
559,559,2026-05-29 20:35:42,PERSONAL_LOAN,CLOSED,3,2026-06-12,2026-06-01 20:35:42,,LOW
560,560,2026-05-04 19:53:12,ESCROW_SERVICES,IN_REVIEW,3,2026-05-18,,,LOW
561,561,2026-07-17 09:40:41,LIQUIDITY_MANAGEMENT,CLOSED,5,2026-07-31,2026-07-20 09:40:41,,MEDIUM
562,562,2026-05-22 23:12:36,MORTGAGE_ORIGINATION,CLOSED,5,2026-06-05,2026-05-26 23:12:36,Unverified or expired identity documents,HIGH
563,563,2026-03-19 06:01:51,ESCROW_SERVICES,CLOSED,4,2026-04-02,2026-03-20 06:01:51,,LOW
564,564,2026-07-04 00:23:40,RETAIL_BANKING,OPEN,3,2026-07-18,,,LOW
565,565,2026-04-20 10:54:14,CORPORATE_ACCOUNT,CLOSED,4,2026-05-04,2026-04-24 10:54:14,,LOW
566,566,2026-06-29 01:41:00,RETAIL_EQUITY_BROKERAGE,CLOSED,1,2026-07-13,2026-07-01 01:41:00,,LOW
567,567,2026-03-12 22:08:03,TREASURY_MANAGEMENT,CLOSED,4,2026-03-26,2026-03-18 22:08:03,,LOW
568,568,2026-04-21 00:55:03,CRYPTO_BROKERAGE,CLOSED,4,2026-05-05,2026-04-22 00:55:03,,LOW
569,569,2025-12-02 06:54:11,TRUSTEE_ADMINISTRATION,CLOSED,2,2025-12-16,2025-12-04 06:54:11,,LOW
570,570,2025-11-14 22:36:19,AUTO_FINANCING,CLOSED,3,2025-11-28,2025-11-18 22:36:19,,LOW
571,571,2026-07-16 12:56:50,CREDIT_CARD_ISSUANCE,CLOSED,5,2026-07-30,2026-07-17 12:56:50,,LOW
572,572,2026-01-24 11:31:49,HIGH_YIELD_SAVINGS,CLOSED,3,2026-02-07,2026-01-28 11:31:49,,MEDIUM
573,573,2026-05-29 21:49:04,AUTO_FINANCING,CLOSED,3,2026-06-12,2026-06-02 21:49:04,,LOW
574,574,2026-07-14 10:07:20,MORTGAGE_ORIGINATION,CLOSED,5,2026-07-28,2026-07-15 10:07:20,,MEDIUM
575,575,2026-07-28 04:30:18,ESCROW_SERVICES,OPEN,,2026-08-11,,,LOW
576,576,2026-04-17 23:48:43,RETAIL_EQUITY_BROKERAGE,CLOSED,4,2026-05-01,2026-04-21 23:48:43,,LOW
577,577,2026-06-16 20:18:24,HIGH_YIELD_SAVINGS,IN_REVIEW,,2026-06-30,,,LOW
578,578,2025-11-02 00:47:15,ESCROW_SERVICES,CLOSED,1,2025-11-16,2025-11-03 00:47:15,Unverified or expired identity documents,HIGH
579,579,2026-08-24 14:28:52,CRYPTO_BROKERAGE,CLOSED,1,2026-09-07,2026-08-29 14:28:52,,LOW
580,580,2026-04-05 08:12:58,ROBO_ADVISORY,CLOSED,2,2026-04-19,2026-04-11 08:12:58,,MEDIUM
581,581,2026-04-12 14:51:32,ROBO_ADVISORY,OPEN,1,2026-04-26,,,HIGH
582,582,2025-11-16 03:13:02,BUY_NOW_PAY_LATER,CLOSED,4,2025-11-30,2025-11-17 03:13:02,High-risk sanctions/FATF jurisdiction,HIGH
583,583,2025-11-01 23:23:41,ESTATE_PLANNING_SERVICES,CLOSED,3,2025-11-15,2025-11-03 23:23:41,,LOW
584,584,2026-06-05 00:39:17,CRYPTO_BROKERAGE,CLOSED,1,2026-06-19,2026-06-10 00:39:17,,MEDIUM
585,585,2025-08-25 12:50:34,ROBO_ADVISORY,PENDING_DOCUMENTS,,2025-09-08,,,LOW
586,586,2026-02-21 08:44:25,TERM_LIFE_INSURANCE,CLOSED,4,2026-03-07,2026-02-23 08:44:25,,LOW
587,587,2026-08-02 05:38:24,PERSONAL_LOAN,CLOSED,4,2026-08-16,2026-08-08 05:38:24,,LOW
588,588,2025-12-06 23:55:31,CORPORATE_CREDIT_CARD,CLOSED,3,2025-12-20,2025-12-11 23:55:31,,MEDIUM
589,589,2025-11-04 14:28:43,LETTER_OF_CREDIT,CLOSED,2,2025-11-18,2025-11-05 14:28:43,Unverified or expired identity documents,HIGH
590,590,2026-03-11 12:23:58,RETAIL_EQUITY_BROKERAGE,PENDING_DOCUMENTS,4,2026-03-25,,,HIGH
591,591,2026-06-30 22:31:37,CROSS_BORDER_REMITTANCE,CLOSED,3,2026-07-14,2026-07-05 22:31:37,Adverse media and PEP screening threshold exceeded,LOW
592,592,2026-06-01 23:40:10,CREDIT_CARD_ISSUANCE,CLOSED,3,2026-06-15,2026-06-03 23:40:10,,MEDIUM
593,593,2026-08-13 03:41:18,INSTITUTIONAL_CRYPTO_CUSTODY,IN_REVIEW,,2026-08-27,,,MEDIUM
594,594,2026-01-12 01:18:34,AUTO_FINANCING,CLOSED,4,2026-01-26,2026-01-17 01:18:34,High-risk sanctions/FATF jurisdiction,HIGH
595,595,2026-08-23 08:42:32,CRYPTO_BROKERAGE,CLOSED,1,2026-09-06,2026-08-25 08:42:32,,LOW
596,596,2025-08-30 17:12:00,CRYPTO_BROKERAGE,CLOSED,1,2025-09-13,2025-09-02 17:12:00,,MEDIUM
597,597,2026-04-02 16:45:37,RETAIL_BANKING,CLOSED,3,2026-04-16,2026-04-03 16:45:37,,LOW
598,598,2026-05-07 19:55:42,PERSONAL_LOAN,CLOSED,1,2026-05-21,2026-05-12 19:55:42,,MEDIUM
599,599,2026-08-16 01:48:19,PERSONAL_LOAN,CLOSED,5,2026-08-30,2026-08-17 01:48:19,,HIGH
600,600,2026-04-04 16:36:34,ROBO_ADVISORY,CLOSED,4,2026-04-18,2026-04-10 16:36:34,,LOW
601,601,2026-04-08 21:35:45,CRYPTO_BROKERAGE,CLOSED,2,2026-04-22,2026-04-14 21:35:45,Unverified or expired identity documents,HIGH
602,602,2026-02-14 17:42:57,CROSS_BORDER_REMITTANCE,CLOSED,2,2026-02-28,2026-02-16 17:42:57,,LOW
603,603,2026-01-30 05:51:13,RETAIL_BANKING,OPEN,5,2026-02-13,,,LOW
604,604,2025-12-27 11:25:48,MORTGAGE_ORIGINATION,PENDING_DOCUMENTS,5,2026-01-10,,,HIGH
605,605,2025-11-21 09:04:51,PERSONAL_LOAN,CLOSED,2,2025-12-05,2025-11-24 09:04:51,,LOW
606,606,2026-03-04 02:53:29,RETAIL_BANKING,OPEN,4,2026-03-18,,,LOW
607,607,2026-06-14 06:07:39,CROSS_BORDER_REMITTANCE,IN_REVIEW,2,2026-06-28,,,LOW
608,608,2026-01-26 09:24:44,ESCROW_SERVICES,CLOSED,1,2026-02-09,2026-01-27 09:24:44,,LOW
609,609,2026-06-04 23:30:55,BUY_NOW_PAY_LATER,CLOSED,4,2026-06-18,2026-06-08 23:30:55,,LOW
610,610,2025-09-21 21:40:36,CRYPTO_BROKERAGE,IN_REVIEW,4,2025-10-05,,,LOW
611,611,2026-02-20 01:51:29,PERSONAL_LOAN,CLOSED,3,2026-03-06,2026-02-21 01:51:29,,LOW
612,612,2025-10-11 07:03:54,COMMERCIAL_LENDING,IN_REVIEW,3,2025-10-25,,,LOW
613,613,2026-08-03 21:50:38,PAC_TREASURY_MANAGEMENT,CLOSED,1,2026-08-17,2026-08-08 21:50:38,Unverified or expired identity documents,LOW
614,614,2025-11-19 18:52:23,CREDIT_CARD_ISSUANCE,CLOSED,4,2025-12-03,2025-11-25 18:52:23,,MEDIUM
615,615,2026-02-02 01:03:17,HIGH_YIELD_SAVINGS,IN_REVIEW,,2026-02-16,,,LOW
616,616,2026-06-16 01:50:02,MORTGAGE_ORIGINATION,CLOSED,3,2026-06-30,2026-06-19 01:50:02,Unverified or expired identity documents,LOW
617,617,2025-09-08 18:22:27,PERSONAL_LOAN,CLOSED,2,2025-09-22,2025-09-09 18:22:27,,LOW
618,618,2026-08-25 07:28:41,MORTGAGE_ORIGINATION,CLOSED,5,2026-09-08,2026-08-29 07:28:41,,MEDIUM
619,619,2025-11-08 23:24:36,ROBO_ADVISORY,CLOSED,3,2025-11-22,2025-11-09 23:24:36,,LOW
620,620,2025-11-06 10:05:16,AUTO_FINANCING,CLOSED,4,2025-11-20,2025-11-12 10:05:16,,LOW
621,621,2026-04-05 01:16:53,PERSONAL_LOAN,IN_REVIEW,2,2026-04-19,,,MEDIUM
622,622,2025-09-24 16:03:06,RETAIL_BANKING,CLOSED,2,2025-10-08,2025-09-28 16:03:06,,LOW
623,623,2026-06-04 15:35:25,TRADE_FINANCE_CREDIT_INSURANCE,CLOSED,3,2026-06-18,2026-06-06 15:35:25,,LOW
624,624,2026-01-21 21:49:47,TERM_LIFE_INSURANCE,IN_REVIEW,1,2026-02-04,,,LOW
625,625,2025-11-02 11:45:17,TERM_LIFE_INSURANCE,OPEN,5,2025-11-16,,,MEDIUM
626,626,2025-12-17 15:02:56,RETAIL_EQUITY_BROKERAGE,CLOSED,5,2025-12-31,2025-12-22 15:02:56,,LOW
627,627,2025-10-26 09:42:14,SECURITIES_BASED_LENDING,CLOSED,2,2025-11-09,2025-10-27 09:42:14,,LOW
628,628,2025-11-23 14:41:35,BUY_NOW_PAY_LATER,CLOSED,2,2025-12-07,2025-11-24 14:41:35,,LOW
629,629,2026-06-16 13:08:12,AUTO_FINANCING,CLOSED,2,2026-06-30,2026-06-21 13:08:12,,LOW
630,630,2026-03-19 10:33:21,CORPORATE_CREDIT_CARD,CLOSED,1,2026-04-02,2026-03-23 10:33:21,,LOW
631,631,2026-05-29 21:45:12,RETAIL_BANKING,CLOSED,5,2026-06-12,2026-06-02 21:45:12,,MEDIUM
632,632,2026-06-07 16:47:13,TREASURY_MANAGEMENT,CLOSED,5,2026-06-21,2026-06-11 16:47:13,,LOW
633,633,2026-01-26 21:24:57,CRYPTO_BROKERAGE,OPEN,1,2026-02-09,,,LOW
634,634,2025-11-07 00:31:08,BESPOKE_PORTFOLIO_MANAGEMENT,CLOSED,4,2025-11-21,2025-11-10 00:31:08,,LOW
635,635,2026-04-23 12:30:27,CREDIT_CARD_ISSUANCE,IN_REVIEW,1,2026-05-07,,,LOW
636,636,2026-02-15 08:28:23,CROSS_BORDER_REMITTANCE,CLOSED,2,2026-03-01,2026-02-16 08:28:23,,LOW
637,637,2025-12-02 06:43:07,AUTO_FINANCING,CLOSED,3,2025-12-16,2025-12-05 06:43:07,,LOW
638,638,2026-05-09 17:17:10,CROSS_BORDER_REMITTANCE,CLOSED,2,2026-05-23,2026-05-12 17:17:10,,LOW
639,639,2025-12-21 18:43:14,HIGH_YIELD_SAVINGS,CLOSED,5,2026-01-04,2025-12-27 18:43:14,,LOW
640,640,2025-12-04 16:01:58,PERSONAL_LOAN,CLOSED,4,2025-12-18,2025-12-09 16:01:58,,LOW
641,641,2025-12-01 04:12:02,TRUSTEE_ADMINISTRATION,IN_REVIEW,1,2025-12-15,,,HIGH
642,642,2025-11-16 22:58:09,ROBO_ADVISORY,CLOSED,2,2025-11-30,2025-11-17 22:58:09,,LOW
643,643,2026-06-04 06:20:00,TRADE_FINANCE_CREDIT_INSURANCE,IN_REVIEW,2,2026-06-18,,,MEDIUM
644,644,2025-10-18 15:08:55,ROBO_ADVISORY,CLOSED,4,2025-11-01,2025-10-23 15:08:55,,LOW
645,645,2025-12-18 20:16:25,CORPORATE_CREDIT_CARD,PENDING_DOCUMENTS,,2026-01-01,,,LOW
646,646,2026-07-06 15:57:56,CROSS_BORDER_REMITTANCE,CLOSED,2,2026-07-20,2026-07-09 15:57:56,,MEDIUM
647,647,2025-11-06 06:59:32,RETAIL_BANKING,OPEN,4,2025-11-20,,,LOW
648,648,2026-04-13 13:58:04,TERM_LIFE_INSURANCE,CLOSED,2,2026-04-27,2026-04-16 13:58:04,Unverified or expired identity documents,HIGH
649,649,2026-08-14 00:24:57,POLITICAL_DONATION_PROCESSING,CLOSED,1,2026-08-28,2026-08-18 00:24:57,,MEDIUM
650,650,2026-03-16 12:56:49,BALLOT_INITIATIVE_ESCROW,OPEN,,2026-03-30,,,LOW
651,651,2025-11-19 02:45:27,AUTO_FINANCING,CLOSED,2,2025-12-03,2025-11-23 02:45:27,,LOW
652,652,2026-05-20 06:50:15,RETAIL_BANKING,CLOSED,5,2026-06-03,2026-05-21 06:50:15,,LOW
653,653,2026-04-03 00:11:23,HIGH_YIELD_SAVINGS,CLOSED,3,2026-04-17,2026-04-09 00:11:23,,LOW
654,654,2025-11-28 20:35:47,AUTO_FINANCING,CLOSED,3,2025-12-12,2025-12-01 20:35:47,,LOW
655,655,2025-12-28 20:26:12,RETAIL_EQUITY_BROKERAGE,CLOSED,2,2026-01-11,2025-12-30 20:26:12,,LOW
656,656,2026-04-05 15:24:35,CREDIT_CARD_ISSUANCE,CLOSED,3,2026-04-19,2026-04-11 15:24:35,,HIGH
657,657,2026-05-01 12:49:35,TRADE_FINANCE_CREDIT_INSURANCE,CLOSED,4,2026-05-15,2026-05-04 12:49:35,,LOW
658,658,2026-01-07 20:41:38,CRYPTO_BROKERAGE,CLOSED,5,2026-01-21,2026-01-13 20:41:38,,LOW
659,659,2025-09-20 00:36:11,TAX_OPTIMIZED_INVESTING,CLOSED,2,2025-10-04,2025-09-26 00:36:11,,MEDIUM
660,660,2026-06-29 10:16:59,CREDIT_CARD_ISSUANCE,CLOSED,5,2026-07-13,2026-07-02 10:16:59,,LOW
661,661,2025-09-06 15:09:32,CREDIT_CARD_ISSUANCE,CLOSED,1,2025-09-20,2025-09-10 15:09:32,,HIGH
662,662,2026-06-13 13:51:11,HIGH_YIELD_SAVINGS,CLOSED,3,2026-06-27,2026-06-19 13:51:11,,LOW
663,663,2026-07-04 23:29:44,INSTITUTIONAL_CRYPTO_CUSTODY,CLOSED,3,2026-07-18,2026-07-08 23:29:44,High-risk sanctions/FATF jurisdiction,HIGH
664,664,2026-04-21 21:51:56,HIGH_YIELD_SAVINGS,PENDING_DOCUMENTS,4,2026-05-05,,,LOW
665,665,2026-08-03 22:36:51,ESCROW_SERVICES,CLOSED,1,2026-08-17,2026-08-09 22:36:51,,LOW
666,666,2025-11-22 18:50:19,ESCROW_SERVICES,CLOSED,2,2025-12-06,2025-11-24 18:50:19,,MEDIUM
667,667,2025-09-01 08:10:32,CROSS_BORDER_REMITTANCE,CLOSED,2,2025-09-15,2025-09-04 08:10:32,,LOW
668,668,2026-02-27 16:58:41,TERM_LIFE_INSURANCE,CLOSED,2,2026-03-13,2026-03-02 16:58:41,,LOW
669,669,2026-04-29 06:00:24,CRYPTO_BROKERAGE,CLOSED,2,2026-05-13,2026-05-01 06:00:24,,LOW
670,670,2026-05-30 09:27:03,BESPOKE_PORTFOLIO_MANAGEMENT,CLOSED,2,2026-06-13,2026-06-04 09:27:03,,HIGH
671,671,2025-10-26 07:56:36,RETAIL_BANKING,CLOSED,4,2025-11-09,2025-10-30 07:56:36,Adverse media and PEP screening threshold exceeded,MEDIUM
672,672,2026-04-15 22:14:35,ASSET_PROTECTION_TRUSTS,CLOSED,3,2026-04-29,2026-04-16 22:14:35,,LOW
673,673,2026-03-06 14:13:47,LIQUIDITY_MANAGEMENT,CLOSED,1,2026-03-20,2026-03-12 14:13:47,,LOW
674,674,2026-01-08 02:25:58,HIGH_YIELD_SAVINGS,CLOSED,3,2026-01-22,2026-01-10 02:25:58,,LOW
675,675,2026-07-13 13:43:38,RETAIL_BANKING,CLOSED,2,2026-07-27,2026-07-14 13:43:38,,LOW
676,676,2026-04-17 02:04:35,CREDIT_CARD_ISSUANCE,CLOSED,4,2026-05-01,2026-04-23 02:04:35,,LOW
677,677,2026-03-21 18:29:56,RETAIL_BANKING,CLOSED,2,2026-04-04,2026-03-25 18:29:56,,LOW
678,678,2026-05-23 16:42:01,RETAIL_BANKING,CLOSED,2,2026-06-06,2026-05-29 16:42:01,Unverified or expired identity documents,HIGH
679,679,2026-02-11 05:02:29,TERM_LIFE_INSURANCE,CLOSED,1,2026-02-25,2026-02-15 05:02:29,,LOW
680,680,2026-08-07 09:12:21,PAC_TREASURY_MANAGEMENT,CLOSED,1,2026-08-21,2026-08-13 09:12:21,Unverified or expired identity documents,HIGH
681,681,2026-05-12 03:31:30,BUY_NOW_PAY_LATER,CLOSED,4,2026-05-26,2026-05-16 03:31:30,,LOW
682,682,2025-09-29 00:27:02,CROSS_BORDER_REMITTANCE,CLOSED,2,2025-10-13,2025-10-01 00:27:02,,LOW
683,683,2026-03-08 18:42:43,HIGH_YIELD_SAVINGS,CLOSED,4,2026-03-22,2026-03-14 18:42:43,,HIGH
684,684,2025-12-23 14:52:19,PAYROLL_SERVICES,OPEN,,2026-01-06,,,LOW
685,685,2026-04-12 07:11:26,HIGH_YIELD_SAVINGS,CLOSED,3,2026-04-26,2026-04-13 07:11:26,,LOW
686,686,2025-09-18 00:42:27,MORTGAGE_ORIGINATION,CLOSED,3,2025-10-02,2025-09-23 00:42:27,,HIGH
687,687,2026-05-18 09:47:18,RETAIL_EQUITY_BROKERAGE,CLOSED,2,2026-06-01,2026-05-19 09:47:18,Unverified or expired identity documents,LOW
688,688,2026-04-18 03:59:24,RETAIL_BANKING,CLOSED,3,2026-05-02,2026-04-20 03:59:24,Unverified or expired identity documents,HIGH
689,689,2025-11-07 18:58:30,MERCHANT_ACQUIRING,CLOSED,5,2025-11-21,2025-11-13 18:58:30,,MEDIUM
690,690,2025-11-03 06:57:05,TERM_LIFE_INSURANCE,CLOSED,1,2025-11-17,2025-11-06 06:57:05,,LOW
691,691,2026-04-06 23:35:09,HIGH_YIELD_SAVINGS,CLOSED,4,2026-04-20,2026-04-07 23:35:09,,MEDIUM
692,692,2025-09-07 01:25:02,CROSS_BORDER_REMITTANCE,CLOSED,3,2025-09-21,2025-09-11 01:25:02,,LOW
693,693,2025-12-29 12:28:11,FX_HEDGING_SOLUTIONS,CLOSED,1,2026-01-12,2025-12-31 12:28:11,,LOW
694,694,2026-05-02 14:09:29,AUTO_FINANCING,CLOSED,4,2026-05-16,2026-05-07 14:09:29,,LOW
695,695,2026-08-02 20:42:29,BUY_NOW_PAY_LATER,CLOSED,1,2026-08-16,2026-08-06 20:42:29,,LOW
696,696,2026-07-05 06:53:12,CREDIT_CARD_ISSUANCE,CLOSED,4,2026-07-19,2026-07-11 06:53:12,,LOW
697,697,2025-10-27 01:51:57,COMMERCIAL_LENDING,OPEN,1,2025-11-10,,,LOW
698,698,2026-04-09 20:17:53,PHILANTHROPY_ENDOWMENT_MANAGEMENT,CLOSED,4,2026-04-23,2026-04-11 20:17:53,Unverified or expired identity documents,LOW
699,699,2026-05-08 12:59:00,ROBO_ADVISORY,PENDING_DOCUMENTS,2,2026-05-22,,,LOW
700,700,2026-03-08 03:08:19,CROSS_BORDER_REMITTANCE,CLOSED,3,2026-03-22,2026-03-09 03:08:19,,MEDIUM
701,701,2026-02-09 13:20:57,RETAIL_EQUITY_BROKERAGE,CLOSED,3,2026-02-23,2026-02-14 13:20:57,Unverified or expired identity documents,HIGH
702,702,2026-06-04 12:41:22,PERSONAL_LOAN,IN_REVIEW,4,2026-06-18,,,LOW
703,703,2026-08-17 00:23:29,DISBURSEMENT_PAYROLL_SERVICES,CLOSED,2,2026-08-31,2026-08-18 00:23:29,,LOW
704,704,2025-09-28 00:13:28,ESCROW_SERVICES,CLOSED,1,2025-10-12,2025-10-03 00:13:28,,LOW
705,705,2025-11-21 22:24:26,FIDUCIARY_CUSTODY_ACCOUNT,CLOSED,4,2025-12-05,2025-11-23 22:24:26,,LOW
706,706,2025-12-10 11:29:38,MERCHANT_ACQUIRING,CLOSED,4,2025-12-24,2025-12-11 11:29:38,,HIGH
707,707,2025-10-31 06:00:00,HIGH_YIELD_SAVINGS,IN_REVIEW,1,2025-11-14,,,MEDIUM
708,708,2026-01-19 06:39:47,TERM_LIFE_INSURANCE,CLOSED,5,2026-02-02,2026-01-24 06:39:47,,LOW
709,709,2026-07-15 15:41:00,REGULATORY_REPORTING_INTEGRATION,CLOSED,4,2026-07-29,2026-07-18 15:41:00,,MEDIUM
710,710,2025-10-15 07:16:30,INSTITUTIONAL_CRYPTO_CUSTODY,CLOSED,3,2025-10-29,2025-10-20 07:16:30,Unverified or expired identity documents,LOW
711,711,2025-09-07 04:50:52,TERM_LIFE_INSURANCE,CLOSED,1,2025-09-21,2025-09-08 04:50:52,,LOW
712,712,2026-08-05 02:10:12,RETAIL_EQUITY_BROKERAGE,CLOSED,3,2026-08-19,2026-08-10 02:10:12,,MEDIUM
713,713,2026-03-24 23:09:31,CREDIT_CARD_ISSUANCE,CLOSED,2,2026-04-07,2026-03-28 23:09:31,,LOW
714,714,2026-03-20 15:01:55,MORTGAGE_ORIGINATION,CLOSED,3,2026-04-03,2026-03-25 15:01:55,,LOW
715,715,2026-04-21 20:59:27,INSTITUTIONAL_CRYPTO_CUSTODY,CLOSED,2,2026-05-05,2026-04-25 20:59:27,,LOW
716,716,2026-08-10 07:03:59,TERM_LIFE_INSURANCE,CLOSED,4,2026-08-24,2026-08-11 07:03:59,,LOW
717,717,2026-03-26 23:39:07,CRYPTO_BROKERAGE,CLOSED,4,2026-04-09,2026-04-01 23:39:07,,LOW
718,718,2026-04-29 03:01:49,RETAIL_BANKING,CLOSED,5,2026-05-13,2026-05-05 03:01:49,,LOW
719,719,2025-11-04 05:06:32,CROSS_BORDER_REMITTANCE,CLOSED,5,2025-11-18,2025-11-06 05:06:32,High-risk sanctions/FATF jurisdiction,HIGH
720,720,2026-06-28 00:00:03,GOVERNMENT_RELATIONS_ESCROW,CLOSED,4,2026-07-12,2026-07-04 00:00:03,Unverified or expired identity documents,LOW
721,721,2025-10-16 16:02:09,MORTGAGE_ORIGINATION,CLOSED,5,2025-10-30,2025-10-22 16:02:09,,MEDIUM
722,722,2025-11-29 13:49:49,SECURITIES_BASED_LENDING,PENDING_DOCUMENTS,3,2025-12-13,,,LOW
723,723,2025-09-05 16:10:07,BUY_NOW_PAY_LATER,PENDING_DOCUMENTS,,2025-09-19,,,LOW
724,724,2026-08-10 05:57:21,ASSET_PROTECTION_TRUSTS,CLOSED,3,2026-08-24,2026-08-16 05:57:21,,LOW
725,725,2026-08-12 00:55:51,CORPORATE_CREDIT_CARD,CLOSED,2,2026-08-26,2026-08-17 00:55:51,,LOW
726,726,2025-10-11 02:04:29,ROBO_ADVISORY,CLOSED,3,2025-10-25,2025-10-16 02:04:29,,MEDIUM
727,727,2025-09-09 22:32:43,LIQUIDITY_MANAGEMENT,CLOSED,4,2025-09-23,2025-09-15 22:32:43,High-risk sanctions/FATF jurisdiction,HIGH
728,728,2026-07-26 18:42:39,RETAIL_BANKING,CLOSED,5,2026-08-09,2026-07-27 18:42:39,,MEDIUM
729,729,2025-08-26 07:53:00,CREDIT_CARD_ISSUANCE,CLOSED,2,2025-09-09,2025-08-29 07:53:00,,LOW
730,730,2026-01-16 15:42:54,BALLOT_INITIATIVE_ESCROW,CLOSED,1,2026-01-30,2026-01-22 15:42:54,,LOW
731,731,2026-03-08 16:21:58,CRYPTO_BROKERAGE,CLOSED,4,2026-03-22,2026-03-09 16:21:58,,MEDIUM
732,732,2025-09-06 20:17:41,CROSS_BORDER_REMITTANCE,CLOSED,2,2025-09-20,2025-09-11 20:17:41,,LOW
733,733,2025-12-30 04:00:22,BUY_NOW_PAY_LATER,OPEN,,2026-01-13,,,MEDIUM
734,734,2026-01-16 08:25:29,ROBO_ADVISORY,CLOSED,2,2026-01-30,2026-01-21 08:25:29,,MEDIUM
735,735,2026-04-03 00:52:38,CROSS_BORDER_REMITTANCE,CLOSED,5,2026-04-17,2026-04-08 00:52:38,,LOW
736,736,2025-10-12 13:51:49,CREDIT_CARD_ISSUANCE,CLOSED,3,2025-10-26,2025-10-16 13:51:49,,MEDIUM
737,737,2026-08-10 12:08:50,BUY_NOW_PAY_LATER,CLOSED,4,2026-08-24,2026-08-11 12:08:50,,LOW
738,738,2025-09-16 06:28:08,AUTO_FINANCING,CLOSED,2,2025-09-30,2025-09-21 06:28:08,,MEDIUM
739,739,2026-01-17 15:05:48,PERSONAL_LOAN,CLOSED,1,2026-01-31,2026-01-19 15:05:48,Unverified or expired identity documents,MEDIUM
740,740,2026-08-23 07:29:04,PERSONAL_LOAN,CLOSED,1,2026-09-06,2026-08-29 07:29:04,,LOW
741,741,2025-11-15 18:39:43,BUY_NOW_PAY_LATER,CLOSED,5,2025-11-29,2025-11-17 18:39:43,,LOW
742,742,2026-05-30 14:10:34,SYNDICATED_LOANS,CLOSED,1,2026-06-13,2026-06-02 14:10:34,,LOW
743,743,2025-11-25 17:28:47,ESCROW_SERVICES,CLOSED,3,2025-12-09,2025-11-28 17:28:47,Unverified or expired identity documents,LOW
744,744,2026-04-03 07:52:36,FX_HEDGING_SOLUTIONS,CLOSED,1,2026-04-17,2026-04-04 07:52:36,,LOW
745,745,2026-02-07 05:02:12,PERSONAL_LOAN,CLOSED,1,2026-02-21,2026-02-13 05:02:12,,MEDIUM
746,746,2026-07-08 10:14:18,AUTO_FINANCING,CLOSED,5,2026-07-22,2026-07-14 10:14:18,Unverified or expired identity documents,HIGH
747,747,2026-05-23 04:13:15,AUTO_FINANCING,CLOSED,4,2026-06-06,2026-05-24 04:13:15,,LOW
748,748,2026-01-21 11:42:17,RETAIL_EQUITY_BROKERAGE,CLOSED,1,2026-02-04,2026-01-23 11:42:17,,LOW
749,749,2026-01-09 08:03:10,TERM_LIFE_INSURANCE,OPEN,2,2026-01-23,,,LOW
750,750,2025-10-24 01:04:37,TERM_LIFE_INSURANCE,CLOSED,1,2025-11-07,2025-10-30 01:04:37,,LOW
751,751,2026-06-13 05:59:39,HIGH_YIELD_SAVINGS,CLOSED,1,2026-06-27,2026-06-14 05:59:39,,HIGH
752,752,2026-04-01 03:11:03,AUTO_FINANCING,CLOSED,5,2026-04-15,2026-04-03 03:11:03,,LOW
753,753,2026-05-03 10:29:30,REGULATORY_REPORTING_INTEGRATION,CLOSED,4,2026-05-17,2026-05-07 10:29:30,Unverified or expired identity documents,LOW
754,754,2026-04-12 20:39:14,TERM_LIFE_INSURANCE,CLOSED,5,2026-04-26,2026-04-13 20:39:14,,LOW
755,755,2026-02-14 17:39:38,RETAIL_EQUITY_BROKERAGE,CLOSED,1,2026-02-28,2026-02-17 17:39:38,,LOW
756,756,2026-02-13 10:34:58,AUTO_FINANCING,CLOSED,5,2026-02-27,2026-02-14 10:34:58,,LOW
757,757,2026-07-20 08:30:52,COMMERCIAL_LENDING,CLOSED,1,2026-08-03,2026-07-24 08:30:52,,LOW
758,758,2025-09-11 11:07:09,TERM_LIFE_INSURANCE,CLOSED,5,2025-09-25,2025-09-14 11:07:09,,LOW
759,759,2026-05-28 08:55:49,RETAIL_EQUITY_BROKERAGE,CLOSED,1,2026-06-11,2026-06-02 08:55:49,,LOW
760,760,2026-07-30 14:21:18,BUY_NOW_PAY_LATER,CLOSED,5,2026-08-13,2026-08-04 14:21:18,,LOW
761,761,2026-05-26 15:04:54,CROSS_BORDER_REMITTANCE,IN_REVIEW,2,2026-06-09,,,LOW
762,762,2026-04-08 17:27:53,AUTO_FINANCING,CLOSED,2,2026-04-22,2026-04-13 17:27:53,,HIGH
763,763,2026-02-12 22:05:21,SHORT_TERM_LIQUIDITY_MANAGEMENT,CLOSED,5,2026-02-26,2026-02-13 22:05:21,,LOW
764,764,2025-11-11 10:52:20,HIGH_YIELD_SAVINGS,CLOSED,3,2025-11-25,2025-11-17 10:52:20,Unverified or expired identity documents,LOW
765,765,2025-12-07 14:55:21,CREDIT_CARD_ISSUANCE,CLOSED,3,2025-12-21,2025-12-10 14:55:21,,LOW
766,766,2026-08-12 21:38:15,HIGH_YIELD_SAVINGS,CLOSED,3,2026-08-26,2026-08-17 21:38:15,Unverified or expired identity documents,MEDIUM
767,767,2026-07-06 14:10:26,PHILANTHROPY_ENDOWMENT_MANAGEMENT,CLOSED,4,2026-07-20,2026-07-09 14:10:26,Unverified or expired identity documents,LOW
768,768,2025-12-20 01:25:08,CAMPAIGN_CHECKING_ACCOUNT,CLOSED,4,2026-01-03,2025-12-22 01:25:08,Unverified or expired identity documents,LOW
769,769,2026-03-08 06:12:54,CREDIT_CARD_ISSUANCE,CLOSED,3,2026-03-22,2026-03-11 06:12:54,,LOW
770,770,2026-04-27 06:50:33,ASSET_PROTECTION_TRUSTS,CLOSED,4,2026-05-11,2026-05-01 06:50:33,,LOW
771,771,2026-06-27 09:54:45,CRYPTO_BROKERAGE,CLOSED,2,2026-07-11,2026-07-03 09:54:45,High-risk sanctions/FATF jurisdiction,HIGH
772,772,2025-10-16 23:26:44,TRADE_FINANCE_CREDIT_INSURANCE,CLOSED,5,2025-10-30,2025-10-18 23:26:44,,MEDIUM
773,773,2025-11-08 00:29:02,CORPORATE_CREDIT_CARD,CLOSED,1,2025-11-22,2025-11-09 00:29:02,,LOW
774,774,2026-04-08 22:47:42,INSTITUTIONAL_CRYPTO_CUSTODY,CLOSED,5,2026-04-22,2026-04-12 22:47:42,,LOW
775,775,2026-03-31 19:43:12,ROBO_ADVISORY,CLOSED,5,2026-04-14,2026-04-05 19:43:12,,LOW
776,776,2025-10-13 17:08:12,CROSS_BORDER_REMITTANCE,CLOSED,2,2025-10-27,2025-10-18 17:08:12,,LOW
777,777,2026-02-01 15:50:21,RETAIL_EQUITY_BROKERAGE,CLOSED,4,2026-02-15,2026-02-04 15:50:21,,LOW
778,778,2025-10-01 08:09:08,ESTATE_PLANNING_SERVICES,CLOSED,5,2025-10-15,2025-10-07 08:09:08,,LOW
779,779,2026-06-12 00:51:01,PAYROLL_SERVICES,CLOSED,2,2026-06-26,2026-06-14 00:51:01,,MEDIUM
780,780,2026-04-15 07:57:26,MORTGAGE_ORIGINATION,CLOSED,3,2026-04-29,2026-04-16 07:57:26,,MEDIUM
781,781,2025-09-21 22:01:56,RETAIL_BANKING,CLOSED,3,2025-10-05,2025-09-23 22:01:56,,HIGH
782,782,2026-08-07 23:45:34,ROBO_ADVISORY,CLOSED,4,2026-08-21,2026-08-11 23:45:34,,LOW
783,783,2026-06-28 08:47:19,DIRECT_INDEXING,CLOSED,3,2026-07-12,2026-06-29 08:47:19,,LOW
784,784,2025-11-06 02:37:08,CRYPTO_BROKERAGE,CLOSED,5,2025-11-20,2025-11-11 02:37:08,,LOW
785,785,2026-05-09 08:02:33,CRYPTO_BROKERAGE,IN_REVIEW,3,2026-05-23,,,LOW
786,786,2026-01-07 09:09:00,PERSONAL_LOAN,PENDING_DOCUMENTS,,2026-01-21,,,LOW
787,787,2026-07-25 17:14:45,PAYROLL_SERVICES,CLOSED,4,2026-08-08,2026-07-29 17:14:45,,LOW
788,788,2025-10-19 18:00:43,HIGH_YIELD_SAVINGS,CLOSED,2,2025-11-02,2025-10-21 18:00:43,,LOW
789,789,2026-05-11 07:48:14,CREDIT_CARD_ISSUANCE,CLOSED,2,2026-05-25,2026-05-13 07:48:14,,LOW
790,790,2025-12-20 06:56:20,REGULATORY_REPORTING_INTEGRATION,CLOSED,2,2026-01-03,2025-12-24 06:56:20,Unverified or expired identity documents,MEDIUM
791,791,2026-07-10 12:33:34,CRYPTO_BROKERAGE,CLOSED,4,2026-07-24,2026-07-12 12:33:34,,MEDIUM
792,792,2026-01-23 03:56:05,CREDIT_CARD_ISSUANCE,CLOSED,2,2026-02-06,2026-01-24 03:56:05,,LOW
793,793,2025-11-08 19:12:06,CRYPTO_BROKERAGE,CLOSED,5,2025-11-22,2025-11-09 19:12:06,,LOW
794,794,2026-07-30 08:43:04,BUY_NOW_PAY_LATER,CLOSED,2,2026-08-13,2026-08-04 08:43:04,,MEDIUM
795,795,2026-03-17 07:30:05,HIGH_YIELD_SAVINGS,PENDING_DOCUMENTS,3,2026-03-31,,,LOW
796,796,2026-08-09 17:58:03,ROBO_ADVISORY,CLOSED,5,2026-08-23,2026-08-13 17:58:03,,MEDIUM
797,797,2025-09-27 04:44:10,INSTITUTIONAL_CRYPTO_CUSTODY,CLOSED,5,2025-10-11,2025-09-29 04:44:10,,LOW
798,798,2025-12-13 21:54:27,TERM_LIFE_INSURANCE,CLOSED,2,2025-12-27,2025-12-19 21:54:27,,LOW
799,799,2026-07-10 06:28:43,BUY_NOW_PAY_LATER,CLOSED,2,2026-07-24,2026-07-14 06:28:43,,MEDIUM
800,800,2026-01-19 07:08:00,RETAIL_EQUITY_BROKERAGE,OPEN,5,2026-02-02,,,LOW
801,801,2026-01-19 20:32:33,RETAIL_EQUITY_BROKERAGE,PENDING_DOCUMENTS,,2026-02-02,,,MEDIUM
802,802,2026-01-06 10:23:24,TERM_LIFE_INSURANCE,CLOSED,1,2026-01-20,2026-01-10 10:23:24,,LOW
803,803,2025-12-30 06:33:42,BUY_NOW_PAY_LATER,CLOSED,4,2026-01-13,2026-01-04 06:33:42,,MEDIUM
804,804,2025-12-16 09:57:35,BUY_NOW_PAY_LATER,CLOSED,2,2025-12-30,2025-12-20 09:57:35,,LOW
805,805,2026-02-06 20:32:50,AUTO_FINANCING,CLOSED,4,2026-02-20,2026-02-08 20:32:50,,LOW
806,806,2026-04-17 08:08:31,CORPORATE_CREDIT_CARD,CLOSED,3,2026-05-01,2026-04-22 08:08:31,,LOW
807,807,2026-08-12 22:51:35,RETAIL_EQUITY_BROKERAGE,CLOSED,1,2026-08-26,2026-08-17 22:51:35,Unverified or expired identity documents,MEDIUM
808,808,2026-05-19 03:03:14,CROSS_BORDER_REMITTANCE,PENDING_DOCUMENTS,2,2026-06-02,,,LOW
809,809,2026-06-28 05:00:21,CREDIT_CARD_ISSUANCE,CLOSED,3,2026-07-12,2026-06-29 05:00:21,,LOW
810,810,2025-11-13 19:42:00,AUTO_FINANCING,IN_REVIEW,,2025-11-27,,,LOW
811,811,2025-09-20 02:56:36,CRYPTO_BROKERAGE,CLOSED,5,2025-10-04,2025-09-23 02:56:36,,LOW
812,812,2026-02-06 21:45:52,RETAIL_EQUITY_BROKERAGE,CLOSED,4,2026-02-20,2026-02-11 21:45:52,,LOW
813,813,2026-02-13 03:58:44,MERCHANT_ACQUIRING,CLOSED,5,2026-02-27,2026-02-18 03:58:44,,LOW
814,814,2025-11-08 22:11:06,CROSS_BORDER_REMITTANCE,OPEN,4,2025-11-22,,,LOW
815,815,2026-06-17 07:35:27,ESCROW_SERVICES,CLOSED,1,2026-07-01,2026-06-23 07:35:27,,LOW
816,816,2026-04-15 08:20:10,MORTGAGE_ORIGINATION,IN_REVIEW,,2026-04-29,,,LOW
817,817,2026-05-12 09:52:16,COMMERCIAL_LENDING,CLOSED,1,2026-05-26,2026-05-13 09:52:16,,MEDIUM
818,818,2026-08-01 16:40:01,TRUSTEE_ADMINISTRATION,CLOSED,1,2026-08-15,2026-08-02 16:40:01,,MEDIUM
819,819,2026-02-03 06:59:19,CRYPTO_BROKERAGE,CLOSED,4,2026-02-17,2026-02-07 06:59:19,Unverified or expired identity documents,HIGH
820,820,2025-10-01 01:07:17,TERM_LIFE_INSURANCE,PENDING_DOCUMENTS,2,2025-10-15,,,MEDIUM
821,821,2026-06-04 06:51:04,PHILANTHROPY_ENDOWMENT_MANAGEMENT,CLOSED,2,2026-06-18,2026-06-05 06:51:04,,LOW
822,822,2025-10-05 12:23:01,CAMPAIGN_CHECKING_ACCOUNT,CLOSED,2,2025-10-19,2025-10-11 12:23:01,Unverified or expired identity documents,MEDIUM
823,823,2026-02-28 19:14:05,TREASURY_MANAGEMENT,CLOSED,1,2026-03-14,2026-03-02 19:14:05,,LOW
824,824,2026-03-16 08:07:39,PAYROLL_SERVICES,CLOSED,4,2026-03-30,2026-03-20 08:07:39,,LOW
825,825,2026-01-28 05:02:14,TAX_OPTIMIZED_INVESTING,CLOSED,1,2026-02-11,2026-01-29 05:02:14,Unverified or expired identity documents,HIGH
826,826,2026-02-23 15:31:37,TRADE_FINANCE_CREDIT_INSURANCE,CLOSED,3,2026-03-09,2026-02-26 15:31:37,,MEDIUM
827,827,2026-01-09 17:42:19,RETAIL_BANKING,CLOSED,4,2026-01-23,2026-01-14 17:42:19,,LOW
828,828,2026-01-14 00:04:20,CORPORATE_CREDIT_CARD,CLOSED,5,2026-01-28,2026-01-15 00:04:20,,LOW
829,829,2026-01-27 23:22:42,AUTO_FINANCING,CLOSED,1,2026-02-10,2026-02-01 23:22:42,,MEDIUM
830,830,2026-01-08 15:52:16,ROBO_ADVISORY,CLOSED,4,2026-01-22,2026-01-13 15:52:16,,MEDIUM
831,831,2026-07-28 17:52:00,PAYROLL_SERVICES,OPEN,4,2026-08-11,,,LOW
832,832,2026-07-01 06:25:12,FX_HEDGING_SOLUTIONS,CLOSED,1,2026-07-15,2026-07-05 06:25:12,,LOW
833,833,2026-07-18 20:13:28,BENEFICIARY_DISBURSEMENT_SERVICES,OPEN,,2026-08-01,,,LOW
834,834,2025-11-26 16:23:49,TAX_OPTIMIZED_INVESTING,CLOSED,4,2025-12-10,2025-11-29 16:23:49,,MEDIUM
835,835,2026-05-07 15:47:15,HIGH_YIELD_SAVINGS,CLOSED,2,2026-05-21,2026-05-10 15:47:15,,LOW
836,836,2025-12-16 23:55:15,TAX_OPTIMIZED_INVESTING,CLOSED,3,2025-12-30,2025-12-17 23:55:15,,LOW
837,837,2025-10-19 03:22:21,AUTO_FINANCING,CLOSED,2,2025-11-02,2025-10-24 03:22:21,,LOW
838,838,2026-05-02 04:21:11,CROSS_BORDER_REMITTANCE,CLOSED,2,2026-05-16,2026-05-04 04:21:11,,HIGH
839,839,2026-06-16 21:59:06,CRYPTO_BROKERAGE,CLOSED,2,2026-06-30,2026-06-18 21:59:06,,LOW
840,840,2025-10-31 18:50:07,TERM_LIFE_INSURANCE,CLOSED,1,2025-11-14,2025-11-06 18:50:07,Unverified or expired identity documents,MEDIUM
841,841,2025-11-27 01:12:26,CRYPTO_BROKERAGE,CLOSED,4,2025-12-11,2025-11-30 01:12:26,,LOW
842,842,2026-05-19 12:19:41,RETAIL_EQUITY_BROKERAGE,CLOSED,4,2026-06-02,2026-05-21 12:19:41,,HIGH
843,843,2026-07-10 23:13:54,BUY_NOW_PAY_LATER,CLOSED,1,2026-07-24,2026-07-15 23:13:54,High-risk sanctions/FATF jurisdiction,HIGH
844,844,2026-04-15 16:11:19,ESCROW_SERVICES,CLOSED,5,2026-04-29,2026-04-18 16:11:19,,MEDIUM
845,845,2026-06-11 07:39:03,PERSONAL_LOAN,CLOSED,5,2026-06-25,2026-06-15 07:39:03,Unverified or expired identity documents,HIGH
846,846,2026-03-14 16:25:47,PAYROLL_SERVICES,CLOSED,2,2026-03-28,2026-03-18 16:25:47,,LOW
847,847,2026-03-13 23:33:28,ESTATE_PLANNING_SERVICES,CLOSED,5,2026-03-27,2026-03-16 23:33:28,,MEDIUM
848,848,2026-01-24 12:09:08,PERSONAL_LOAN,CLOSED,4,2026-02-07,2026-01-29 12:09:08,,HIGH
849,849,2026-04-06 21:49:23,REGULATORY_REPORTING_INTEGRATION,CLOSED,2,2026-04-20,2026-04-10 21:49:23,Unverified or expired identity documents,MEDIUM
850,850,2026-07-14 10:15:08,CREDIT_CARD_ISSUANCE,CLOSED,2,2026-07-28,2026-07-19 10:15:08,,LOW
851,851,2026-06-22 07:53:35,RETAIL_EQUITY_BROKERAGE,CLOSED,3,2026-07-06,2026-06-24 07:53:35,,LOW
852,852,2026-02-17 03:23:04,CAMPAIGN_CHECKING_ACCOUNT,CLOSED,2,2026-03-03,2026-02-21 03:23:04,,LOW
853,853,2025-09-30 20:16:30,CROSS_BORDER_REMITTANCE,CLOSED,5,2025-10-14,2025-10-05 20:16:30,Unverified or expired identity documents,HIGH
854,854,2026-05-07 13:55:01,CAMPAIGN_CHECKING_ACCOUNT,CLOSED,5,2026-05-21,2026-05-12 13:55:01,Unverified or expired identity documents,MEDIUM
855,855,2026-05-11 11:22:39,SYNDICATED_LOANS,CLOSED,2,2026-05-25,2026-05-12 11:22:39,Unverified or expired identity documents,LOW
856,856,2026-04-25 01:15:19,PERSONAL_LOAN,CLOSED,4,2026-05-09,2026-05-01 01:15:19,,LOW
857,857,2026-08-24 23:33:32,REGULATORY_REPORTING_INTEGRATION,CLOSED,5,2026-09-07,2026-08-27 23:33:32,,LOW
858,858,2026-07-04 16:12:10,CRYPTO_BROKERAGE,CLOSED,5,2026-07-18,2026-07-06 16:12:10,,LOW
859,859,2026-03-27 01:37:06,INSTITUTIONAL_CRYPTO_CUSTODY,CLOSED,5,2026-04-10,2026-03-29 01:37:06,,MEDIUM
860,860,2025-12-04 12:46:38,DIRECT_INDEXING,CLOSED,5,2025-12-18,2025-12-08 12:46:38,,MEDIUM
861,861,2026-04-05 18:40:51,MERCHANT_ACQUIRING,CLOSED,5,2026-04-19,2026-04-08 18:40:51,,LOW
862,862,2026-03-14 04:23:12,CRYPTO_BROKERAGE,CLOSED,4,2026-03-28,2026-03-20 04:23:12,,LOW
863,863,2026-01-18 07:48:15,MORTGAGE_ORIGINATION,CLOSED,2,2026-02-01,2026-01-21 07:48:15,,LOW
864,864,2026-02-20 12:44:59,TERM_LIFE_INSURANCE,CLOSED,3,2026-03-06,2026-02-25 12:44:59,,LOW
865,865,2026-06-13 19:27:57,RETAIL_EQUITY_BROKERAGE,OPEN,5,2026-06-27,,,MEDIUM
866,866,2026-05-02 03:14:18,ESTATE_PLANNING_SERVICES,CLOSED,4,2026-05-16,2026-05-04 03:14:18,,LOW
867,867,2026-06-06 23:11:16,CROSS_BORDER_REMITTANCE,CLOSED,3,2026-06-20,2026-06-12 23:11:16,,MEDIUM
868,868,2026-03-11 18:47:03,HIGH_YIELD_SAVINGS,OPEN,,2026-03-25,,,LOW
869,869,2026-08-13 00:27:25,RETAIL_BANKING,CLOSED,4,2026-08-27,2026-08-18 00:27:25,,LOW
870,870,2026-06-06 01:00:18,CRYPTO_BROKERAGE,CLOSED,1,2026-06-20,2026-06-09 01:00:18,,LOW
871,871,2025-08-28 15:31:35,AUTO_FINANCING,PENDING_DOCUMENTS,,2025-09-11,,,LOW
872,872,2026-01-18 14:43:11,CREDIT_CARD_ISSUANCE,CLOSED,2,2026-02-01,2026-01-23 14:43:11,,MEDIUM
873,873,2026-06-10 10:36:46,ROBO_ADVISORY,CLOSED,3,2026-06-24,2026-06-14 10:36:46,Unverified or expired identity documents,MEDIUM
874,874,2026-01-12 07:28:15,RETAIL_EQUITY_BROKERAGE,CLOSED,2,2026-01-26,2026-01-18 07:28:15,,MEDIUM
875,875,2026-05-01 02:41:42,RETAIL_EQUITY_BROKERAGE,CLOSED,5,2026-05-15,2026-05-05 02:41:42,,LOW
876,876,2026-06-10 21:43:40,RETAIL_EQUITY_BROKERAGE,CLOSED,3,2026-06-24,2026-06-14 21:43:40,,LOW
877,877,2026-08-03 19:42:18,AUTO_FINANCING,CLOSED,3,2026-08-17,2026-08-07 19:42:18,,LOW
878,878,2026-01-24 13:49:05,PERSONAL_LOAN,CLOSED,5,2026-02-07,2026-01-26 13:49:05,,LOW
879,879,2026-07-01 17:24:01,MERCHANT_ACQUIRING,CLOSED,1,2026-07-15,2026-07-07 17:24:01,,LOW
880,880,2025-12-22 18:03:42,MORTGAGE_ORIGINATION,CLOSED,3,2026-01-05,2025-12-27 18:03:42,,LOW
881,881,2026-07-15 10:52:29,TAX_OPTIMIZED_INVESTING,CLOSED,2,2026-07-29,2026-07-19 10:52:29,,MEDIUM
882,882,2025-12-11 10:58:58,MORTGAGE_ORIGINATION,CLOSED,4,2025-12-25,2025-12-15 10:58:58,,MEDIUM
883,883,2026-03-17 18:42:38,CROSS_BORDER_REMITTANCE,CLOSED,5,2026-03-31,2026-03-22 18:42:38,Unverified or expired identity documents,HIGH
884,884,2026-08-23 13:01:15,POLITICAL_DONATION_PROCESSING,CLOSED,2,2026-09-06,2026-08-24 13:01:15,,LOW
885,885,2026-01-31 14:13:01,MERCHANT_ACQUIRING,CLOSED,4,2026-02-14,2026-02-05 14:13:01,,LOW
886,886,2026-04-09 18:33:42,RETAIL_BANKING,CLOSED,2,2026-04-23,2026-04-12 18:33:42,,HIGH
887,887,2026-07-25 14:54:39,AUTO_FINANCING,CLOSED,2,2026-08-08,2026-07-26 14:54:39,,LOW
888,888,2025-09-19 09:35:26,CREDIT_CARD_ISSUANCE,CLOSED,2,2025-10-03,2025-09-20 09:35:26,,LOW
889,889,2026-01-19 13:30:50,ROBO_ADVISORY,CLOSED,4,2026-02-02,2026-01-22 13:30:50,,MEDIUM
890,890,2026-01-06 13:38:01,INSTITUTIONAL_CRYPTO_CUSTODY,PENDING_DOCUMENTS,,2026-01-20,,,LOW
891,891,2025-11-19 23:37:57,HIGH_YIELD_SAVINGS,CLOSED,3,2025-12-03,2025-11-23 23:37:57,,LOW
892,892,2026-05-06 02:58:29,RETAIL_BANKING,CLOSED,3,2026-05-20,2026-05-10 02:58:29,Unverified or expired identity documents,LOW
893,893,2026-05-29 12:40:18,RETAIL_BANKING,CLOSED,2,2026-06-12,2026-06-04 12:40:18,,LOW
894,894,2026-04-06 20:56:20,MORTGAGE_ORIGINATION,CLOSED,5,2026-04-20,2026-04-12 20:56:20,,LOW
895,895,2026-04-28 23:46:14,CREDIT_CARD_ISSUANCE,OPEN,3,2026-05-12,,,LOW
896,896,2025-11-25 10:26:13,HIGH_YIELD_SAVINGS,CLOSED,5,2025-12-09,2025-11-30 10:26:13,,MEDIUM
897,897,2026-06-30 22:05:24,RETAIL_BANKING,CLOSED,2,2026-07-14,2026-07-03 22:05:24,,MEDIUM
898,898,2025-11-10 07:19:09,ESCROW_SERVICES,CLOSED,2,2025-11-24,2025-11-16 07:19:09,,LOW
899,899,2026-02-04 19:25:12,TREASURY_MANAGEMENT,CLOSED,3,2026-02-18,2026-02-09 19:25:12,,LOW
900,900,2026-02-22 18:02:22,ROBO_ADVISORY,CLOSED,5,2026-03-08,2026-02-28 18:02:22,,LOW
901,901,2026-04-14 15:54:51,CREDIT_CARD_ISSUANCE,CLOSED,1,2026-04-28,2026-04-16 15:54:51,,HIGH
902,902,2026-07-21 21:19:02,PERSONAL_LOAN,CLOSED,1,2026-08-04,2026-07-22 21:19:02,,LOW
903,903,2025-11-07 22:38:35,MORTGAGE_ORIGINATION,CLOSED,2,2025-11-21,2025-11-11 22:38:35,,LOW
904,904,2026-02-17 10:08:06,HIGH_VOLUME_MERCHANT_GATEWAY,CLOSED,2,2026-03-03,2026-02-18 10:08:06,,LOW
905,905,2026-04-10 02:44:46,MERCHANT_ACQUIRING,CLOSED,3,2026-04-24,2026-04-11 02:44:46,,LOW
906,906,2026-01-22 17:37:29,ROBO_ADVISORY,CLOSED,5,2026-02-05,2026-01-28 17:37:29,,MEDIUM
907,907,2026-04-13 19:14:36,LETTER_OF_CREDIT,CLOSED,5,2026-04-27,2026-04-16 19:14:36,,MEDIUM
908,908,2025-09-14 10:23:40,CREDIT_CARD_ISSUANCE,CLOSED,1,2025-09-28,2025-09-19 10:23:40,,MEDIUM
909,909,2025-12-28 18:28:08,SECURITIES_BASED_LENDING,CLOSED,5,2026-01-11,2025-12-31 18:28:08,,HIGH
910,910,2026-01-31 14:05:54,CRYPTO_BROKERAGE,CLOSED,2,2026-02-14,2026-02-01 14:05:54,,LOW
911,911,2025-10-26 05:14:30,RETAIL_EQUITY_BROKERAGE,CLOSED,1,2025-11-09,2025-11-01 05:14:30,,LOW
912,912,2025-10-22 13:28:22,CRYPTO_BROKERAGE,CLOSED,5,2025-11-05,2025-10-24 13:28:22,,MEDIUM
913,913,2025-10-30 14:51:02,RETAIL_EQUITY_BROKERAGE,CLOSED,1,2025-11-13,2025-10-31 14:51:02,,HIGH
914,914,2025-12-07 07:42:37,MORTGAGE_ORIGINATION,CLOSED,2,2025-12-21,2025-12-08 07:42:37,,LOW
915,915,2026-06-14 02:06:56,CRYPTO_BROKERAGE,IN_REVIEW,1,2026-06-28,,,LOW
916,916,2025-11-25 14:37:53,TERM_LIFE_INSURANCE,CLOSED,1,2025-12-09,2025-11-27 14:37:53,,MEDIUM
917,917,2026-07-27 19:36:23,CROSS_BORDER_REMITTANCE,CLOSED,3,2026-08-10,2026-08-01 19:36:23,,LOW
918,918,2026-01-20 14:45:04,TRADE_FINANCE_CREDIT_INSURANCE,CLOSED,1,2026-02-03,2026-01-25 14:45:04,,LOW
919,919,2026-03-15 21:24:43,FIDUCIARY_CUSTODY_ACCOUNT,OPEN,,2026-03-29,,,LOW
920,920,2026-02-08 18:34:12,CORPORATE_CREDIT_CARD,CLOSED,1,2026-02-22,2026-02-10 18:34:12,,LOW
921,921,2025-10-12 19:19:06,BUY_NOW_PAY_LATER,OPEN,5,2025-10-26,,,LOW
922,922,2025-12-10 22:47:40,CREDIT_CARD_ISSUANCE,CLOSED,5,2025-12-24,2025-12-16 22:47:40,,MEDIUM
923,923,2025-11-29 19:19:39,PHILANTHROPY_ENDOWMENT_MANAGEMENT,CLOSED,1,2025-12-13,2025-12-05 19:19:39,Unverified or expired identity documents,HIGH
924,924,2026-07-10 15:08:03,COMMERCIAL_LENDING,CLOSED,4,2026-07-24,2026-07-11 15:08:03,,LOW
925,925,2025-11-28 19:57:46,CRYPTO_BROKERAGE,CLOSED,2,2025-12-12,2025-12-03 19:57:46,,MEDIUM
926,926,2026-05-21 07:29:58,PERSONAL_LOAN,OPEN,,2026-06-04,,,LOW
927,927,2026-08-22 11:12:50,CROSS_BORDER_REMITTANCE,CLOSED,4,2026-09-05,2026-08-27 11:12:50,,LOW
928,928,2025-09-13 14:10:45,CROSS_BORDER_REMITTANCE,CLOSED,4,2025-09-27,2025-09-14 14:10:45,,MEDIUM
929,929,2025-09-11 22:15:29,AUTO_FINANCING,CLOSED,5,2025-09-25,2025-09-13 22:15:29,,MEDIUM
930,930,2025-10-02 21:27:41,LETTER_OF_CREDIT,PENDING_DOCUMENTS,2,2025-10-16,,,MEDIUM
931,931,2026-05-10 20:33:52,RETAIL_EQUITY_BROKERAGE,CLOSED,5,2026-05-24,2026-05-15 20:33:52,,LOW
932,932,2025-10-25 09:45:05,MERCHANT_ACQUIRING,CLOSED,1,2025-11-08,2025-10-26 09:45:05,,LOW
933,933,2026-06-23 10:10:06,LETTER_OF_CREDIT,OPEN,3,2026-07-07,,,MEDIUM
934,934,2026-01-28 14:47:37,TRADE_FINANCE_CREDIT_INSURANCE,CLOSED,2,2026-02-11,2026-01-30 14:47:37,,LOW
935,935,2026-03-21 17:06:29,SYNDICATED_LOANS,CLOSED,4,2026-04-04,2026-03-26 17:06:29,,LOW
936,936,2026-07-13 22:34:52,CROSS_BORDER_REMITTANCE,CLOSED,2,2026-07-27,2026-07-17 22:34:52,,MEDIUM
937,937,2025-09-09 06:07:07,CROSS_BORDER_REMITTANCE,OPEN,1,2025-09-23,,,LOW
938,938,2025-09-04 21:26:17,PERSONAL_LOAN,CLOSED,1,2025-09-18,2025-09-05 21:26:17,,MEDIUM
939,939,2025-12-17 23:23:29,TERM_LIFE_INSURANCE,CLOSED,2,2025-12-31,2025-12-23 23:23:29,,LOW
940,940,2025-09-04 03:05:34,RETAIL_EQUITY_BROKERAGE,CLOSED,1,2025-09-18,2025-09-07 03:05:34,Unverified or expired identity documents,LOW
941,941,2026-07-05 21:57:51,LETTER_OF_CREDIT,CLOSED,5,2026-07-19,2026-07-07 21:57:51,,MEDIUM
942,942,2026-05-03 18:48:08,CROSS_BORDER_REMITTANCE,CLOSED,1,2026-05-17,2026-05-09 18:48:08,,LOW
943,943,2026-04-06 04:13:07,AUTO_FINANCING,CLOSED,2,2026-04-20,2026-04-10 04:13:07,,LOW
944,944,2026-01-12 07:59:57,CRYPTO_BROKERAGE,CLOSED,1,2026-01-26,2026-01-16 07:59:57,,LOW
945,945,2026-06-25 16:03:55,SHORT_TERM_LIQUIDITY_MANAGEMENT,CLOSED,1,2026-07-09,2026-06-29 16:03:55,Unverified or expired identity documents,HIGH
946,946,2025-10-13 22:29:43,ROBO_ADVISORY,CLOSED,5,2025-10-27,2025-10-15 22:29:43,Unverified or expired identity documents,MEDIUM
947,947,2026-05-20 08:38:27,AUTO_FINANCING,CLOSED,2,2026-06-03,2026-05-21 08:38:27,,LOW
948,948,2026-04-17 05:55:04,BUY_NOW_PAY_LATER,CLOSED,1,2026-05-01,2026-04-23 05:55:04,,LOW
949,949,2026-03-07 08:09:34,GOVERNMENT_RELATIONS_ESCROW,CLOSED,3,2026-03-21,2026-03-10 08:09:34,,LOW
950,950,2026-08-04 11:55:38,PAYROLL_SERVICES,CLOSED,2,2026-08-18,2026-08-07 11:55:38,,MEDIUM
951,951,2026-05-17 05:15:09,SYNDICATED_LOANS,CLOSED,4,2026-05-31,2026-05-18 05:15:09,,LOW
952,952,2026-01-26 19:41:35,ESTATE_PLANNING_SERVICES,PENDING_DOCUMENTS,,2026-02-09,,,MEDIUM
953,953,2026-01-09 10:18:19,LIQUIDITY_MANAGEMENT,CLOSED,1,2026-01-23,2026-01-10 10:18:19,,LOW
954,954,2025-09-29 18:27:20,CORPORATE_ACCOUNT,CLOSED,2,2025-10-13,2025-10-02 18:27:20,,LOW
955,955,2025-08-26 09:04:26,DISBURSEMENT_PAYROLL_SERVICES,OPEN,4,2025-09-09,,,LOW
956,956,2025-09-01 14:34:16,RETAIL_EQUITY_BROKERAGE,CLOSED,2,2025-09-15,2025-09-06 14:34:16,Unverified or expired identity documents,HIGH
957,957,2025-10-10 12:05:14,CRYPTO_BROKERAGE,CLOSED,1,2025-10-24,2025-10-14 12:05:14,,LOW
958,958,2026-06-08 17:40:08,BALLOT_INITIATIVE_ESCROW,CLOSED,2,2026-06-22,2026-06-09 17:40:08,Unverified or expired identity documents,LOW
959,959,2026-02-14 03:48:37,PRIVATE_EQUITY_FEEDER,PENDING_DOCUMENTS,4,2026-02-28,,,LOW
960,960,2026-04-15 03:18:56,AUTO_FINANCING,CLOSED,4,2026-04-29,2026-04-21 03:18:56,Unverified or expired identity documents,LOW
961,961,2026-02-09 07:07:21,HIGH_VOLUME_MERCHANT_GATEWAY,CLOSED,4,2026-02-23,2026-02-11 07:07:21,Unverified or expired identity documents,LOW
962,962,2026-08-03 00:25:07,PAYROLL_SERVICES,OPEN,4,2026-08-17,,,LOW
963,963,2025-10-16 21:09:19,RETAIL_BANKING,CLOSED,5,2025-10-30,2025-10-22 21:09:19,,LOW
964,964,2026-08-18 07:49:16,ROBO_ADVISORY,OPEN,3,2026-09-01,,,LOW
965,965,2025-11-07 08:40:43,CORPORATE_CREDIT_CARD,CLOSED,3,2025-11-21,2025-11-09 08:40:43,,LOW
966,966,2025-10-13 23:26:52,BUY_NOW_PAY_LATER,IN_REVIEW,,2025-10-27,,,LOW
967,967,2026-04-01 05:01:16,PRIVATE_EQUITY_FEEDER,CLOSED,3,2026-04-15,2026-04-05 05:01:16,,LOW
968,968,2025-12-29 01:12:39,CRYPTO_BROKERAGE,CLOSED,5,2026-01-12,2026-01-04 01:12:39,,LOW
969,969,2026-02-05 23:34:44,CREDIT_CARD_ISSUANCE,CLOSED,2,2026-02-19,2026-02-10 23:34:44,Unverified or expired identity documents,HIGH
970,970,2026-01-20 18:56:28,CREDIT_CARD_ISSUANCE,CLOSED,4,2026-02-03,2026-01-25 18:56:28,Unverified or expired identity documents,HIGH
971,971,2025-10-13 04:28:30,BENEFICIARY_DISBURSEMENT_SERVICES,CLOSED,5,2025-10-27,2025-10-19 04:28:30,,LOW
972,972,2026-01-14 07:07:15,TERM_LIFE_INSURANCE,CLOSED,4,2026-01-28,2026-01-16 07:07:15,,MEDIUM
973,973,2026-08-11 16:53:41,RETAIL_EQUITY_BROKERAGE,IN_REVIEW,5,2026-08-25,,,MEDIUM
974,974,2026-02-06 01:02:13,BESPOKE_PORTFOLIO_MANAGEMENT,CLOSED,1,2026-02-20,2026-02-09 01:02:13,Unverified or expired identity documents,LOW
975,975,2026-05-16 17:21:30,HIGH_YIELD_SAVINGS,CLOSED,2,2026-05-30,2026-05-18 17:21:30,High-risk sanctions/FATF jurisdiction,HIGH
976,976,2026-02-01 09:32:55,CRYPTO_BROKERAGE,CLOSED,5,2026-02-15,2026-02-06 09:32:55,,MEDIUM
977,977,2025-12-07 18:19:46,HIGH_YIELD_SAVINGS,CLOSED,1,2025-12-21,2025-12-10 18:19:46,,LOW
978,978,2026-06-30 12:06:19,CREDIT_CARD_ISSUANCE,OPEN,3,2026-07-14,,,LOW
979,979,2025-12-13 06:47:10,RETAIL_BANKING,CLOSED,1,2025-12-27,2025-12-17 06:47:10,,LOW
980,980,2026-07-12 08:40:44,TREASURY_MANAGEMENT,CLOSED,2,2026-07-26,2026-07-14 08:40:44,,LOW
981,981,2026-04-18 17:40:47,MORTGAGE_ORIGINATION,CLOSED,3,2026-05-02,2026-04-22 17:40:47,,LOW
982,982,2025-12-17 03:33:04,CRYPTO_BROKERAGE,CLOSED,3,2025-12-31,2025-12-21 03:33:04,,LOW
983,983,2026-07-18 02:01:52,HIGH_YIELD_SAVINGS,IN_REVIEW,5,2026-08-01,,,MEDIUM
984,984,2026-07-16 08:09:32,BUY_NOW_PAY_LATER,CLOSED,1,2026-07-30,2026-07-21 08:09:32,,LOW
985,985,2025-09-25 07:33:06,BUY_NOW_PAY_LATER,CLOSED,3,2025-10-09,2025-09-29 07:33:06,,LOW
986,986,2026-07-17 09:40:57,CRYPTO_BROKERAGE,CLOSED,4,2026-07-31,2026-07-20 09:40:57,,LOW
987,987,2026-07-14 01:46:27,ROBO_ADVISORY,CLOSED,4,2026-07-28,2026-07-20 01:46:27,,LOW
988,988,2025-10-30 09:18:20,CROSS_BORDER_REMITTANCE,CLOSED,2,2025-11-13,2025-11-04 09:18:20,Unverified or expired identity documents,MEDIUM
989,989,2025-11-23 17:04:21,RETAIL_BANKING,CLOSED,3,2025-12-07,2025-11-27 17:04:21,,MEDIUM
990,990,2025-11-13 09:54:35,AUTO_FINANCING,CLOSED,4,2025-11-27,2025-11-14 09:54:35,,LOW
991,991,2025-11-13 13:25:28,CROSS_BORDER_REMITTANCE,IN_REVIEW,,2025-11-27,,,LOW
992,992,2026-08-06 07:48:26,RETAIL_EQUITY_BROKERAGE,CLOSED,3,2026-08-20,2026-08-07 07:48:26,,LOW
993,993,2026-01-25 10:27:48,COMMERCIAL_LENDING,CLOSED,5,2026-02-08,2026-01-30 10:27:48,High-risk sanctions/FATF jurisdiction,HIGH
994,994,2026-06-26 10:43:41,INSTITUTIONAL_CRYPTO_CUSTODY,OPEN,1,2026-07-10,,,LOW
995,995,2025-09-28 16:02:34,CREDIT_CARD_ISSUANCE,CLOSED,2,2025-10-12,2025-09-30 16:02:34,,LOW
996,996,2026-03-04 23:10:45,TRADE_FINANCE_CREDIT_INSURANCE,IN_REVIEW,3,2026-03-18,,,LOW
997,997,2026-03-29 05:37:14,PRIVATE_EQUITY_FEEDER,CLOSED,4,2026-04-12,2026-04-01 05:37:14,,MEDIUM
998,998,2026-03-03 05:07:03,BALLOT_INITIATIVE_ESCROW,CLOSED,1,2026-03-17,2026-03-08 05:07:03,Unverified or expired identity documents,HIGH
999,999,2026-02-25 15:46:05,CRYPTO_BROKERAGE,CLOSED,5,2026-03-11,2026-02-26 15:46:05,,LOW
1000,1000,2026-07-20 04:19:39,HIGH_VOLUME_MERCHANT_GATEWAY,CLOSED,4,2026-08-03,2026-07-24 04:19:39,,LOW
1001,1001,2026-06-24 17:30:09,AUTO_FINANCING,CLOSED,2,2026-07-08,2026-06-29 17:30:09,,LOW
1002,1002,2026-07-17 18:57:08,COMMERCIAL_LENDING,CLOSED,2,2026-07-31,2026-07-18 18:57:08,,LOW
1003,1003,2026-01-31 23:23:43,RETAIL_BANKING,OPEN,,2026-02-14,,,LOW
1004,1004,2026-01-15 22:14:10,BUY_NOW_PAY_LATER,CLOSED,1,2026-01-29,2026-01-16 22:14:10,,LOW
1005,1005,2025-09-29 01:01:48,CROSS_BORDER_REMITTANCE,CLOSED,5,2025-10-13,2025-10-05 01:01:48,,LOW
1006,1006,2026-04-07 21:26:33,CRYPTO_BROKERAGE,CLOSED,4,2026-04-21,2026-04-13 21:26:33,,LOW
1007,1007,2026-08-20 15:55:44,BUY_NOW_PAY_LATER,CLOSED,3,2026-09-03,2026-08-23 15:55:44,,MEDIUM
1008,1008,2026-02-02 09:59:19,MERCHANT_ACQUIRING,CLOSED,1,2026-02-16,2026-02-05 09:59:19,,MEDIUM
1009,1009,2026-05-19 00:42:17,HIGH_VOLUME_MERCHANT_GATEWAY,OPEN,5,2026-06-02,,,LOW
1010,1010,2026-05-14 05:36:26,RETAIL_BANKING,CLOSED,2,2026-05-28,2026-05-19 05:36:26,,LOW
1011,1011,2025-12-02 03:37:44,CROSS_BORDER_REMITTANCE,CLOSED,4,2025-12-16,2025-12-08 03:37:44,,MEDIUM
1012,1012,2026-03-27 02:45:40,AUTO_FINANCING,CLOSED,5,2026-04-10,2026-03-30 02:45:40,,LOW
1013,1013,2026-02-14 21:17:38,CRYPTO_BROKERAGE,CLOSED,2,2026-02-28,2026-02-19 21:17:38,,LOW
1014,1014,2026-01-25 16:08:57,CRYPTO_BROKERAGE,CLOSED,4,2026-02-08,2026-01-27 16:08:57,,MEDIUM
1015,1015,2025-09-16 22:37:24,RETAIL_BANKING,CLOSED,1,2025-09-30,2025-09-17 22:37:24,,LOW
1016,1016,2025-11-10 23:54:16,BUY_NOW_PAY_LATER,CLOSED,5,2025-11-24,2025-11-14 23:54:16,,MEDIUM
1017,1017,2026-07-11 12:10:02,MORTGAGE_ORIGINATION,CLOSED,1,2026-07-25,2026-07-17 12:10:02,,LOW
1018,1018,2026-04-28 17:50:48,FIDUCIARY_CUSTODY_ACCOUNT,PENDING_DOCUMENTS,,2026-05-12,,,HIGH
1019,1019,2025-10-01 12:15:21,ESCROW_SERVICES,CLOSED,3,2025-10-15,2025-10-04 12:15:21,High-risk sanctions/FATF jurisdiction,HIGH
1020,1020,2025-11-19 02:10:22,PERSONAL_LOAN,CLOSED,2,2025-12-03,2025-11-21 02:10:22,,LOW
1021,1021,2026-07-29 11:31:54,CREDIT_CARD_ISSUANCE,CLOSED,1,2026-08-12,2026-08-04 11:31:54,,MEDIUM
1022,1022,2026-08-16 09:24:49,ROBO_ADVISORY,CLOSED,5,2026-08-30,2026-08-19 09:24:49,,MEDIUM
1023,1023,2026-05-07 08:42:48,TERM_LIFE_INSURANCE,CLOSED,5,2026-05-21,2026-05-13 08:42:48,,LOW
1024,1024,2026-08-19 02:51:11,CRYPTO_BROKERAGE,IN_REVIEW,2,2026-09-02,,,LOW
1025,1025,2026-07-07 15:29:48,PRIVATE_EQUITY_FEEDER,CLOSED,3,2026-07-21,2026-07-11 15:29:48,,LOW
1026,1026,2026-03-08 10:01:18,HIGH_YIELD_SAVINGS,CLOSED,2,2026-03-22,2026-03-13 10:01:18,,MEDIUM
1027,1027,2025-12-19 01:55:57,HIGH_VOLUME_MERCHANT_GATEWAY,CLOSED,1,2026-01-02,2025-12-22 01:55:57,,LOW
1028,1028,2025-12-04 02:01:52,MORTGAGE_ORIGINATION,CLOSED,4,2025-12-18,2025-12-07 02:01:52,,LOW
1029,1029,2026-03-15 16:06:12,MORTGAGE_ORIGINATION,CLOSED,3,2026-03-29,2026-03-16 16:06:12,,LOW
1030,1030,2026-04-18 05:53:29,CREDIT_CARD_ISSUANCE,CLOSED,4,2026-05-02,2026-04-23 05:53:29,,LOW
1031,1031,2026-08-16 22:58:38,TRADE_FINANCE_CREDIT_INSURANCE,OPEN,5,2026-08-30,,,LOW
1032,1032,2026-01-07 17:25:52,INSTITUTIONAL_CRYPTO_CUSTODY,PENDING_DOCUMENTS,2,2026-01-21,,,LOW
1033,1033,2026-07-26 14:59:51,RETAIL_BANKING,CLOSED,2,2026-08-09,2026-08-01 14:59:51,Unverified or expired identity documents,LOW
1034,1034,2026-01-05 19:02:44,RETAIL_BANKING,CLOSED,1,2026-01-19,2026-01-08 19:02:44,,MEDIUM
1035,1035,2025-08-29 18:29:01,MERCHANT_ACQUIRING,OPEN,3,2025-09-12,,,HIGH
1036,1036,2026-05-14 05:25:15,AUTO_FINANCING,CLOSED,1,2026-05-28,2026-05-19 05:25:15,,LOW
1037,1037,2026-06-19 13:00:15,AUTO_FINANCING,CLOSED,2,2026-07-03,2026-06-22 13:00:15,,HIGH
1038,1038,2026-01-04 22:27:27,CREDIT_CARD_ISSUANCE,IN_REVIEW,3,2026-01-18,,,LOW
1039,1039,2025-11-27 08:15:20,PERSONAL_LOAN,CLOSED,2,2025-12-11,2025-12-02 08:15:20,,LOW
1040,1040,2025-11-21 20:42:00,INSTITUTIONAL_CRYPTO_CUSTODY,CLOSED,2,2025-12-05,2025-11-27 20:42:00,Unverified or expired identity documents,MEDIUM
1041,1041,2026-03-20 08:26:33,PERSONAL_LOAN,CLOSED,3,2026-04-03,2026-03-25 08:26:33,,LOW
1042,1042,2026-01-19 17:45:36,TERM_LIFE_INSURANCE,CLOSED,1,2026-02-02,2026-01-23 17:45:36,,LOW
1043,1043,2025-12-03 01:29:42,TREASURY_MANAGEMENT,OPEN,1,2025-12-17,,,LOW
1044,1044,2026-06-28 19:06:49,TERM_LIFE_INSURANCE,CLOSED,2,2026-07-12,2026-07-04 19:06:49,Unverified or expired identity documents,MEDIUM
1045,1045,2026-03-03 23:38:53,TREASURY_MANAGEMENT,CLOSED,5,2026-03-17,2026-03-05 23:38:53,,LOW
1046,1046,2025-12-02 15:22:13,TERM_LIFE_INSURANCE,CLOSED,3,2025-12-16,2025-12-08 15:22:13,,MEDIUM
1047,1047,2025-10-28 09:00:13,GOVERNMENT_RELATIONS_ESCROW,CLOSED,2,2025-11-11,2025-10-30 09:00:13,,LOW
1048,1048,2026-03-15 15:19:58,ROBO_ADVISORY,CLOSED,3,2026-03-29,2026-03-18 15:19:58,,MEDIUM
1049,1049,2026-05-19 23:30:07,LETTER_OF_CREDIT,CLOSED,4,2026-06-02,2026-05-20 23:30:07,,MEDIUM
1050,1050,2025-09-03 09:41:51,CRYPTO_BROKERAGE,CLOSED,3,2025-09-17,2025-09-08 09:41:51,,LOW
1051,1051,2026-07-26 19:54:40,PERSONAL_LOAN,OPEN,1,2026-08-09,,,MEDIUM
1052,1052,2026-07-02 08:18:19,ESCROW_SERVICES,CLOSED,4,2026-07-16,2026-07-07 08:18:19,,LOW
1053,1053,2025-12-22 23:55:27,HIGH_YIELD_SAVINGS,CLOSED,4,2026-01-05,2025-12-26 23:55:27,,MEDIUM
1054,1054,2026-05-07 18:25:04,PERSONAL_LOAN,CLOSED,4,2026-05-21,2026-05-12 18:25:04,,MEDIUM
1055,1055,2026-04-15 11:59:50,PRIVATE_EQUITY_FEEDER,CLOSED,2,2026-04-29,2026-04-21 11:59:50,,LOW
1056,1056,2025-12-20 22:25:33,CRYPTO_BROKERAGE,CLOSED,1,2026-01-03,2025-12-25 22:25:33,,LOW
1057,1057,2026-02-22 18:08:28,AUTO_FINANCING,CLOSED,4,2026-03-08,2026-02-24 18:08:28,,MEDIUM
1058,1058,2026-07-03 14:24:57,GOVERNMENT_RELATIONS_ESCROW,OPEN,,2026-07-17,,,LOW
1059,1059,2026-06-16 15:24:13,RETAIL_BANKING,CLOSED,5,2026-06-30,2026-06-22 15:24:13,,LOW
1060,1060,2026-03-06 18:37:08,HIGH_VOLUME_MERCHANT_GATEWAY,CLOSED,5,2026-03-20,2026-03-09 18:37:08,,MEDIUM
1061,1061,2026-02-09 09:19:38,SYNDICATED_LOANS,PENDING_DOCUMENTS,2,2026-02-23,,,MEDIUM
1062,1062,2026-05-08 05:00:26,BUY_NOW_PAY_LATER,CLOSED,5,2026-05-22,2026-05-13 05:00:26,,LOW
1063,1063,2026-07-21 06:26:00,RETAIL_BANKING,CLOSED,5,2026-08-04,2026-07-22 06:26:00,,LOW
1064,1064,2026-06-15 16:26:54,RETAIL_BANKING,IN_REVIEW,3,2026-06-29,,,LOW
1065,1065,2026-07-29 06:56:21,BUY_NOW_PAY_LATER,CLOSED,4,2026-08-12,2026-08-02 06:56:21,Unverified or expired identity documents,LOW
1066,1066,2026-06-09 08:18:50,POLITICAL_DONATION_PROCESSING,CLOSED,2,2026-06-23,2026-06-13 08:18:50,,LOW
1067,1067,2026-01-06 21:58:50,COMMERCIAL_LENDING,CLOSED,3,2026-01-20,2026-01-10 21:58:50,,LOW
1068,1068,2026-04-21 09:28:38,TERM_LIFE_INSURANCE,CLOSED,1,2026-05-05,2026-04-22 09:28:38,,LOW
1069,1069,2025-10-12 09:50:53,ESCROW_SERVICES,CLOSED,4,2025-10-26,2025-10-18 09:50:53,,HIGH
1070,1070,2026-05-09 23:37:46,CROSS_BORDER_REMITTANCE,OPEN,4,2026-05-23,,,LOW
1071,1071,2026-04-08 17:23:58,CRYPTO_BROKERAGE,OPEN,,2026-04-22,,,LOW
1072,1072,2025-11-27 15:39:02,ESCROW_SERVICES,CLOSED,5,2025-12-11,2025-12-01 15:39:02,Unverified or expired identity documents,LOW
1073,1073,2026-02-27 23:33:22,CRYPTO_BROKERAGE,CLOSED,5,2026-03-13,2026-02-28 23:33:22,,HIGH
1074,1074,2026-01-28 22:30:55,CRYPTO_BROKERAGE,CLOSED,4,2026-02-11,2026-02-02 22:30:55,,LOW
1075,1075,2025-11-21 06:26:35,PHILANTHROPY_ENDOWMENT_MANAGEMENT,IN_REVIEW,,2025-12-05,,,LOW
1076,1076,2026-05-15 04:53:40,DISBURSEMENT_PAYROLL_SERVICES,CLOSED,5,2026-05-29,2026-05-18 04:53:40,Unverified or expired identity documents,MEDIUM
1077,1077,2025-11-02 05:52:18,BENEFICIARY_DISBURSEMENT_SERVICES,CLOSED,5,2025-11-16,2025-11-03 05:52:18,Unverified or expired identity documents,HIGH
1078,1078,2026-07-28 09:25:30,PRIVATE_EQUITY_FEEDER,PENDING_DOCUMENTS,,2026-08-11,,,HIGH
1079,1079,2026-05-25 09:55:36,CRYPTO_BROKERAGE,CLOSED,5,2026-06-08,2026-05-29 09:55:36,,LOW
1080,1080,2025-10-07 02:12:45,RETAIL_BANKING,CLOSED,3,2025-10-21,2025-10-09 02:12:45,,LOW
1081,1081,2026-02-18 17:25:38,RETAIL_BANKING,CLOSED,5,2026-03-04,2026-02-21 17:25:38,,LOW
1082,1082,2026-05-23 06:58:41,WEALTH_MANAGEMENT,CLOSED,2,2026-06-06,2026-05-28 06:58:41,,LOW
1083,1083,2026-07-25 12:57:39,TRADE_FINANCE_CREDIT_INSURANCE,CLOSED,5,2026-08-08,2026-07-26 12:57:39,,MEDIUM
1084,1084,2025-11-20 09:08:11,CREDIT_CARD_ISSUANCE,CLOSED,3,2025-12-04,2025-11-23 09:08:11,,LOW
1085,1085,2025-09-30 05:16:08,LIQUIDITY_MANAGEMENT,CLOSED,3,2025-10-14,2025-10-01 05:16:08,,LOW
1086,1086,2026-03-02 20:26:57,CREDIT_CARD_ISSUANCE,CLOSED,4,2026-03-16,2026-03-05 20:26:57,,MEDIUM
1087,1087,2026-08-22 00:01:18,ESTATE_PLANNING_SERVICES,OPEN,4,2026-09-05,,,LOW
1088,1088,2026-04-11 05:56:58,BUY_NOW_PAY_LATER,OPEN,4,2026-04-25,,,LOW
1089,1089,2026-03-09 23:53:50,TERM_LIFE_INSURANCE,CLOSED,4,2026-03-23,2026-03-15 23:53:50,,LOW
1090,1090,2025-10-05 09:17:26,AUTO_FINANCING,CLOSED,1,2025-10-19,2025-10-11 09:17:26,,LOW
1091,1091,2026-04-17 00:17:53,ESCROW_SERVICES,OPEN,4,2026-05-01,,,LOW
1092,1092,2025-11-17 11:02:12,CREDIT_CARD_ISSUANCE,CLOSED,4,2025-12-01,2025-11-20 11:02:12,,LOW
1093,1093,2025-10-17 15:51:49,TRUSTEE_ADMINISTRATION,IN_REVIEW,,2025-10-31,,,HIGH
1094,1094,2025-09-06 13:51:16,TERM_LIFE_INSURANCE,CLOSED,3,2025-09-20,2025-09-11 13:51:16,,LOW
1095,1095,2025-12-29 07:27:56,PHILANTHROPY_ENDOWMENT_MANAGEMENT,CLOSED,3,2026-01-12,2026-01-02 07:27:56,,LOW
1096,1096,2025-10-05 18:16:18,INSTITUTIONAL_CRYPTO_CUSTODY,CLOSED,3,2025-10-19,2025-10-08 18:16:18,,HIGH
1097,1097,2026-02-02 22:17:25,MERCHANT_ACQUIRING,CLOSED,5,2026-02-16,2026-02-06 22:17:25,,LOW
1098,1098,2026-04-06 18:58:20,TERM_LIFE_INSURANCE,CLOSED,5,2026-04-20,2026-04-09 18:58:20,,MEDIUM
1099,1099,2026-06-05 12:53:12,FX_HEDGING_SOLUTIONS,CLOSED,5,2026-06-19,2026-06-06 12:53:12,,LOW
1100,1100,2025-10-26 10:23:39,HIGH_YIELD_SAVINGS,CLOSED,1,2025-11-09,2025-10-31 10:23:39,,LOW
1101,1101,2026-01-24 03:12:12,ESCROW_SERVICES,CLOSED,3,2026-02-07,2026-01-27 03:12:12,,LOW
1102,1102,2025-10-04 00:40:18,TERM_LIFE_INSURANCE,CLOSED,1,2025-10-18,2025-10-09 00:40:18,,LOW
1103,1103,2026-04-22 17:01:24,CROSS_BORDER_REMITTANCE,IN_REVIEW,,2026-05-06,,,MEDIUM
1104,1104,2026-08-16 11:56:56,TREASURY_MANAGEMENT,CLOSED,5,2026-08-30,2026-08-18 11:56:56,,LOW
1105,1105,2025-12-09 18:29:15,PAC_TREASURY_MANAGEMENT,CLOSED,4,2025-12-23,2025-12-15 18:29:15,Unverified or expired identity documents,LOW
1106,1106,2026-07-07 20:01:40,CREDIT_CARD_ISSUANCE,IN_REVIEW,3,2026-07-21,,,LOW
1107,1107,2026-01-03 00:33:40,BUY_NOW_PAY_LATER,CLOSED,1,2026-01-17,2026-01-07 00:33:40,,LOW
1108,1108,2026-02-04 07:41:21,HIGH_YIELD_SAVINGS,CLOSED,2,2026-02-18,2026-02-08 07:41:21,,LOW
1109,1109,2025-09-21 16:52:50,PRIVATE_EQUITY_FEEDER,CLOSED,4,2025-10-05,2025-09-23 16:52:50,,LOW
1110,1110,2026-05-26 01:42:49,GOVERNMENT_RELATIONS_ESCROW,CLOSED,4,2026-06-09,2026-05-28 01:42:49,,LOW
1111,1111,2025-12-02 15:07:57,HIGH_YIELD_SAVINGS,CLOSED,1,2025-12-16,2025-12-03 15:07:57,,LOW
1112,1112,2026-06-16 08:59:57,TERM_LIFE_INSURANCE,CLOSED,4,2026-06-30,2026-06-18 08:59:57,,LOW
1113,1113,2025-12-10 01:08:17,CREDIT_CARD_ISSUANCE,OPEN,3,2025-12-24,,,LOW
1114,1114,2026-06-01 00:23:55,HIGH_YIELD_SAVINGS,CLOSED,4,2026-06-15,2026-06-07 00:23:55,,LOW
1115,1115,2026-02-16 02:43:30,CRYPTO_BROKERAGE,CLOSED,4,2026-03-02,2026-02-17 02:43:30,,LOW
1116,1116,2025-12-03 03:14:36,BUY_NOW_PAY_LATER,OPEN,,2025-12-17,,,LOW
1117,1117,2026-02-21 07:40:15,TAX_OPTIMIZED_INVESTING,CLOSED,1,2026-03-07,2026-02-24 07:40:15,,LOW
1118,1118,2026-08-21 02:32:33,RETAIL_EQUITY_BROKERAGE,CLOSED,2,2026-09-04,2026-08-23 02:32:33,,LOW
1119,1119,2025-11-14 19:59:09,BUY_NOW_PAY_LATER,CLOSED,3,2025-11-28,2025-11-20 19:59:09,,LOW
1120,1120,2026-05-14 09:16:43,TREASURY_MANAGEMENT,CLOSED,3,2026-05-28,2026-05-18 09:16:43,,LOW
1121,1121,2026-03-21 04:16:58,MORTGAGE_ORIGINATION,CLOSED,2,2026-04-04,2026-03-22 04:16:58,Unverified or expired identity documents,HIGH
1122,1122,2026-03-10 13:31:58,TAX_OPTIMIZED_INVESTING,CLOSED,4,2026-03-24,2026-03-11 13:31:58,,MEDIUM
1123,1123,2025-09-13 05:42:56,RETAIL_BANKING,IN_REVIEW,,2025-09-27,,,LOW
1124,1124,2026-08-04 08:27:52,LETTER_OF_CREDIT,CLOSED,3,2026-08-18,2026-08-05 08:27:52,,LOW
1125,1125,2025-12-07 03:28:59,TERM_LIFE_INSURANCE,CLOSED,2,2025-12-21,2025-12-13 03:28:59,,LOW
1126,1126,2026-03-04 17:59:05,TAX_OPTIMIZED_INVESTING,OPEN,,2026-03-18,,,LOW
1127,1127,2025-10-02 20:19:09,COMPLIANCE_RESTRICTED_DEPOSIT_ACCOUNT,CLOSED,2,2025-10-16,2025-10-06 20:19:09,,LOW
1128,1128,2026-04-18 08:55:39,MORTGAGE_ORIGINATION,OPEN,,2026-05-02,,,MEDIUM
1129,1129,2026-03-30 21:17:56,ROBO_ADVISORY,CLOSED,3,2026-04-13,2026-03-31 21:17:56,Unverified or expired identity documents,MEDIUM
1130,1130,2025-10-22 07:05:05,GOVERNMENT_RELATIONS_ESCROW,CLOSED,4,2025-11-05,2025-10-27 07:05:05,,LOW
1131,1131,2026-01-08 12:17:15,TERM_LIFE_INSURANCE,CLOSED,3,2026-01-22,2026-01-14 12:17:15,Unverified or expired identity documents,MEDIUM
1132,1132,2025-12-29 07:44:03,RETAIL_BANKING,CLOSED,3,2026-01-12,2025-12-31 07:44:03,,LOW
1133,1133,2026-08-14 04:27:18,TRADE_FINANCE_CREDIT_INSURANCE,CLOSED,1,2026-08-28,2026-08-15 04:27:18,,LOW
1134,1134,2026-08-07 15:15:33,POLITICAL_DONATION_PROCESSING,CLOSED,3,2026-08-21,2026-08-12 15:15:33,,LOW
1135,1135,2026-01-10 16:25:54,TERM_LIFE_INSURANCE,CLOSED,2,2026-01-24,2026-01-11 16:25:54,,LOW
1136,1136,2026-02-23 15:59:15,RETAIL_BANKING,CLOSED,4,2026-03-09,2026-02-24 15:59:15,,LOW
1137,1137,2026-06-25 22:40:19,ROBO_ADVISORY,CLOSED,4,2026-07-09,2026-07-01 22:40:19,,LOW
1138,1138,2026-02-06 19:09:54,ROBO_ADVISORY,CLOSED,3,2026-02-20,2026-02-11 19:09:54,,LOW
1139,1139,2026-08-12 08:23:58,CROSS_BORDER_REMITTANCE,CLOSED,5,2026-08-26,2026-08-14 08:23:58,,LOW
1140,1140,2025-10-17 05:41:10,BUY_NOW_PAY_LATER,OPEN,3,2025-10-31,,,MEDIUM
1141,1141,2026-05-04 16:19:27,PERSONAL_LOAN,PENDING_DOCUMENTS,5,2026-05-18,,,MEDIUM
1142,1142,2026-04-09 21:46:37,CREDIT_CARD_ISSUANCE,CLOSED,2,2026-04-23,2026-04-10 21:46:37,,MEDIUM
1143,1143,2026-02-22 19:23:28,RETAIL_BANKING,CLOSED,2,2026-03-08,2026-02-28 19:23:28,,MEDIUM
1144,1144,2026-01-27 19:33:46,AUTO_FINANCING,CLOSED,2,2026-02-10,2026-01-31 19:33:46,,LOW
1145,1145,2026-05-04 18:46:45,LIQUIDITY_MANAGEMENT,CLOSED,1,2026-05-18,2026-05-05 18:46:45,,LOW
1146,1146,2026-06-22 05:30:05,RETAIL_EQUITY_BROKERAGE,CLOSED,1,2026-07-06,2026-06-26 05:30:05,,LOW
1147,1147,2026-07-16 05:14:53,PERSONAL_LOAN,CLOSED,5,2026-07-30,2026-07-21 05:14:53,,HIGH
1148,1148,2025-09-08 10:42:19,MORTGAGE_ORIGINATION,CLOSED,1,2025-09-22,2025-09-11 10:42:19,,LOW
1149,1149,2025-09-13 10:00:59,MORTGAGE_ORIGINATION,IN_REVIEW,,2025-09-27,,,HIGH
1150,1150,2026-05-25 03:31:51,CRYPTO_BROKERAGE,CLOSED,2,2026-06-08,2026-05-27 03:31:51,,LOW
1151,1151,2026-02-07 11:56:48,ASSET_PROTECTION_TRUSTS,OPEN,,2026-02-21,,,LOW
1152,1152,2026-02-25 00:54:06,PERSONAL_LOAN,CLOSED,3,2026-03-11,2026-02-27 00:54:06,,LOW
1153,1153,2026-02-04 22:43:33,TRUSTEE_ADMINISTRATION,CLOSED,5,2026-02-18,2026-02-05 22:43:33,,LOW
1154,1154,2026-08-17 12:23:34,COMMERCIAL_LENDING,CLOSED,4,2026-08-31,2026-08-21 12:23:34,,LOW
1155,1155,2026-06-05 03:07:10,CRYPTO_BROKERAGE,CLOSED,5,2026-06-19,2026-06-07 03:07:10,,LOW
1156,1156,2025-12-13 23:36:10,ESCROW_SERVICES,IN_REVIEW,,2025-12-27,,,HIGH
1157,1157,2026-06-07 09:55:03,MORTGAGE_ORIGINATION,OPEN,2,2026-06-21,,,MEDIUM
1158,1158,2025-09-12 05:45:29,CROSS_BORDER_REMITTANCE,CLOSED,1,2025-09-26,2025-09-16 05:45:29,,LOW
1159,1159,2025-11-10 05:33:03,SECURITIES_BASED_LENDING,CLOSED,5,2025-11-24,2025-11-14 05:33:03,,LOW
1160,1160,2026-05-16 08:54:42,SECURITIES_BASED_LENDING,IN_REVIEW,,2026-05-30,,,LOW
1161,1161,2026-02-25 04:50:18,CROSS_BORDER_REMITTANCE,CLOSED,5,2026-03-11,2026-02-26 04:50:18,,LOW
1162,1162,2026-08-05 17:28:03,MORTGAGE_ORIGINATION,CLOSED,3,2026-08-19,2026-08-08 17:28:03,,LOW
1163,1163,2026-04-27 14:04:30,CROSS_BORDER_REMITTANCE,CLOSED,3,2026-05-11,2026-04-29 14:04:30,,MEDIUM
1164,1164,2026-03-26 14:17:50,CREDIT_CARD_ISSUANCE,CLOSED,4,2026-04-09,2026-03-30 14:17:50,Adverse media and PEP screening threshold exceeded,MEDIUM
1165,1165,2025-10-08 09:18:05,TERM_LIFE_INSURANCE,CLOSED,4,2025-10-22,2025-10-14 09:18:05,,LOW
1166,1166,2026-01-21 13:28:10,RETAIL_BANKING,CLOSED,3,2026-02-04,2026-01-26 13:28:10,,LOW
1167,1167,2026-06-29 21:36:13,PAYROLL_SERVICES,CLOSED,5,2026-07-13,2026-07-04 21:36:13,,LOW
1168,1168,2025-09-17 20:04:14,TERM_LIFE_INSURANCE,CLOSED,1,2025-10-01,2025-09-22 20:04:14,,MEDIUM
1169,1169,2026-08-10 21:12:38,REGULATORY_REPORTING_INTEGRATION,IN_REVIEW,,2026-08-24,,,LOW
1170,1170,2025-09-19 23:17:03,CREDIT_CARD_ISSUANCE,CLOSED,3,2025-10-03,2025-09-22 23:17:03,,LOW
1171,1171,2025-12-22 20:40:20,LIQUIDITY_MANAGEMENT,CLOSED,1,2026-01-05,2025-12-27 20:40:20,,LOW
1172,1172,2025-12-22 06:51:34,TREASURY_MANAGEMENT,CLOSED,2,2026-01-05,2025-12-27 06:51:34,,MEDIUM
1173,1173,2026-02-25 11:35:36,PERSONAL_LOAN,CLOSED,2,2026-03-11,2026-02-28 11:35:36,,LOW
1174,1174,2025-11-23 14:00:55,HIGH_YIELD_SAVINGS,CLOSED,3,2025-12-07,2025-11-24 14:00:55,,LOW
1175,1175,2026-05-20 16:49:48,HIGH_YIELD_SAVINGS,CLOSED,5,2026-06-03,2026-05-25 16:49:48,,HIGH
1176,1176,2026-06-08 17:54:57,SECURITIES_BASED_LENDING,CLOSED,5,2026-06-22,2026-06-11 17:54:57,,LOW
1177,1177,2026-06-13 11:57:02,HIGH_YIELD_SAVINGS,CLOSED,4,2026-06-27,2026-06-14 11:57:02,,MEDIUM
1178,1178,2026-07-05 16:04:02,COMMERCIAL_LENDING,CLOSED,1,2026-07-19,2026-07-06 16:04:02,,LOW
1179,1179,2026-08-25 06:04:24,MORTGAGE_ORIGINATION,CLOSED,4,2026-09-08,2026-08-27 06:04:24,,LOW
1180,1180,2026-08-09 23:02:43,RETAIL_EQUITY_BROKERAGE,CLOSED,4,2026-08-23,2026-08-15 23:02:43,,MEDIUM
1181,1181,2026-01-16 17:22:58,TERM_LIFE_INSURANCE,CLOSED,4,2026-01-30,2026-01-22 17:22:58,,LOW
1182,1182,2026-06-08 14:51:01,BENEFICIARY_DISBURSEMENT_SERVICES,CLOSED,1,2026-06-22,2026-06-09 14:51:01,,LOW
1183,1183,2026-07-08 16:38:47,TERM_LIFE_INSURANCE,CLOSED,5,2026-07-22,2026-07-11 16:38:47,,LOW
1184,1184,2026-06-30 21:12:46,PAYROLL_SERVICES,PENDING_DOCUMENTS,,2026-07-14,,,LOW
1185,1185,2026-06-01 23:10:16,CRYPTO_BROKERAGE,CLOSED,4,2026-06-15,2026-06-04 23:10:16,,LOW
1186,1186,2026-07-22 03:14:06,PERSONAL_LOAN,CLOSED,2,2026-08-05,2026-07-26 03:14:06,,LOW
1187,1187,2026-07-16 09:38:57,CREDIT_CARD_ISSUANCE,CLOSED,3,2026-07-30,2026-07-20 09:38:57,,LOW
1188,1188,2026-03-18 00:44:18,COMMERCIAL_LENDING,CLOSED,5,2026-04-01,2026-03-21 00:44:18,Unverified or expired identity documents,HIGH
1189,1189,2026-04-27 03:06:30,HIGH_YIELD_SAVINGS,IN_REVIEW,,2026-05-11,,,HIGH
1190,1190,2026-04-20 11:54:21,ROBO_ADVISORY,CLOSED,5,2026-05-04,2026-04-22 11:54:21,,MEDIUM
1191,1191,2026-07-02 01:56:28,CROSS_BORDER_REMITTANCE,PENDING_DOCUMENTS,5,2026-07-16,,,LOW
1192,1192,2026-04-02 09:36:31,PERSONAL_LOAN,CLOSED,3,2026-04-16,2026-04-04 09:36:31,,LOW
1193,1193,2026-06-12 05:16:34,BUY_NOW_PAY_LATER,CLOSED,1,2026-06-26,2026-06-13 05:16:34,,LOW
1194,1194,2026-01-18 05:01:59,CROSS_BORDER_REMITTANCE,CLOSED,2,2026-02-01,2026-01-19 05:01:59,,LOW
1195,1195,2026-07-02 16:57:18,CRYPTO_BROKERAGE,CLOSED,4,2026-07-16,2026-07-05 16:57:18,,HIGH
1196,1196,2026-01-13 23:01:10,HIGH_YIELD_SAVINGS,CLOSED,3,2026-01-27,2026-01-19 23:01:10,,LOW
1197,1197,2026-01-17 05:11:35,AUTO_FINANCING,CLOSED,5,2026-01-31,2026-01-18 05:11:35,Adverse media and PEP screening threshold exceeded,MEDIUM
1198,1198,2026-01-07 05:45:40,LETTER_OF_CREDIT,CLOSED,2,2026-01-21,2026-01-11 05:45:40,,LOW
1199,1199,2026-01-13 04:31:08,MORTGAGE_ORIGINATION,CLOSED,5,2026-01-27,2026-01-18 04:31:08,,LOW
1200,1200,2026-02-23 08:04:19,DISBURSEMENT_PAYROLL_SERVICES,OPEN,5,2026-03-09,,,LOW
1201,1201,2025-10-18 03:56:18,CRYPTO_BROKERAGE,PENDING_DOCUMENTS,,2025-11-01,,,LOW
1202,1202,2025-08-29 05:35:03,PERSONAL_LOAN,CLOSED,3,2025-09-12,2025-09-02 05:35:03,,LOW
1203,1203,2026-07-13 19:18:03,MERCHANT_ACQUIRING,CLOSED,3,2026-07-27,2026-07-16 19:18:03,,MEDIUM
1204,1204,2026-08-10 16:08:27,AUTO_FINANCING,CLOSED,4,2026-08-24,2026-08-14 16:08:27,Unverified or expired identity documents,HIGH
1205,1205,2026-03-21 11:11:09,PAYROLL_SERVICES,CLOSED,4,2026-04-04,2026-03-23 11:11:09,,MEDIUM
1206,1206,2026-03-04 15:17:30,RETAIL_EQUITY_BROKERAGE,CLOSED,3,2026-03-18,2026-03-08 15:17:30,,LOW
1207,1207,2026-05-01 01:36:01,WEALTH_MANAGEMENT,CLOSED,4,2026-05-15,2026-05-02 01:36:01,,LOW
1208,1208,2026-02-07 19:04:15,ROBO_ADVISORY,CLOSED,2,2026-02-21,2026-02-12 19:04:15,,LOW
1209,1209,2025-09-21 14:23:48,AUTO_FINANCING,CLOSED,2,2025-10-05,2025-09-25 14:23:48,,LOW
1210,1210,2026-01-11 11:53:29,ROBO_ADVISORY,CLOSED,5,2026-01-25,2026-01-14 11:53:29,,HIGH
1211,1211,2026-04-28 00:30:07,AUTO_FINANCING,CLOSED,1,2026-05-12,2026-04-30 00:30:07,,HIGH
1212,1212,2026-05-20 11:27:57,PRIVATE_EQUITY_FEEDER,CLOSED,4,2026-06-03,2026-05-21 11:27:57,,LOW
1213,1213,2026-01-29 22:54:04,TERM_LIFE_INSURANCE,CLOSED,4,2026-02-12,2026-02-04 22:54:04,,LOW
1214,1214,2026-01-19 02:02:49,ROBO_ADVISORY,IN_REVIEW,,2026-02-02,,,LOW
1215,1215,2026-01-14 03:37:48,FX_HEDGING_SOLUTIONS,CLOSED,4,2026-01-28,2026-01-17 03:37:48,Unverified or expired identity documents,MEDIUM
1216,1216,2026-05-25 03:00:15,CRYPTO_BROKERAGE,CLOSED,3,2026-06-08,2026-05-27 03:00:15,,MEDIUM
1217,1217,2025-12-26 07:30:12,ESTATE_PLANNING_SERVICES,CLOSED,4,2026-01-09,2026-01-01 07:30:12,,LOW
1218,1218,2026-05-18 03:03:53,BESPOKE_PORTFOLIO_MANAGEMENT,CLOSED,3,2026-06-01,2026-05-21 03:03:53,,LOW
1219,1219,2026-01-04 23:54:05,TRUSTEE_ADMINISTRATION,OPEN,,2026-01-18,,,LOW
1220,1220,2026-02-13 08:06:45,COMPLIANCE_RESTRICTED_DEPOSIT_ACCOUNT,CLOSED,3,2026-02-27,2026-02-16 08:06:45,Unverified or expired identity documents,MEDIUM
1221,1221,2025-11-15 04:31:10,TAX_OPTIMIZED_INVESTING,CLOSED,3,2025-11-29,2025-11-16 04:31:10,,LOW
1222,1222,2026-03-13 12:12:50,AUTO_FINANCING,CLOSED,2,2026-03-27,2026-03-18 12:12:50,,LOW
1223,1223,2026-08-07 21:23:25,MORTGAGE_ORIGINATION,CLOSED,2,2026-08-21,2026-08-08 21:23:25,,MEDIUM
1224,1224,2026-08-10 09:36:11,CROSS_BORDER_REMITTANCE,CLOSED,5,2026-08-24,2026-08-15 09:36:11,,LOW
1225,1225,2026-05-09 01:49:54,HIGH_YIELD_SAVINGS,CLOSED,4,2026-05-23,2026-05-13 01:49:54,,LOW
1226,1226,2026-07-10 00:10:00,TRADE_FINANCE_CREDIT_INSURANCE,CLOSED,4,2026-07-24,2026-07-13 00:10:00,,LOW
1227,1227,2026-03-02 03:50:18,PERSONAL_LOAN,CLOSED,5,2026-03-16,2026-03-07 03:50:18,,LOW
1228,1228,2025-12-14 22:18:46,CREDIT_CARD_ISSUANCE,CLOSED,1,2025-12-28,2025-12-16 22:18:46,,LOW
1229,1229,2026-05-28 00:41:57,MORTGAGE_ORIGINATION,CLOSED,3,2026-06-11,2026-05-30 00:41:57,,LOW
1230,1230,2025-08-27 21:02:48,TREASURY_MANAGEMENT,OPEN,1,2025-09-10,,,LOW
1231,1231,2025-12-15 18:41:45,MORTGAGE_ORIGINATION,CLOSED,4,2025-12-29,2025-12-16 18:41:45,,HIGH
1232,1232,2025-11-26 14:48:59,AUTO_FINANCING,CLOSED,4,2025-12-10,2025-11-27 14:48:59,,LOW
1233,1233,2026-07-25 08:18:51,CRYPTO_BROKERAGE,CLOSED,1,2026-08-08,2026-07-26 08:18:51,,MEDIUM
1234,1234,2026-01-22 15:48:06,LETTER_OF_CREDIT,CLOSED,2,2026-02-05,2026-01-28 15:48:06,,LOW
1235,1235,2026-05-15 08:29:27,PERSONAL_LOAN,CLOSED,5,2026-05-29,2026-05-18 08:29:27,,LOW
1236,1236,2025-10-22 03:32:19,HIGH_YIELD_SAVINGS,CLOSED,5,2025-11-05,2025-10-27 03:32:19,,LOW
1237,1237,2025-12-10 09:58:45,CREDIT_CARD_ISSUANCE,CLOSED,2,2025-12-24,2025-12-13 09:58:45,,LOW
1238,1238,2025-12-03 03:55:20,CROSS_BORDER_REMITTANCE,CLOSED,2,2025-12-17,2025-12-08 03:55:20,,MEDIUM
1239,1239,2026-05-19 07:15:12,HIGH_YIELD_SAVINGS,CLOSED,4,2026-06-02,2026-05-25 07:15:12,,LOW
1240,1240,2026-08-06 10:34:56,MORTGAGE_ORIGINATION,CLOSED,2,2026-08-20,2026-08-11 10:34:56,,LOW
1241,1241,2025-12-29 05:40:59,FIDUCIARY_CUSTODY_ACCOUNT,CLOSED,1,2026-01-12,2026-01-02 05:40:59,,LOW
1242,1242,2026-07-24 05:00:18,CROSS_BORDER_REMITTANCE,CLOSED,3,2026-08-07,2026-07-29 05:00:18,,LOW
1243,1243,2026-05-06 23:17:13,HIGH_YIELD_SAVINGS,OPEN,,2026-05-20,,,LOW
1244,1244,2026-07-15 14:34:57,PAYROLL_SERVICES,CLOSED,3,2026-07-29,2026-07-19 14:34:57,,LOW
1245,1245,2026-08-10 22:51:58,BESPOKE_PORTFOLIO_MANAGEMENT,CLOSED,2,2026-08-24,2026-08-15 22:51:58,,MEDIUM
1246,1246,2025-10-06 23:44:19,REGULATORY_REPORTING_INTEGRATION,CLOSED,4,2025-10-20,2025-10-12 23:44:19,,MEDIUM
1247,1247,2026-06-01 03:48:19,ROBO_ADVISORY,CLOSED,1,2026-06-15,2026-06-05 03:48:19,,LOW
1248,1248,2026-01-26 06:47:44,COMMERCIAL_LENDING,CLOSED,1,2026-02-09,2026-01-27 06:47:44,,LOW
1249,1249,2026-08-20 08:08:50,DIRECT_INDEXING,CLOSED,5,2026-09-03,2026-08-21 08:08:50,,LOW
1250,1250,2025-10-02 15:04:58,PERSONAL_LOAN,OPEN,,2025-10-16,,,MEDIUM
1251,1251,2026-01-17 02:22:11,HIGH_YIELD_SAVINGS,OPEN,,2026-01-31,,,MEDIUM
1252,1252,2025-09-25 14:38:36,CROSS_BORDER_REMITTANCE,CLOSED,4,2025-10-09,2025-09-28 14:38:36,,LOW
1253,1253,2026-05-03 03:00:19,TERM_LIFE_INSURANCE,CLOSED,3,2026-05-17,2026-05-07 03:00:19,,LOW
1254,1254,2026-04-11 23:42:39,HIGH_YIELD_SAVINGS,CLOSED,2,2026-04-25,2026-04-15 23:42:39,,LOW
1255,1255,2026-05-28 14:29:00,CREDIT_CARD_ISSUANCE,CLOSED,2,2026-06-11,2026-06-03 14:29:00,,MEDIUM
1256,1256,2025-10-22 14:52:30,MERCHANT_ACQUIRING,CLOSED,1,2025-11-05,2025-10-23 14:52:30,,LOW
1257,1257,2025-09-28 05:16:04,CRYPTO_BROKERAGE,CLOSED,2,2025-10-12,2025-10-01 05:16:04,,LOW
1258,1258,2025-09-27 14:33:36,AUTO_FINANCING,CLOSED,4,2025-10-11,2025-09-29 14:33:36,,LOW
1259,1259,2026-01-06 09:30:16,REGULATORY_REPORTING_INTEGRATION,CLOSED,3,2026-01-20,2026-01-11 09:30:16,,LOW
1260,1260,2025-12-02 23:58:04,BUY_NOW_PAY_LATER,CLOSED,4,2025-12-16,2025-12-03 23:58:04,,MEDIUM
1261,1261,2026-01-22 12:33:22,RETAIL_BANKING,CLOSED,4,2026-02-05,2026-01-23 12:33:22,Unverified or expired identity documents,LOW
1262,1262,2026-01-01 21:31:14,BUY_NOW_PAY_LATER,CLOSED,2,2026-01-15,2026-01-05 21:31:14,,LOW
1263,1263,2026-06-12 00:28:20,HIGH_YIELD_SAVINGS,OPEN,4,2026-06-26,,,MEDIUM
1264,1264,2025-12-16 20:32:07,FX_HEDGING_SOLUTIONS,OPEN,4,2025-12-30,,,LOW
1265,1265,2025-10-31 09:13:33,MERCHANT_ACQUIRING,OPEN,3,2025-11-14,,,LOW
1266,1266,2026-06-23 12:36:46,CORPORATE_ACCOUNT,PENDING_DOCUMENTS,5,2026-07-07,,,MEDIUM
1267,1267,2026-06-15 17:38:17,HIGH_YIELD_SAVINGS,CLOSED,3,2026-06-29,2026-06-19 17:38:17,,HIGH
1268,1268,2026-06-26 11:01:36,TERM_LIFE_INSURANCE,CLOSED,3,2026-07-10,2026-06-27 11:01:36,Unverified or expired identity documents,HIGH
1269,1269,2025-10-28 04:52:07,CROSS_BORDER_REMITTANCE,CLOSED,5,2025-11-11,2025-10-29 04:52:07,,LOW
1270,1270,2026-01-13 23:19:39,RETAIL_EQUITY_BROKERAGE,CLOSED,2,2026-01-27,2026-01-14 23:19:39,Unverified or expired identity documents,LOW
1271,1271,2025-11-19 14:23:55,BUY_NOW_PAY_LATER,CLOSED,5,2025-12-03,2025-11-24 14:23:55,,LOW
1272,1272,2025-11-06 11:12:29,PERSONAL_LOAN,CLOSED,5,2025-11-20,2025-11-07 11:12:29,,LOW
1273,1273,2026-07-22 03:26:08,ROBO_ADVISORY,CLOSED,5,2026-08-05,2026-07-23 03:26:08,,HIGH
1274,1274,2026-01-29 11:26:04,ROBO_ADVISORY,PENDING_DOCUMENTS,3,2026-02-12,,,LOW
1275,1275,2025-12-21 09:44:43,CREDIT_CARD_ISSUANCE,OPEN,,2026-01-04,,,LOW
1276,1276,2026-01-23 00:23:12,AUTO_FINANCING,CLOSED,5,2026-02-06,2026-01-25 00:23:12,,MEDIUM
1277,1277,2026-01-25 13:20:10,CROSS_BORDER_REMITTANCE,CLOSED,2,2026-02-08,2026-01-30 13:20:10,,LOW
1278,1278,2026-02-15 02:17:26,PAYROLL_SERVICES,OPEN,1,2026-03-01,,,LOW
1279,1279,2026-02-07 13:10:22,LETTER_OF_CREDIT,CLOSED,4,2026-02-21,2026-02-09 13:10:22,,LOW
1280,1280,2026-08-20 05:40:43,ESCROW_SERVICES,CLOSED,5,2026-09-03,2026-08-23 05:40:43,,LOW
1281,1281,2025-11-24 19:47:02,AUTO_FINANCING,CLOSED,4,2025-12-08,2025-11-28 19:47:02,,LOW
1282,1282,2025-09-14 01:29:00,CROSS_BORDER_REMITTANCE,CLOSED,1,2025-09-28,2025-09-20 01:29:00,,LOW
1283,1283,2026-01-20 06:10:07,CROSS_BORDER_REMITTANCE,CLOSED,2,2026-02-03,2026-01-26 06:10:07,,MEDIUM
1284,1284,2026-04-27 06:55:09,TERM_LIFE_INSURANCE,CLOSED,5,2026-05-11,2026-05-03 06:55:09,Unverified or expired identity documents,LOW
1285,1285,2026-04-15 03:24:56,MORTGAGE_ORIGINATION,CLOSED,4,2026-04-29,2026-04-17 03:24:56,Unverified or expired identity documents,LOW
1286,1286,2026-07-08 11:27:59,TREASURY_MANAGEMENT,CLOSED,4,2026-07-22,2026-07-11 11:27:59,,LOW
1287,1287,2026-01-06 03:24:42,CREDIT_CARD_ISSUANCE,CLOSED,3,2026-01-20,2026-01-12 03:24:42,,LOW
1288,1288,2025-12-22 10:51:43,HIGH_YIELD_SAVINGS,CLOSED,4,2026-01-05,2025-12-24 10:51:43,,LOW
1289,1289,2026-06-13 13:10:52,SECURITIES_BASED_LENDING,CLOSED,2,2026-06-27,2026-06-16 13:10:52,,MEDIUM
1290,1290,2025-10-12 05:21:01,CREDIT_CARD_ISSUANCE,CLOSED,1,2025-10-26,2025-10-14 05:21:01,,LOW
1291,1291,2025-11-08 14:30:19,FX_HEDGING_SOLUTIONS,CLOSED,3,2025-11-22,2025-11-11 14:30:19,,LOW
1292,1292,2026-08-14 19:09:19,RETAIL_BANKING,CLOSED,4,2026-08-28,2026-08-15 19:09:19,,LOW
1293,1293,2026-07-28 02:13:16,ESCROW_SERVICES,CLOSED,3,2026-08-11,2026-07-29 02:13:16,,MEDIUM
1294,1294,2026-06-30 10:53:38,LIQUIDITY_MANAGEMENT,CLOSED,1,2026-07-14,2026-07-04 10:53:38,,LOW
1295,1295,2025-10-31 10:31:21,TAX_OPTIMIZED_INVESTING,CLOSED,5,2025-11-14,2025-11-06 10:31:21,,MEDIUM
1296,1296,2026-06-13 22:06:38,TRUSTEE_ADMINISTRATION,CLOSED,5,2026-06-27,2026-06-18 22:06:38,,LOW
1297,1297,2026-07-04 08:58:20,CRYPTO_BROKERAGE,CLOSED,3,2026-07-18,2026-07-07 08:58:20,,LOW
1298,1298,2026-01-19 12:37:37,TREASURY_MANAGEMENT,CLOSED,2,2026-02-02,2026-01-21 12:37:37,,LOW
1299,1299,2026-07-01 03:58:58,CRYPTO_BROKERAGE,CLOSED,4,2026-07-15,2026-07-04 03:58:58,,LOW
1300,1300,2026-02-13 15:15:02,SHORT_TERM_LIQUIDITY_MANAGEMENT,CLOSED,1,2026-02-27,2026-02-16 15:15:02,Unverified or expired identity documents,LOW
1301,1301,2025-10-05 09:44:56,INSTITUTIONAL_CRYPTO_CUSTODY,CLOSED,2,2025-10-19,2025-10-08 09:44:56,,LOW
1302,1302,2026-03-24 01:34:06,TERM_LIFE_INSURANCE,CLOSED,3,2026-04-07,2026-03-25 01:34:06,,MEDIUM
1303,1303,2026-01-11 04:22:50,INSTITUTIONAL_CRYPTO_CUSTODY,CLOSED,1,2026-01-25,2026-01-17 04:22:50,,LOW
1304,1304,2026-07-16 00:52:53,TRUSTEE_ADMINISTRATION,CLOSED,5,2026-07-30,2026-07-20 00:52:53,,LOW
1305,1305,2025-10-21 07:38:26,ROBO_ADVISORY,CLOSED,5,2025-11-04,2025-10-23 07:38:26,,LOW
1306,1306,2026-04-14 18:20:31,AUTO_FINANCING,IN_REVIEW,,2026-04-28,,,LOW
1307,1307,2025-10-24 23:00:57,PERSONAL_LOAN,CLOSED,4,2025-11-07,2025-10-30 23:00:57,,LOW
1308,1308,2026-01-23 23:10:21,ROBO_ADVISORY,CLOSED,1,2026-02-06,2026-01-27 23:10:21,,LOW
1309,1309,2026-07-01 14:33:28,COMMERCIAL_LENDING,CLOSED,4,2026-07-15,2026-07-02 14:33:28,,LOW
1310,1310,2025-11-06 12:56:01,BUY_NOW_PAY_LATER,OPEN,3,2025-11-20,,,LOW
1311,1311,2026-07-26 15:19:53,RETAIL_BANKING,IN_REVIEW,2,2026-08-09,,,LOW
1312,1312,2025-09-13 23:34:28,PERSONAL_LOAN,OPEN,3,2025-09-27,,,LOW
1313,1313,2025-11-29 19:27:19,COMMERCIAL_LENDING,CLOSED,1,2025-12-13,2025-11-30 19:27:19,,LOW
1314,1314,2025-12-08 02:57:52,DISBURSEMENT_PAYROLL_SERVICES,CLOSED,4,2025-12-22,2025-12-11 02:57:52,,LOW
1315,1315,2026-08-15 03:45:21,AUTO_FINANCING,CLOSED,5,2026-08-29,2026-08-18 03:45:21,,LOW
1316,1316,2025-11-18 09:42:25,BUY_NOW_PAY_LATER,CLOSED,2,2025-12-02,2025-11-22 09:42:25,,LOW
1317,1317,2025-09-04 05:02:13,CRYPTO_BROKERAGE,CLOSED,5,2025-09-18,2025-09-10 05:02:13,,LOW
1318,1318,2025-10-14 14:39:13,TRADE_FINANCE_CREDIT_INSURANCE,CLOSED,4,2025-10-28,2025-10-16 14:39:13,,LOW
1319,1319,2026-07-07 13:57:41,CRYPTO_BROKERAGE,CLOSED,5,2026-07-21,2026-07-11 13:57:41,,LOW
1320,1320,2026-08-18 20:00:43,HIGH_YIELD_SAVINGS,CLOSED,2,2026-09-01,2026-08-23 20:00:43,Unverified or expired identity documents,LOW
1321,1321,2026-03-14 21:35:13,MORTGAGE_ORIGINATION,CLOSED,4,2026-03-28,2026-03-15 21:35:13,,LOW
1322,1322,2026-02-05 04:35:33,DISBURSEMENT_PAYROLL_SERVICES,CLOSED,3,2026-02-19,2026-02-11 04:35:33,Unverified or expired identity documents,HIGH
1323,1323,2026-04-27 17:01:06,SYNDICATED_LOANS,CLOSED,2,2026-05-11,2026-05-02 17:01:06,,LOW
1324,1324,2026-01-14 05:14:46,COMMERCIAL_LENDING,CLOSED,2,2026-01-28,2026-01-18 05:14:46,,LOW
1325,1325,2026-06-11 20:11:55,TRUSTEE_ADMINISTRATION,OPEN,3,2026-06-25,,,LOW
1326,1326,2026-07-22 19:51:01,CRYPTO_BROKERAGE,CLOSED,2,2026-08-05,2026-07-25 19:51:01,,MEDIUM
1327,1327,2026-01-05 07:13:25,MERCHANT_ACQUIRING,CLOSED,1,2026-01-19,2026-01-06 07:13:25,,LOW
1328,1328,2026-08-16 07:04:01,SYNDICATED_LOANS,CLOSED,4,2026-08-30,2026-08-22 07:04:01,,LOW
1329,1329,2025-10-15 14:50:31,DIRECT_INDEXING,OPEN,4,2025-10-29,,,MEDIUM
1330,1330,2026-02-25 16:15:58,SYNDICATED_LOANS,PENDING_DOCUMENTS,3,2026-03-11,,,LOW
1331,1331,2025-10-31 06:24:31,TERM_LIFE_INSURANCE,CLOSED,3,2025-11-14,2025-11-04 06:24:31,,LOW
1332,1332,2026-07-03 01:34:58,COMMERCIAL_LENDING,CLOSED,1,2026-07-17,2026-07-08 01:34:58,,MEDIUM
1333,1333,2025-11-02 08:27:58,CREDIT_CARD_ISSUANCE,CLOSED,3,2025-11-16,2025-11-06 08:27:58,,MEDIUM
1334,1334,2026-07-12 05:23:16,CREDIT_CARD_ISSUANCE,IN_REVIEW,,2026-07-26,,,MEDIUM
1335,1335,2026-04-26 22:02:20,CREDIT_CARD_ISSUANCE,CLOSED,3,2026-05-10,2026-04-27 22:02:20,,LOW
1336,1336,2026-06-06 06:18:47,AUTO_FINANCING,CLOSED,4,2026-06-20,2026-06-09 06:18:47,,MEDIUM
1337,1337,2025-09-02 02:56:51,CROSS_BORDER_REMITTANCE,CLOSED,2,2025-09-16,2025-09-05 02:56:51,,LOW
1338,1338,2026-01-15 23:43:42,POLITICAL_DONATION_PROCESSING,IN_REVIEW,2,2026-01-29,,,LOW
1339,1339,2025-11-16 00:46:59,ROBO_ADVISORY,CLOSED,2,2025-11-30,2025-11-17 00:46:59,Unverified or expired identity documents,MEDIUM
1340,1340,2025-09-14 20:48:08,TREASURY_MANAGEMENT,CLOSED,4,2025-09-28,2025-09-18 20:48:08,,LOW
1341,1341,2026-07-18 13:07:38,ROBO_ADVISORY,CLOSED,5,2026-08-01,2026-07-22 13:07:38,,HIGH
1342,1342,2026-03-30 00:25:17,HIGH_YIELD_SAVINGS,CLOSED,1,2026-04-13,2026-04-02 00:25:17,,MEDIUM
1343,1343,2026-06-18 16:07:23,LIQUIDITY_MANAGEMENT,OPEN,2,2026-07-02,,,LOW
1344,1344,2026-08-10 10:59:36,TERM_LIFE_INSURANCE,CLOSED,2,2026-08-24,2026-08-14 10:59:36,,LOW
1345,1345,2026-06-15 13:44:22,FX_HEDGING_SOLUTIONS,CLOSED,3,2026-06-29,2026-06-21 13:44:22,Unverified or expired identity documents,LOW
1346,1346,2025-10-25 19:33:18,RETAIL_BANKING,CLOSED,3,2025-11-08,2025-10-27 19:33:18,,LOW
1347,1347,2026-07-01 00:55:48,AUTO_FINANCING,CLOSED,4,2026-07-15,2026-07-07 00:55:48,,LOW
1348,1348,2026-06-13 19:50:07,RETAIL_BANKING,OPEN,,2026-06-27,,,LOW
1349,1349,2026-08-15 03:09:32,INSTITUTIONAL_CRYPTO_CUSTODY,CLOSED,3,2026-08-29,2026-08-18 03:09:32,,LOW
1350,1350,2025-08-25 19:00:42,AUTO_FINANCING,CLOSED,1,2025-09-08,2025-08-29 19:00:42,,LOW
1351,1351,2025-11-06 07:44:59,CREDIT_CARD_ISSUANCE,CLOSED,1,2025-11-20,2025-11-08 07:44:59,,LOW
1352,1352,2026-05-21 14:22:38,ROBO_ADVISORY,CLOSED,1,2026-06-04,2026-05-24 14:22:38,,LOW
1353,1353,2025-10-03 19:53:42,HIGH_YIELD_SAVINGS,CLOSED,3,2025-10-17,2025-10-09 19:53:42,,MEDIUM
1354,1354,2026-04-16 08:38:18,ROBO_ADVISORY,CLOSED,4,2026-04-30,2026-04-20 08:38:18,High-risk sanctions/FATF jurisdiction,HIGH
1355,1355,2026-05-15 14:06:03,PERSONAL_LOAN,CLOSED,1,2026-05-29,2026-05-19 14:06:03,,LOW
1356,1356,2025-10-04 12:49:24,RETAIL_EQUITY_BROKERAGE,CLOSED,1,2025-10-18,2025-10-05 12:49:24,,HIGH
1357,1357,2026-06-06 05:17:08,FX_HEDGING_SOLUTIONS,OPEN,2,2026-06-20,,,LOW
1358,1358,2026-07-17 07:26:55,BUY_NOW_PAY_LATER,CLOSED,3,2026-07-31,2026-07-21 07:26:55,,LOW
1359,1359,2026-03-24 16:00:45,FX_HEDGING_SOLUTIONS,CLOSED,2,2026-04-07,2026-03-26 16:00:45,,MEDIUM
1360,1360,2026-04-05 00:19:58,RETAIL_BANKING,CLOSED,3,2026-04-19,2026-04-10 00:19:58,Unverified or expired identity documents,MEDIUM
1361,1361,2026-02-14 03:42:40,BUY_NOW_PAY_LATER,CLOSED,5,2026-02-28,2026-02-18 03:42:40,,LOW
1362,1362,2026-07-09 04:12:45,LETTER_OF_CREDIT,CLOSED,5,2026-07-23,2026-07-12 04:12:45,,LOW
1363,1363,2026-04-15 06:14:44,TERM_LIFE_INSURANCE,CLOSED,1,2026-04-29,2026-04-21 06:14:44,,LOW
1364,1364,2026-04-21 13:42:03,HIGH_YIELD_SAVINGS,OPEN,1,2026-05-05,,,MEDIUM
1365,1365,2026-01-31 16:09:46,LIQUIDITY_MANAGEMENT,OPEN,,2026-02-14,,,LOW
1366,1366,2026-02-25 14:06:03,ROBO_ADVISORY,CLOSED,5,2026-03-11,2026-03-03 14:06:03,,LOW
1367,1367,2026-01-11 03:51:17,MORTGAGE_ORIGINATION,CLOSED,3,2026-01-25,2026-01-13 03:51:17,,LOW
1368,1368,2026-03-10 16:54:33,FX_HEDGING_SOLUTIONS,CLOSED,5,2026-03-24,2026-03-13 16:54:33,,LOW
1369,1369,2025-11-21 13:02:00,HIGH_YIELD_SAVINGS,CLOSED,1,2025-12-05,2025-11-25 13:02:00,,LOW
1370,1370,2026-03-30 09:22:51,BUY_NOW_PAY_LATER,CLOSED,4,2026-04-13,2026-04-05 09:22:51,,LOW
1371,1371,2025-10-09 17:05:00,CRYPTO_BROKERAGE,CLOSED,3,2025-10-23,2025-10-14 17:05:00,,LOW
1372,1372,2026-06-29 16:46:52,CREDIT_CARD_ISSUANCE,CLOSED,3,2026-07-13,2026-06-30 16:46:52,,HIGH
1373,1373,2026-01-02 06:30:35,ESCROW_SERVICES,CLOSED,1,2026-01-16,2026-01-08 06:30:35,Unverified or expired identity documents,MEDIUM
1374,1374,2025-12-20 00:02:12,SYNDICATED_LOANS,CLOSED,2,2026-01-03,2025-12-26 00:02:12,,LOW
1375,1375,2026-08-20 21:12:12,TRADE_FINANCE_CREDIT_INSURANCE,CLOSED,2,2026-09-03,2026-08-21 21:12:12,,LOW
1376,1376,2026-07-02 23:49:11,TREASURY_MANAGEMENT,CLOSED,4,2026-07-16,2026-07-03 23:49:11,,LOW
1377,1377,2025-12-14 17:40:25,RETAIL_BANKING,CLOSED,4,2025-12-28,2025-12-18 17:40:25,,MEDIUM
1378,1378,2026-04-05 11:22:15,RETAIL_BANKING,CLOSED,5,2026-04-19,2026-04-09 11:22:15,,HIGH
1379,1379,2026-04-07 03:56:27,FX_HEDGING_SOLUTIONS,PENDING_DOCUMENTS,,2026-04-21,,,LOW
1380,1380,2026-08-02 23:23:44,CROSS_BORDER_REMITTANCE,CLOSED,4,2026-08-16,2026-08-06 23:23:44,,MEDIUM
1381,1381,2026-07-26 18:07:07,DISBURSEMENT_PAYROLL_SERVICES,CLOSED,4,2026-08-09,2026-07-30 18:07:07,,LOW
1382,1382,2025-09-16 16:23:46,RETAIL_BANKING,CLOSED,2,2025-09-30,2025-09-22 16:23:46,,MEDIUM
1383,1383,2026-05-12 07:16:13,AUTO_FINANCING,CLOSED,5,2026-05-26,2026-05-13 07:16:13,Unverified or expired identity documents,HIGH
1384,1384,2026-07-22 04:14:26,FX_HEDGING_SOLUTIONS,CLOSED,4,2026-08-05,2026-07-27 04:14:26,,LOW
1385,1385,2026-01-13 20:53:59,AUTO_FINANCING,CLOSED,1,2026-01-27,2026-01-15 20:53:59,,MEDIUM
1386,1386,2025-09-02 11:31:53,MORTGAGE_ORIGINATION,OPEN,4,2025-09-16,,,LOW
1387,1387,2025-12-02 07:02:46,BUY_NOW_PAY_LATER,OPEN,4,2025-12-16,,,HIGH
1388,1388,2026-07-26 18:24:13,INSTITUTIONAL_CRYPTO_CUSTODY,CLOSED,3,2026-08-09,2026-07-30 18:24:13,,LOW
1389,1389,2025-11-10 09:00:07,LIQUIDITY_MANAGEMENT,CLOSED,3,2025-11-24,2025-11-16 09:00:07,Unverified or expired identity documents,HIGH
1390,1390,2026-08-08 17:33:26,CRYPTO_BROKERAGE,CLOSED,2,2026-08-22,2026-08-10 17:33:26,,LOW
1391,1391,2025-10-26 02:58:17,MORTGAGE_ORIGINATION,CLOSED,3,2025-11-09,2025-10-28 02:58:17,,LOW
1392,1392,2025-09-18 22:47:55,TERM_LIFE_INSURANCE,CLOSED,3,2025-10-02,2025-09-21 22:47:55,High-risk sanctions/FATF jurisdiction,HIGH
1393,1393,2026-06-08 03:03:51,BUY_NOW_PAY_LATER,CLOSED,1,2026-06-22,2026-06-11 03:03:51,,LOW
1394,1394,2026-07-31 18:53:28,TAX_OPTIMIZED_INVESTING,OPEN,1,2026-08-14,,,LOW
1395,1395,2025-09-21 16:51:15,PERSONAL_LOAN,CLOSED,3,2025-10-05,2025-09-24 16:51:15,,MEDIUM
1396,1396,2025-10-18 17:16:32,LIQUIDITY_MANAGEMENT,OPEN,2,2025-11-01,,,LOW
1397,1397,2025-10-16 10:50:16,ROBO_ADVISORY,CLOSED,1,2025-10-30,2025-10-20 10:50:16,,LOW
1398,1398,2025-09-19 19:12:55,RETAIL_EQUITY_BROKERAGE,CLOSED,5,2025-10-03,2025-09-20 19:12:55,,LOW
1399,1399,2026-03-17 12:22:03,CREDIT_CARD_ISSUANCE,CLOSED,2,2026-03-31,2026-03-20 12:22:03,,LOW
1400,1400,2026-03-24 05:56:56,CROSS_BORDER_REMITTANCE,CLOSED,5,2026-04-07,2026-03-28 05:56:56,,LOW
1401,1401,2026-05-22 14:58:57,HIGH_YIELD_SAVINGS,CLOSED,3,2026-06-05,2026-05-24 14:58:57,,LOW
1402,1402,2025-11-19 05:48:45,PERSONAL_LOAN,CLOSED,2,2025-12-03,2025-11-23 05:48:45,,LOW
1403,1403,2025-11-19 05:18:37,AUTO_FINANCING,OPEN,,2025-12-03,,,LOW
1404,1404,2026-03-08 05:48:20,HIGH_VOLUME_MERCHANT_GATEWAY,CLOSED,2,2026-03-22,2026-03-12 05:48:20,Adverse media and PEP screening threshold exceeded,LOW
1405,1405,2026-04-25 21:35:36,CAMPAIGN_CHECKING_ACCOUNT,CLOSED,4,2026-05-09,2026-04-27 21:35:36,Unverified or expired identity documents,MEDIUM
1406,1406,2026-01-10 04:50:21,CREDIT_CARD_ISSUANCE,CLOSED,3,2026-01-24,2026-01-14 04:50:21,,LOW
1407,1407,2025-10-22 20:58:53,RETAIL_BANKING,CLOSED,2,2025-11-05,2025-10-27 20:58:53,,LOW
1408,1408,2026-01-23 02:38:04,ESCROW_SERVICES,CLOSED,5,2026-02-06,2026-01-26 02:38:04,,LOW
1409,1409,2026-06-01 05:37:04,LIQUIDITY_MANAGEMENT,CLOSED,5,2026-06-15,2026-06-04 05:37:04,,LOW
1410,1410,2026-05-17 17:15:44,PAYROLL_SERVICES,CLOSED,3,2026-05-31,2026-05-22 17:15:44,,HIGH
1411,1411,2025-09-01 11:46:53,CRYPTO_BROKERAGE,CLOSED,2,2025-09-15,2025-09-06 11:46:53,,MEDIUM
1412,1412,2025-11-28 16:43:03,MORTGAGE_ORIGINATION,IN_REVIEW,4,2025-12-12,,,LOW
1413,1413,2026-08-19 02:20:42,AUTO_FINANCING,CLOSED,5,2026-09-02,2026-08-24 02:20:42,,LOW
1414,1414,2026-02-07 09:47:47,TERM_LIFE_INSURANCE,CLOSED,5,2026-02-21,2026-02-10 09:47:47,,LOW
1415,1415,2025-12-02 10:42:41,TRADE_FINANCE_CREDIT_INSURANCE,CLOSED,5,2025-12-16,2025-12-07 10:42:41,,LOW
1416,1416,2026-08-05 03:38:39,CROSS_BORDER_REMITTANCE,CLOSED,5,2026-08-19,2026-08-06 03:38:39,,LOW
1417,1417,2026-03-29 02:43:05,FIDUCIARY_CUSTODY_ACCOUNT,CLOSED,5,2026-04-12,2026-04-01 02:43:05,,LOW
1418,1418,2026-01-28 08:12:51,CROSS_BORDER_REMITTANCE,CLOSED,3,2026-02-11,2026-02-02 08:12:51,,LOW
1419,1419,2026-08-22 10:32:14,CROSS_BORDER_REMITTANCE,CLOSED,5,2026-09-05,2026-08-27 10:32:14,Unverified or expired identity documents,LOW
1420,1420,2025-09-21 20:08:12,CROSS_BORDER_REMITTANCE,CLOSED,3,2025-10-05,2025-09-27 20:08:12,,LOW
1421,1421,2026-04-11 10:32:43,MORTGAGE_ORIGINATION,CLOSED,5,2026-04-25,2026-04-17 10:32:43,,LOW
1422,1422,2025-12-17 19:01:22,INSTITUTIONAL_CRYPTO_CUSTODY,CLOSED,5,2025-12-31,2025-12-19 19:01:22,,LOW
1423,1423,2026-04-19 15:46:26,HIGH_YIELD_SAVINGS,CLOSED,4,2026-05-03,2026-04-23 15:46:26,,LOW
1424,1424,2026-03-31 21:00:20,ROBO_ADVISORY,CLOSED,4,2026-04-14,2026-04-02 21:00:20,,LOW
1425,1425,2025-11-04 03:00:59,HIGH_VOLUME_MERCHANT_GATEWAY,CLOSED,5,2025-11-18,2025-11-09 03:00:59,Unverified or expired identity documents,MEDIUM
1426,1426,2026-08-24 11:50:56,ROBO_ADVISORY,CLOSED,4,2026-09-07,2026-08-30 11:50:56,Unverified or expired identity documents,HIGH
1427,1427,2026-01-13 23:47:06,MERCHANT_ACQUIRING,CLOSED,5,2026-01-27,2026-01-15 23:47:06,,LOW
1428,1428,2025-12-17 04:22:45,ROBO_ADVISORY,CLOSED,2,2025-12-31,2025-12-21 04:22:45,,LOW
1429,1429,2026-04-18 09:45:38,BUY_NOW_PAY_LATER,CLOSED,1,2026-05-02,2026-04-23 09:45:38,,LOW
1430,1430,2026-07-27 19:53:04,CORPORATE_ACCOUNT,CLOSED,5,2026-08-10,2026-07-30 19:53:04,,LOW
1431,1431,2026-03-01 16:22:12,LETTER_OF_CREDIT,CLOSED,3,2026-03-15,2026-03-04 16:22:12,,MEDIUM
1432,1432,2026-02-23 00:03:51,CREDIT_CARD_ISSUANCE,IN_REVIEW,,2026-03-09,,,LOW
1433,1433,2025-12-07 23:02:36,AUTO_FINANCING,CLOSED,1,2025-12-21,2025-12-10 23:02:36,,HIGH
1434,1434,2026-01-05 17:16:21,RETAIL_EQUITY_BROKERAGE,CLOSED,1,2026-01-19,2026-01-06 17:16:21,,LOW
1435,1435,2026-04-14 15:37:29,ROBO_ADVISORY,IN_REVIEW,,2026-04-28,,,LOW
1436,1436,2026-06-05 05:18:09,TERM_LIFE_INSURANCE,CLOSED,2,2026-06-19,2026-06-10 05:18:09,,MEDIUM
1437,1437,2026-06-23 07:46:22,CROSS_BORDER_REMITTANCE,OPEN,2,2026-07-07,,,MEDIUM
1438,1438,2026-01-27 09:20:22,TERM_LIFE_INSURANCE,CLOSED,5,2026-02-10,2026-01-28 09:20:22,,LOW
1439,1439,2026-07-03 15:39:45,RETAIL_BANKING,CLOSED,2,2026-07-17,2026-07-09 15:39:45,,LOW
1440,1440,2026-05-11 20:24:24,TRADE_FINANCE_CREDIT_INSURANCE,IN_REVIEW,,2026-05-25,,,LOW
1441,1441,2026-08-09 02:27:46,INSTITUTIONAL_CRYPTO_CUSTODY,CLOSED,5,2026-08-23,2026-08-14 02:27:46,,MEDIUM
1442,1442,2026-05-13 12:25:56,CORPORATE_CREDIT_CARD,CLOSED,2,2026-05-27,2026-05-17 12:25:56,,MEDIUM
1443,1443,2025-11-18 03:35:00,WEALTH_MANAGEMENT,CLOSED,5,2025-12-02,2025-11-20 03:35:00,,LOW
1444,1444,2026-03-06 02:35:35,CRYPTO_BROKERAGE,CLOSED,1,2026-03-20,2026-03-11 02:35:35,,LOW
1445,1445,2026-06-06 01:01:56,HIGH_VOLUME_MERCHANT_GATEWAY,CLOSED,1,2026-06-20,2026-06-09 01:01:56,,LOW
1446,1446,2026-03-14 14:55:23,HIGH_YIELD_SAVINGS,CLOSED,4,2026-03-28,2026-03-17 14:55:23,,LOW
1447,1447,2025-09-15 01:01:02,CREDIT_CARD_ISSUANCE,CLOSED,3,2025-09-29,2025-09-17 01:01:02,,LOW
1448,1448,2025-11-24 18:03:19,CREDIT_CARD_ISSUANCE,CLOSED,4,2025-12-08,2025-11-30 18:03:19,,LOW
1449,1449,2026-01-14 16:23:15,RETAIL_BANKING,CLOSED,1,2026-01-28,2026-01-20 16:23:15,,LOW
1450,1450,2026-07-24 05:38:57,BUY_NOW_PAY_LATER,IN_REVIEW,2,2026-08-07,,,LOW
1451,1451,2026-03-08 22:22:46,MORTGAGE_ORIGINATION,CLOSED,5,2026-03-22,2026-03-13 22:22:46,,LOW
1452,1452,2026-06-19 15:02:05,RETAIL_BANKING,CLOSED,1,2026-07-03,2026-06-22 15:02:05,,LOW
1453,1453,2026-02-14 18:03:32,HIGH_YIELD_SAVINGS,OPEN,,2026-02-28,,,LOW
1454,1454,2026-06-25 06:43:32,TERM_LIFE_INSURANCE,CLOSED,2,2026-07-09,2026-06-30 06:43:32,,LOW
1455,1455,2026-08-22 06:41:12,TERM_LIFE_INSURANCE,CLOSED,4,2026-09-05,2026-08-23 06:41:12,,LOW
1456,1456,2025-10-31 05:37:02,MORTGAGE_ORIGINATION,CLOSED,5,2025-11-14,2025-11-02 05:37:02,,LOW
1457,1457,2025-10-18 23:26:53,CORPORATE_ACCOUNT,CLOSED,4,2025-11-01,2025-10-19 23:26:53,,LOW
1458,1458,2025-11-05 04:49:30,CAMPAIGN_CHECKING_ACCOUNT,CLOSED,2,2025-11-19,2025-11-06 04:49:30,,LOW
1459,1459,2025-12-17 18:27:29,TERM_LIFE_INSURANCE,CLOSED,4,2025-12-31,2025-12-20 18:27:29,,LOW
1460,1460,2026-05-13 06:26:33,CROSS_BORDER_REMITTANCE,CLOSED,1,2026-05-27,2026-05-15 06:26:33,,MEDIUM
1461,1461,2026-07-19 08:55:30,CROSS_BORDER_REMITTANCE,CLOSED,1,2026-08-02,2026-07-23 08:55:30,,LOW
1462,1462,2026-02-19 18:49:57,CRYPTO_BROKERAGE,CLOSED,4,2026-03-05,2026-02-21 18:49:57,,MEDIUM
1463,1463,2026-05-09 21:44:34,ROBO_ADVISORY,CLOSED,3,2026-05-23,2026-05-15 21:44:34,,MEDIUM
1464,1464,2025-10-16 21:23:18,ROBO_ADVISORY,CLOSED,3,2025-10-30,2025-10-18 21:23:18,,MEDIUM
1465,1465,2026-05-22 00:19:12,WEALTH_MANAGEMENT,CLOSED,2,2026-06-05,2026-05-28 00:19:12,Unverified or expired identity documents,HIGH
1466,1466,2026-06-19 16:50:24,SHORT_TERM_LIQUIDITY_MANAGEMENT,CLOSED,2,2026-07-03,2026-06-23 16:50:24,,LOW
1467,1467,2025-10-29 06:27:32,TERM_LIFE_INSURANCE,CLOSED,5,2025-11-12,2025-10-30 06:27:32,,LOW
1468,1468,2025-11-11 01:05:33,PRIVATE_EQUITY_FEEDER,IN_REVIEW,1,2025-11-25,,,LOW
1469,1469,2026-04-10 06:11:56,ROBO_ADVISORY,CLOSED,1,2026-04-24,2026-04-11 06:11:56,,LOW
1470,1470,2026-06-06 17:39:35,RETAIL_BANKING,CLOSED,2,2026-06-20,2026-06-12 17:39:35,,MEDIUM
1471,1471,2026-03-07 13:09:21,CRYPTO_BROKERAGE,CLOSED,2,2026-03-21,2026-03-08 13:09:21,,LOW
1472,1472,2026-08-08 20:27:37,PERSONAL_LOAN,CLOSED,2,2026-08-22,2026-08-12 20:27:37,,LOW
1473,1473,2026-07-09 17:28:39,WEALTH_MANAGEMENT,CLOSED,5,2026-07-23,2026-07-11 17:28:39,,LOW
1474,1474,2026-06-02 17:38:39,RETAIL_EQUITY_BROKERAGE,CLOSED,3,2026-06-16,2026-06-07 17:38:39,,LOW
1475,1475,2026-04-09 11:03:19,TERM_LIFE_INSURANCE,CLOSED,5,2026-04-23,2026-04-15 11:03:19,,LOW
1476,1476,2025-12-15 10:41:51,CROSS_BORDER_REMITTANCE,CLOSED,5,2025-12-29,2025-12-17 10:41:51,,LOW
1477,1477,2026-02-23 22:34:00,AUTO_FINANCING,CLOSED,5,2026-03-09,2026-03-01 22:34:00,,MEDIUM
1478,1478,2026-05-09 20:44:17,RETAIL_BANKING,CLOSED,5,2026-05-23,2026-05-13 20:44:17,,MEDIUM
1479,1479,2025-09-15 22:49:36,BUY_NOW_PAY_LATER,CLOSED,3,2025-09-29,2025-09-19 22:49:36,,LOW
1480,1480,2026-07-13 18:49:00,RETAIL_EQUITY_BROKERAGE,CLOSED,4,2026-07-27,2026-07-16 18:49:00,,LOW
1481,1481,2026-01-08 14:22:41,RETAIL_EQUITY_BROKERAGE,CLOSED,3,2026-01-22,2026-01-12 14:22:41,,LOW
1482,1482,2025-12-06 17:16:19,LETTER_OF_CREDIT,CLOSED,4,2025-12-20,2025-12-08 17:16:19,,LOW
1483,1483,2026-06-28 04:03:09,MORTGAGE_ORIGINATION,CLOSED,4,2026-07-12,2026-06-29 04:03:09,,LOW
1484,1484,2025-12-01 04:07:49,TERM_LIFE_INSURANCE,CLOSED,1,2025-12-15,2025-12-07 04:07:49,,LOW
1485,1485,2026-07-08 01:55:09,RETAIL_BANKING,OPEN,,2026-07-22,,,LOW
1486,1486,2026-01-01 13:44:17,RETAIL_EQUITY_BROKERAGE,CLOSED,1,2026-01-15,2026-01-04 13:44:17,Unverified or expired identity documents,HIGH
1487,1487,2026-02-19 07:07:16,PAC_TREASURY_MANAGEMENT,CLOSED,4,2026-03-05,2026-02-24 07:07:16,,LOW
1488,1488,2026-04-10 12:32:43,LIQUIDITY_MANAGEMENT,CLOSED,4,2026-04-24,2026-04-13 12:32:43,,LOW
1489,1489,2026-01-21 17:12:42,CRYPTO_BROKERAGE,CLOSED,1,2026-02-04,2026-01-24 17:12:42,,LOW
1490,1490,2025-09-07 17:19:54,CORPORATE_ACCOUNT,CLOSED,1,2025-09-21,2025-09-13 17:19:54,,LOW
1491,1491,2026-02-28 13:23:02,TREASURY_MANAGEMENT,CLOSED,4,2026-03-14,2026-03-04 13:23:02,,LOW
1492,1492,2026-07-19 05:33:28,PAYROLL_SERVICES,CLOSED,5,2026-08-02,2026-07-25 05:33:28,,LOW
1493,1493,2026-07-18 10:25:32,CRYPTO_BROKERAGE,CLOSED,4,2026-08-01,2026-07-23 10:25:32,,LOW
1494,1494,2026-03-26 12:03:19,PERSONAL_LOAN,CLOSED,4,2026-04-09,2026-03-31 12:03:19,,LOW
1495,1495,2025-10-07 23:05:06,CROSS_BORDER_REMITTANCE,CLOSED,1,2025-10-21,2025-10-12 23:05:06,,LOW
1496,1496,2026-05-18 07:59:14,PERSONAL_LOAN,CLOSED,5,2026-06-01,2026-05-21 07:59:14,,HIGH
1497,1497,2026-06-23 14:20:37,MORTGAGE_ORIGINATION,PENDING_DOCUMENTS,2,2026-07-07,,,LOW
1498,1498,2026-03-07 04:15:03,RETAIL_EQUITY_BROKERAGE,CLOSED,5,2026-03-21,2026-03-11 04:15:03,,LOW
1499,1499,2026-06-21 12:03:41,AUTO_FINANCING,CLOSED,2,2026-07-05,2026-06-25 12:03:41,,LOW
1500,1500,2025-10-22 00:17:42,RETAIL_BANKING,IN_REVIEW,,2025-11-05,,,LOW
1501,1501,2026-03-10 09:56:52,BESPOKE_PORTFOLIO_MANAGEMENT,CLOSED,5,2026-03-24,2026-03-11 09:56:52,,MEDIUM
1502,1502,2026-05-16 01:28:17,MORTGAGE_ORIGINATION,CLOSED,1,2026-05-30,2026-05-19 01:28:17,,LOW
1503,1503,2026-05-01 21:48:45,PERSONAL_LOAN,CLOSED,5,2026-05-15,2026-05-07 21:48:45,,LOW
1504,1504,2026-02-03 12:46:38,CREDIT_CARD_ISSUANCE,CLOSED,4,2026-02-17,2026-02-06 12:46:38,,HIGH
1505,1505,2026-07-11 23:07:35,TERM_LIFE_INSURANCE,CLOSED,2,2026-07-25,2026-07-12 23:07:35,,LOW
1506,1506,2025-12-03 18:08:50,MORTGAGE_ORIGINATION,CLOSED,5,2025-12-17,2025-12-05 18:08:50,,LOW
1507,1507,2026-03-20 23:11:21,CREDIT_CARD_ISSUANCE,CLOSED,2,2026-04-03,2026-03-24 23:11:21,,LOW
1508,1508,2026-02-22 08:26:20,WEALTH_MANAGEMENT,CLOSED,1,2026-03-08,2026-02-25 08:26:20,Adverse media and PEP screening threshold exceeded,MEDIUM
1509,1509,2026-07-31 19:22:33,ROBO_ADVISORY,OPEN,,2026-08-14,,,MEDIUM
1510,1510,2025-10-04 22:32:42,CREDIT_CARD_ISSUANCE,CLOSED,2,2025-10-18,2025-10-07 22:32:42,,LOW
1511,1511,2026-03-09 16:00:43,CORPORATE_CREDIT_CARD,CLOSED,2,2026-03-23,2026-03-12 16:00:43,,LOW
1512,1512,2026-04-18 01:55:16,BALLOT_INITIATIVE_ESCROW,IN_REVIEW,2,2026-05-02,,,LOW
1513,1513,2026-07-05 14:40:11,BUY_NOW_PAY_LATER,PENDING_DOCUMENTS,2,2026-07-19,,,LOW
1514,1514,2026-05-04 20:37:33,PERSONAL_LOAN,IN_REVIEW,2,2026-05-18,,,LOW
1515,1515,2026-05-01 07:48:16,RETAIL_EQUITY_BROKERAGE,CLOSED,2,2026-05-15,2026-05-03 07:48:16,,HIGH
1516,1516,2026-06-28 02:46:50,TERM_LIFE_INSURANCE,CLOSED,5,2026-07-12,2026-07-02 02:46:50,,LOW
1517,1517,2026-01-05 00:54:48,CREDIT_CARD_ISSUANCE,CLOSED,5,2026-01-19,2026-01-08 00:54:48,,LOW
1518,1518,2025-11-03 15:43:05,CRYPTO_BROKERAGE,CLOSED,2,2025-11-17,2025-11-08 15:43:05,,LOW
1519,1519,2026-03-26 12:54:25,CRYPTO_BROKERAGE,CLOSED,4,2026-04-09,2026-04-01 12:54:25,,HIGH
1520,1520,2026-06-25 00:00:19,ROBO_ADVISORY,CLOSED,5,2026-07-09,2026-06-28 00:00:19,Unverified or expired identity documents,HIGH
1521,1521,2026-03-16 06:53:50,CROSS_BORDER_REMITTANCE,CLOSED,3,2026-03-30,2026-03-21 06:53:50,,LOW
1522,1522,2026-03-21 17:54:24,BUY_NOW_PAY_LATER,CLOSED,3,2026-04-04,2026-03-26 17:54:24,,LOW
1523,1523,2025-11-05 09:32:43,WEALTH_MANAGEMENT,IN_REVIEW,,2025-11-19,,,MEDIUM
1524,1524,2025-08-28 10:26:29,SYNDICATED_LOANS,PENDING_DOCUMENTS,,2025-09-11,,,LOW
1525,1525,2026-03-20 05:23:26,BUY_NOW_PAY_LATER,CLOSED,3,2026-04-03,2026-03-24 05:23:26,,MEDIUM
1526,1526,2026-07-31 15:01:56,FIDUCIARY_CUSTODY_ACCOUNT,CLOSED,3,2026-08-14,2026-08-05 15:01:56,,LOW
1527,1527,2025-10-16 11:23:28,MORTGAGE_ORIGINATION,CLOSED,5,2025-10-30,2025-10-19 11:23:28,Unverified or expired identity documents,HIGH
1528,1528,2026-05-17 04:54:41,PHILANTHROPY_ENDOWMENT_MANAGEMENT,OPEN,,2026-05-31,,,LOW
1529,1529,2025-11-24 12:36:53,AUTO_FINANCING,CLOSED,4,2025-12-08,2025-11-27 12:36:53,Unverified or expired identity documents,HIGH
1530,1530,2026-07-21 11:42:33,TERM_LIFE_INSURANCE,CLOSED,2,2026-08-04,2026-07-24 11:42:33,,LOW
1531,1531,2025-10-02 01:23:22,RETAIL_EQUITY_BROKERAGE,CLOSED,5,2025-10-16,2025-10-07 01:23:22,,LOW
1532,1532,2025-12-04 16:58:54,HIGH_YIELD_SAVINGS,CLOSED,1,2025-12-18,2025-12-05 16:58:54,Unverified or expired identity documents,HIGH
1533,1533,2026-05-20 23:48:22,TERM_LIFE_INSURANCE,CLOSED,3,2026-06-03,2026-05-22 23:48:22,,MEDIUM
1534,1534,2025-10-28 12:33:00,CRYPTO_BROKERAGE,CLOSED,2,2025-11-11,2025-11-03 12:33:00,,LOW
1535,1535,2026-04-14 21:02:42,AUTO_FINANCING,IN_REVIEW,,2026-04-28,,,LOW
1536,1536,2026-01-23 01:21:22,MORTGAGE_ORIGINATION,CLOSED,4,2026-02-06,2026-01-25 01:21:22,,MEDIUM
1537,1537,2026-03-24 07:38:35,SHORT_TERM_LIQUIDITY_MANAGEMENT,CLOSED,5,2026-04-07,2026-03-29 07:38:35,Unverified or expired identity documents,MEDIUM
1538,1538,2025-10-29 07:40:57,BUY_NOW_PAY_LATER,CLOSED,3,2025-11-12,2025-10-31 07:40:57,,MEDIUM
1539,1539,2026-07-17 21:33:19,ROBO_ADVISORY,PENDING_DOCUMENTS,,2026-07-31,,,LOW
1540,1540,2026-08-06 12:46:00,RETAIL_BANKING,CLOSED,3,2026-08-20,2026-08-12 12:46:00,,LOW
1541,1541,2026-02-16 16:56:04,BUY_NOW_PAY_LATER,PENDING_DOCUMENTS,2,2026-03-02,,,LOW
1542,1542,2026-08-22 05:03:14,PERSONAL_LOAN,CLOSED,2,2026-09-05,2026-08-24 05:03:14,,LOW
1543,1543,2026-08-08 20:15:48,BUY_NOW_PAY_LATER,CLOSED,4,2026-08-22,2026-08-10 20:15:48,,LOW
1544,1544,2026-03-06 05:54:10,TREASURY_MANAGEMENT,CLOSED,2,2026-03-20,2026-03-10 05:54:10,,LOW
1545,1545,2026-06-26 11:07:29,FX_HEDGING_SOLUTIONS,IN_REVIEW,,2026-07-10,,,LOW
1546,1546,2025-12-30 07:30:12,CREDIT_CARD_ISSUANCE,OPEN,,2026-01-13,,,LOW
1547,1547,2026-04-05 11:22:25,CORPORATE_ACCOUNT,CLOSED,5,2026-04-19,2026-04-07 11:22:25,,LOW
1548,1548,2025-09-14 04:49:28,PAC_TREASURY_MANAGEMENT,CLOSED,2,2025-09-28,2025-09-16 04:49:28,,LOW
1549,1549,2025-09-10 11:14:11,RETAIL_EQUITY_BROKERAGE,CLOSED,3,2025-09-24,2025-09-16 11:14:11,,MEDIUM
1550,1550,2025-10-10 19:34:49,CORPORATE_ACCOUNT,CLOSED,3,2025-10-24,2025-10-15 19:34:49,,LOW
1551,1551,2025-11-17 13:15:46,FIDUCIARY_CUSTODY_ACCOUNT,CLOSED,4,2025-12-01,2025-11-19 13:15:46,,LOW
1552,1552,2026-05-19 02:27:31,TREASURY_MANAGEMENT,CLOSED,4,2026-06-02,2026-05-25 02:27:31,,LOW
1553,1553,2025-10-14 16:34:44,CROSS_BORDER_REMITTANCE,CLOSED,3,2025-10-28,2025-10-18 16:34:44,,MEDIUM
1554,1554,2025-09-26 08:08:40,RETAIL_EQUITY_BROKERAGE,CLOSED,5,2025-10-10,2025-09-28 08:08:40,,LOW
1555,1555,2025-11-01 14:40:42,MORTGAGE_ORIGINATION,OPEN,,2025-11-15,,,LOW
1556,1556,2025-12-31 13:51:37,RETAIL_EQUITY_BROKERAGE,CLOSED,5,2026-01-14,2026-01-02 13:51:37,,MEDIUM
1557,1557,2026-01-08 20:42:18,RETAIL_BANKING,CLOSED,4,2026-01-22,2026-01-13 20:42:18,,LOW
1558,1558,2026-08-07 18:46:05,MERCHANT_ACQUIRING,PENDING_DOCUMENTS,,2026-08-21,,,LOW
1559,1559,2025-11-16 11:53:24,CRYPTO_BROKERAGE,IN_REVIEW,4,2025-11-30,,,MEDIUM
1560,1560,2026-02-11 05:25:56,CRYPTO_BROKERAGE,CLOSED,2,2026-02-25,2026-02-13 05:25:56,,LOW
1561,1561,2026-05-25 22:19:59,BUY_NOW_PAY_LATER,CLOSED,5,2026-06-08,2026-05-26 22:19:59,,LOW
1562,1562,2026-01-27 11:27:58,SHORT_TERM_LIQUIDITY_MANAGEMENT,CLOSED,3,2026-02-10,2026-02-02 11:27:58,,LOW
1563,1563,2025-11-24 08:27:01,HIGH_VOLUME_MERCHANT_GATEWAY,CLOSED,2,2025-12-08,2025-11-28 08:27:01,,MEDIUM
1564,1564,2025-11-12 12:13:31,PERSONAL_LOAN,CLOSED,1,2025-11-26,2025-11-17 12:13:31,,LOW
1565,1565,2025-09-24 12:23:13,RETAIL_BANKING,CLOSED,2,2025-10-08,2025-09-29 12:23:13,,MEDIUM
1566,1566,2026-08-18 18:11:25,CROSS_BORDER_REMITTANCE,CLOSED,4,2026-09-01,2026-08-21 18:11:25,,LOW
1567,1567,2026-02-02 04:05:52,HIGH_YIELD_SAVINGS,CLOSED,1,2026-02-16,2026-02-05 04:05:52,Unverified or expired identity documents,HIGH
1568,1568,2026-04-23 18:19:02,HIGH_YIELD_SAVINGS,CLOSED,4,2026-05-07,2026-04-27 18:19:02,,MEDIUM
1569,1569,2026-01-06 01:56:42,MERCHANT_ACQUIRING,CLOSED,2,2026-01-20,2026-01-12 01:56:42,,LOW
1570,1570,2026-01-31 00:00:34,RETAIL_BANKING,PENDING_DOCUMENTS,2,2026-02-14,,,LOW
1571,1571,2026-03-12 01:14:16,TRADE_FINANCE_CREDIT_INSURANCE,CLOSED,1,2026-03-26,2026-03-14 01:14:16,,LOW
1572,1572,2026-04-21 06:07:37,TERM_LIFE_INSURANCE,CLOSED,2,2026-05-05,2026-04-22 06:07:37,,LOW
1573,1573,2025-10-25 23:41:37,CREDIT_CARD_ISSUANCE,CLOSED,4,2025-11-08,2025-10-28 23:41:37,,LOW
1574,1574,2025-12-08 21:30:20,RETAIL_BANKING,CLOSED,4,2025-12-22,2025-12-14 21:30:20,,LOW
1575,1575,2025-12-01 07:49:49,AUTO_FINANCING,CLOSED,4,2025-12-15,2025-12-07 07:49:49,,LOW
1576,1576,2026-07-03 17:40:27,MORTGAGE_ORIGINATION,CLOSED,1,2026-07-17,2026-07-07 17:40:27,,LOW
1577,1577,2026-05-31 18:58:48,HIGH_VOLUME_MERCHANT_GATEWAY,CLOSED,1,2026-06-14,2026-06-01 18:58:48,,LOW
1578,1578,2026-07-01 02:20:11,HIGH_YIELD_SAVINGS,CLOSED,1,2026-07-15,2026-07-03 02:20:11,,MEDIUM
1579,1579,2025-08-29 04:10:31,PERSONAL_LOAN,CLOSED,5,2025-09-12,2025-08-30 04:10:31,,LOW
1580,1580,2026-01-12 22:40:13,RETAIL_EQUITY_BROKERAGE,CLOSED,5,2026-01-26,2026-01-14 22:40:13,,LOW
1581,1581,2026-06-23 04:25:21,PERSONAL_LOAN,CLOSED,2,2026-07-07,2026-06-24 04:25:21,,LOW
1582,1582,2026-06-30 17:04:59,LETTER_OF_CREDIT,CLOSED,4,2026-07-14,2026-07-06 17:04:59,,LOW
1583,1583,2025-10-26 06:32:28,COMPLIANCE_RESTRICTED_DEPOSIT_ACCOUNT,CLOSED,2,2025-11-09,2025-10-27 06:32:28,,LOW
1584,1584,2025-12-28 03:54:43,MORTGAGE_ORIGINATION,CLOSED,1,2026-01-11,2025-12-29 03:54:43,,LOW
1585,1585,2026-05-25 17:40:55,RETAIL_EQUITY_BROKERAGE,CLOSED,1,2026-06-08,2026-05-31 17:40:55,,LOW
1586,1586,2026-02-21 11:54:32,CRYPTO_BROKERAGE,OPEN,,2026-03-07,,,HIGH
1587,1587,2026-05-30 03:40:30,PERSONAL_LOAN,CLOSED,4,2026-06-13,2026-05-31 03:40:30,,LOW
1588,1588,2026-04-22 11:10:10,TERM_LIFE_INSURANCE,CLOSED,4,2026-05-06,2026-04-27 11:10:10,,LOW
1589,1589,2025-12-27 18:24:48,CORPORATE_ACCOUNT,CLOSED,1,2026-01-10,2025-12-29 18:24:48,,LOW
1590,1590,2025-10-08 01:38:48,CRYPTO_BROKERAGE,CLOSED,4,2025-10-22,2025-10-10 01:38:48,,LOW
1591,1591,2026-01-09 19:24:21,MORTGAGE_ORIGINATION,CLOSED,4,2026-01-23,2026-01-12 19:24:21,Unverified or expired identity documents,HIGH
1592,1592,2025-10-08 04:00:14,CROSS_BORDER_REMITTANCE,OPEN,2,2025-10-22,,,LOW
1593,1593,2025-11-07 20:11:09,BALLOT_INITIATIVE_ESCROW,CLOSED,3,2025-11-21,2025-11-09 20:11:09,Adverse media and PEP screening threshold exceeded,LOW
1594,1594,2025-11-25 22:18:36,MORTGAGE_ORIGINATION,CLOSED,3,2025-12-09,2025-11-26 22:18:36,,LOW
1595,1595,2026-01-29 04:45:15,MORTGAGE_ORIGINATION,PENDING_DOCUMENTS,,2026-02-12,,,LOW
1596,1596,2026-08-05 09:28:08,TERM_LIFE_INSURANCE,IN_REVIEW,,2026-08-19,,,LOW
1597,1597,2026-06-26 21:04:23,RETAIL_EQUITY_BROKERAGE,CLOSED,5,2026-07-10,2026-06-30 21:04:23,,LOW
1598,1598,2026-06-14 23:08:41,HIGH_YIELD_SAVINGS,CLOSED,1,2026-06-28,2026-06-18 23:08:41,,LOW
1599,1599,2026-05-30 13:46:40,HIGH_YIELD_SAVINGS,CLOSED,2,2026-06-13,2026-06-01 13:46:40,,LOW
1600,1600,2025-11-06 18:09:37,HIGH_YIELD_SAVINGS,CLOSED,2,2025-11-20,2025-11-11 18:09:37,,LOW
1601,1601,2025-10-16 16:10:21,MORTGAGE_ORIGINATION,CLOSED,2,2025-10-30,2025-10-22 16:10:21,,LOW
1602,1602,2026-05-03 22:02:43,CRYPTO_BROKERAGE,CLOSED,3,2026-05-17,2026-05-06 22:02:43,,LOW
1603,1603,2026-07-08 05:33:03,PERSONAL_LOAN,CLOSED,4,2026-07-22,2026-07-09 05:33:03,Unverified or expired identity documents,MEDIUM
1604,1604,2026-02-22 13:24:04,BESPOKE_PORTFOLIO_MANAGEMENT,CLOSED,4,2026-03-08,2026-02-26 13:24:04,,LOW
1605,1605,2026-07-27 12:26:24,RETAIL_BANKING,CLOSED,2,2026-08-10,2026-07-31 12:26:24,,MEDIUM
1606,1606,2026-05-13 19:17:56,CREDIT_CARD_ISSUANCE,CLOSED,5,2026-05-27,2026-05-18 19:17:56,,HIGH
1607,1607,2026-02-16 18:45:19,AUTO_FINANCING,CLOSED,4,2026-03-02,2026-02-20 18:45:19,,LOW
1608,1608,2026-03-20 01:07:20,CREDIT_CARD_ISSUANCE,CLOSED,1,2026-04-03,2026-03-23 01:07:20,Unverified or expired identity documents,HIGH
1609,1609,2026-05-15 01:04:40,RETAIL_EQUITY_BROKERAGE,CLOSED,1,2026-05-29,2026-05-16 01:04:40,,LOW
1610,1610,2026-08-18 08:13:10,BUY_NOW_PAY_LATER,CLOSED,4,2026-09-01,2026-08-22 08:13:10,,LOW
1611,1611,2026-01-17 04:37:54,PAYROLL_SERVICES,CLOSED,3,2026-01-31,2026-01-23 04:37:54,,LOW
1612,1612,2026-01-18 09:52:46,CREDIT_CARD_ISSUANCE,CLOSED,4,2026-02-01,2026-01-23 09:52:46,Unverified or expired identity documents,LOW
1613,1613,2025-09-09 17:46:17,ROBO_ADVISORY,CLOSED,5,2025-09-23,2025-09-15 17:46:17,,LOW
1614,1614,2026-03-03 17:04:11,CROSS_BORDER_REMITTANCE,CLOSED,4,2026-03-17,2026-03-07 17:04:11,,LOW
1615,1615,2025-09-10 05:04:08,CROSS_BORDER_REMITTANCE,CLOSED,3,2025-09-24,2025-09-16 05:04:08,Unverified or expired identity documents,HIGH
1616,1616,2026-06-03 08:12:50,MORTGAGE_ORIGINATION,CLOSED,2,2026-06-17,2026-06-06 08:12:50,,LOW
1617,1617,2026-02-09 07:14:54,TREASURY_MANAGEMENT,CLOSED,2,2026-02-23,2026-02-10 07:14:54,,LOW
1618,1618,2026-01-06 09:07:34,HIGH_YIELD_SAVINGS,OPEN,5,2026-01-20,,,LOW
1619,1619,2026-03-14 11:28:44,RETAIL_EQUITY_BROKERAGE,CLOSED,3,2026-03-28,2026-03-19 11:28:44,,LOW
1620,1620,2026-06-28 21:06:25,ESCROW_SERVICES,CLOSED,3,2026-07-12,2026-07-04 21:06:25,,LOW
1621,1621,2026-07-04 05:36:21,POLITICAL_DONATION_PROCESSING,CLOSED,5,2026-07-18,2026-07-07 05:36:21,,LOW
1622,1622,2025-12-21 23:43:08,RETAIL_BANKING,OPEN,3,2026-01-04,,,HIGH
1623,1623,2026-08-09 21:13:24,BUY_NOW_PAY_LATER,CLOSED,4,2026-08-23,2026-08-14 21:13:24,,LOW
1624,1624,2026-01-18 10:50:02,PERSONAL_LOAN,CLOSED,2,2026-02-01,2026-01-20 10:50:02,Unverified or expired identity documents,LOW
1625,1625,2026-07-15 06:12:50,CORPORATE_CREDIT_CARD,CLOSED,4,2026-07-29,2026-07-17 06:12:50,,LOW
1626,1626,2026-07-15 01:42:01,RETAIL_BANKING,CLOSED,2,2026-07-29,2026-07-17 01:42:01,,LOW
1627,1627,2025-09-04 12:40:06,CRYPTO_BROKERAGE,CLOSED,4,2025-09-18,2025-09-10 12:40:06,,LOW
1628,1628,2026-07-21 05:30:48,TREASURY_MANAGEMENT,CLOSED,1,2026-08-04,2026-07-24 05:30:48,,LOW
1629,1629,2026-05-31 16:00:33,CORPORATE_ACCOUNT,CLOSED,1,2026-06-14,2026-06-03 16:00:33,,LOW
1630,1630,2026-02-25 23:40:12,TERM_LIFE_INSURANCE,PENDING_DOCUMENTS,,2026-03-11,,,MEDIUM
1631,1631,2026-05-08 23:09:58,HIGH_YIELD_SAVINGS,CLOSED,5,2026-05-22,2026-05-09 23:09:58,,LOW
1632,1632,2026-06-15 04:31:13,AUTO_FINANCING,CLOSED,5,2026-06-29,2026-06-20 04:31:13,,LOW
1633,1633,2026-03-11 19:13:21,PERSONAL_LOAN,OPEN,3,2026-03-25,,,LOW
1634,1634,2026-06-06 13:43:15,PERSONAL_LOAN,CLOSED,5,2026-06-20,2026-06-07 13:43:15,,LOW
1635,1635,2026-07-25 02:02:10,CREDIT_CARD_ISSUANCE,CLOSED,4,2026-08-08,2026-07-31 02:02:10,,HIGH
1636,1636,2026-08-10 11:00:22,LIQUIDITY_MANAGEMENT,CLOSED,5,2026-08-24,2026-08-13 11:00:22,,LOW
1637,1637,2025-09-23 00:35:03,TERM_LIFE_INSURANCE,CLOSED,5,2025-10-07,2025-09-27 00:35:03,,LOW
1638,1638,2026-06-29 11:56:30,REGULATORY_REPORTING_INTEGRATION,CLOSED,3,2026-07-13,2026-06-30 11:56:30,High-risk sanctions/FATF jurisdiction,HIGH
1639,1639,2026-07-25 19:18:17,GOVERNMENT_RELATIONS_ESCROW,CLOSED,4,2026-08-08,2026-07-29 19:18:17,,LOW
1640,1640,2026-07-19 15:56:23,HIGH_VOLUME_MERCHANT_GATEWAY,CLOSED,1,2026-08-02,2026-07-25 15:56:23,Unverified or expired identity documents,LOW
1641,1641,2026-06-20 03:18:03,COMMERCIAL_LENDING,PENDING_DOCUMENTS,,2026-07-04,,,LOW
1642,1642,2026-01-14 16:31:53,CREDIT_CARD_ISSUANCE,CLOSED,5,2026-01-28,2026-01-18 16:31:53,,LOW
1643,1643,2026-05-25 22:15:52,SYNDICATED_LOANS,CLOSED,5,2026-06-08,2026-05-27 22:15:52,,LOW
1644,1644,2026-03-06 20:01:59,CROSS_BORDER_REMITTANCE,CLOSED,1,2026-03-20,2026-03-10 20:01:59,,MEDIUM
1645,1645,2026-03-15 07:37:40,CROSS_BORDER_REMITTANCE,CLOSED,3,2026-03-29,2026-03-17 07:37:40,,LOW
1646,1646,2026-07-04 12:18:14,POLITICAL_DONATION_PROCESSING,CLOSED,1,2026-07-18,2026-07-10 12:18:14,,LOW
1647,1647,2026-03-03 22:26:03,MERCHANT_ACQUIRING,IN_REVIEW,,2026-03-17,,,LOW
1648,1648,2025-12-24 09:05:16,CRYPTO_BROKERAGE,CLOSED,2,2026-01-07,2025-12-29 09:05:16,,LOW
1649,1649,2025-10-27 08:55:13,TERM_LIFE_INSURANCE,CLOSED,4,2025-11-10,2025-11-02 08:55:13,,LOW
1650,1650,2026-01-24 14:03:51,AUTO_FINANCING,CLOSED,3,2026-02-07,2026-01-25 14:03:51,,HIGH
1651,1651,2026-04-06 12:44:17,CROSS_BORDER_REMITTANCE,CLOSED,5,2026-04-20,2026-04-08 12:44:17,Unverified or expired identity documents,MEDIUM
1652,1652,2026-06-01 13:30:08,CROSS_BORDER_REMITTANCE,CLOSED,4,2026-06-15,2026-06-06 13:30:08,,LOW
1653,1653,2025-10-14 08:50:03,PERSONAL_LOAN,CLOSED,4,2025-10-28,2025-10-18 08:50:03,,LOW
1654,1654,2026-07-05 01:25:27,RETAIL_BANKING,CLOSED,1,2026-07-19,2026-07-09 01:25:27,,LOW
1655,1655,2025-11-28 17:32:14,ROBO_ADVISORY,CLOSED,3,2025-12-12,2025-11-30 17:32:14,,MEDIUM
1656,1656,2026-08-18 23:11:44,TERM_LIFE_INSURANCE,CLOSED,2,2026-09-01,2026-08-24 23:11:44,,MEDIUM
1657,1657,2025-09-23 12:02:07,CROSS_BORDER_REMITTANCE,CLOSED,3,2025-10-07,2025-09-28 12:02:07,,LOW
1658,1658,2026-05-21 09:17:11,FX_HEDGING_SOLUTIONS,CLOSED,5,2026-06-04,2026-05-25 09:17:11,,LOW
1659,1659,2025-08-29 15:35:53,ASSET_PROTECTION_TRUSTS,CLOSED,4,2025-09-12,2025-08-30 15:35:53,,MEDIUM
1660,1660,2025-11-20 22:16:33,LIQUIDITY_MANAGEMENT,CLOSED,2,2025-12-04,2025-11-26 22:16:33,,MEDIUM
1661,1661,2026-05-21 17:24:35,CREDIT_CARD_ISSUANCE,CLOSED,3,2026-06-04,2026-05-27 17:24:35,Unverified or expired identity documents,MEDIUM
1662,1662,2026-02-10 15:48:24,ROBO_ADVISORY,CLOSED,4,2026-02-24,2026-02-16 15:48:24,,LOW
1663,1663,2025-08-30 10:22:48,LIQUIDITY_MANAGEMENT,CLOSED,1,2025-09-13,2025-09-04 10:22:48,,LOW
1664,1664,2026-04-06 17:15:52,TAX_OPTIMIZED_INVESTING,CLOSED,2,2026-04-20,2026-04-12 17:15:52,,MEDIUM
1665,1665,2025-09-15 00:17:04,CROSS_BORDER_REMITTANCE,CLOSED,5,2025-09-29,2025-09-16 00:17:04,,LOW
1666,1666,2025-10-23 18:29:00,DISBURSEMENT_PAYROLL_SERVICES,CLOSED,2,2025-11-06,2025-10-27 18:29:00,Unverified or expired identity documents,MEDIUM
1667,1667,2026-05-22 16:09:00,TERM_LIFE_INSURANCE,CLOSED,2,2026-06-05,2026-05-28 16:09:00,,LOW
1668,1668,2025-10-29 15:47:54,BUY_NOW_PAY_LATER,CLOSED,2,2025-11-12,2025-11-02 15:47:54,,LOW
1669,1669,2026-06-07 19:38:25,ROBO_ADVISORY,OPEN,3,2026-06-21,,,LOW
1670,1670,2026-05-18 03:41:46,CREDIT_CARD_ISSUANCE,CLOSED,5,2026-06-01,2026-05-22 03:41:46,,LOW
1671,1671,2026-08-13 23:07:06,MORTGAGE_ORIGINATION,CLOSED,1,2026-08-27,2026-08-14 23:07:06,Unverified or expired identity documents,HIGH
1672,1672,2025-10-01 20:02:18,TERM_LIFE_INSURANCE,CLOSED,4,2025-10-15,2025-10-07 20:02:18,,LOW
1673,1673,2026-02-18 11:15:16,TERM_LIFE_INSURANCE,CLOSED,3,2026-03-04,2026-02-24 11:15:16,,LOW
1674,1674,2025-09-05 00:07:50,HIGH_YIELD_SAVINGS,CLOSED,1,2025-09-19,2025-09-06 00:07:50,,MEDIUM
1675,1675,2025-12-24 22:16:57,CORPORATE_ACCOUNT,CLOSED,5,2026-01-07,2025-12-26 22:16:57,,HIGH
1676,1676,2025-09-02 01:51:18,CROSS_BORDER_REMITTANCE,CLOSED,3,2025-09-16,2025-09-08 01:51:18,Unverified or expired identity documents,HIGH
1677,1677,2026-04-08 11:20:08,CRYPTO_BROKERAGE,CLOSED,4,2026-04-22,2026-04-11 11:20:08,,MEDIUM
1678,1678,2026-07-24 08:09:12,TREASURY_MANAGEMENT,OPEN,,2026-08-07,,,LOW
1679,1679,2026-05-29 18:22:48,INSTITUTIONAL_CRYPTO_CUSTODY,CLOSED,5,2026-06-12,2026-06-03 18:22:48,,LOW
1680,1680,2025-09-14 15:23:29,MORTGAGE_ORIGINATION,OPEN,,2025-09-28,,,HIGH
1681,1681,2026-05-06 13:15:55,RETAIL_BANKING,CLOSED,3,2026-05-20,2026-05-07 13:15:55,,LOW
1682,1682,2026-07-21 18:05:23,AUTO_FINANCING,CLOSED,1,2026-08-04,2026-07-26 18:05:23,,LOW
1683,1683,2026-03-21 11:19:28,TRADE_FINANCE_CREDIT_INSURANCE,PENDING_DOCUMENTS,5,2026-04-04,,,LOW
1684,1684,2025-12-15 08:09:32,RETAIL_BANKING,CLOSED,4,2025-12-29,2025-12-21 08:09:32,,MEDIUM
1685,1685,2026-06-12 02:19:58,ROBO_ADVISORY,IN_REVIEW,5,2026-06-26,,,LOW
1686,1686,2026-04-13 20:48:51,PHILANTHROPY_ENDOWMENT_MANAGEMENT,OPEN,3,2026-04-27,,,LOW
1687,1687,2026-07-26 00:01:00,RETAIL_BANKING,CLOSED,1,2026-08-09,2026-08-01 00:01:00,,HIGH
1688,1688,2026-07-31 15:18:05,CREDIT_CARD_ISSUANCE,CLOSED,3,2026-08-14,2026-08-02 15:18:05,,LOW
1689,1689,2026-05-22 12:41:48,CROSS_BORDER_REMITTANCE,CLOSED,3,2026-06-05,2026-05-24 12:41:48,,MEDIUM
1690,1690,2026-08-12 03:36:55,TERM_LIFE_INSURANCE,CLOSED,3,2026-08-26,2026-08-16 03:36:55,,LOW
1691,1691,2026-08-15 03:49:37,FX_HEDGING_SOLUTIONS,CLOSED,1,2026-08-29,2026-08-18 03:49:37,,MEDIUM
1692,1692,2026-02-20 07:08:22,TREASURY_MANAGEMENT,CLOSED,5,2026-03-06,2026-02-22 07:08:22,,LOW
1693,1693,2026-07-01 06:20:57,TERM_LIFE_INSURANCE,CLOSED,3,2026-07-15,2026-07-06 06:20:57,Unverified or expired identity documents,LOW
1694,1694,2025-10-13 09:47:13,INSTITUTIONAL_CRYPTO_CUSTODY,CLOSED,2,2025-10-27,2025-10-16 09:47:13,,LOW
1695,1695,2025-10-12 00:34:20,PAYROLL_SERVICES,PENDING_DOCUMENTS,,2025-10-26,,,LOW
1696,1696,2026-02-12 02:35:39,HIGH_YIELD_SAVINGS,CLOSED,5,2026-02-26,2026-02-16 02:35:39,,LOW
1697,1697,2025-11-21 12:06:02,AUTO_FINANCING,IN_REVIEW,3,2025-12-05,,,LOW
1698,1698,2025-11-13 10:03:37,BUY_NOW_PAY_LATER,CLOSED,4,2025-11-27,2025-11-15 10:03:37,,LOW
1699,1699,2026-04-13 18:44:15,HIGH_YIELD_SAVINGS,CLOSED,5,2026-04-27,2026-04-17 18:44:15,,LOW
1700,1700,2025-09-10 04:05:03,CORPORATE_CREDIT_CARD,CLOSED,5,2025-09-24,2025-09-13 04:05:03,,LOW
1701,1701,2026-08-23 03:27:49,PERSONAL_LOAN,OPEN,2,2026-09-06,,,LOW
1702,1702,2025-08-27 03:12:40,MERCHANT_ACQUIRING,CLOSED,5,2025-09-10,2025-08-31 03:12:40,,MEDIUM
1703,1703,2026-03-24 19:58:19,BUY_NOW_PAY_LATER,CLOSED,2,2026-04-07,2026-03-26 19:58:19,,LOW
1704,1704,2026-06-07 09:25:17,CRYPTO_BROKERAGE,CLOSED,2,2026-06-21,2026-06-13 09:25:17,,LOW
1705,1705,2025-09-20 13:02:22,ROBO_ADVISORY,CLOSED,4,2025-10-04,2025-09-23 13:02:22,,LOW
1706,1706,2025-12-31 01:36:31,MORTGAGE_ORIGINATION,CLOSED,5,2026-01-14,2026-01-06 01:36:31,Unverified or expired identity documents,HIGH
1707,1707,2025-11-14 06:01:01,HIGH_YIELD_SAVINGS,OPEN,3,2025-11-28,,,LOW
1708,1708,2025-12-13 03:20:39,PAYROLL_SERVICES,CLOSED,1,2025-12-27,2025-12-15 03:20:39,,LOW
1709,1709,2026-08-09 21:22:26,RETAIL_EQUITY_BROKERAGE,OPEN,,2026-08-23,,,MEDIUM
1710,1710,2026-05-29 18:57:50,RETAIL_EQUITY_BROKERAGE,CLOSED,4,2026-06-12,2026-06-04 18:57:50,,LOW
1711,1711,2026-07-12 07:38:04,FX_HEDGING_SOLUTIONS,CLOSED,4,2026-07-26,2026-07-17 07:38:04,,LOW
1712,1712,2026-02-17 04:57:07,CRYPTO_BROKERAGE,CLOSED,4,2026-03-03,2026-02-18 04:57:07,,LOW
1713,1713,2026-02-25 11:46:36,CORPORATE_CREDIT_CARD,CLOSED,4,2026-03-11,2026-03-03 11:46:36,,LOW
1714,1714,2025-11-19 03:15:33,CREDIT_CARD_ISSUANCE,CLOSED,5,2025-12-03,2025-11-23 03:15:33,,LOW
1715,1715,2026-03-29 08:25:22,CREDIT_CARD_ISSUANCE,CLOSED,1,2026-04-12,2026-04-01 08:25:22,,LOW
1716,1716,2025-10-30 17:49:42,CREDIT_CARD_ISSUANCE,CLOSED,4,2025-11-13,2025-11-03 17:49:42,,LOW
1717,1717,2026-08-18 05:23:31,AUTO_FINANCING,CLOSED,5,2026-09-01,2026-08-19 05:23:31,,LOW
1718,1718,2025-09-26 13:43:39,CROSS_BORDER_REMITTANCE,CLOSED,2,2025-10-10,2025-09-27 13:43:39,,LOW
1719,1719,2026-05-03 00:19:46,RETAIL_EQUITY_BROKERAGE,CLOSED,3,2026-05-17,2026-05-09 00:19:46,,LOW
1720,1720,2025-12-23 09:27:21,RETAIL_BANKING,CLOSED,1,2026-01-06,2025-12-26 09:27:21,Unverified or expired identity documents,MEDIUM
1721,1721,2026-02-04 09:14:18,PERSONAL_LOAN,CLOSED,1,2026-02-18,2026-02-05 09:14:18,,LOW
1722,1722,2026-07-14 13:29:53,HIGH_YIELD_SAVINGS,IN_REVIEW,1,2026-07-28,,,MEDIUM
1723,1723,2025-09-02 19:23:05,HIGH_YIELD_SAVINGS,OPEN,2,2025-09-16,,,LOW
1724,1724,2025-12-13 07:26:41,INSTITUTIONAL_CRYPTO_CUSTODY,CLOSED,1,2025-12-27,2025-12-15 07:26:41,,LOW
1725,1725,2026-01-29 04:02:20,AUTO_FINANCING,CLOSED,4,2026-02-12,2026-02-01 04:02:20,,LOW
1726,1726,2026-01-17 03:01:32,TERM_LIFE_INSURANCE,CLOSED,1,2026-01-31,2026-01-21 03:01:32,,LOW
1727,1727,2026-04-19 16:50:15,PERSONAL_LOAN,CLOSED,4,2026-05-03,2026-04-20 16:50:15,,MEDIUM
1728,1728,2026-02-15 10:33:48,AUTO_FINANCING,OPEN,,2026-03-01,,,HIGH
1729,1729,2025-09-20 10:11:43,TERM_LIFE_INSURANCE,CLOSED,1,2025-10-04,2025-09-22 10:11:43,,LOW
1730,1730,2025-12-31 14:53:20,ROBO_ADVISORY,CLOSED,1,2026-01-14,2026-01-04 14:53:20,,HIGH
1731,1731,2026-06-25 11:59:24,LETTER_OF_CREDIT,OPEN,2,2026-07-09,,,LOW
1732,1732,2025-11-25 21:37:00,RETAIL_EQUITY_BROKERAGE,CLOSED,2,2025-12-09,2025-11-28 21:37:00,,MEDIUM
1733,1733,2025-10-22 09:53:44,CRYPTO_BROKERAGE,CLOSED,3,2025-11-05,2025-10-26 09:53:44,,LOW
1734,1734,2026-04-06 14:40:34,HIGH_YIELD_SAVINGS,CLOSED,3,2026-04-20,2026-04-10 14:40:34,,LOW
1735,1735,2025-11-10 08:20:52,CORPORATE_CREDIT_CARD,CLOSED,2,2025-11-24,2025-11-16 08:20:52,,LOW
1736,1736,2026-06-13 06:56:30,ESCROW_SERVICES,CLOSED,3,2026-06-27,2026-06-19 06:56:30,,LOW
1737,1737,2025-11-26 10:11:54,MERCHANT_ACQUIRING,PENDING_DOCUMENTS,,2025-12-10,,,MEDIUM
1738,1738,2025-10-18 02:35:39,CREDIT_CARD_ISSUANCE,CLOSED,2,2025-11-01,2025-10-19 02:35:39,,LOW
1739,1739,2025-11-22 19:44:21,RETAIL_BANKING,CLOSED,2,2025-12-06,2025-11-26 19:44:21,,LOW
1740,1740,2026-03-28 17:47:41,RETAIL_EQUITY_BROKERAGE,CLOSED,4,2026-04-11,2026-04-01 17:47:41,High-risk sanctions/FATF jurisdiction,HIGH
1741,1741,2026-04-03 07:15:00,BUY_NOW_PAY_LATER,CLOSED,2,2026-04-17,2026-04-06 07:15:00,,MEDIUM
1742,1742,2026-04-05 22:12:06,TERM_LIFE_INSURANCE,PENDING_DOCUMENTS,,2026-04-19,,,LOW
1743,1743,2025-11-04 06:41:21,PERSONAL_LOAN,CLOSED,1,2025-11-18,2025-11-07 06:41:21,,LOW
1744,1744,2026-06-21 13:59:34,PERSONAL_LOAN,PENDING_DOCUMENTS,2,2026-07-05,,,LOW
1745,1745,2025-09-11 12:39:13,RETAIL_BANKING,CLOSED,1,2025-09-25,2025-09-12 12:39:13,,LOW
1746,1746,2025-12-27 13:41:44,CRYPTO_BROKERAGE,CLOSED,4,2026-01-10,2025-12-30 13:41:44,,LOW
1747,1747,2026-07-22 09:42:22,PERSONAL_LOAN,CLOSED,4,2026-08-05,2026-07-25 09:42:22,,MEDIUM
1748,1748,2025-10-24 18:53:28,CORPORATE_CREDIT_CARD,CLOSED,1,2025-11-07,2025-10-30 18:53:28,,LOW
1749,1749,2026-04-06 10:42:59,PHILANTHROPY_ENDOWMENT_MANAGEMENT,CLOSED,3,2026-04-20,2026-04-12 10:42:59,,LOW
1750,1750,2026-05-18 17:10:21,TRADE_FINANCE_CREDIT_INSURANCE,CLOSED,2,2026-06-01,2026-05-24 17:10:21,Unverified or expired identity documents,HIGH
1751,1751,2026-01-15 07:01:19,FX_HEDGING_SOLUTIONS,CLOSED,1,2026-01-29,2026-01-17 07:01:19,,LOW
1752,1752,2025-09-27 16:36:37,ROBO_ADVISORY,CLOSED,2,2025-10-11,2025-10-03 16:36:37,,LOW
1753,1753,2025-09-01 06:17:05,ESCROW_SERVICES,OPEN,4,2025-09-15,,,LOW
1754,1754,2026-03-14 08:10:24,AUTO_FINANCING,CLOSED,5,2026-03-28,2026-03-20 08:10:24,,MEDIUM
1755,1755,2026-01-28 20:34:28,BUY_NOW_PAY_LATER,IN_REVIEW,1,2026-02-11,,,LOW
1756,1756,2026-04-02 01:39:11,RETAIL_EQUITY_BROKERAGE,CLOSED,4,2026-04-16,2026-04-07 01:39:11,,MEDIUM
1757,1757,2026-03-12 21:11:52,RETAIL_BANKING,CLOSED,2,2026-03-26,2026-03-15 21:11:52,,MEDIUM
1758,1758,2025-10-13 18:12:47,ESCROW_SERVICES,CLOSED,2,2025-10-27,2025-10-19 18:12:47,,LOW
1759,1759,2025-12-06 14:03:11,RETAIL_EQUITY_BROKERAGE,CLOSED,2,2025-12-20,2025-12-10 14:03:11,,LOW
1760,1760,2025-10-04 22:03:03,CRYPTO_BROKERAGE,IN_REVIEW,,2025-10-18,,,LOW
1761,1761,2026-01-30 00:35:46,RETAIL_BANKING,OPEN,2,2026-02-13,,,LOW
1762,1762,2026-05-05 05:11:30,MERCHANT_ACQUIRING,CLOSED,1,2026-05-19,2026-05-10 05:11:30,,HIGH
1763,1763,2026-01-08 15:50:37,TRADE_FINANCE_CREDIT_INSURANCE,CLOSED,5,2026-01-22,2026-01-11 15:50:37,,LOW
1764,1764,2026-08-21 09:19:28,RETAIL_EQUITY_BROKERAGE,OPEN,,2026-09-04,,,LOW
1765,1765,2025-10-08 00:59:22,RETAIL_EQUITY_BROKERAGE,CLOSED,2,2025-10-22,2025-10-09 00:59:22,,LOW
1766,1766,2026-01-09 01:45:24,COMMERCIAL_LENDING,CLOSED,2,2026-01-23,2026-01-12 01:45:24,Unverified or expired identity documents,LOW
1767,1767,2026-05-04 22:08:07,TAX_OPTIMIZED_INVESTING,CLOSED,2,2026-05-18,2026-05-06 22:08:07,Unverified or expired identity documents,LOW
1768,1768,2026-01-05 05:46:13,PERSONAL_LOAN,CLOSED,5,2026-01-19,2026-01-08 05:46:13,,LOW
1769,1769,2026-04-07 03:42:15,CRYPTO_BROKERAGE,CLOSED,2,2026-04-21,2026-04-11 03:42:15,Unverified or expired identity documents,LOW
1770,1770,2025-11-09 02:04:53,CROSS_BORDER_REMITTANCE,CLOSED,3,2025-11-23,2025-11-11 02:04:53,Unverified or expired identity documents,HIGH
1771,1771,2026-08-08 21:18:09,FX_HEDGING_SOLUTIONS,CLOSED,1,2026-08-22,2026-08-13 21:18:09,,MEDIUM
1772,1772,2026-04-14 09:36:45,TERM_LIFE_INSURANCE,CLOSED,3,2026-04-28,2026-04-20 09:36:45,,LOW
1773,1773,2026-08-06 05:37:08,AUTO_FINANCING,CLOSED,2,2026-08-20,2026-08-09 05:37:08,,LOW
1774,1774,2025-10-20 23:31:09,HIGH_VOLUME_MERCHANT_GATEWAY,CLOSED,4,2025-11-03,2025-10-22 23:31:09,,LOW
1775,1775,2026-06-09 08:02:33,ROBO_ADVISORY,CLOSED,4,2026-06-23,2026-06-11 08:02:33,,HIGH
1776,1776,2026-02-22 08:48:57,LIQUIDITY_MANAGEMENT,CLOSED,5,2026-03-08,2026-02-26 08:48:57,,LOW
1777,1777,2026-06-27 16:58:30,CREDIT_CARD_ISSUANCE,CLOSED,3,2026-07-11,2026-06-29 16:58:30,,LOW
1778,1778,2026-04-14 13:36:55,HIGH_YIELD_SAVINGS,CLOSED,1,2026-04-28,2026-04-16 13:36:55,,LOW
1779,1779,2026-01-26 16:22:53,CROSS_BORDER_REMITTANCE,IN_REVIEW,1,2026-02-09,,,LOW
1780,1780,2025-12-30 17:27:42,ESCROW_SERVICES,IN_REVIEW,,2026-01-13,,,LOW
1781,1781,2026-07-30 09:27:26,AUTO_FINANCING,CLOSED,2,2026-08-13,2026-07-31 09:27:26,Unverified or expired identity documents,MEDIUM
1782,1782,2026-08-03 02:06:39,PERSONAL_LOAN,CLOSED,5,2026-08-17,2026-08-09 02:06:39,,LOW
1783,1783,2026-06-30 23:19:47,INSTITUTIONAL_CRYPTO_CUSTODY,CLOSED,2,2026-07-14,2026-07-04 23:19:47,,LOW
1784,1784,2026-08-11 01:48:33,ROBO_ADVISORY,PENDING_DOCUMENTS,3,2026-08-25,,,LOW
1785,1785,2026-05-14 15:54:18,BALLOT_INITIATIVE_ESCROW,CLOSED,1,2026-05-28,2026-05-19 15:54:18,,MEDIUM
1786,1786,2025-10-02 13:41:40,RETAIL_EQUITY_BROKERAGE,CLOSED,1,2025-10-16,2025-10-03 13:41:40,,LOW
1787,1787,2025-11-18 18:05:05,CORPORATE_ACCOUNT,CLOSED,4,2025-12-02,2025-11-20 18:05:05,,HIGH
1788,1788,2026-02-09 20:21:48,PERSONAL_LOAN,CLOSED,4,2026-02-23,2026-02-11 20:21:48,,LOW
1789,1789,2026-07-23 06:50:00,DIRECT_INDEXING,CLOSED,4,2026-08-06,2026-07-29 06:50:00,,LOW
1790,1790,2025-11-02 12:19:19,AUTO_FINANCING,CLOSED,2,2025-11-16,2025-11-03 12:19:19,,LOW
1791,1791,2025-10-13 02:14:05,HIGH_YIELD_SAVINGS,CLOSED,1,2025-10-27,2025-10-16 02:14:05,,MEDIUM
1792,1792,2025-10-16 21:19:52,PERSONAL_LOAN,CLOSED,4,2025-10-30,2025-10-21 21:19:52,,LOW
1793,1793,2026-01-05 07:06:21,CREDIT_CARD_ISSUANCE,OPEN,,2026-01-19,,,LOW
1794,1794,2026-05-23 23:58:28,PERSONAL_LOAN,CLOSED,5,2026-06-06,2026-05-26 23:58:28,,LOW
1795,1795,2026-01-14 18:42:55,HIGH_YIELD_SAVINGS,CLOSED,3,2026-01-28,2026-01-20 18:42:55,,LOW
1796,1796,2026-03-26 11:52:59,BUY_NOW_PAY_LATER,CLOSED,3,2026-04-09,2026-03-28 11:52:59,,LOW
1797,1797,2025-10-26 19:47:05,BUY_NOW_PAY_LATER,CLOSED,1,2025-11-09,2025-10-31 19:47:05,,MEDIUM
1798,1798,2026-01-01 20:34:05,CREDIT_CARD_ISSUANCE,CLOSED,3,2026-01-15,2026-01-03 20:34:05,,MEDIUM
1799,1799,2025-10-28 07:57:31,CROSS_BORDER_REMITTANCE,CLOSED,4,2025-11-11,2025-11-01 07:57:31,,LOW
1800,1800,2025-11-05 05:47:17,MORTGAGE_ORIGINATION,CLOSED,2,2025-11-19,2025-11-11 05:47:17,,LOW
1801,1801,2026-08-15 21:51:09,CORPORATE_CREDIT_CARD,CLOSED,4,2026-08-29,2026-08-20 21:51:09,,LOW
1802,1802,2026-08-01 17:46:23,TREASURY_MANAGEMENT,CLOSED,2,2026-08-15,2026-08-05 17:46:23,,LOW
1803,1803,2025-09-06 09:03:02,INSTITUTIONAL_CRYPTO_CUSTODY,CLOSED,5,2025-09-20,2025-09-11 09:03:02,,LOW
1804,1804,2026-07-03 11:40:40,MORTGAGE_ORIGINATION,IN_REVIEW,,2026-07-17,,,LOW
1805,1805,2025-12-23 00:28:48,MERCHANT_ACQUIRING,OPEN,,2026-01-06,,,LOW
1806,1806,2025-12-21 15:25:41,PERSONAL_LOAN,CLOSED,1,2026-01-04,2025-12-24 15:25:41,,MEDIUM
1807,1807,2026-07-03 23:02:03,ESCROW_SERVICES,CLOSED,5,2026-07-17,2026-07-07 23:02:03,,MEDIUM
1808,1808,2026-06-26 03:01:15,CROSS_BORDER_REMITTANCE,CLOSED,1,2026-07-10,2026-07-02 03:01:15,,LOW
1809,1809,2026-07-23 15:48:08,RETAIL_BANKING,CLOSED,4,2026-08-06,2026-07-26 15:48:08,Unverified or expired identity documents,MEDIUM
1810,1810,2026-04-24 19:45:24,POLITICAL_DONATION_PROCESSING,CLOSED,2,2026-05-08,2026-04-25 19:45:24,Unverified or expired identity documents,MEDIUM
1811,1811,2026-01-23 12:05:56,CRYPTO_BROKERAGE,CLOSED,1,2026-02-06,2026-01-24 12:05:56,Unverified or expired identity documents,HIGH
1812,1812,2026-07-16 03:32:49,CROSS_BORDER_REMITTANCE,PENDING_DOCUMENTS,2,2026-07-30,,,LOW
1813,1813,2025-10-04 11:25:14,CREDIT_CARD_ISSUANCE,CLOSED,3,2025-10-18,2025-10-05 11:25:14,,LOW
1814,1814,2026-03-08 06:48:37,CREDIT_CARD_ISSUANCE,OPEN,5,2026-03-22,,,LOW
1815,1815,2026-08-12 23:11:55,FX_HEDGING_SOLUTIONS,CLOSED,4,2026-08-26,2026-08-16 23:11:55,,LOW
1816,1816,2026-02-28 20:31:56,ESCROW_SERVICES,CLOSED,5,2026-03-14,2026-03-03 20:31:56,,LOW
1817,1817,2025-10-24 09:06:35,CREDIT_CARD_ISSUANCE,CLOSED,5,2025-11-07,2025-10-28 09:06:35,,LOW
1818,1818,2025-10-07 17:35:35,CREDIT_CARD_ISSUANCE,CLOSED,2,2025-10-21,2025-10-11 17:35:35,,LOW
1819,1819,2026-02-27 14:59:40,LETTER_OF_CREDIT,CLOSED,4,2026-03-13,2026-03-03 14:59:40,,LOW
1820,1820,2025-10-17 22:13:18,ESCROW_SERVICES,OPEN,,2025-10-31,,,LOW
1821,1821,2025-09-18 23:25:39,FX_HEDGING_SOLUTIONS,CLOSED,1,2025-10-02,2025-09-21 23:25:39,,MEDIUM
1822,1822,2026-03-17 08:08:07,PERSONAL_LOAN,CLOSED,1,2026-03-31,2026-03-18 08:08:07,,LOW
1823,1823,2026-03-23 19:53:36,COMMERCIAL_LENDING,CLOSED,2,2026-04-06,2026-03-26 19:53:36,,MEDIUM
1824,1824,2026-05-20 12:16:12,WEALTH_MANAGEMENT,CLOSED,2,2026-06-03,2026-05-25 12:16:12,High-risk sanctions/FATF jurisdiction,HIGH
1825,1825,2026-07-31 23:30:25,AUTO_FINANCING,CLOSED,1,2026-08-14,2026-08-02 23:30:25,,LOW
1826,1826,2026-07-08 08:37:27,RETAIL_BANKING,CLOSED,5,2026-07-22,2026-07-12 08:37:27,,LOW
1827,1827,2025-11-17 15:47:07,AUTO_FINANCING,CLOSED,1,2025-12-01,2025-11-20 15:47:07,,LOW
1828,1828,2025-11-22 12:50:55,DIRECT_INDEXING,CLOSED,3,2025-12-06,2025-11-26 12:50:55,,LOW
1829,1829,2026-02-02 18:58:37,BUY_NOW_PAY_LATER,PENDING_DOCUMENTS,3,2026-02-16,,,LOW
1830,1830,2026-08-23 20:07:35,CREDIT_CARD_ISSUANCE,PENDING_DOCUMENTS,5,2026-09-06,,,LOW
1831,1831,2026-08-02 03:18:41,RETAIL_BANKING,CLOSED,4,2026-08-16,2026-08-07 03:18:41,Unverified or expired identity documents,LOW
1832,1832,2026-06-14 09:47:05,HIGH_YIELD_SAVINGS,CLOSED,1,2026-06-28,2026-06-20 09:47:05,,LOW
1833,1833,2026-05-29 05:33:13,RETAIL_EQUITY_BROKERAGE,CLOSED,2,2026-06-12,2026-06-03 05:33:13,,LOW
1834,1834,2026-03-02 09:18:56,PERSONAL_LOAN,CLOSED,4,2026-03-16,2026-03-04 09:18:56,,LOW
1835,1835,2026-04-11 14:08:18,ESCROW_SERVICES,OPEN,4,2026-04-25,,,LOW
1836,1836,2026-06-07 17:58:46,TERM_LIFE_INSURANCE,CLOSED,2,2026-06-21,2026-06-12 17:58:46,,LOW
1837,1837,2025-12-29 18:50:12,HIGH_YIELD_SAVINGS,CLOSED,3,2026-01-12,2026-01-03 18:50:12,,MEDIUM
1838,1838,2026-05-05 01:14:55,TRADE_FINANCE_CREDIT_INSURANCE,CLOSED,3,2026-05-19,2026-05-07 01:14:55,,MEDIUM
1839,1839,2026-07-21 00:47:28,LETTER_OF_CREDIT,CLOSED,5,2026-08-04,2026-07-24 00:47:28,,LOW
1840,1840,2025-10-29 05:23:24,AUTO_FINANCING,CLOSED,3,2025-11-12,2025-11-02 05:23:24,,LOW
1841,1841,2025-08-28 23:36:46,RETAIL_BANKING,CLOSED,5,2025-09-11,2025-09-01 23:36:46,,LOW
1842,1842,2026-04-19 00:07:27,CREDIT_CARD_ISSUANCE,CLOSED,5,2026-05-03,2026-04-25 00:07:27,High-risk sanctions/FATF jurisdiction,HIGH
1843,1843,2026-04-03 08:48:20,ASSET_PROTECTION_TRUSTS,CLOSED,5,2026-04-17,2026-04-06 08:48:20,,LOW
1844,1844,2026-01-09 15:14:52,TERM_LIFE_INSURANCE,OPEN,3,2026-01-23,,,MEDIUM
1845,1845,2026-01-07 02:50:31,TAX_OPTIMIZED_INVESTING,OPEN,,2026-01-21,,,LOW
1846,1846,2025-12-22 04:29:01,BUY_NOW_PAY_LATER,CLOSED,1,2026-01-05,2025-12-25 04:29:01,,MEDIUM
1847,1847,2026-02-18 03:59:15,ROBO_ADVISORY,CLOSED,2,2026-03-04,2026-02-22 03:59:15,,LOW
1848,1848,2026-05-21 02:00:44,RETAIL_EQUITY_BROKERAGE,CLOSED,4,2026-06-04,2026-05-27 02:00:44,,LOW
1849,1849,2026-02-12 02:26:04,LIQUIDITY_MANAGEMENT,OPEN,2,2026-02-26,,,LOW
1850,1850,2026-04-18 19:50:08,REGULATORY_REPORTING_INTEGRATION,CLOSED,3,2026-05-02,2026-04-19 19:50:08,,LOW
1851,1851,2026-01-03 12:34:28,LIQUIDITY_MANAGEMENT,CLOSED,2,2026-01-17,2026-01-09 12:34:28,,LOW
1852,1852,2026-08-21 19:42:45,RETAIL_BANKING,PENDING_DOCUMENTS,,2026-09-04,,,LOW
1853,1853,2026-03-15 16:38:33,COMMERCIAL_LENDING,CLOSED,2,2026-03-29,2026-03-19 16:38:33,,LOW
1854,1854,2025-09-13 03:26:27,PAYROLL_SERVICES,IN_REVIEW,,2025-09-27,,,LOW
1855,1855,2026-01-04 08:39:34,SYNDICATED_LOANS,CLOSED,4,2026-01-18,2026-01-08 08:39:34,,LOW
1856,1856,2026-08-25 04:17:59,TERM_LIFE_INSURANCE,CLOSED,3,2026-09-08,2026-08-28 04:17:59,,MEDIUM
1857,1857,2026-05-21 05:12:00,BESPOKE_PORTFOLIO_MANAGEMENT,CLOSED,1,2026-06-04,2026-05-24 05:12:00,,MEDIUM
1858,1858,2026-06-04 13:23:18,COMPLIANCE_RESTRICTED_DEPOSIT_ACCOUNT,CLOSED,5,2026-06-18,2026-06-06 13:23:18,,LOW
1859,1859,2026-03-03 02:36:22,AUTO_FINANCING,CLOSED,4,2026-03-17,2026-03-06 02:36:22,,LOW
1860,1860,2026-04-01 21:45:33,MERCHANT_ACQUIRING,CLOSED,4,2026-04-15,2026-04-05 21:45:33,Adverse media and PEP screening threshold exceeded,LOW
1861,1861,2026-08-01 22:56:43,CRYPTO_BROKERAGE,CLOSED,3,2026-08-15,2026-08-07 22:56:43,,LOW
1862,1862,2025-12-25 04:17:14,TERM_LIFE_INSURANCE,CLOSED,1,2026-01-08,2025-12-31 04:17:14,,LOW
1863,1863,2025-11-14 10:42:58,CREDIT_CARD_ISSUANCE,CLOSED,3,2025-11-28,2025-11-15 10:42:58,,LOW
1864,1864,2026-05-01 23:57:37,BUY_NOW_PAY_LATER,CLOSED,1,2026-05-15,2026-05-07 23:57:37,,LOW
1865,1865,2025-10-06 10:57:24,TERM_LIFE_INSURANCE,CLOSED,4,2025-10-20,2025-10-08 10:57:24,,HIGH
1866,1866,2026-05-01 20:22:50,CROSS_BORDER_REMITTANCE,CLOSED,1,2026-05-15,2026-05-03 20:22:50,,MEDIUM
1867,1867,2026-01-29 03:37:46,PAYROLL_SERVICES,CLOSED,5,2026-02-12,2026-01-31 03:37:46,,LOW
1868,1868,2025-10-15 04:07:32,PRIVATE_EQUITY_FEEDER,CLOSED,2,2025-10-29,2025-10-17 04:07:32,,LOW
1869,1869,2026-04-25 15:58:44,AUTO_FINANCING,PENDING_DOCUMENTS,1,2026-05-09,,,LOW
1870,1870,2026-07-22 06:26:32,ROBO_ADVISORY,CLOSED,4,2026-08-05,2026-07-28 06:26:32,,HIGH
1871,1871,2025-10-19 21:28:40,RETAIL_EQUITY_BROKERAGE,CLOSED,5,2025-11-02,2025-10-23 21:28:40,,LOW
1872,1872,2026-06-08 01:41:58,POLITICAL_DONATION_PROCESSING,CLOSED,4,2026-06-22,2026-06-11 01:41:58,Unverified or expired identity documents,LOW
1873,1873,2026-08-22 07:03:36,TERM_LIFE_INSURANCE,CLOSED,4,2026-09-05,2026-08-25 07:03:36,,LOW
1874,1874,2026-02-18 09:59:50,HIGH_YIELD_SAVINGS,CLOSED,5,2026-03-04,2026-02-19 09:59:50,,LOW
1875,1875,2025-10-01 21:23:20,HIGH_YIELD_SAVINGS,CLOSED,5,2025-10-15,2025-10-05 21:23:20,,LOW
1876,1876,2026-08-05 03:29:45,CRYPTO_BROKERAGE,CLOSED,4,2026-08-19,2026-08-10 03:29:45,,HIGH
1877,1877,2025-11-25 22:33:56,DISBURSEMENT_PAYROLL_SERVICES,CLOSED,2,2025-12-09,2025-11-27 22:33:56,,LOW
1878,1878,2026-07-01 11:39:27,PERSONAL_LOAN,CLOSED,4,2026-07-15,2026-07-02 11:39:27,,LOW
1879,1879,2025-12-19 18:58:28,RETAIL_BANKING,PENDING_DOCUMENTS,,2026-01-02,,,LOW
1880,1880,2026-06-08 06:16:17,BUY_NOW_PAY_LATER,CLOSED,2,2026-06-22,2026-06-09 06:16:17,,LOW
1881,1881,2026-07-15 03:31:45,TAX_OPTIMIZED_INVESTING,CLOSED,2,2026-07-29,2026-07-18 03:31:45,,LOW
1882,1882,2026-01-06 01:59:40,MORTGAGE_ORIGINATION,CLOSED,5,2026-01-20,2026-01-10 01:59:40,,MEDIUM
1883,1883,2026-06-16 07:41:16,BUY_NOW_PAY_LATER,CLOSED,1,2026-06-30,2026-06-21 07:41:16,,LOW
1884,1884,2025-10-19 09:54:17,RETAIL_EQUITY_BROKERAGE,CLOSED,4,2025-11-02,2025-10-22 09:54:17,,LOW
1885,1885,2026-04-09 10:26:57,HIGH_YIELD_SAVINGS,CLOSED,2,2026-04-23,2026-04-14 10:26:57,,LOW
1886,1886,2026-01-12 08:30:31,COMMERCIAL_LENDING,CLOSED,3,2026-01-26,2026-01-17 08:30:31,,MEDIUM
1887,1887,2026-07-23 13:01:12,BESPOKE_PORTFOLIO_MANAGEMENT,CLOSED,1,2026-08-06,2026-07-24 13:01:12,,LOW
1888,1888,2026-04-11 06:20:10,CROSS_BORDER_REMITTANCE,CLOSED,1,2026-04-25,2026-04-16 06:20:10,,LOW
1889,1889,2025-12-30 09:52:22,CORPORATE_ACCOUNT,IN_REVIEW,4,2026-01-13,,,LOW
1890,1890,2026-04-11 22:04:33,MORTGAGE_ORIGINATION,CLOSED,2,2026-04-25,2026-04-14 22:04:33,,LOW
1891,1891,2026-03-01 14:33:24,RETAIL_BANKING,CLOSED,3,2026-03-15,2026-03-07 14:33:24,Unverified or expired identity documents,MEDIUM
1892,1892,2026-05-20 11:58:23,HIGH_YIELD_SAVINGS,CLOSED,5,2026-06-03,2026-05-21 11:58:23,,LOW
1893,1893,2026-01-06 00:13:01,TRUSTEE_ADMINISTRATION,CLOSED,1,2026-01-20,2026-01-08 00:13:01,,LOW
1894,1894,2026-05-17 23:21:05,MORTGAGE_ORIGINATION,CLOSED,4,2026-05-31,2026-05-20 23:21:05,,LOW
1895,1895,2026-01-19 18:20:48,HIGH_YIELD_SAVINGS,OPEN,4,2026-02-02,,,LOW
1896,1896,2026-04-09 23:24:55,BUY_NOW_PAY_LATER,CLOSED,2,2026-04-23,2026-04-15 23:24:55,,MEDIUM
1897,1897,2025-10-10 18:07:40,AUTO_FINANCING,CLOSED,2,2025-10-24,2025-10-12 18:07:40,,LOW
1898,1898,2026-01-16 12:48:12,PERSONAL_LOAN,CLOSED,1,2026-01-30,2026-01-19 12:48:12,,LOW
1899,1899,2026-08-18 20:33:58,CROSS_BORDER_REMITTANCE,CLOSED,2,2026-09-01,2026-08-23 20:33:58,,LOW
1900,1900,2026-07-03 23:07:36,RETAIL_EQUITY_BROKERAGE,CLOSED,5,2026-07-17,2026-07-04 23:07:36,,LOW
1901,1901,2026-05-04 10:05:21,SYNDICATED_LOANS,CLOSED,3,2026-05-18,2026-05-05 10:05:21,,LOW
1902,1902,2026-05-27 12:01:34,CROSS_BORDER_REMITTANCE,PENDING_DOCUMENTS,1,2026-06-10,,,LOW
1903,1903,2025-09-08 14:08:30,ROBO_ADVISORY,CLOSED,3,2025-09-22,2025-09-11 14:08:30,,LOW
1904,1904,2025-11-25 23:28:10,ROBO_ADVISORY,CLOSED,4,2025-12-09,2025-12-01 23:28:10,,LOW
1905,1905,2025-10-15 04:45:42,MORTGAGE_ORIGINATION,CLOSED,3,2025-10-29,2025-10-17 04:45:42,,LOW
1906,1906,2025-12-06 05:23:17,CRYPTO_BROKERAGE,CLOSED,1,2025-12-20,2025-12-11 05:23:17,,HIGH
1907,1907,2025-09-12 22:54:09,MERCHANT_ACQUIRING,CLOSED,4,2025-09-26,2025-09-16 22:54:09,,MEDIUM
1908,1908,2025-10-29 01:02:03,CRYPTO_BROKERAGE,CLOSED,5,2025-11-12,2025-10-30 01:02:03,,HIGH
1909,1909,2026-01-07 11:43:06,LETTER_OF_CREDIT,CLOSED,5,2026-01-21,2026-01-10 11:43:06,,MEDIUM
1910,1910,2026-06-04 12:30:50,CORPORATE_CREDIT_CARD,CLOSED,2,2026-06-18,2026-06-05 12:30:50,,LOW
1911,1911,2025-11-20 02:37:23,RETAIL_EQUITY_BROKERAGE,CLOSED,5,2025-12-04,2025-11-26 02:37:23,,LOW
1912,1912,2025-11-22 13:28:51,BUY_NOW_PAY_LATER,CLOSED,2,2025-12-06,2025-11-25 13:28:51,,HIGH
1913,1913,2025-12-19 03:46:32,MORTGAGE_ORIGINATION,IN_REVIEW,,2026-01-02,,,LOW
1914,1914,2025-12-09 15:30:24,PERSONAL_LOAN,CLOSED,1,2025-12-23,2025-12-15 15:30:24,,MEDIUM
1915,1915,2026-08-14 17:54:08,INSTITUTIONAL_CRYPTO_CUSTODY,PENDING_DOCUMENTS,,2026-08-28,,,MEDIUM
1916,1916,2026-01-02 09:00:27,HIGH_YIELD_SAVINGS,CLOSED,5,2026-01-16,2026-01-04 09:00:27,,MEDIUM
1917,1917,2026-08-21 10:10:10,TERM_LIFE_INSURANCE,IN_REVIEW,5,2026-09-04,,,LOW
1918,1918,2025-09-20 08:15:35,MORTGAGE_ORIGINATION,CLOSED,3,2025-10-04,2025-09-23 08:15:35,,LOW
1919,1919,2026-04-07 08:20:46,TRUSTEE_ADMINISTRATION,CLOSED,4,2026-04-21,2026-04-08 08:20:46,,LOW
1920,1920,2026-08-08 05:03:22,PERSONAL_LOAN,CLOSED,2,2026-08-22,2026-08-13 05:03:22,Unverified or expired identity documents,HIGH
1921,1921,2026-03-15 06:07:54,TERM_LIFE_INSURANCE,CLOSED,3,2026-03-29,2026-03-16 06:07:54,,LOW
1922,1922,2025-09-30 15:17:43,RETAIL_BANKING,CLOSED,2,2025-10-14,2025-10-04 15:17:43,,LOW
1923,1923,2025-11-10 22:46:37,ROBO_ADVISORY,CLOSED,1,2025-11-24,2025-11-11 22:46:37,,MEDIUM
1924,1924,2026-01-30 03:08:18,PERSONAL_LOAN,CLOSED,3,2026-02-13,2026-02-02 03:08:18,,LOW
1925,1925,2026-04-24 17:02:25,RETAIL_BANKING,CLOSED,4,2026-05-08,2026-04-29 17:02:25,,LOW
1926,1926,2026-08-18 16:25:22,HIGH_YIELD_SAVINGS,CLOSED,4,2026-09-01,2026-08-24 16:25:22,,MEDIUM
1927,1927,2025-12-15 08:56:08,RETAIL_BANKING,CLOSED,2,2025-12-29,2025-12-16 08:56:08,,LOW
1928,1928,2026-06-15 03:26:10,POLITICAL_DONATION_PROCESSING,CLOSED,4,2026-06-29,2026-06-17 03:26:10,Adverse media and PEP screening threshold exceeded,LOW
1929,1929,2025-10-26 05:05:12,CROSS_BORDER_REMITTANCE,CLOSED,5,2025-11-09,2025-10-27 05:05:12,,LOW
1930,1930,2026-08-24 02:10:25,TREASURY_MANAGEMENT,IN_REVIEW,,2026-09-07,,,LOW
1931,1931,2025-08-28 07:03:19,PERSONAL_LOAN,CLOSED,1,2025-09-11,2025-08-31 07:03:19,,LOW
1932,1932,2025-10-27 11:05:30,CROSS_BORDER_REMITTANCE,IN_REVIEW,,2025-11-10,,,LOW
1933,1933,2025-11-28 21:14:35,CREDIT_CARD_ISSUANCE,CLOSED,2,2025-12-12,2025-12-01 21:14:35,,LOW
1934,1934,2026-03-27 15:08:28,RETAIL_EQUITY_BROKERAGE,IN_REVIEW,1,2026-04-10,,,MEDIUM
1935,1935,2026-07-02 11:33:44,HIGH_YIELD_SAVINGS,CLOSED,4,2026-07-16,2026-07-04 11:33:44,,LOW
1936,1936,2025-10-22 07:35:57,PERSONAL_LOAN,IN_REVIEW,,2025-11-05,,,LOW
1937,1937,2026-07-12 09:14:10,RETAIL_BANKING,CLOSED,1,2026-07-26,2026-07-14 09:14:10,,LOW
1938,1938,2025-11-13 08:10:24,HIGH_YIELD_SAVINGS,CLOSED,2,2025-11-27,2025-11-17 08:10:24,,LOW
1939,1939,2026-07-03 06:57:26,ASSET_PROTECTION_TRUSTS,CLOSED,5,2026-07-17,2026-07-08 06:57:26,,LOW
1940,1940,2026-03-04 09:45:57,CREDIT_CARD_ISSUANCE,CLOSED,5,2026-03-18,2026-03-05 09:45:57,Unverified or expired identity documents,HIGH
1941,1941,2025-12-16 22:41:54,CORPORATE_CREDIT_CARD,CLOSED,4,2025-12-30,2025-12-21 22:41:54,,LOW
1942,1942,2026-07-26 07:16:05,TREASURY_MANAGEMENT,OPEN,,2026-08-09,,,LOW
1943,1943,2026-02-03 12:36:56,HIGH_YIELD_SAVINGS,CLOSED,1,2026-02-17,2026-02-09 12:36:56,,LOW
1944,1944,2026-01-30 02:26:30,CORPORATE_ACCOUNT,CLOSED,2,2026-02-13,2026-02-02 02:26:30,Unverified or expired identity documents,LOW
1945,1945,2026-01-26 06:40:48,RETAIL_EQUITY_BROKERAGE,CLOSED,3,2026-02-09,2026-01-27 06:40:48,,MEDIUM
1946,1946,2026-07-21 20:52:41,BUY_NOW_PAY_LATER,PENDING_DOCUMENTS,2,2026-08-04,,,LOW
1947,1947,2026-01-14 06:49:39,BUY_NOW_PAY_LATER,CLOSED,1,2026-01-28,2026-01-20 06:49:39,,LOW
1948,1948,2026-07-03 22:40:13,SYNDICATED_LOANS,PENDING_DOCUMENTS,3,2026-07-17,,,LOW
1949,1949,2026-07-03 09:20:37,TRADE_FINANCE_CREDIT_INSURANCE,CLOSED,2,2026-07-17,2026-07-08 09:20:37,,LOW
1950,1950,2026-03-17 16:04:19,FIDUCIARY_CUSTODY_ACCOUNT,CLOSED,5,2026-03-31,2026-03-21 16:04:19,Unverified or expired identity documents,HIGH
1951,1951,2026-05-24 00:38:47,CORPORATE_ACCOUNT,CLOSED,2,2026-06-07,2026-05-25 00:38:47,,MEDIUM
1952,1952,2026-07-15 07:53:16,CORPORATE_CREDIT_CARD,CLOSED,2,2026-07-29,2026-07-16 07:53:16,,LOW
1953,1953,2025-10-19 16:33:44,DIRECT_INDEXING,CLOSED,5,2025-11-02,2025-10-25 16:33:44,,LOW
1954,1954,2026-07-31 13:44:45,MORTGAGE_ORIGINATION,OPEN,,2026-08-14,,,LOW
1955,1955,2025-08-25 19:46:53,CROSS_BORDER_REMITTANCE,CLOSED,5,2025-09-08,2025-08-28 19:46:53,,LOW
1956,1956,2026-03-16 19:15:10,MORTGAGE_ORIGINATION,CLOSED,3,2026-03-30,2026-03-22 19:15:10,,LOW
1957,1957,2026-04-27 20:25:22,PERSONAL_LOAN,CLOSED,2,2026-05-11,2026-04-29 20:25:22,,LOW
1958,1958,2026-01-04 09:30:35,PERSONAL_LOAN,IN_REVIEW,4,2026-01-18,,,LOW
1959,1959,2026-03-27 12:21:03,AUTO_FINANCING,OPEN,,2026-04-10,,,LOW
1960,1960,2026-08-23 14:23:45,PERSONAL_LOAN,CLOSED,1,2026-09-06,2026-08-28 14:23:45,,LOW
1961,1961,2026-06-03 14:13:40,HIGH_YIELD_SAVINGS,CLOSED,2,2026-06-17,2026-06-07 14:13:40,,HIGH
1962,1962,2026-01-09 19:59:58,RETAIL_EQUITY_BROKERAGE,CLOSED,2,2026-01-23,2026-01-14 19:59:58,,LOW
1963,1963,2026-08-05 22:07:50,INSTITUTIONAL_CRYPTO_CUSTODY,CLOSED,1,2026-08-19,2026-08-08 22:07:50,,LOW
1964,1964,2026-01-29 04:06:47,TERM_LIFE_INSURANCE,CLOSED,5,2026-02-12,2026-02-01 04:06:47,,LOW
1965,1965,2026-04-28 06:40:21,AUTO_FINANCING,CLOSED,1,2026-05-12,2026-05-01 06:40:21,,LOW
1966,1966,2026-05-25 15:17:52,TERM_LIFE_INSURANCE,CLOSED,1,2026-06-08,2026-05-28 15:17:52,,LOW
1967,1967,2025-09-16 07:25:57,CREDIT_CARD_ISSUANCE,PENDING_DOCUMENTS,,2025-09-30,,,LOW
1968,1968,2025-10-28 08:40:00,CRYPTO_BROKERAGE,OPEN,,2025-11-11,,,LOW
1969,1969,2026-01-23 19:39:41,TERM_LIFE_INSURANCE,CLOSED,3,2026-02-06,2026-01-29 19:39:41,,LOW
1970,1970,2025-08-26 04:00:48,PERSONAL_LOAN,CLOSED,3,2025-09-09,2025-09-01 04:00:48,,LOW
1971,1971,2026-01-01 08:13:22,MORTGAGE_ORIGINATION,CLOSED,3,2026-01-15,2026-01-04 08:13:22,,LOW
1972,1972,2026-01-13 00:34:12,TREASURY_MANAGEMENT,CLOSED,3,2026-01-27,2026-01-18 00:34:12,,LOW
1973,1973,2026-01-25 12:53:55,RETAIL_BANKING,CLOSED,3,2026-02-08,2026-01-26 12:53:55,,MEDIUM
1974,1974,2026-04-15 12:15:33,BALLOT_INITIATIVE_ESCROW,CLOSED,2,2026-04-29,2026-04-20 12:15:33,Unverified or expired identity documents,LOW
1975,1975,2026-03-11 02:10:16,FIDUCIARY_CUSTODY_ACCOUNT,CLOSED,4,2026-03-25,2026-03-14 02:10:16,,LOW
1976,1976,2025-12-06 06:39:03,CRYPTO_BROKERAGE,CLOSED,2,2025-12-20,2025-12-09 06:39:03,,HIGH
1977,1977,2025-08-29 12:29:11,ESCROW_SERVICES,CLOSED,3,2025-09-12,2025-08-30 12:29:11,,HIGH
1978,1978,2026-06-28 14:34:48,COMMERCIAL_LENDING,CLOSED,1,2026-07-12,2026-07-01 14:34:48,,LOW
1979,1979,2026-06-10 10:58:41,AUTO_FINANCING,CLOSED,1,2026-06-24,2026-06-16 10:58:41,,LOW
1980,1980,2026-08-15 03:18:34,RETAIL_BANKING,CLOSED,3,2026-08-29,2026-08-17 03:18:34,,LOW
1981,1981,2025-09-21 12:06:24,HIGH_YIELD_SAVINGS,CLOSED,4,2025-10-05,2025-09-25 12:06:24,,LOW
1982,1982,2026-07-17 22:57:32,BUY_NOW_PAY_LATER,CLOSED,2,2026-07-31,2026-07-22 22:57:32,,LOW
1983,1983,2026-07-16 12:25:45,INSTITUTIONAL_CRYPTO_CUSTODY,CLOSED,2,2026-07-30,2026-07-22 12:25:45,,LOW
1984,1984,2025-10-31 08:03:40,AUTO_FINANCING,CLOSED,5,2025-11-14,2025-11-02 08:03:40,,LOW
1985,1985,2026-05-16 14:37:10,BUY_NOW_PAY_LATER,CLOSED,5,2026-05-30,2026-05-18 14:37:10,,LOW
1986,1986,2026-06-25 10:08:21,DISBURSEMENT_PAYROLL_SERVICES,OPEN,,2026-07-09,,,LOW
1987,1987,2026-03-25 19:24:12,CROSS_BORDER_REMITTANCE,CLOSED,5,2026-04-08,2026-03-31 19:24:12,,LOW
1988,1988,2026-07-20 10:53:10,HIGH_VOLUME_MERCHANT_GATEWAY,CLOSED,4,2026-08-03,2026-07-24 10:53:10,Adverse media and PEP screening threshold exceeded,MEDIUM
1989,1989,2026-05-11 02:48:41,CREDIT_CARD_ISSUANCE,CLOSED,4,2026-05-25,2026-05-12 02:48:41,,LOW
1990,1990,2026-02-20 15:55:31,RETAIL_EQUITY_BROKERAGE,CLOSED,2,2026-03-06,2026-02-25 15:55:31,,MEDIUM
1991,1991,2025-12-10 01:30:47,ESCROW_SERVICES,CLOSED,4,2025-12-24,2025-12-12 01:30:47,,LOW
1992,1992,2026-06-30 22:32:27,INSTITUTIONAL_CRYPTO_CUSTODY,OPEN,,2026-07-14,,,LOW
1993,1993,2026-08-18 19:09:56,RETAIL_BANKING,IN_REVIEW,,2026-09-01,,,LOW
1994,1994,2026-03-29 11:26:36,BALLOT_INITIATIVE_ESCROW,IN_REVIEW,,2026-04-12,,,MEDIUM
1995,1995,2025-09-02 16:31:47,BALLOT_INITIATIVE_ESCROW,CLOSED,5,2025-09-16,2025-09-03 16:31:47,Unverified or expired identity documents,HIGH
1996,1996,2026-08-02 12:54:19,TREASURY_MANAGEMENT,CLOSED,3,2026-08-16,2026-08-03 12:54:19,,LOW
1997,1997,2025-08-28 12:19:35,CREDIT_CARD_ISSUANCE,CLOSED,2,2025-09-11,2025-09-02 12:19:35,,LOW
1998,1998,2025-10-05 02:17:16,TERM_LIFE_INSURANCE,CLOSED,2,2025-10-19,2025-10-08 02:17:16,,LOW
1999,1999,2025-08-26 22:10:19,CROSS_BORDER_REMITTANCE,PENDING_DOCUMENTS,5,2025-09-09,,,LOW
2000,2000,2026-02-25 23:02:31,CREDIT_CARD_ISSUANCE,CLOSED,1,2026-03-11,2026-02-26 23:02:31,,LOW
2001,2001,2026-03-14 07:18:34,HIGH_YIELD_SAVINGS,CLOSED,2,2026-03-28,2026-03-16 07:18:34,,LOW
2002,2002,2025-12-22 19:11:02,CORPORATE_ACCOUNT,CLOSED,4,2026-01-05,2025-12-26 19:11:02,,LOW
2003,2003,2026-05-25 03:40:03,RETAIL_EQUITY_BROKERAGE,CLOSED,2,2026-06-08,2026-05-27 03:40:03,,HIGH
2004,2004,2025-12-13 14:21:44,PAYROLL_SERVICES,CLOSED,4,2025-12-27,2025-12-19 14:21:44,,LOW
2005,2005,2025-11-17 09:56:24,POLITICAL_DONATION_PROCESSING,CLOSED,1,2025-12-01,2025-11-19 09:56:24,,LOW
2006,2006,2026-01-01 10:55:43,DIRECT_INDEXING,CLOSED,5,2026-01-15,2026-01-07 10:55:43,,LOW
2007,2007,2025-11-11 09:06:25,TERM_LIFE_INSURANCE,CLOSED,3,2025-11-25,2025-11-14 09:06:25,,LOW
2008,2008,2025-10-31 11:19:33,TRADE_FINANCE_CREDIT_INSURANCE,CLOSED,3,2025-11-14,2025-11-06 11:19:33,,LOW
2009,2009,2025-11-02 12:59:01,ESCROW_SERVICES,CLOSED,1,2025-11-16,2025-11-06 12:59:01,,MEDIUM
2010,2010,2025-09-05 02:18:51,TREASURY_MANAGEMENT,CLOSED,3,2025-09-19,2025-09-09 02:18:51,,LOW
2011,2011,2026-08-18 13:11:34,TERM_LIFE_INSURANCE,CLOSED,1,2026-09-01,2026-08-24 13:11:34,,HIGH
2012,2012,2026-05-20 04:38:42,PERSONAL_LOAN,IN_REVIEW,,2026-06-03,,,MEDIUM
2013,2013,2026-02-21 18:54:36,PERSONAL_LOAN,OPEN,2,2026-03-07,,,LOW
2014,2014,2026-07-30 00:02:37,CROSS_BORDER_REMITTANCE,OPEN,3,2026-08-13,,,LOW
2015,2015,2026-02-25 16:23:56,CREDIT_CARD_ISSUANCE,CLOSED,5,2026-03-11,2026-02-26 16:23:56,,LOW
2016,2016,2026-06-30 22:36:47,CREDIT_CARD_ISSUANCE,CLOSED,4,2026-07-14,2026-07-06 22:36:47,,LOW
2017,2017,2025-12-29 21:02:23,DISBURSEMENT_PAYROLL_SERVICES,CLOSED,1,2026-01-12,2026-01-04 21:02:23,Unverified or expired identity documents,LOW
2018,2018,2026-01-18 14:41:40,CROSS_BORDER_REMITTANCE,PENDING_DOCUMENTS,5,2026-02-01,,,HIGH
2019,2019,2026-07-09 23:02:37,ESTATE_PLANNING_SERVICES,CLOSED,5,2026-07-23,2026-07-12 23:02:37,,LOW
2020,2020,2026-05-14 21:02:03,BUY_NOW_PAY_LATER,CLOSED,5,2026-05-28,2026-05-19 21:02:03,,LOW
2021,2021,2025-12-13 01:24:38,HIGH_YIELD_SAVINGS,PENDING_DOCUMENTS,2,2025-12-27,,,LOW
2022,2022,2026-03-10 02:51:04,ROBO_ADVISORY,PENDING_DOCUMENTS,,2026-03-24,,,LOW
2023,2023,2025-08-31 03:28:35,CROSS_BORDER_REMITTANCE,CLOSED,3,2025-09-14,2025-09-02 03:28:35,,LOW
2024,2024,2025-10-08 18:12:10,BUY_NOW_PAY_LATER,PENDING_DOCUMENTS,,2025-10-22,,,LOW
2025,2025,2026-01-21 01:53:41,HIGH_YIELD_SAVINGS,CLOSED,5,2026-02-04,2026-01-24 01:53:41,,LOW
2026,2026,2025-12-28 01:18:22,RETAIL_BANKING,CLOSED,5,2026-01-11,2026-01-03 01:18:22,,LOW
2027,2027,2026-03-21 18:03:04,LIQUIDITY_MANAGEMENT,PENDING_DOCUMENTS,,2026-04-04,,,LOW
2028,2028,2026-04-21 19:41:30,FX_HEDGING_SOLUTIONS,CLOSED,4,2026-05-05,2026-04-23 19:41:30,Unverified or expired identity documents,MEDIUM
2029,2029,2025-09-22 12:28:10,ROBO_ADVISORY,OPEN,4,2025-10-06,,,LOW
2030,2030,2026-01-12 23:20:13,HIGH_YIELD_SAVINGS,OPEN,,2026-01-26,,,MEDIUM
2031,2031,2026-03-21 13:23:27,RETAIL_BANKING,CLOSED,1,2026-04-04,2026-03-23 13:23:27,,LOW
2032,2032,2026-08-25 02:13:40,PAC_TREASURY_MANAGEMENT,CLOSED,5,2026-09-08,2026-08-30 02:13:40,High-risk sanctions/FATF jurisdiction,HIGH
2033,2033,2026-05-07 22:24:23,SYNDICATED_LOANS,CLOSED,5,2026-05-21,2026-05-11 22:24:23,,MEDIUM
2034,2034,2025-10-24 19:25:25,RETAIL_EQUITY_BROKERAGE,CLOSED,3,2025-11-07,2025-10-29 19:25:25,,LOW
2035,2035,2026-04-05 08:13:06,ESCROW_SERVICES,CLOSED,4,2026-04-19,2026-04-11 08:13:06,,LOW
2036,2036,2026-08-09 07:24:13,HIGH_YIELD_SAVINGS,CLOSED,5,2026-08-23,2026-08-12 07:24:13,,LOW
2037,2037,2026-08-02 03:05:58,PERSONAL_LOAN,CLOSED,5,2026-08-16,2026-08-07 03:05:58,,LOW
2038,2038,2026-01-16 14:17:25,PERSONAL_LOAN,CLOSED,4,2026-01-30,2026-01-22 14:17:25,,LOW
2039,2039,2025-12-02 10:06:40,PHILANTHROPY_ENDOWMENT_MANAGEMENT,CLOSED,1,2025-12-16,2025-12-07 10:06:40,,LOW
2040,2040,2026-01-16 18:01:18,BESPOKE_PORTFOLIO_MANAGEMENT,CLOSED,5,2026-01-30,2026-01-19 18:01:18,Unverified or expired identity documents,HIGH
2041,2041,2026-07-24 03:43:55,COMPLIANCE_RESTRICTED_DEPOSIT_ACCOUNT,CLOSED,4,2026-08-07,2026-07-27 03:43:55,,LOW
2042,2042,2026-01-21 17:12:33,PERSONAL_LOAN,CLOSED,3,2026-02-04,2026-01-23 17:12:33,,MEDIUM
2043,2043,2026-04-16 02:32:38,ROBO_ADVISORY,CLOSED,1,2026-04-30,2026-04-18 02:32:38,,LOW
2044,2044,2025-09-03 08:08:26,GOVERNMENT_RELATIONS_ESCROW,CLOSED,1,2025-09-17,2025-09-07 08:08:26,Unverified or expired identity documents,MEDIUM
2045,2045,2026-02-07 07:58:47,RETAIL_BANKING,CLOSED,3,2026-02-21,2026-02-13 07:58:47,,HIGH
2046,2046,2025-11-06 09:20:23,BUY_NOW_PAY_LATER,OPEN,3,2025-11-20,,,MEDIUM
2047,2047,2025-08-28 12:47:21,PHILANTHROPY_ENDOWMENT_MANAGEMENT,CLOSED,2,2025-09-11,2025-09-02 12:47:21,,HIGH
2048,2048,2026-04-06 07:04:03,RETAIL_BANKING,CLOSED,5,2026-04-20,2026-04-10 07:04:03,,HIGH
2049,2049,2026-07-15 12:36:20,BUY_NOW_PAY_LATER,CLOSED,4,2026-07-29,2026-07-21 12:36:20,,LOW
2050,2050,2025-10-09 11:20:18,PERSONAL_LOAN,CLOSED,1,2025-10-23,2025-10-14 11:20:18,,MEDIUM
2051,2051,2026-07-06 13:06:37,SYNDICATED_LOANS,CLOSED,4,2026-07-20,2026-07-07 13:06:37,,LOW
2052,2052,2025-11-19 00:20:15,BENEFICIARY_DISBURSEMENT_SERVICES,IN_REVIEW,1,2025-12-03,,,LOW
2053,2053,2026-04-23 23:56:02,MORTGAGE_ORIGINATION,CLOSED,1,2026-05-07,2026-04-29 23:56:02,,MEDIUM
2054,2054,2026-01-16 16:01:25,COMMERCIAL_LENDING,CLOSED,2,2026-01-30,2026-01-20 16:01:25,,LOW
2055,2055,2026-08-10 10:33:24,ESCROW_SERVICES,CLOSED,5,2026-08-24,2026-08-16 10:33:24,Unverified or expired identity documents,HIGH
2056,2056,2025-12-14 04:21:32,HIGH_YIELD_SAVINGS,CLOSED,4,2025-12-28,2025-12-20 04:21:32,,LOW
2057,2057,2025-12-08 13:36:12,ROBO_ADVISORY,CLOSED,5,2025-12-22,2025-12-10 13:36:12,,MEDIUM
2058,2058,2026-01-30 12:03:41,RETAIL_EQUITY_BROKERAGE,CLOSED,3,2026-02-13,2026-02-02 12:03:41,Unverified or expired identity documents,HIGH
2059,2059,2025-08-27 09:41:18,RETAIL_EQUITY_BROKERAGE,CLOSED,3,2025-09-10,2025-09-02 09:41:18,,LOW
2060,2060,2026-07-18 11:13:38,GOVERNMENT_RELATIONS_ESCROW,CLOSED,4,2026-08-01,2026-07-24 11:13:38,,LOW
2061,2061,2026-07-27 19:21:05,MORTGAGE_ORIGINATION,CLOSED,2,2026-08-10,2026-08-01 19:21:05,,MEDIUM
2062,2062,2025-11-22 23:05:45,CREDIT_CARD_ISSUANCE,CLOSED,3,2025-12-06,2025-11-28 23:05:45,,MEDIUM
2063,2063,2026-04-25 21:40:28,SECURITIES_BASED_LENDING,CLOSED,4,2026-05-09,2026-05-01 21:40:28,,LOW
2064,2064,2026-01-17 18:33:31,CRYPTO_BROKERAGE,CLOSED,3,2026-01-31,2026-01-20 18:33:31,,LOW
2065,2065,2026-05-29 06:33:40,PAYROLL_SERVICES,CLOSED,1,2026-06-12,2026-06-01 06:33:40,,HIGH
2066,2066,2026-07-28 16:49:55,SECURITIES_BASED_LENDING,CLOSED,4,2026-08-11,2026-08-01 16:49:55,,HIGH
2067,2067,2025-10-20 15:05:45,BUY_NOW_PAY_LATER,CLOSED,2,2025-11-03,2025-10-26 15:05:45,,LOW
2068,2068,2025-10-15 00:04:08,TAX_OPTIMIZED_INVESTING,CLOSED,3,2025-10-29,2025-10-16 00:04:08,,LOW
2069,2069,2026-06-26 09:22:55,MORTGAGE_ORIGINATION,CLOSED,3,2026-07-10,2026-07-01 09:22:55,,LOW
2070,2070,2025-10-01 06:20:55,CROSS_BORDER_REMITTANCE,CLOSED,4,2025-10-15,2025-10-07 06:20:55,,LOW
2071,2071,2025-09-14 09:35:06,CROSS_BORDER_REMITTANCE,OPEN,,2025-09-28,,,LOW
2072,2072,2026-07-30 09:31:15,COMMERCIAL_LENDING,IN_REVIEW,,2026-08-13,,,LOW
2073,2073,2026-05-31 20:04:55,RETAIL_EQUITY_BROKERAGE,CLOSED,1,2026-06-14,2026-06-02 20:04:55,,LOW
2074,2074,2025-12-27 11:01:55,PAYROLL_SERVICES,CLOSED,4,2026-01-10,2025-12-28 11:01:55,,LOW
2075,2075,2026-01-28 09:39:43,INSTITUTIONAL_CRYPTO_CUSTODY,CLOSED,3,2026-02-11,2026-02-03 09:39:43,,MEDIUM
2076,2076,2026-03-08 17:21:22,FX_HEDGING_SOLUTIONS,CLOSED,3,2026-03-22,2026-03-13 17:21:22,,MEDIUM
2077,2077,2026-06-11 04:46:21,ROBO_ADVISORY,CLOSED,4,2026-06-25,2026-06-12 04:46:21,,LOW
2078,2078,2026-08-10 11:02:24,FX_HEDGING_SOLUTIONS,CLOSED,3,2026-08-24,2026-08-14 11:02:24,,LOW
2079,2079,2026-05-16 14:28:24,BALLOT_INITIATIVE_ESCROW,CLOSED,5,2026-05-30,2026-05-17 14:28:24,,LOW
2080,2080,2025-12-20 06:40:02,AUTO_FINANCING,CLOSED,4,2026-01-03,2025-12-22 06:40:02,,LOW
2081,2081,2025-09-16 14:47:40,MORTGAGE_ORIGINATION,OPEN,,2025-09-30,,,HIGH
2082,2082,2026-03-17 15:03:51,TERM_LIFE_INSURANCE,CLOSED,1,2026-03-31,2026-03-19 15:03:51,,LOW
2083,2083,2026-06-15 00:22:40,RETAIL_BANKING,OPEN,,2026-06-29,,,LOW
2084,2084,2025-10-17 23:35:30,CROSS_BORDER_REMITTANCE,CLOSED,3,2025-10-31,2025-10-22 23:35:30,,LOW
2085,2085,2025-12-31 03:37:37,RETAIL_EQUITY_BROKERAGE,CLOSED,1,2026-01-14,2026-01-01 03:37:37,,LOW
2086,2086,2025-11-05 21:18:19,SYNDICATED_LOANS,CLOSED,1,2025-11-19,2025-11-07 21:18:19,,LOW
2087,2087,2025-11-13 13:14:40,BUY_NOW_PAY_LATER,CLOSED,1,2025-11-27,2025-11-19 13:14:40,,LOW
2088,2088,2026-06-02 16:09:20,PERSONAL_LOAN,IN_REVIEW,5,2026-06-16,,,MEDIUM
2089,2089,2026-08-24 00:53:52,RETAIL_BANKING,CLOSED,2,2026-09-07,2026-08-27 00:53:52,,LOW
2090,2090,2025-12-06 10:49:08,MORTGAGE_ORIGINATION,CLOSED,1,2025-12-20,2025-12-11 10:49:08,,LOW
2091,2091,2025-08-27 20:15:38,LIQUIDITY_MANAGEMENT,CLOSED,5,2025-09-10,2025-09-01 20:15:38,Unverified or expired identity documents,MEDIUM
2092,2092,2025-11-17 14:16:51,TERM_LIFE_INSURANCE,IN_REVIEW,,2025-12-01,,,LOW
2093,2093,2025-08-27 20:49:32,HIGH_YIELD_SAVINGS,CLOSED,4,2025-09-10,2025-09-02 20:49:32,,LOW
2094,2094,2025-09-18 13:40:37,CAMPAIGN_CHECKING_ACCOUNT,CLOSED,1,2025-10-02,2025-09-23 13:40:37,,LOW
2095,2095,2025-12-10 23:12:52,MORTGAGE_ORIGINATION,CLOSED,3,2025-12-24,2025-12-13 23:12:52,,LOW
2096,2096,2025-09-02 04:09:45,MORTGAGE_ORIGINATION,CLOSED,2,2025-09-16,2025-09-05 04:09:45,Unverified or expired identity documents,HIGH
2097,2097,2026-03-11 21:47:22,CROSS_BORDER_REMITTANCE,CLOSED,2,2026-03-25,2026-03-15 21:47:22,,LOW
2098,2098,2026-04-26 09:07:12,TAX_OPTIMIZED_INVESTING,CLOSED,3,2026-05-10,2026-05-01 09:07:12,,LOW
2099,2099,2026-03-02 23:14:21,MERCHANT_ACQUIRING,OPEN,,2026-03-16,,,LOW
2100,2100,2026-07-12 10:52:53,BUY_NOW_PAY_LATER,CLOSED,5,2026-07-26,2026-07-14 10:52:53,Unverified or expired identity documents,LOW
2101,2101,2025-12-16 01:46:34,TREASURY_MANAGEMENT,CLOSED,3,2025-12-30,2025-12-19 01:46:34,,LOW
2102,2102,2026-02-19 12:20:51,ROBO_ADVISORY,IN_REVIEW,5,2026-03-05,,,LOW
2103,2103,2025-08-28 23:58:17,ROBO_ADVISORY,PENDING_DOCUMENTS,2,2025-09-11,,,LOW
2104,2104,2025-10-31 14:26:00,ROBO_ADVISORY,CLOSED,5,2025-11-14,2025-11-06 14:26:00,,LOW
2105,2105,2025-12-15 13:25:54,CREDIT_CARD_ISSUANCE,CLOSED,1,2025-12-29,2025-12-21 13:25:54,,LOW
2106,2106,2026-03-06 19:51:50,CREDIT_CARD_ISSUANCE,CLOSED,4,2026-03-20,2026-03-09 19:51:50,,LOW
2107,2107,2026-07-04 05:18:33,TRADE_FINANCE_CREDIT_INSURANCE,CLOSED,2,2026-07-18,2026-07-10 05:18:33,,LOW
2108,2108,2026-05-19 15:44:31,PAC_TREASURY_MANAGEMENT,CLOSED,5,2026-06-02,2026-05-24 15:44:31,,MEDIUM
2109,2109,2026-08-19 07:59:40,LIQUIDITY_MANAGEMENT,OPEN,,2026-09-02,,,HIGH
2110,2110,2025-08-27 17:21:37,ROBO_ADVISORY,CLOSED,4,2025-09-10,2025-09-02 17:21:37,,LOW
2111,2111,2026-05-07 08:33:10,ESTATE_PLANNING_SERVICES,CLOSED,2,2026-05-21,2026-05-13 08:33:10,,LOW
2112,2112,2025-12-28 11:29:24,CRYPTO_BROKERAGE,CLOSED,2,2026-01-11,2025-12-29 11:29:24,,LOW
2113,2113,2026-01-04 16:57:50,ROBO_ADVISORY,CLOSED,4,2026-01-18,2026-01-07 16:57:50,Unverified or expired identity documents,MEDIUM
2114,2114,2026-04-12 06:32:33,INSTITUTIONAL_CRYPTO_CUSTODY,CLOSED,5,2026-04-26,2026-04-15 06:32:33,,LOW
2115,2115,2026-03-19 14:21:06,GOVERNMENT_RELATIONS_ESCROW,CLOSED,3,2026-04-02,2026-03-20 14:21:06,,LOW
2116,2116,2026-06-11 03:33:53,BUY_NOW_PAY_LATER,CLOSED,3,2026-06-25,2026-06-14 03:33:53,,LOW
2117,2117,2026-06-03 00:00:51,RETAIL_EQUITY_BROKERAGE,CLOSED,2,2026-06-17,2026-06-07 00:00:51,,LOW
2118,2118,2026-03-08 02:50:55,POLITICAL_DONATION_PROCESSING,CLOSED,3,2026-03-22,2026-03-11 02:50:55,,LOW
2119,2119,2026-02-26 07:50:27,CREDIT_CARD_ISSUANCE,CLOSED,4,2026-03-12,2026-02-28 07:50:27,,HIGH
2120,2120,2026-07-18 21:56:09,MORTGAGE_ORIGINATION,IN_REVIEW,,2026-08-01,,,LOW
2121,2121,2026-06-01 08:24:47,RETAIL_BANKING,OPEN,,2026-06-15,,,MEDIUM
2122,2122,2025-10-06 01:07:31,AUTO_FINANCING,CLOSED,3,2025-10-20,2025-10-08 01:07:31,,LOW
2123,2123,2026-03-08 01:38:13,RETAIL_EQUITY_BROKERAGE,OPEN,,2026-03-22,,,LOW
2124,2124,2026-01-30 20:27:02,ROBO_ADVISORY,CLOSED,4,2026-02-13,2026-02-03 20:27:02,,LOW
2125,2125,2026-06-16 11:46:07,HIGH_YIELD_SAVINGS,CLOSED,1,2026-06-30,2026-06-19 11:46:07,,MEDIUM
2126,2126,2025-11-18 00:58:49,TAX_OPTIMIZED_INVESTING,CLOSED,3,2025-12-02,2025-11-20 00:58:49,,LOW
2127,2127,2026-02-10 16:41:39,BUY_NOW_PAY_LATER,CLOSED,3,2026-02-24,2026-02-11 16:41:39,,MEDIUM
2128,2128,2026-06-25 04:49:24,TAX_OPTIMIZED_INVESTING,CLOSED,3,2026-07-09,2026-06-27 04:49:24,,LOW
2129,2129,2026-05-19 09:30:35,COMMERCIAL_LENDING,CLOSED,1,2026-06-02,2026-05-21 09:30:35,Unverified or expired identity documents,HIGH
2130,2130,2025-12-31 00:41:34,AUTO_FINANCING,PENDING_DOCUMENTS,,2026-01-14,,,LOW
2131,2131,2025-12-04 16:07:25,CROSS_BORDER_REMITTANCE,CLOSED,4,2025-12-18,2025-12-06 16:07:25,,LOW
2132,2132,2025-12-19 13:23:28,CROSS_BORDER_REMITTANCE,CLOSED,1,2026-01-02,2025-12-24 13:23:28,,MEDIUM
2133,2133,2026-03-01 22:12:23,SHORT_TERM_LIQUIDITY_MANAGEMENT,IN_REVIEW,4,2026-03-15,,,MEDIUM
2134,2134,2026-02-06 21:00:52,ESTATE_PLANNING_SERVICES,CLOSED,2,2026-02-20,2026-02-12 21:00:52,,LOW
2135,2135,2025-11-05 05:43:26,TERM_LIFE_INSURANCE,CLOSED,5,2025-11-19,2025-11-09 05:43:26,,LOW
2136,2136,2025-12-27 12:39:53,TERM_LIFE_INSURANCE,CLOSED,4,2026-01-10,2026-01-01 12:39:53,,LOW
2137,2137,2026-06-02 23:58:09,TERM_LIFE_INSURANCE,CLOSED,4,2026-06-16,2026-06-06 23:58:09,,LOW
2138,2138,2025-12-30 04:09:49,TRUSTEE_ADMINISTRATION,CLOSED,5,2026-01-13,2026-01-03 04:09:49,Unverified or expired identity documents,HIGH
2139,2139,2026-06-06 05:53:06,PERSONAL_LOAN,CLOSED,4,2026-06-20,2026-06-10 05:53:06,,LOW
2140,2140,2025-12-09 11:24:57,SECURITIES_BASED_LENDING,CLOSED,1,2025-12-23,2025-12-11 11:24:57,,LOW
2141,2141,2025-10-03 05:40:14,ESCROW_SERVICES,CLOSED,3,2025-10-17,2025-10-09 05:40:14,,LOW
2142,2142,2026-06-19 16:10:04,TERM_LIFE_INSURANCE,CLOSED,5,2026-07-03,2026-06-23 16:10:04,,LOW
2143,2143,2026-03-01 17:02:25,SYNDICATED_LOANS,CLOSED,3,2026-03-15,2026-03-06 17:02:25,,LOW
2144,2144,2025-09-30 15:16:04,PERSONAL_LOAN,CLOSED,3,2025-10-14,2025-10-06 15:16:04,,LOW
2145,2145,2025-09-26 12:36:13,AUTO_FINANCING,IN_REVIEW,4,2025-10-10,,,LOW
2146,2146,2026-04-25 00:04:32,RETAIL_BANKING,CLOSED,3,2026-05-09,2026-05-01 00:04:32,,LOW
2147,2147,2026-06-24 08:26:41,RETAIL_EQUITY_BROKERAGE,CLOSED,5,2026-07-08,2026-06-26 08:26:41,Unverified or expired identity documents,LOW
2148,2148,2026-04-09 08:32:40,RETAIL_EQUITY_BROKERAGE,CLOSED,2,2026-04-23,2026-04-14 08:32:40,,LOW
2149,2149,2026-08-02 10:31:53,PERSONAL_LOAN,CLOSED,1,2026-08-16,2026-08-08 10:31:53,,LOW
2150,2150,2025-09-09 12:17:55,PERSONAL_LOAN,CLOSED,5,2025-09-23,2025-09-11 12:17:55,,LOW
2151,2151,2025-09-25 03:39:16,AUTO_FINANCING,PENDING_DOCUMENTS,2,2025-10-09,,,MEDIUM
2152,2152,2026-02-21 22:16:46,LIQUIDITY_MANAGEMENT,CLOSED,2,2026-03-07,2026-02-26 22:16:46,,LOW
2153,2153,2025-11-21 17:02:57,RETAIL_EQUITY_BROKERAGE,CLOSED,5,2025-12-05,2025-11-22 17:02:57,,LOW
2154,2154,2026-05-23 09:20:31,AUTO_FINANCING,OPEN,3,2026-06-06,,,MEDIUM
2155,2155,2026-04-01 03:54:12,TERM_LIFE_INSURANCE,CLOSED,1,2026-04-15,2026-04-05 03:54:12,,LOW
2156,2156,2026-03-12 00:18:24,HIGH_YIELD_SAVINGS,CLOSED,1,2026-03-26,2026-03-13 00:18:24,,LOW
2157,2157,2025-12-07 13:05:13,SHORT_TERM_LIQUIDITY_MANAGEMENT,CLOSED,1,2025-12-21,2025-12-13 13:05:13,Unverified or expired identity documents,MEDIUM
2158,2158,2025-09-21 18:59:51,AUTO_FINANCING,CLOSED,2,2025-10-05,2025-09-26 18:59:51,Unverified or expired identity documents,HIGH
2159,2159,2026-02-15 23:42:15,ROBO_ADVISORY,CLOSED,3,2026-03-01,2026-02-18 23:42:15,,LOW
2160,2160,2026-02-08 08:13:52,ESCROW_SERVICES,CLOSED,5,2026-02-22,2026-02-12 08:13:52,,MEDIUM
2161,2161,2025-12-07 13:56:05,AUTO_FINANCING,CLOSED,4,2025-12-21,2025-12-12 13:56:05,,LOW
2162,2162,2026-04-28 05:25:50,ROBO_ADVISORY,CLOSED,4,2026-05-12,2026-04-29 05:25:50,,HIGH
2163,2163,2025-12-07 15:56:14,TREASURY_MANAGEMENT,CLOSED,5,2025-12-21,2025-12-13 15:56:14,,LOW
2164,2164,2026-04-04 02:17:45,ROBO_ADVISORY,CLOSED,4,2026-04-18,2026-04-06 02:17:45,,LOW
2165,2165,2025-08-28 00:02:35,TRADE_FINANCE_CREDIT_INSURANCE,CLOSED,1,2025-09-11,2025-09-03 00:02:35,,MEDIUM
2166,2166,2026-07-07 00:39:23,CREDIT_CARD_ISSUANCE,CLOSED,1,2026-07-21,2026-07-12 00:39:23,,MEDIUM
2167,2167,2025-10-05 07:09:17,BUY_NOW_PAY_LATER,CLOSED,1,2025-10-19,2025-10-07 07:09:17,,MEDIUM
2168,2168,2025-10-16 07:06:04,AUTO_FINANCING,CLOSED,1,2025-10-30,2025-10-20 07:06:04,Unverified or expired identity documents,MEDIUM
2169,2169,2026-08-11 13:51:11,CREDIT_CARD_ISSUANCE,IN_REVIEW,,2026-08-25,,,LOW
2170,2170,2026-04-09 10:58:14,TRUSTEE_ADMINISTRATION,CLOSED,4,2026-04-23,2026-04-10 10:58:14,,LOW
2171,2171,2026-08-12 08:24:26,INSTITUTIONAL_CRYPTO_CUSTODY,OPEN,,2026-08-26,,,HIGH
2172,2172,2026-03-22 22:47:02,CORPORATE_CREDIT_CARD,CLOSED,4,2026-04-05,2026-03-27 22:47:02,,LOW
2173,2173,2025-09-30 14:38:04,BUY_NOW_PAY_LATER,IN_REVIEW,,2025-10-14,,,LOW
2174,2174,2025-10-22 00:09:31,CROSS_BORDER_REMITTANCE,CLOSED,2,2025-11-05,2025-10-27 00:09:31,,LOW
2175,2175,2026-07-28 07:02:04,BUY_NOW_PAY_LATER,CLOSED,1,2026-08-11,2026-07-29 07:02:04,,LOW
2176,2176,2026-07-12 12:20:11,COMMERCIAL_LENDING,CLOSED,5,2026-07-26,2026-07-16 12:20:11,,LOW
2177,2177,2026-08-22 21:01:02,HIGH_YIELD_SAVINGS,IN_REVIEW,3,2026-09-05,,,HIGH
2178,2178,2025-09-19 19:14:35,POLITICAL_DONATION_PROCESSING,PENDING_DOCUMENTS,2,2025-10-03,,,MEDIUM
2179,2179,2025-09-12 19:38:48,PERSONAL_LOAN,OPEN,2,2025-09-26,,,HIGH
2180,2180,2025-09-22 17:40:15,BUY_NOW_PAY_LATER,CLOSED,1,2025-10-06,2025-09-25 17:40:15,,LOW
2181,2181,2026-05-09 03:08:31,CROSS_BORDER_REMITTANCE,CLOSED,1,2026-05-23,2026-05-12 03:08:31,,LOW
2182,2182,2025-10-07 04:08:27,SECURITIES_BASED_LENDING,CLOSED,1,2025-10-21,2025-10-12 04:08:27,,LOW
2183,2183,2026-03-29 13:56:06,POLITICAL_DONATION_PROCESSING,CLOSED,4,2026-04-12,2026-04-03 13:56:06,Unverified or expired identity documents,LOW
2184,2184,2025-11-22 05:15:57,RETAIL_BANKING,CLOSED,3,2025-12-06,2025-11-28 05:15:57,,LOW
2185,2185,2026-07-05 16:58:49,AUTO_FINANCING,CLOSED,5,2026-07-19,2026-07-11 16:58:49,,MEDIUM
2186,2186,2026-03-07 13:08:57,CRYPTO_BROKERAGE,OPEN,1,2026-03-21,,,LOW
2187,2187,2026-04-13 17:07:12,HIGH_YIELD_SAVINGS,CLOSED,3,2026-04-27,2026-04-18 17:07:12,,LOW
2188,2188,2026-05-30 02:14:32,CRYPTO_BROKERAGE,CLOSED,3,2026-06-13,2026-06-04 02:14:32,High-risk sanctions/FATF jurisdiction,HIGH
2189,2189,2026-03-15 21:42:53,SECURITIES_BASED_LENDING,CLOSED,5,2026-03-29,2026-03-21 21:42:53,,MEDIUM
2190,2190,2025-09-22 03:20:33,CRYPTO_BROKERAGE,CLOSED,2,2025-10-06,2025-09-23 03:20:33,,LOW
2191,2191,2026-08-10 04:24:29,RETAIL_BANKING,IN_REVIEW,,2026-08-24,,,LOW
2192,2192,2026-07-16 02:08:18,SECURITIES_BASED_LENDING,CLOSED,4,2026-07-30,2026-07-22 02:08:18,,LOW
2193,2193,2026-05-16 20:38:40,BUY_NOW_PAY_LATER,CLOSED,2,2026-05-30,2026-05-21 20:38:40,,HIGH
2194,2194,2026-07-09 01:00:33,RETAIL_EQUITY_BROKERAGE,CLOSED,3,2026-07-23,2026-07-12 01:00:33,,LOW
2195,2195,2025-12-26 13:18:15,AUTO_FINANCING,CLOSED,2,2026-01-09,2026-01-01 13:18:15,,LOW
2196,2196,2026-08-07 03:08:33,AUTO_FINANCING,CLOSED,4,2026-08-21,2026-08-13 03:08:33,,LOW
2197,2197,2026-08-20 07:57:08,FX_HEDGING_SOLUTIONS,IN_REVIEW,4,2026-09-03,,,HIGH
2198,2198,2026-06-06 05:26:07,ROBO_ADVISORY,CLOSED,1,2026-06-20,2026-06-09 05:26:07,,LOW
2199,2199,2026-05-24 00:30:55,RETAIL_EQUITY_BROKERAGE,CLOSED,2,2026-06-07,2026-05-29 00:30:55,Adverse media and PEP screening threshold exceeded,MEDIUM
2200,2200,2025-12-03 10:36:18,CORPORATE_ACCOUNT,CLOSED,2,2025-12-17,2025-12-09 10:36:18,,LOW
2201,2201,2026-02-18 14:18:36,GOVERNMENT_RELATIONS_ESCROW,CLOSED,2,2026-03-04,2026-02-19 14:18:36,,LOW
2202,2202,2025-12-10 14:33:09,RETAIL_BANKING,CLOSED,3,2025-12-24,2025-12-15 14:33:09,,LOW
2203,2203,2026-05-05 19:02:36,RETAIL_BANKING,CLOSED,4,2026-05-19,2026-05-09 19:02:36,Unverified or expired identity documents,HIGH
2204,2204,2025-09-19 01:38:43,CROSS_BORDER_REMITTANCE,CLOSED,5,2025-10-03,2025-09-20 01:38:43,,LOW
2205,2205,2025-09-18 12:51:23,DISBURSEMENT_PAYROLL_SERVICES,IN_REVIEW,2,2025-10-02,,,LOW
2206,2206,2025-11-23 14:50:48,HIGH_YIELD_SAVINGS,CLOSED,2,2025-12-07,2025-11-25 14:50:48,,LOW
2207,2207,2025-09-20 15:53:06,HIGH_YIELD_SAVINGS,CLOSED,1,2025-10-04,2025-09-23 15:53:06,,LOW
2208,2208,2026-08-10 02:19:38,PERSONAL_LOAN,CLOSED,3,2026-08-24,2026-08-16 02:19:38,,LOW
2209,2209,2026-02-09 19:00:13,TAX_OPTIMIZED_INVESTING,OPEN,3,2026-02-23,,,MEDIUM
2210,2210,2026-05-12 19:32:19,RETAIL_EQUITY_BROKERAGE,CLOSED,1,2026-05-26,2026-05-14 19:32:19,,LOW
2211,2211,2026-07-20 19:10:47,MERCHANT_ACQUIRING,CLOSED,1,2026-08-03,2026-07-22 19:10:47,,LOW
2212,2212,2025-11-22 03:10:43,SYNDICATED_LOANS,OPEN,,2025-12-06,,,HIGH
2213,2213,2026-06-16 08:07:05,CROSS_BORDER_REMITTANCE,CLOSED,2,2026-06-30,2026-06-22 08:07:05,,LOW
2214,2214,2025-12-16 13:46:27,TREASURY_MANAGEMENT,CLOSED,5,2025-12-30,2025-12-19 13:46:27,Unverified or expired identity documents,MEDIUM
2215,2215,2026-03-16 19:13:40,ROBO_ADVISORY,OPEN,5,2026-03-30,,,MEDIUM
2216,2216,2026-02-16 20:45:23,COMMERCIAL_LENDING,CLOSED,1,2026-03-02,2026-02-17 20:45:23,,LOW
2217,2217,2025-11-23 17:09:44,RETAIL_BANKING,CLOSED,5,2025-12-07,2025-11-29 17:09:44,Unverified or expired identity documents,HIGH
2218,2218,2026-08-23 11:57:45,CROSS_BORDER_REMITTANCE,CLOSED,4,2026-09-06,2026-08-24 11:57:45,,LOW
2219,2219,2026-06-15 11:05:49,DIRECT_INDEXING,CLOSED,2,2026-06-29,2026-06-21 11:05:49,Unverified or expired identity documents,HIGH
2220,2220,2026-07-28 19:37:05,TRADE_FINANCE_CREDIT_INSURANCE,CLOSED,4,2026-08-11,2026-08-03 19:37:05,,LOW
2221,2221,2026-05-18 16:58:00,MORTGAGE_ORIGINATION,CLOSED,4,2026-06-01,2026-05-20 16:58:00,,HIGH
2222,2222,2026-03-26 07:12:01,ROBO_ADVISORY,CLOSED,3,2026-04-09,2026-04-01 07:12:01,,HIGH
2223,2223,2025-10-06 22:51:30,PERSONAL_LOAN,CLOSED,5,2025-10-20,2025-10-09 22:51:30,Adverse media and PEP screening threshold exceeded,MEDIUM
2224,2224,2026-01-14 15:38:07,BUY_NOW_PAY_LATER,CLOSED,1,2026-01-28,2026-01-19 15:38:07,,LOW
2225,2225,2026-05-10 00:00:37,TERM_LIFE_INSURANCE,CLOSED,4,2026-05-24,2026-05-13 00:00:37,Unverified or expired identity documents,MEDIUM
2226,2226,2026-02-22 13:10:03,LIQUIDITY_MANAGEMENT,CLOSED,5,2026-03-08,2026-02-27 13:10:03,,LOW
2227,2227,2026-08-02 20:46:54,ROBO_ADVISORY,CLOSED,3,2026-08-16,2026-08-04 20:46:54,,LOW
2228,2228,2025-11-17 20:46:46,ROBO_ADVISORY,CLOSED,4,2025-12-01,2025-11-19 20:46:46,,LOW
2229,2229,2026-03-30 10:51:09,ESCROW_SERVICES,OPEN,5,2026-04-13,,,LOW
2230,2230,2026-06-03 00:56:56,ASSET_PROTECTION_TRUSTS,IN_REVIEW,,2026-06-17,,,LOW
2231,2231,2025-12-27 11:14:46,PERSONAL_LOAN,CLOSED,4,2026-01-10,2025-12-31 11:14:46,,LOW
2232,2232,2025-09-02 00:54:59,CREDIT_CARD_ISSUANCE,CLOSED,3,2025-09-16,2025-09-05 00:54:59,,HIGH
2233,2233,2025-11-07 01:01:43,PHILANTHROPY_ENDOWMENT_MANAGEMENT,CLOSED,1,2025-11-21,2025-11-11 01:01:43,Unverified or expired identity documents,LOW
2234,2234,2026-01-04 05:05:43,SYNDICATED_LOANS,CLOSED,4,2026-01-18,2026-01-08 05:05:43,,MEDIUM
2235,2235,2026-02-16 18:07:10,BUY_NOW_PAY_LATER,CLOSED,4,2026-03-02,2026-02-22 18:07:10,,HIGH
2236,2236,2026-01-13 21:44:11,BUY_NOW_PAY_LATER,IN_REVIEW,,2026-01-27,,,HIGH
2237,2237,2026-05-18 20:25:23,GOVERNMENT_RELATIONS_ESCROW,CLOSED,5,2026-06-01,2026-05-22 20:25:23,High-risk sanctions/FATF jurisdiction,HIGH
2238,2238,2025-10-01 22:41:38,CROSS_BORDER_REMITTANCE,CLOSED,3,2025-10-15,2025-10-06 22:41:38,,LOW
2239,2239,2026-08-01 04:53:04,PERSONAL_LOAN,CLOSED,2,2026-08-15,2026-08-07 04:53:04,,LOW
2240,2240,2026-02-14 09:31:23,PERSONAL_LOAN,IN_REVIEW,,2026-02-28,,,MEDIUM
2241,2241,2026-01-31 17:14:57,SECURITIES_BASED_LENDING,CLOSED,4,2026-02-14,2026-02-02 17:14:57,,MEDIUM
2242,2242,2025-11-16 13:53:09,COMMERCIAL_LENDING,IN_REVIEW,2,2025-11-30,,,LOW
2243,2243,2025-10-28 19:13:47,MORTGAGE_ORIGINATION,CLOSED,1,2025-11-11,2025-10-30 19:13:47,,LOW
2244,2244,2026-05-08 23:55:55,RETAIL_EQUITY_BROKERAGE,CLOSED,2,2026-05-22,2026-05-14 23:55:55,,LOW
2245,2245,2026-01-30 00:15:32,DISBURSEMENT_PAYROLL_SERVICES,CLOSED,3,2026-02-13,2026-01-31 00:15:32,Unverified or expired identity documents,LOW
2246,2246,2026-08-13 23:41:03,MERCHANT_ACQUIRING,OPEN,2,2026-08-27,,,MEDIUM
2247,2247,2025-12-23 22:29:01,BUY_NOW_PAY_LATER,CLOSED,2,2026-01-06,2025-12-24 22:29:01,,LOW
2248,2248,2025-08-29 01:13:31,TERM_LIFE_INSURANCE,CLOSED,3,2025-09-12,2025-09-01 01:13:31,,HIGH
2249,2249,2026-08-07 19:45:05,PERSONAL_LOAN,CLOSED,5,2026-08-21,2026-08-08 19:45:05,,LOW
2250,2250,2026-02-18 18:56:07,CREDIT_CARD_ISSUANCE,CLOSED,2,2026-03-04,2026-02-23 18:56:07,,LOW
2251,2251,2026-03-30 19:11:40,CORPORATE_ACCOUNT,CLOSED,3,2026-04-13,2026-04-04 19:11:40,,LOW
2252,2252,2026-03-28 22:33:40,ROBO_ADVISORY,CLOSED,2,2026-04-11,2026-03-30 22:33:40,,LOW
2253,2253,2026-01-09 16:35:35,TREASURY_MANAGEMENT,CLOSED,3,2026-01-23,2026-01-13 16:35:35,,LOW
2254,2254,2026-06-30 04:34:02,AUTO_FINANCING,CLOSED,4,2026-07-14,2026-07-02 04:34:02,,LOW
2255,2255,2025-10-09 10:58:58,TRADE_FINANCE_CREDIT_INSURANCE,CLOSED,4,2025-10-23,2025-10-10 10:58:58,,HIGH
2256,2256,2026-05-29 12:30:45,ROBO_ADVISORY,CLOSED,5,2026-06-12,2026-05-30 12:30:45,,HIGH
2257,2257,2026-02-16 05:26:18,CREDIT_CARD_ISSUANCE,CLOSED,4,2026-03-02,2026-02-17 05:26:18,,LOW
2258,2258,2026-03-01 01:56:52,ROBO_ADVISORY,CLOSED,4,2026-03-15,2026-03-02 01:56:52,,LOW
2259,2259,2026-06-21 19:59:46,BUY_NOW_PAY_LATER,CLOSED,1,2026-07-05,2026-06-24 19:59:46,,LOW
2260,2260,2025-12-23 00:09:12,ROBO_ADVISORY,CLOSED,5,2026-01-06,2025-12-26 00:09:12,,LOW
2261,2261,2026-02-21 12:43:36,INSTITUTIONAL_CRYPTO_CUSTODY,CLOSED,3,2026-03-07,2026-02-22 12:43:36,,LOW
2262,2262,2026-05-21 11:33:23,TERM_LIFE_INSURANCE,IN_REVIEW,,2026-06-04,,,LOW
2263,2263,2026-04-21 15:57:23,CROSS_BORDER_REMITTANCE,CLOSED,1,2026-05-05,2026-04-24 15:57:23,,LOW
2264,2264,2026-03-30 22:05:28,TAX_OPTIMIZED_INVESTING,IN_REVIEW,,2026-04-13,,,MEDIUM
2265,2265,2025-10-11 16:12:15,ROBO_ADVISORY,OPEN,,2025-10-25,,,LOW
2266,2266,2025-12-15 18:29:12,RETAIL_EQUITY_BROKERAGE,CLOSED,3,2025-12-29,2025-12-16 18:29:12,,MEDIUM
2267,2267,2026-08-11 06:20:21,ROBO_ADVISORY,CLOSED,4,2026-08-25,2026-08-12 06:20:21,,LOW
2268,2268,2026-02-19 18:13:53,TREASURY_MANAGEMENT,CLOSED,1,2026-03-05,2026-02-24 18:13:53,,MEDIUM
2269,2269,2026-01-30 22:46:07,HIGH_YIELD_SAVINGS,CLOSED,2,2026-02-13,2026-02-01 22:46:07,,LOW
2270,2270,2026-08-05 05:48:45,AUTO_FINANCING,CLOSED,4,2026-08-19,2026-08-09 05:48:45,,LOW
2271,2271,2026-02-21 22:21:42,CRYPTO_BROKERAGE,OPEN,5,2026-03-07,,,LOW
2272,2272,2026-06-09 00:53:06,TERM_LIFE_INSURANCE,CLOSED,5,2026-06-23,2026-06-15 00:53:06,,LOW
2273,2273,2026-07-31 01:49:13,CROSS_BORDER_REMITTANCE,CLOSED,3,2026-08-14,2026-08-06 01:49:13,,LOW
2274,2274,2025-09-03 01:17:06,CREDIT_CARD_ISSUANCE,IN_REVIEW,,2025-09-17,,,MEDIUM
2275,2275,2025-11-30 05:12:33,FX_HEDGING_SOLUTIONS,CLOSED,3,2025-12-14,2025-12-06 05:12:33,,LOW
2276,2276,2025-09-15 16:36:47,AUTO_FINANCING,CLOSED,5,2025-09-29,2025-09-18 16:36:47,,LOW
2277,2277,2026-03-31 02:08:25,CRYPTO_BROKERAGE,CLOSED,1,2026-04-14,2026-04-03 02:08:25,,LOW
2278,2278,2025-10-10 03:42:13,RETAIL_EQUITY_BROKERAGE,CLOSED,2,2025-10-24,2025-10-13 03:42:13,,LOW
2279,2279,2026-02-24 13:35:57,AUTO_FINANCING,CLOSED,2,2026-03-10,2026-03-02 13:35:57,,LOW
2280,2280,2026-08-10 17:03:20,TERM_LIFE_INSURANCE,CLOSED,1,2026-08-24,2026-08-14 17:03:20,,MEDIUM
2281,2281,2026-07-01 13:12:03,PERSONAL_LOAN,CLOSED,5,2026-07-15,2026-07-07 13:12:03,,HIGH
2282,2282,2026-07-16 01:31:48,MORTGAGE_ORIGINATION,OPEN,3,2026-07-30,,,HIGH
2283,2283,2025-12-18 09:49:19,RETAIL_EQUITY_BROKERAGE,CLOSED,5,2026-01-01,2025-12-21 09:49:19,,LOW
2284,2284,2025-10-02 02:40:55,PERSONAL_LOAN,CLOSED,3,2025-10-16,2025-10-05 02:40:55,,MEDIUM
2285,2285,2026-03-05 13:47:15,ESCROW_SERVICES,OPEN,4,2026-03-19,,,LOW
2286,2286,2026-08-19 08:28:55,BUY_NOW_PAY_LATER,CLOSED,4,2026-09-02,2026-08-22 08:28:55,,LOW
2287,2287,2026-07-16 17:22:03,PERSONAL_LOAN,CLOSED,4,2026-07-30,2026-07-21 17:22:03,,LOW
2288,2288,2026-01-07 01:34:58,LETTER_OF_CREDIT,IN_REVIEW,5,2026-01-21,,,LOW
2289,2289,2025-11-20 02:47:40,TERM_LIFE_INSURANCE,CLOSED,3,2025-12-04,2025-11-24 02:47:40,,LOW
2290,2290,2025-11-06 23:24:07,CRYPTO_BROKERAGE,CLOSED,5,2025-11-20,2025-11-09 23:24:07,,LOW
2291,2291,2026-04-12 05:46:03,LIQUIDITY_MANAGEMENT,CLOSED,3,2026-04-26,2026-04-17 05:46:03,,MEDIUM
2292,2292,2025-09-26 23:51:07,COMMERCIAL_LENDING,IN_REVIEW,5,2025-10-10,,,LOW
2293,2293,2025-09-30 02:43:26,HIGH_YIELD_SAVINGS,IN_REVIEW,,2025-10-14,,,LOW
2294,2294,2025-11-23 14:23:07,CRYPTO_BROKERAGE,CLOSED,2,2025-12-07,2025-11-24 14:23:07,,LOW
2295,2295,2026-08-01 20:06:56,ESCROW_SERVICES,CLOSED,4,2026-08-15,2026-08-06 20:06:56,,LOW
2296,2296,2026-05-21 15:19:46,TERM_LIFE_INSURANCE,CLOSED,3,2026-06-04,2026-05-24 15:19:46,,LOW
2297,2297,2025-10-19 19:52:48,RETAIL_EQUITY_BROKERAGE,CLOSED,5,2025-11-02,2025-10-24 19:52:48,,LOW
2298,2298,2026-05-20 08:54:26,ROBO_ADVISORY,CLOSED,4,2026-06-03,2026-05-23 08:54:26,,LOW
2299,2299,2025-11-15 17:09:49,PERSONAL_LOAN,CLOSED,1,2025-11-29,2025-11-20 17:09:49,,LOW
2300,2300,2025-09-15 20:28:45,TERM_LIFE_INSURANCE,CLOSED,4,2025-09-29,2025-09-20 20:28:45,Unverified or expired identity documents,HIGH
2301,2301,2026-08-02 11:28:04,MORTGAGE_ORIGINATION,CLOSED,1,2026-08-16,2026-08-07 11:28:04,,MEDIUM
2302,2302,2026-05-25 09:42:05,PAYROLL_SERVICES,CLOSED,5,2026-06-08,2026-05-26 09:42:05,,LOW
2303,2303,2026-04-28 18:42:11,MORTGAGE_ORIGINATION,CLOSED,3,2026-05-12,2026-05-03 18:42:11,,LOW
2304,2304,2025-09-17 06:48:07,TREASURY_MANAGEMENT,CLOSED,4,2025-10-01,2025-09-23 06:48:07,,LOW
2305,2305,2026-02-18 06:10:57,MORTGAGE_ORIGINATION,CLOSED,5,2026-03-04,2026-02-23 06:10:57,,LOW
2306,2306,2026-08-08 10:44:54,CROSS_BORDER_REMITTANCE,CLOSED,2,2026-08-22,2026-08-12 10:44:54,,LOW
2307,2307,2026-08-02 10:29:37,MORTGAGE_ORIGINATION,CLOSED,1,2026-08-16,2026-08-03 10:29:37,,LOW
2308,2308,2025-09-20 12:03:24,TERM_LIFE_INSURANCE,OPEN,,2025-10-04,,,LOW
2309,2309,2026-07-09 06:00:45,ASSET_PROTECTION_TRUSTS,CLOSED,1,2026-07-23,2026-07-14 06:00:45,,MEDIUM
2310,2310,2026-04-19 23:53:14,RETAIL_BANKING,CLOSED,1,2026-05-03,2026-04-25 23:53:14,,LOW
2311,2311,2026-07-21 05:27:48,ESCROW_SERVICES,CLOSED,5,2026-08-04,2026-07-25 05:27:48,,MEDIUM
2312,2312,2025-11-12 10:45:19,LIQUIDITY_MANAGEMENT,CLOSED,5,2025-11-26,2025-11-13 10:45:19,,LOW
2313,2313,2026-04-19 07:46:34,BUY_NOW_PAY_LATER,CLOSED,1,2026-05-03,2026-04-22 07:46:34,,HIGH
2314,2314,2026-01-10 08:14:57,TERM_LIFE_INSURANCE,PENDING_DOCUMENTS,5,2026-01-24,,,LOW
2315,2315,2026-04-09 11:53:20,INSTITUTIONAL_CRYPTO_CUSTODY,CLOSED,4,2026-04-23,2026-04-13 11:53:20,Unverified or expired identity documents,HIGH
2316,2316,2026-07-31 15:18:05,HIGH_YIELD_SAVINGS,IN_REVIEW,5,2026-08-14,,,HIGH
2317,2317,2026-05-03 06:20:24,ESCROW_SERVICES,CLOSED,2,2026-05-17,2026-05-07 06:20:24,,LOW
2318,2318,2026-05-06 15:34:33,ROBO_ADVISORY,CLOSED,4,2026-05-20,2026-05-12 15:34:33,Unverified or expired identity documents,MEDIUM
2319,2319,2026-05-15 22:14:57,PERSONAL_LOAN,PENDING_DOCUMENTS,4,2026-05-29,,,LOW
2320,2320,2026-07-04 16:06:08,PERSONAL_LOAN,CLOSED,1,2026-07-18,2026-07-06 16:06:08,,MEDIUM
2321,2321,2026-01-08 23:24:20,CREDIT_CARD_ISSUANCE,CLOSED,3,2026-01-22,2026-01-14 23:24:20,,LOW
2322,2322,2025-09-05 12:02:13,AUTO_FINANCING,CLOSED,4,2025-09-19,2025-09-11 12:02:13,,LOW
2323,2323,2026-07-21 22:13:21,BUY_NOW_PAY_LATER,CLOSED,5,2026-08-04,2026-07-24 22:13:21,,MEDIUM
2324,2324,2026-07-30 07:49:17,PAYROLL_SERVICES,CLOSED,1,2026-08-13,2026-08-01 07:49:17,,LOW
2325,2325,2026-01-14 17:49:27,CROSS_BORDER_REMITTANCE,CLOSED,3,2026-01-28,2026-01-17 17:49:27,,LOW
2326,2326,2026-06-24 20:19:41,PERSONAL_LOAN,CLOSED,5,2026-07-08,2026-06-26 20:19:41,,LOW
2327,2327,2026-07-21 16:48:13,BUY_NOW_PAY_LATER,CLOSED,5,2026-08-04,2026-07-24 16:48:13,Unverified or expired identity documents,HIGH
2328,2328,2026-01-22 01:00:49,BUY_NOW_PAY_LATER,CLOSED,2,2026-02-05,2026-01-26 01:00:49,,MEDIUM
2329,2329,2026-03-17 05:00:48,SYNDICATED_LOANS,CLOSED,2,2026-03-31,2026-03-20 05:00:48,,LOW
2330,2330,2026-02-08 06:30:52,ROBO_ADVISORY,CLOSED,2,2026-02-22,2026-02-11 06:30:52,Unverified or expired identity documents,LOW
2331,2331,2025-12-04 22:09:03,PERSONAL_LOAN,IN_REVIEW,2,2025-12-18,,,MEDIUM
2332,2332,2025-12-11 21:46:27,SHORT_TERM_LIQUIDITY_MANAGEMENT,CLOSED,1,2025-12-25,2025-12-14 21:46:27,High-risk sanctions/FATF jurisdiction,HIGH
2333,2333,2026-05-21 11:56:35,CRYPTO_BROKERAGE,CLOSED,1,2026-06-04,2026-05-25 11:56:35,,LOW
2334,2334,2025-10-31 13:17:11,COMMERCIAL_LENDING,CLOSED,3,2025-11-14,2025-11-06 13:17:11,,LOW
2335,2335,2026-07-17 16:36:24,DISBURSEMENT_PAYROLL_SERVICES,IN_REVIEW,,2026-07-31,,,LOW
2336,2336,2025-11-21 17:55:21,MORTGAGE_ORIGINATION,CLOSED,1,2025-12-05,2025-11-27 17:55:21,,LOW
2337,2337,2026-06-27 19:25:57,MORTGAGE_ORIGINATION,CLOSED,1,2026-07-11,2026-06-29 19:25:57,,LOW
2338,2338,2026-07-20 04:46:01,CAMPAIGN_CHECKING_ACCOUNT,CLOSED,1,2026-08-03,2026-07-25 04:46:01,Unverified or expired identity documents,LOW
2339,2339,2025-09-23 07:08:13,MERCHANT_ACQUIRING,CLOSED,4,2025-10-07,2025-09-24 07:08:13,,LOW
2340,2340,2026-04-13 19:37:48,PAYROLL_SERVICES,CLOSED,1,2026-04-27,2026-04-18 19:37:48,,LOW
2341,2341,2026-04-16 10:26:06,CRYPTO_BROKERAGE,CLOSED,5,2026-04-30,2026-04-17 10:26:06,Unverified or expired identity documents,LOW
2342,2342,2025-12-29 20:01:11,TERM_LIFE_INSURANCE,CLOSED,2,2026-01-12,2026-01-03 20:01:11,,LOW
2343,2343,2026-08-16 02:25:09,PHILANTHROPY_ENDOWMENT_MANAGEMENT,CLOSED,3,2026-08-30,2026-08-20 02:25:09,,LOW
2344,2344,2026-07-31 02:26:50,ROBO_ADVISORY,CLOSED,3,2026-08-14,2026-08-05 02:26:50,,HIGH
2345,2345,2026-03-15 11:43:24,MORTGAGE_ORIGINATION,CLOSED,3,2026-03-29,2026-03-20 11:43:24,,LOW
2346,2346,2025-12-04 08:37:13,TRADE_FINANCE_CREDIT_INSURANCE,CLOSED,5,2025-12-18,2025-12-09 08:37:13,,MEDIUM
2347,2347,2026-07-30 23:30:06,PERSONAL_LOAN,CLOSED,4,2026-08-13,2026-07-31 23:30:06,,MEDIUM
2348,2348,2025-10-19 21:58:03,TREASURY_MANAGEMENT,CLOSED,2,2025-11-02,2025-10-21 21:58:03,,HIGH
2349,2349,2025-12-06 12:40:08,LETTER_OF_CREDIT,CLOSED,1,2025-12-20,2025-12-10 12:40:08,,LOW
2350,2350,2026-03-25 10:20:25,ESCROW_SERVICES,OPEN,1,2026-04-08,,,LOW
2351,2351,2025-11-11 08:11:44,TRADE_FINANCE_CREDIT_INSURANCE,CLOSED,3,2025-11-25,2025-11-16 08:11:44,,LOW
2352,2352,2026-07-30 17:08:04,TRUSTEE_ADMINISTRATION,CLOSED,1,2026-08-13,2026-08-05 17:08:04,,LOW
2353,2353,2026-07-20 06:28:08,COMMERCIAL_LENDING,CLOSED,2,2026-08-03,2026-07-23 06:28:08,,LOW
2354,2354,2025-10-06 23:23:41,COMMERCIAL_LENDING,PENDING_DOCUMENTS,,2025-10-20,,,LOW
2355,2355,2025-10-16 13:16:31,AUTO_FINANCING,CLOSED,3,2025-10-30,2025-10-18 13:16:31,,LOW
2356,2356,2026-07-10 22:20:48,LETTER_OF_CREDIT,CLOSED,2,2026-07-24,2026-07-13 22:20:48,,MEDIUM
2357,2357,2025-11-18 05:39:38,BUY_NOW_PAY_LATER,CLOSED,4,2025-12-02,2025-11-21 05:39:38,,LOW
2358,2358,2026-06-09 18:42:20,CORPORATE_ACCOUNT,CLOSED,1,2026-06-23,2026-06-13 18:42:20,,LOW
2359,2359,2026-01-14 23:38:01,RETAIL_BANKING,CLOSED,4,2026-01-28,2026-01-17 23:38:01,Unverified or expired identity documents,MEDIUM
2360,2360,2025-08-30 00:11:48,RETAIL_BANKING,CLOSED,3,2025-09-13,2025-09-02 00:11:48,,LOW
2361,2361,2026-02-08 16:22:32,ESCROW_SERVICES,CLOSED,5,2026-02-22,2026-02-13 16:22:32,,LOW
2362,2362,2026-01-29 14:16:41,HIGH_YIELD_SAVINGS,CLOSED,3,2026-02-12,2026-01-30 14:16:41,,LOW
2363,2363,2026-04-23 18:55:28,PAYROLL_SERVICES,CLOSED,4,2026-05-07,2026-04-29 18:55:28,Unverified or expired identity documents,HIGH
2364,2364,2026-01-29 07:52:22,DIRECT_INDEXING,CLOSED,4,2026-02-12,2026-02-04 07:52:22,,LOW
2365,2365,2026-06-27 11:31:36,RETAIL_BANKING,CLOSED,1,2026-07-11,2026-06-28 11:31:36,,LOW
2366,2366,2026-02-08 23:27:58,MERCHANT_ACQUIRING,CLOSED,5,2026-02-22,2026-02-11 23:27:58,,LOW
2367,2367,2026-07-12 08:36:02,FIDUCIARY_CUSTODY_ACCOUNT,CLOSED,2,2026-07-26,2026-07-18 08:36:02,,LOW
2368,2368,2026-08-17 21:47:48,AUTO_FINANCING,CLOSED,2,2026-08-31,2026-08-22 21:47:48,,LOW
2369,2369,2026-05-18 18:32:16,PERSONAL_LOAN,CLOSED,4,2026-06-01,2026-05-20 18:32:16,Unverified or expired identity documents,HIGH
2370,2370,2025-10-10 02:47:36,HIGH_YIELD_SAVINGS,CLOSED,1,2025-10-24,2025-10-12 02:47:36,,LOW
2371,2371,2026-01-21 16:46:23,INSTITUTIONAL_CRYPTO_CUSTODY,CLOSED,3,2026-02-04,2026-01-24 16:46:23,,MEDIUM
2372,2372,2025-10-06 10:51:34,ROBO_ADVISORY,IN_REVIEW,,2025-10-20,,,LOW
2373,2373,2026-06-11 06:05:35,LETTER_OF_CREDIT,CLOSED,4,2026-06-25,2026-06-14 06:05:35,,LOW
2374,2374,2025-10-02 13:10:11,PAYROLL_SERVICES,CLOSED,3,2025-10-16,2025-10-05 13:10:11,,LOW
2375,2375,2026-06-23 10:01:09,BUY_NOW_PAY_LATER,PENDING_DOCUMENTS,4,2026-07-07,,,LOW
2376,2376,2026-07-21 08:16:10,SHORT_TERM_LIQUIDITY_MANAGEMENT,CLOSED,4,2026-08-04,2026-07-22 08:16:10,,LOW
2377,2377,2026-08-19 17:42:52,LETTER_OF_CREDIT,CLOSED,3,2026-09-02,2026-08-24 17:42:52,,LOW
2378,2378,2026-06-11 16:43:43,RETAIL_EQUITY_BROKERAGE,CLOSED,5,2026-06-25,2026-06-12 16:43:43,,LOW
2379,2379,2025-11-28 20:27:40,DISBURSEMENT_PAYROLL_SERVICES,CLOSED,1,2025-12-12,2025-12-03 20:27:40,,MEDIUM
2380,2380,2026-06-06 13:45:07,ROBO_ADVISORY,CLOSED,4,2026-06-20,2026-06-09 13:45:07,,MEDIUM
2381,2381,2026-03-10 07:20:58,CREDIT_CARD_ISSUANCE,PENDING_DOCUMENTS,1,2026-03-24,,,LOW
2382,2382,2026-01-23 19:05:15,CROSS_BORDER_REMITTANCE,CLOSED,4,2026-02-06,2026-01-28 19:05:15,,LOW
2383,2383,2026-02-26 17:56:28,GOVERNMENT_RELATIONS_ESCROW,CLOSED,3,2026-03-12,2026-02-27 17:56:28,,MEDIUM
2384,2384,2026-02-28 01:13:32,CREDIT_CARD_ISSUANCE,CLOSED,3,2026-03-14,2026-03-04 01:13:32,,LOW
2385,2385,2025-09-15 16:37:17,MERCHANT_ACQUIRING,CLOSED,3,2025-09-29,2025-09-20 16:37:17,,LOW
2386,2386,2025-10-27 16:04:59,DIRECT_INDEXING,CLOSED,5,2025-11-10,2025-10-30 16:04:59,,HIGH
2387,2387,2025-10-09 16:33:18,AUTO_FINANCING,IN_REVIEW,2,2025-10-23,,,LOW
2388,2388,2026-02-03 20:23:43,PHILANTHROPY_ENDOWMENT_MANAGEMENT,IN_REVIEW,,2026-02-17,,,HIGH
2389,2389,2025-12-22 08:44:27,LETTER_OF_CREDIT,CLOSED,1,2026-01-05,2025-12-25 08:44:27,,MEDIUM
2390,2390,2026-04-04 01:25:59,COMMERCIAL_LENDING,CLOSED,2,2026-04-18,2026-04-07 01:25:59,,LOW
2391,2391,2026-05-22 07:21:31,PERSONAL_LOAN,OPEN,,2026-06-05,,,LOW
2392,2392,2026-07-18 13:50:14,ROBO_ADVISORY,OPEN,,2026-08-01,,,HIGH
2393,2393,2026-07-12 04:53:38,CROSS_BORDER_REMITTANCE,CLOSED,1,2026-07-26,2026-07-16 04:53:38,,HIGH
2394,2394,2026-07-24 04:19:43,MORTGAGE_ORIGINATION,CLOSED,4,2026-08-07,2026-07-28 04:19:43,,HIGH
2395,2395,2025-10-25 06:31:30,RETAIL_EQUITY_BROKERAGE,CLOSED,1,2025-11-08,2025-10-27 06:31:30,,MEDIUM
2396,2396,2026-03-26 15:27:33,HIGH_YIELD_SAVINGS,CLOSED,2,2026-04-09,2026-03-28 15:27:33,,LOW
2397,2397,2025-12-07 08:42:05,BUY_NOW_PAY_LATER,IN_REVIEW,,2025-12-21,,,LOW
2398,2398,2026-06-21 16:08:28,PERSONAL_LOAN,CLOSED,1,2026-07-05,2026-06-26 16:08:28,,LOW
2399,2399,2026-03-05 04:50:42,ROBO_ADVISORY,OPEN,,2026-03-19,,,LOW
2400,2400,2026-03-15 11:13:07,TREASURY_MANAGEMENT,OPEN,4,2026-03-29,,,HIGH
2401,2401,2025-10-11 16:57:33,BUY_NOW_PAY_LATER,CLOSED,3,2025-10-25,2025-10-12 16:57:33,,LOW
2402,2402,2026-02-25 20:58:02,RETAIL_BANKING,CLOSED,4,2026-03-11,2026-03-01 20:58:02,,LOW
2403,2403,2025-08-26 03:37:59,MORTGAGE_ORIGINATION,CLOSED,1,2025-09-09,2025-08-28 03:37:59,,LOW
2404,2404,2026-07-09 02:30:38,CREDIT_CARD_ISSUANCE,CLOSED,5,2026-07-23,2026-07-11 02:30:38,Unverified or expired identity documents,HIGH
2405,2405,2026-04-14 05:52:54,CRYPTO_BROKERAGE,CLOSED,3,2026-04-28,2026-04-17 05:52:54,,LOW
2406,2406,2026-03-30 03:40:14,CREDIT_CARD_ISSUANCE,CLOSED,2,2026-04-13,2026-04-04 03:40:14,,LOW
2407,2407,2026-07-14 06:41:35,CREDIT_CARD_ISSUANCE,IN_REVIEW,,2026-07-28,,,MEDIUM
2408,2408,2026-07-26 05:56:14,TRADE_FINANCE_CREDIT_INSURANCE,CLOSED,4,2026-08-09,2026-07-28 05:56:14,,MEDIUM
2409,2409,2026-03-15 03:18:50,RETAIL_BANKING,CLOSED,5,2026-03-29,2026-03-18 03:18:50,,MEDIUM
2410,2410,2026-02-24 05:27:57,LIQUIDITY_MANAGEMENT,CLOSED,4,2026-03-10,2026-02-25 05:27:57,,LOW
2411,2411,2026-07-20 09:43:41,RETAIL_EQUITY_BROKERAGE,CLOSED,5,2026-08-03,2026-07-26 09:43:41,,LOW
2412,2412,2026-01-16 11:44:51,HIGH_YIELD_SAVINGS,CLOSED,3,2026-01-30,2026-01-18 11:44:51,,LOW
2413,2413,2026-08-15 18:38:42,SHORT_TERM_LIQUIDITY_MANAGEMENT,CLOSED,4,2026-08-29,2026-08-19 18:38:42,,LOW
2414,2414,2026-03-27 14:49:44,ROBO_ADVISORY,CLOSED,3,2026-04-10,2026-03-31 14:49:44,,LOW
2415,2415,2025-12-09 06:29:39,GOVERNMENT_RELATIONS_ESCROW,CLOSED,5,2025-12-23,2025-12-12 06:29:39,,LOW
2416,2416,2026-06-03 17:03:37,GOVERNMENT_RELATIONS_ESCROW,CLOSED,4,2026-06-17,2026-06-09 17:03:37,,LOW
2417,2417,2025-10-17 03:14:29,INSTITUTIONAL_CRYPTO_CUSTODY,CLOSED,5,2025-10-31,2025-10-19 03:14:29,,MEDIUM
2418,2418,2026-04-24 03:52:55,CROSS_BORDER_REMITTANCE,OPEN,,2026-05-08,,,LOW
2419,2419,2026-04-29 21:25:14,POLITICAL_DONATION_PROCESSING,CLOSED,2,2026-05-13,2026-05-02 21:25:14,Unverified or expired identity documents,HIGH
2420,2420,2026-05-21 11:00:47,RETAIL_EQUITY_BROKERAGE,OPEN,5,2026-06-04,,,LOW
2421,2421,2026-08-15 16:35:37,BUY_NOW_PAY_LATER,CLOSED,2,2026-08-29,2026-08-18 16:35:37,,LOW
2422,2422,2026-02-05 08:28:14,RETAIL_BANKING,CLOSED,4,2026-02-19,2026-02-11 08:28:14,Unverified or expired identity documents,LOW
2423,2423,2025-09-03 18:59:06,CORPORATE_ACCOUNT,CLOSED,2,2025-09-17,2025-09-09 18:59:06,,LOW
2424,2424,2026-02-17 13:47:28,ROBO_ADVISORY,CLOSED,1,2026-03-03,2026-02-22 13:47:28,,LOW
2425,2425,2026-01-07 07:49:10,ROBO_ADVISORY,CLOSED,4,2026-01-21,2026-01-09 07:49:10,,LOW
2426,2426,2025-11-10 20:37:43,AUTO_FINANCING,CLOSED,1,2025-11-24,2025-11-16 20:37:43,,LOW
2427,2427,2025-11-15 14:03:51,TRADE_FINANCE_CREDIT_INSURANCE,CLOSED,3,2025-11-29,2025-11-17 14:03:51,,LOW
2428,2428,2025-09-16 01:17:49,PERSONAL_LOAN,CLOSED,1,2025-09-30,2025-09-22 01:17:49,,LOW
2429,2429,2025-12-25 09:16:41,RETAIL_BANKING,CLOSED,4,2026-01-08,2025-12-31 09:16:41,,MEDIUM
2430,2430,2026-03-10 15:19:00,TREASURY_MANAGEMENT,CLOSED,2,2026-03-24,2026-03-14 15:19:00,High-risk sanctions/FATF jurisdiction,HIGH
2431,2431,2026-04-10 01:12:51,AUTO_FINANCING,CLOSED,2,2026-04-24,2026-04-13 01:12:51,,LOW
2432,2432,2025-11-09 21:58:27,BUY_NOW_PAY_LATER,CLOSED,5,2025-11-23,2025-11-11 21:58:27,Unverified or expired identity documents,HIGH
2433,2433,2026-05-24 05:25:44,INSTITUTIONAL_CRYPTO_CUSTODY,OPEN,2,2026-06-07,,,LOW
2434,2434,2025-10-10 12:39:33,CRYPTO_BROKERAGE,CLOSED,3,2025-10-24,2025-10-15 12:39:33,,MEDIUM
2435,2435,2025-12-04 10:09:52,PERSONAL_LOAN,OPEN,5,2025-12-18,,,MEDIUM
2436,2436,2025-12-01 09:20:42,TERM_LIFE_INSURANCE,CLOSED,2,2025-12-15,2025-12-07 09:20:42,Unverified or expired identity documents,HIGH
2437,2437,2025-12-19 02:49:36,SYNDICATED_LOANS,CLOSED,5,2026-01-02,2025-12-23 02:49:36,,LOW
2438,2438,2026-01-22 13:59:21,CORPORATE_CREDIT_CARD,CLOSED,3,2026-02-05,2026-01-26 13:59:21,,MEDIUM
2439,2439,2026-06-11 16:40:04,AUTO_FINANCING,CLOSED,2,2026-06-25,2026-06-17 16:40:04,,LOW
2440,2440,2025-12-31 13:39:09,BALLOT_INITIATIVE_ESCROW,CLOSED,5,2026-01-14,2026-01-06 13:39:09,Unverified or expired identity documents,MEDIUM
2441,2441,2026-02-26 16:01:29,COMMERCIAL_LENDING,CLOSED,4,2026-03-12,2026-02-28 16:01:29,,LOW
2442,2442,2026-05-17 19:46:50,BUY_NOW_PAY_LATER,CLOSED,2,2026-05-31,2026-05-23 19:46:50,,LOW
2443,2443,2026-07-15 16:30:16,MORTGAGE_ORIGINATION,CLOSED,3,2026-07-29,2026-07-16 16:30:16,Unverified or expired identity documents,HIGH
2444,2444,2026-05-24 10:14:18,CREDIT_CARD_ISSUANCE,CLOSED,5,2026-06-07,2026-05-30 10:14:18,,LOW
2445,2445,2025-12-18 11:36:19,TERM_LIFE_INSURANCE,CLOSED,3,2026-01-01,2025-12-19 11:36:19,,LOW
2446,2446,2026-01-22 20:19:27,MORTGAGE_ORIGINATION,CLOSED,5,2026-02-05,2026-01-26 20:19:27,,LOW
2447,2447,2026-01-28 04:05:44,CRYPTO_BROKERAGE,CLOSED,5,2026-02-11,2026-02-03 04:05:44,,LOW
2448,2448,2025-09-19 06:21:32,AUTO_FINANCING,IN_REVIEW,,2025-10-03,,,LOW
2449,2449,2025-10-22 02:27:38,HIGH_VOLUME_MERCHANT_GATEWAY,IN_REVIEW,4,2025-11-05,,,LOW
2450,2450,2025-10-04 21:25:57,FIDUCIARY_CUSTODY_ACCOUNT,CLOSED,5,2025-10-18,2025-10-05 21:25:57,,LOW
2451,2451,2026-07-04 13:17:21,ROBO_ADVISORY,CLOSED,2,2026-07-18,2026-07-10 13:17:21,,LOW
2452,2452,2025-12-05 09:46:45,CROSS_BORDER_REMITTANCE,CLOSED,1,2025-12-19,2025-12-08 09:46:45,,LOW
2453,2453,2025-12-04 05:26:22,AUTO_FINANCING,CLOSED,4,2025-12-18,2025-12-10 05:26:22,Unverified or expired identity documents,HIGH
2454,2454,2026-03-28 11:01:51,CRYPTO_BROKERAGE,CLOSED,4,2026-04-11,2026-03-30 11:01:51,,LOW
2455,2455,2026-06-21 19:42:57,CROSS_BORDER_REMITTANCE,CLOSED,3,2026-07-05,2026-06-22 19:42:57,,LOW
2456,2456,2026-01-07 21:19:58,PHILANTHROPY_ENDOWMENT_MANAGEMENT,CLOSED,5,2026-01-21,2026-01-11 21:19:58,,HIGH
2457,2457,2025-09-09 19:52:53,TREASURY_MANAGEMENT,CLOSED,1,2025-09-23,2025-09-14 19:52:53,,LOW
2458,2458,2026-05-12 02:15:25,PERSONAL_LOAN,CLOSED,1,2026-05-26,2026-05-14 02:15:25,,LOW
2459,2459,2025-12-31 04:26:44,ESCROW_SERVICES,CLOSED,5,2026-01-14,2026-01-04 04:26:44,,HIGH
2460,2460,2025-10-18 16:47:05,PAYROLL_SERVICES,CLOSED,4,2025-11-01,2025-10-22 16:47:05,,MEDIUM
2461,2461,2026-06-07 18:39:33,CRYPTO_BROKERAGE,CLOSED,1,2026-06-21,2026-06-09 18:39:33,,LOW
2462,2462,2026-08-11 00:39:29,TRUSTEE_ADMINISTRATION,CLOSED,3,2026-08-25,2026-08-12 00:39:29,,LOW
2463,2463,2025-12-06 04:54:56,TERM_LIFE_INSURANCE,CLOSED,3,2025-12-20,2025-12-09 04:54:56,,HIGH
2464,2464,2026-03-18 00:25:01,INSTITUTIONAL_CRYPTO_CUSTODY,CLOSED,3,2026-04-01,2026-03-22 00:25:01,,MEDIUM
2465,2465,2025-12-20 21:00:25,LIQUIDITY_MANAGEMENT,IN_REVIEW,,2026-01-03,,,MEDIUM
2466,2466,2025-11-08 10:02:23,RETAIL_EQUITY_BROKERAGE,CLOSED,2,2025-11-22,2025-11-10 10:02:23,,LOW
2467,2467,2026-07-07 23:39:47,ROBO_ADVISORY,CLOSED,3,2026-07-21,2026-07-09 23:39:47,,LOW
2468,2468,2025-11-17 04:41:05,LIQUIDITY_MANAGEMENT,CLOSED,5,2025-12-01,2025-11-22 04:41:05,,LOW
2469,2469,2026-05-31 22:37:20,BUY_NOW_PAY_LATER,CLOSED,1,2026-06-14,2026-06-06 22:37:20,,MEDIUM
2470,2470,2026-04-03 04:29:40,AUTO_FINANCING,CLOSED,4,2026-04-17,2026-04-05 04:29:40,Unverified or expired identity documents,HIGH
2471,2471,2026-02-04 21:15:13,CREDIT_CARD_ISSUANCE,CLOSED,3,2026-02-18,2026-02-06 21:15:13,Unverified or expired identity documents,LOW
2472,2472,2026-07-11 00:52:31,RETAIL_EQUITY_BROKERAGE,CLOSED,5,2026-07-25,2026-07-14 00:52:31,High-risk sanctions/FATF jurisdiction,HIGH
2473,2473,2026-08-07 09:29:09,CREDIT_CARD_ISSUANCE,CLOSED,5,2026-08-21,2026-08-12 09:29:09,,LOW
2474,2474,2025-12-07 04:25:36,HIGH_YIELD_SAVINGS,CLOSED,2,2025-12-21,2025-12-08 04:25:36,,LOW
2475,2475,2025-12-27 13:55:12,TRADE_FINANCE_CREDIT_INSURANCE,IN_REVIEW,4,2026-01-10,,,HIGH
2476,2476,2026-05-25 01:09:26,COMMERCIAL_LENDING,PENDING_DOCUMENTS,4,2026-06-08,,,LOW
2477,2477,2026-04-05 18:36:42,CRYPTO_BROKERAGE,CLOSED,3,2026-04-19,2026-04-10 18:36:42,,LOW
2478,2478,2026-06-09 06:54:11,BENEFICIARY_DISBURSEMENT_SERVICES,CLOSED,4,2026-06-23,2026-06-10 06:54:11,,MEDIUM
2479,2479,2026-08-09 17:28:56,MORTGAGE_ORIGINATION,CLOSED,1,2026-08-23,2026-08-13 17:28:56,,LOW
2480,2480,2025-10-22 18:40:17,FX_HEDGING_SOLUTIONS,CLOSED,2,2025-11-05,2025-10-26 18:40:17,,LOW
2481,2481,2025-10-13 18:39:59,CRYPTO_BROKERAGE,CLOSED,2,2025-10-27,2025-10-14 18:39:59,Unverified or expired identity documents,LOW
2482,2482,2025-11-21 09:12:55,PAYROLL_SERVICES,CLOSED,5,2025-12-05,2025-11-26 09:12:55,,LOW
2483,2483,2025-09-05 05:26:38,ESCROW_SERVICES,CLOSED,5,2025-09-19,2025-09-10 05:26:38,,LOW
2484,2484,2026-08-12 07:59:31,REGULATORY_REPORTING_INTEGRATION,IN_REVIEW,3,2026-08-26,,,HIGH
2485,2485,2025-09-18 23:16:29,PAC_TREASURY_MANAGEMENT,IN_REVIEW,3,2025-10-02,,,LOW
2486,2486,2025-11-02 08:58:52,RETAIL_EQUITY_BROKERAGE,PENDING_DOCUMENTS,1,2025-11-16,,,LOW
2487,2487,2026-07-20 18:08:15,HIGH_YIELD_SAVINGS,CLOSED,5,2026-08-03,2026-07-23 18:08:15,,LOW
2488,2488,2026-08-23 06:11:00,DISBURSEMENT_PAYROLL_SERVICES,CLOSED,5,2026-09-06,2026-08-25 06:11:00,High-risk sanctions/FATF jurisdiction,HIGH
2489,2489,2026-05-02 18:53:54,ROBO_ADVISORY,CLOSED,5,2026-05-16,2026-05-06 18:53:54,,LOW
2490,2490,2025-12-06 16:39:48,ROBO_ADVISORY,CLOSED,1,2025-12-20,2025-12-11 16:39:48,,LOW
2491,2491,2026-06-01 16:36:57,CREDIT_CARD_ISSUANCE,CLOSED,4,2026-06-15,2026-06-07 16:36:57,,LOW
2492,2492,2026-03-26 11:05:48,AUTO_FINANCING,CLOSED,3,2026-04-09,2026-03-31 11:05:48,,LOW
2493,2493,2026-07-19 02:27:40,CREDIT_CARD_ISSUANCE,CLOSED,4,2026-08-02,2026-07-25 02:27:40,,MEDIUM
2494,2494,2025-09-11 20:49:29,CROSS_BORDER_REMITTANCE,CLOSED,3,2025-09-25,2025-09-16 20:49:29,,LOW
2495,2495,2026-03-24 02:04:26,HIGH_VOLUME_MERCHANT_GATEWAY,CLOSED,5,2026-04-07,2026-03-29 02:04:26,Unverified or expired identity documents,MEDIUM
2496,2496,2026-04-12 03:45:16,CORPORATE_ACCOUNT,CLOSED,5,2026-04-26,2026-04-15 03:45:16,,LOW
2497,2497,2025-11-20 21:59:35,FIDUCIARY_CUSTODY_ACCOUNT,CLOSED,3,2025-12-04,2025-11-25 21:59:35,Unverified or expired identity documents,HIGH
2498,2498,2026-07-17 07:40:50,MORTGAGE_ORIGINATION,CLOSED,2,2026-07-31,2026-07-23 07:40:50,,MEDIUM
2499,2499,2026-02-01 21:30:20,TERM_LIFE_INSURANCE,OPEN,,2026-02-15,,,LOW
2500,2500,2026-03-30 09:36:58,CROSS_BORDER_REMITTANCE,CLOSED,4,2026-04-13,2026-04-03 09:36:58,,MEDIUM
2501,2501,2025-09-17 23:59:49,REGULATORY_REPORTING_INTEGRATION,CLOSED,1,2025-10-01,2025-09-20 23:59:49,High-risk sanctions/FATF jurisdiction,HIGH
2502,2502,2026-04-07 23:26:31,CREDIT_CARD_ISSUANCE,CLOSED,4,2026-04-21,2026-04-08 23:26:31,,LOW
2503,2503,2025-11-04 15:22:25,TERM_LIFE_INSURANCE,CLOSED,3,2025-11-18,2025-11-10 15:22:25,,LOW
2504,2504,2026-08-11 23:09:59,TRUSTEE_ADMINISTRATION,CLOSED,1,2026-08-25,2026-08-16 23:09:59,,LOW
2505,2505,2026-05-04 02:09:32,CREDIT_CARD_ISSUANCE,CLOSED,3,2026-05-18,2026-05-05 02:09:32,,LOW
2506,2506,2025-08-29 02:30:24,AUTO_FINANCING,CLOSED,3,2025-09-12,2025-09-02 02:30:24,,MEDIUM
2507,2507,2025-11-23 05:15:09,ESTATE_PLANNING_SERVICES,CLOSED,3,2025-12-07,2025-11-24 05:15:09,,MEDIUM
2508,2508,2026-07-20 05:51:27,MERCHANT_ACQUIRING,OPEN,,2026-08-03,,,LOW
2509,2509,2025-10-11 04:29:12,PERSONAL_LOAN,OPEN,,2025-10-25,,,LOW
2510,2510,2026-01-06 22:26:27,CREDIT_CARD_ISSUANCE,CLOSED,4,2026-01-20,2026-01-12 22:26:27,,LOW
2511,2511,2026-02-07 18:23:46,RETAIL_EQUITY_BROKERAGE,CLOSED,5,2026-02-21,2026-02-08 18:23:46,,MEDIUM
2512,2512,2026-05-14 03:43:45,TERM_LIFE_INSURANCE,OPEN,3,2026-05-28,,,LOW
2513,2513,2025-10-13 08:41:54,MORTGAGE_ORIGINATION,CLOSED,1,2025-10-27,2025-10-17 08:41:54,,LOW
2514,2514,2026-08-07 20:12:40,RETAIL_EQUITY_BROKERAGE,CLOSED,4,2026-08-21,2026-08-13 20:12:40,,LOW
2515,2515,2026-05-30 09:46:07,TREASURY_MANAGEMENT,PENDING_DOCUMENTS,5,2026-06-13,,,LOW
2516,2516,2025-10-15 23:59:25,CREDIT_CARD_ISSUANCE,OPEN,3,2025-10-29,,,MEDIUM
2517,2517,2026-02-22 23:39:30,ROBO_ADVISORY,CLOSED,3,2026-03-08,2026-02-23 23:39:30,,LOW
2518,2518,2026-05-01 14:07:41,TREASURY_MANAGEMENT,CLOSED,1,2026-05-15,2026-05-06 14:07:41,,MEDIUM
2519,2519,2025-11-18 05:28:14,SHORT_TERM_LIQUIDITY_MANAGEMENT,CLOSED,5,2025-12-02,2025-11-23 05:28:14,,LOW
2520,2520,2026-06-24 20:30:58,ASSET_PROTECTION_TRUSTS,CLOSED,2,2026-07-08,2026-06-27 20:30:58,,LOW
2521,2521,2025-12-19 21:56:32,ESCROW_SERVICES,CLOSED,3,2026-01-02,2025-12-25 21:56:32,,MEDIUM
2522,2522,2026-04-05 18:14:05,ROBO_ADVISORY,CLOSED,4,2026-04-19,2026-04-06 18:14:05,,LOW
2523,2523,2026-02-17 20:56:40,ESCROW_SERVICES,CLOSED,4,2026-03-03,2026-02-22 20:56:40,,MEDIUM
2524,2524,2025-09-19 05:40:18,RETAIL_BANKING,OPEN,5,2025-10-03,,,HIGH
2525,2525,2025-09-05 01:04:57,CROSS_BORDER_REMITTANCE,CLOSED,3,2025-09-19,2025-09-10 01:04:57,,LOW
2526,2526,2025-09-03 06:43:37,RETAIL_EQUITY_BROKERAGE,OPEN,1,2025-09-17,,,LOW
2527,2527,2026-01-01 12:09:09,RETAIL_BANKING,CLOSED,3,2026-01-15,2026-01-06 12:09:09,,LOW
2528,2528,2026-06-14 16:38:14,TERM_LIFE_INSURANCE,CLOSED,5,2026-06-28,2026-06-17 16:38:14,,LOW
2529,2529,2026-02-14 01:00:21,MORTGAGE_ORIGINATION,CLOSED,4,2026-02-28,2026-02-16 01:00:21,High-risk sanctions/FATF jurisdiction,HIGH
2530,2530,2026-06-12 02:09:07,CRYPTO_BROKERAGE,CLOSED,4,2026-06-26,2026-06-14 02:09:07,Unverified or expired identity documents,LOW
2531,2531,2025-10-02 08:40:41,CAMPAIGN_CHECKING_ACCOUNT,CLOSED,1,2025-10-16,2025-10-05 08:40:41,,LOW
2532,2532,2026-07-05 23:13:21,PERSONAL_LOAN,CLOSED,4,2026-07-19,2026-07-07 23:13:21,,LOW
2533,2533,2025-09-09 12:06:19,CRYPTO_BROKERAGE,CLOSED,5,2025-09-23,2025-09-11 12:06:19,,MEDIUM
2534,2534,2026-04-22 07:13:47,CROSS_BORDER_REMITTANCE,CLOSED,2,2026-05-06,2026-04-28 07:13:47,High-risk sanctions/FATF jurisdiction,HIGH
2535,2535,2025-08-27 19:41:25,BUY_NOW_PAY_LATER,CLOSED,4,2025-09-10,2025-08-31 19:41:25,Unverified or expired identity documents,LOW
2536,2536,2026-05-03 13:48:26,TERM_LIFE_INSURANCE,CLOSED,5,2026-05-17,2026-05-04 13:48:26,,LOW
2537,2537,2026-01-01 04:03:38,CROSS_BORDER_REMITTANCE,CLOSED,2,2026-01-15,2026-01-07 04:03:38,Unverified or expired identity documents,MEDIUM
2538,2538,2026-01-08 04:28:08,HIGH_YIELD_SAVINGS,OPEN,,2026-01-22,,,MEDIUM
2539,2539,2026-07-28 19:32:33,CREDIT_CARD_ISSUANCE,OPEN,,2026-08-11,,,LOW
2540,2540,2026-02-23 18:54:36,SHORT_TERM_LIQUIDITY_MANAGEMENT,CLOSED,4,2026-03-09,2026-02-26 18:54:36,,LOW
2541,2541,2025-11-10 19:07:27,BUY_NOW_PAY_LATER,CLOSED,1,2025-11-24,2025-11-11 19:07:27,,LOW
2542,2542,2026-07-09 14:18:37,CREDIT_CARD_ISSUANCE,IN_REVIEW,2,2026-07-23,,,LOW
2543,2543,2026-05-30 09:34:13,MORTGAGE_ORIGINATION,OPEN,,2026-06-13,,,LOW
2544,2544,2025-12-30 12:32:00,TREASURY_MANAGEMENT,CLOSED,4,2026-01-13,2026-01-01 12:32:00,,LOW
2545,2545,2025-10-12 19:15:52,ROBO_ADVISORY,CLOSED,5,2025-10-26,2025-10-15 19:15:52,,LOW
2546,2546,2026-05-04 01:50:44,PRIVATE_EQUITY_FEEDER,OPEN,1,2026-05-18,,,LOW
2547,2547,2026-03-14 04:50:07,INSTITUTIONAL_CRYPTO_CUSTODY,IN_REVIEW,2,2026-03-28,,,LOW
2548,2548,2026-06-19 08:08:38,PAYROLL_SERVICES,CLOSED,3,2026-07-03,2026-06-20 08:08:38,,LOW
2549,2549,2026-02-10 13:07:44,CREDIT_CARD_ISSUANCE,PENDING_DOCUMENTS,,2026-02-24,,,LOW
2550,2550,2026-07-07 14:55:21,RETAIL_BANKING,CLOSED,2,2026-07-21,2026-07-13 14:55:21,,LOW
2551,2551,2026-04-30 03:34:01,FIDUCIARY_CUSTODY_ACCOUNT,CLOSED,3,2026-05-14,2026-05-05 03:34:01,,LOW
2552,2552,2025-09-10 20:14:58,LETTER_OF_CREDIT,IN_REVIEW,2,2025-09-24,,,LOW
2553,2553,2025-11-09 16:32:19,HIGH_YIELD_SAVINGS,CLOSED,1,2025-11-23,2025-11-13 16:32:19,,LOW
2554,2554,2025-09-12 23:12:44,COMMERCIAL_LENDING,CLOSED,3,2025-09-26,2025-09-17 23:12:44,,LOW
2555,2555,2025-09-14 18:17:08,FX_HEDGING_SOLUTIONS,CLOSED,1,2025-09-28,2025-09-15 18:17:08,,MEDIUM
2556,2556,2026-07-19 12:27:42,CREDIT_CARD_ISSUANCE,CLOSED,5,2026-08-02,2026-07-25 12:27:42,,LOW
2557,2557,2025-10-22 15:37:29,TREASURY_MANAGEMENT,CLOSED,1,2025-11-05,2025-10-24 15:37:29,,LOW
2558,2558,2026-03-20 13:33:24,PAYROLL_SERVICES,CLOSED,4,2026-04-03,2026-03-21 13:33:24,,LOW
2559,2559,2026-02-14 08:04:11,RETAIL_BANKING,CLOSED,2,2026-02-28,2026-02-20 08:04:11,,LOW
2560,2560,2025-12-29 21:40:16,TERM_LIFE_INSURANCE,IN_REVIEW,,2026-01-12,,,LOW
2561,2561,2025-12-11 22:18:05,AUTO_FINANCING,CLOSED,4,2025-12-25,2025-12-16 22:18:05,,LOW
2562,2562,2025-08-27 01:12:03,CREDIT_CARD_ISSUANCE,IN_REVIEW,,2025-09-10,,,LOW
2563,2563,2026-01-15 07:58:53,CREDIT_CARD_ISSUANCE,CLOSED,4,2026-01-29,2026-01-18 07:58:53,,LOW
2564,2564,2026-08-10 09:44:18,DISBURSEMENT_PAYROLL_SERVICES,CLOSED,2,2026-08-24,2026-08-11 09:44:18,Unverified or expired identity documents,MEDIUM
2565,2565,2026-07-01 08:44:02,PERSONAL_LOAN,CLOSED,2,2026-07-15,2026-07-07 08:44:02,,HIGH
2566,2566,2025-10-17 19:52:14,ROBO_ADVISORY,CLOSED,4,2025-10-31,2025-10-23 19:52:14,,HIGH
2567,2567,2025-12-11 21:30:33,LETTER_OF_CREDIT,CLOSED,3,2025-12-25,2025-12-14 21:30:33,,LOW
2568,2568,2025-12-15 08:21:04,SYNDICATED_LOANS,CLOSED,5,2025-12-29,2025-12-17 08:21:04,,LOW
2569,2569,2026-07-11 04:57:33,ROBO_ADVISORY,CLOSED,5,2026-07-25,2026-07-14 04:57:33,,MEDIUM
2570,2570,2026-02-05 03:11:17,CREDIT_CARD_ISSUANCE,CLOSED,2,2026-02-19,2026-02-09 03:11:17,,LOW
2571,2571,2025-12-11 21:48:27,BUY_NOW_PAY_LATER,CLOSED,3,2025-12-25,2025-12-16 21:48:27,,LOW
2572,2572,2026-02-20 12:54:52,TERM_LIFE_INSURANCE,CLOSED,5,2026-03-06,2026-02-22 12:54:52,,LOW
2573,2573,2026-02-12 15:14:40,CAMPAIGN_CHECKING_ACCOUNT,OPEN,4,2026-02-26,,,HIGH
2574,2574,2026-06-23 04:43:15,LIQUIDITY_MANAGEMENT,CLOSED,2,2026-07-07,2026-06-26 04:43:15,,LOW
2575,2575,2025-09-16 13:56:27,CREDIT_CARD_ISSUANCE,CLOSED,5,2025-09-30,2025-09-18 13:56:27,,LOW
2576,2576,2026-07-08 12:45:57,PERSONAL_LOAN,CLOSED,2,2026-07-22,2026-07-12 12:45:57,,LOW
2577,2577,2025-12-10 07:35:22,PAC_TREASURY_MANAGEMENT,CLOSED,1,2025-12-24,2025-12-11 07:35:22,,LOW
2578,2578,2026-08-03 09:11:56,PERSONAL_LOAN,CLOSED,1,2026-08-17,2026-08-06 09:11:56,,LOW
2579,2579,2026-08-05 08:13:14,PERSONAL_LOAN,IN_REVIEW,1,2026-08-19,,,LOW
2580,2580,2026-03-11 05:38:15,TREASURY_MANAGEMENT,IN_REVIEW,3,2026-03-25,,,MEDIUM
2581,2581,2026-02-08 09:47:40,PHILANTHROPY_ENDOWMENT_MANAGEMENT,CLOSED,1,2026-02-22,2026-02-13 09:47:40,,MEDIUM
2582,2582,2026-02-01 16:41:02,MORTGAGE_ORIGINATION,CLOSED,3,2026-02-15,2026-02-07 16:41:02,,MEDIUM
2583,2583,2025-11-20 04:38:06,TREASURY_MANAGEMENT,OPEN,4,2025-12-04,,,HIGH
2584,2584,2026-06-09 09:59:36,BUY_NOW_PAY_LATER,CLOSED,4,2026-06-23,2026-06-13 09:59:36,,HIGH
2585,2585,2026-05-11 03:20:42,CRYPTO_BROKERAGE,IN_REVIEW,4,2026-05-25,,,LOW
2586,2586,2026-08-08 06:16:36,PERSONAL_LOAN,CLOSED,3,2026-08-22,2026-08-09 06:16:36,,LOW
2587,2587,2025-10-12 09:25:06,HIGH_YIELD_SAVINGS,CLOSED,4,2025-10-26,2025-10-14 09:25:06,,LOW
2588,2588,2025-10-14 12:22:39,HIGH_YIELD_SAVINGS,CLOSED,3,2025-10-28,2025-10-20 12:22:39,Unverified or expired identity documents,HIGH
2589,2589,2025-11-21 13:11:33,AUTO_FINANCING,CLOSED,2,2025-12-05,2025-11-24 13:11:33,,LOW
2590,2590,2026-04-07 04:16:16,CREDIT_CARD_ISSUANCE,CLOSED,4,2026-04-21,2026-04-10 04:16:16,,MEDIUM
2591,2591,2026-04-16 16:26:22,BUY_NOW_PAY_LATER,CLOSED,3,2026-04-30,2026-04-20 16:26:22,,MEDIUM
2592,2592,2026-03-01 21:21:10,RETAIL_EQUITY_BROKERAGE,CLOSED,1,2026-03-15,2026-03-04 21:21:10,,LOW
2593,2593,2026-02-07 00:34:18,AUTO_FINANCING,CLOSED,5,2026-02-21,2026-02-08 00:34:18,Unverified or expired identity documents,LOW
2594,2594,2025-09-26 19:31:41,CROSS_BORDER_REMITTANCE,CLOSED,4,2025-10-10,2025-09-27 19:31:41,,LOW
2595,2595,2026-07-18 16:56:30,BUY_NOW_PAY_LATER,CLOSED,3,2026-08-01,2026-07-23 16:56:30,,LOW
2596,2596,2026-04-17 10:55:59,AUTO_FINANCING,CLOSED,3,2026-05-01,2026-04-23 10:55:59,,LOW
2597,2597,2026-01-29 11:08:55,ROBO_ADVISORY,CLOSED,3,2026-02-12,2026-01-30 11:08:55,,LOW
2598,2598,2025-11-14 22:14:29,POLITICAL_DONATION_PROCESSING,CLOSED,1,2025-11-28,2025-11-15 22:14:29,Adverse media and PEP screening threshold exceeded,LOW
2599,2599,2025-12-17 10:36:21,PERSONAL_LOAN,PENDING_DOCUMENTS,,2025-12-31,,,LOW
2600,2600,2026-02-05 10:23:14,RETAIL_BANKING,CLOSED,1,2026-02-19,2026-02-11 10:23:14,,LOW
2601,2601,2026-04-22 23:13:58,FX_HEDGING_SOLUTIONS,CLOSED,2,2026-05-06,2026-04-27 23:13:58,,LOW
2602,2602,2026-02-08 17:43:30,RETAIL_BANKING,CLOSED,5,2026-02-22,2026-02-09 17:43:30,,LOW
2603,2603,2026-05-18 20:08:05,CROSS_BORDER_REMITTANCE,CLOSED,2,2026-06-01,2026-05-19 20:08:05,,LOW
2604,2604,2026-03-11 08:22:20,CROSS_BORDER_REMITTANCE,CLOSED,2,2026-03-25,2026-03-12 08:22:20,,LOW
2605,2605,2026-01-04 22:14:54,CROSS_BORDER_REMITTANCE,CLOSED,4,2026-01-18,2026-01-06 22:14:54,,LOW
2606,2606,2025-11-17 21:28:11,COMMERCIAL_LENDING,IN_REVIEW,,2025-12-01,,,LOW
2607,2607,2025-10-02 00:12:45,BALLOT_INITIATIVE_ESCROW,CLOSED,2,2025-10-16,2025-10-04 00:12:45,Unverified or expired identity documents,LOW
2608,2608,2025-12-23 14:09:03,PAC_TREASURY_MANAGEMENT,CLOSED,1,2026-01-06,2025-12-29 14:09:03,Unverified or expired identity documents,LOW
2609,2609,2026-02-12 20:28:17,TERM_LIFE_INSURANCE,CLOSED,2,2026-02-26,2026-02-16 20:28:17,,LOW
2610,2610,2026-06-23 18:17:16,ESCROW_SERVICES,PENDING_DOCUMENTS,3,2026-07-07,,,LOW
2611,2611,2025-09-24 22:52:51,MORTGAGE_ORIGINATION,CLOSED,3,2025-10-08,2025-09-30 22:52:51,,LOW
2612,2612,2026-07-26 14:40:18,HIGH_YIELD_SAVINGS,CLOSED,3,2026-08-09,2026-07-28 14:40:18,,LOW
2613,2613,2026-04-01 07:46:01,BUY_NOW_PAY_LATER,CLOSED,1,2026-04-15,2026-04-06 07:46:01,,LOW
2614,2614,2025-12-01 23:42:01,PERSONAL_LOAN,CLOSED,3,2025-12-15,2025-12-06 23:42:01,,LOW
2615,2615,2025-11-08 08:27:59,CRYPTO_BROKERAGE,OPEN,,2025-11-22,,,MEDIUM
2616,2616,2025-11-02 07:27:58,PERSONAL_LOAN,CLOSED,3,2025-11-16,2025-11-06 07:27:58,,HIGH
2617,2617,2026-05-16 01:42:30,COMMERCIAL_LENDING,OPEN,5,2026-05-30,,,LOW
2618,2618,2026-02-19 01:10:09,ROBO_ADVISORY,CLOSED,4,2026-03-05,2026-02-23 01:10:09,Unverified or expired identity documents,LOW
2619,2619,2026-01-17 08:29:38,CREDIT_CARD_ISSUANCE,CLOSED,4,2026-01-31,2026-01-19 08:29:38,,LOW
2620,2620,2026-03-17 15:22:06,ESCROW_SERVICES,CLOSED,2,2026-03-31,2026-03-20 15:22:06,,LOW
2621,2621,2025-12-07 22:06:32,TERM_LIFE_INSURANCE,CLOSED,1,2025-12-21,2025-12-11 22:06:32,,MEDIUM
2622,2622,2026-05-30 14:24:34,RETAIL_BANKING,CLOSED,2,2026-06-13,2026-05-31 14:24:34,,LOW
2623,2623,2026-06-08 21:20:02,RETAIL_BANKING,CLOSED,3,2026-06-22,2026-06-10 21:20:02,,HIGH
2624,2624,2025-12-28 15:55:36,TRADE_FINANCE_CREDIT_INSURANCE,CLOSED,3,2026-01-11,2026-01-02 15:55:36,,LOW
2625,2625,2025-08-26 06:30:27,PAYROLL_SERVICES,OPEN,,2025-09-09,,,LOW
2626,2626,2025-09-28 13:34:37,HIGH_YIELD_SAVINGS,CLOSED,3,2025-10-12,2025-09-29 13:34:37,,LOW
2627,2627,2026-01-29 06:08:24,ESCROW_SERVICES,CLOSED,3,2026-02-12,2026-01-31 06:08:24,Unverified or expired identity documents,LOW
2628,2628,2026-01-17 12:53:55,CORPORATE_ACCOUNT,CLOSED,4,2026-01-31,2026-01-21 12:53:55,,LOW
2629,2629,2025-08-27 09:07:33,CRYPTO_BROKERAGE,CLOSED,3,2025-09-10,2025-09-02 09:07:33,,MEDIUM
2630,2630,2025-12-27 05:33:39,PERSONAL_LOAN,CLOSED,5,2026-01-10,2025-12-30 05:33:39,,MEDIUM
2631,2631,2026-06-29 15:03:42,PERSONAL_LOAN,OPEN,,2026-07-13,,,LOW
2632,2632,2026-07-11 07:02:51,CROSS_BORDER_REMITTANCE,CLOSED,2,2026-07-25,2026-07-14 07:02:51,,MEDIUM
2633,2633,2026-04-27 13:26:12,TAX_OPTIMIZED_INVESTING,CLOSED,4,2026-05-11,2026-04-30 13:26:12,,LOW
2634,2634,2026-02-04 03:10:23,ASSET_PROTECTION_TRUSTS,CLOSED,2,2026-02-18,2026-02-06 03:10:23,,LOW
2635,2635,2026-07-07 19:25:58,CRYPTO_BROKERAGE,CLOSED,2,2026-07-21,2026-07-11 19:25:58,,HIGH
2636,2636,2025-11-09 02:08:52,ESCROW_SERVICES,CLOSED,5,2025-11-23,2025-11-10 02:08:52,,LOW
2637,2637,2026-03-28 01:36:46,RETAIL_EQUITY_BROKERAGE,PENDING_DOCUMENTS,,2026-04-11,,,MEDIUM
2638,2638,2026-03-01 09:37:50,POLITICAL_DONATION_PROCESSING,CLOSED,3,2026-03-15,2026-03-07 09:37:50,Unverified or expired identity documents,LOW
2639,2639,2025-09-17 16:21:01,RETAIL_BANKING,CLOSED,2,2025-10-01,2025-09-23 16:21:01,,LOW
2640,2640,2026-08-05 22:17:10,RETAIL_EQUITY_BROKERAGE,OPEN,,2026-08-19,,,LOW
2641,2641,2025-09-19 02:45:30,PHILANTHROPY_ENDOWMENT_MANAGEMENT,IN_REVIEW,3,2025-10-03,,,MEDIUM
2642,2642,2025-09-11 02:24:30,SYNDICATED_LOANS,CLOSED,1,2025-09-25,2025-09-17 02:24:30,,LOW
2643,2643,2026-06-02 08:14:55,CROSS_BORDER_REMITTANCE,CLOSED,4,2026-06-16,2026-06-06 08:14:55,,LOW
2644,2644,2026-02-17 02:31:43,RETAIL_BANKING,CLOSED,2,2026-03-03,2026-02-20 02:31:43,,MEDIUM
2645,2645,2026-01-11 12:06:49,ROBO_ADVISORY,CLOSED,1,2026-01-25,2026-01-14 12:06:49,,LOW
2646,2646,2026-03-23 07:12:26,GOVERNMENT_RELATIONS_ESCROW,IN_REVIEW,2,2026-04-06,,,LOW
2647,2647,2026-03-22 20:59:59,TRADE_FINANCE_CREDIT_INSURANCE,CLOSED,3,2026-04-05,2026-03-23 20:59:59,,LOW
2648,2648,2026-08-08 05:55:36,CRYPTO_BROKERAGE,CLOSED,3,2026-08-22,2026-08-10 05:55:36,,LOW
2649,2649,2025-12-04 18:00:46,CORPORATE_ACCOUNT,PENDING_DOCUMENTS,1,2025-12-18,,,LOW
2650,2650,2026-01-04 00:52:41,RETAIL_BANKING,PENDING_DOCUMENTS,5,2026-01-18,,,LOW
2651,2651,2026-07-24 13:19:42,CREDIT_CARD_ISSUANCE,CLOSED,3,2026-08-07,2026-07-28 13:19:42,Unverified or expired identity documents,LOW
2652,2652,2026-03-26 21:50:25,CRYPTO_BROKERAGE,CLOSED,3,2026-04-09,2026-03-31 21:50:25,Unverified or expired identity documents,HIGH
2653,2653,2026-03-30 10:27:04,FIDUCIARY_CUSTODY_ACCOUNT,CLOSED,2,2026-04-13,2026-04-03 10:27:04,,HIGH
2654,2654,2025-11-26 20:27:30,CROSS_BORDER_REMITTANCE,CLOSED,5,2025-12-10,2025-11-28 20:27:30,,MEDIUM
2655,2655,2026-01-28 18:20:18,PERSONAL_LOAN,IN_REVIEW,,2026-02-11,,,LOW
2656,2656,2026-03-29 11:22:01,ROBO_ADVISORY,CLOSED,3,2026-04-12,2026-03-30 11:22:01,,LOW
2657,2657,2026-05-20 11:40:21,CREDIT_CARD_ISSUANCE,CLOSED,4,2026-06-03,2026-05-26 11:40:21,,LOW
2658,2658,2025-11-20 11:00:25,BALLOT_INITIATIVE_ESCROW,CLOSED,2,2025-12-04,2025-11-21 11:00:25,,LOW
2659,2659,2026-05-25 05:15:51,CROSS_BORDER_REMITTANCE,CLOSED,1,2026-06-08,2026-05-31 05:15:51,,HIGH
2660,2660,2025-12-10 15:34:40,CREDIT_CARD_ISSUANCE,CLOSED,2,2025-12-24,2025-12-12 15:34:40,,LOW
2661,2661,2026-03-04 02:12:25,TERM_LIFE_INSURANCE,CLOSED,4,2026-03-18,2026-03-10 02:12:25,,LOW
2662,2662,2026-03-19 05:10:45,RETAIL_BANKING,IN_REVIEW,4,2026-04-02,,,MEDIUM
2663,2663,2026-02-14 06:21:07,TREASURY_MANAGEMENT,CLOSED,4,2026-02-28,2026-02-19 06:21:07,,LOW
2664,2664,2026-01-25 11:34:54,SYNDICATED_LOANS,CLOSED,1,2026-02-08,2026-01-27 11:34:54,,MEDIUM
2665,2665,2025-12-23 13:39:48,TREASURY_MANAGEMENT,CLOSED,3,2026-01-06,2025-12-29 13:39:48,,MEDIUM
2666,2666,2026-05-02 06:09:25,CREDIT_CARD_ISSUANCE,CLOSED,4,2026-05-16,2026-05-04 06:09:25,,LOW
2667,2667,2026-01-16 10:53:13,TRUSTEE_ADMINISTRATION,CLOSED,5,2026-01-30,2026-01-19 10:53:13,,LOW
2668,2668,2026-07-28 05:22:16,SYNDICATED_LOANS,CLOSED,4,2026-08-11,2026-07-30 05:22:16,,LOW
2669,2669,2026-04-26 07:47:27,TRADE_FINANCE_CREDIT_INSURANCE,CLOSED,2,2026-05-10,2026-04-29 07:47:27,,LOW
2670,2670,2026-03-03 22:17:03,CORPORATE_ACCOUNT,CLOSED,3,2026-03-17,2026-03-07 22:17:03,,LOW
2671,2671,2026-03-24 03:21:18,MORTGAGE_ORIGINATION,PENDING_DOCUMENTS,,2026-04-07,,,LOW
2672,2672,2026-07-25 02:43:52,SYNDICATED_LOANS,CLOSED,1,2026-08-08,2026-07-31 02:43:52,,HIGH
2673,2673,2026-07-16 18:46:24,FX_HEDGING_SOLUTIONS,CLOSED,3,2026-07-30,2026-07-22 18:46:24,,MEDIUM
2674,2674,2025-11-27 12:58:39,CORPORATE_ACCOUNT,CLOSED,3,2025-12-11,2025-12-01 12:58:39,,LOW
2675,2675,2026-05-22 10:59:19,BENEFICIARY_DISBURSEMENT_SERVICES,CLOSED,5,2026-06-05,2026-05-25 10:59:19,,LOW
2676,2676,2026-02-08 03:20:38,PERSONAL_LOAN,CLOSED,2,2026-02-22,2026-02-10 03:20:38,Unverified or expired identity documents,LOW
2677,2677,2025-10-18 10:41:13,BUY_NOW_PAY_LATER,CLOSED,3,2025-11-01,2025-10-22 10:41:13,,LOW
2678,2678,2025-10-15 14:04:31,CRYPTO_BROKERAGE,PENDING_DOCUMENTS,5,2025-10-29,,,MEDIUM
2679,2679,2025-11-08 21:38:46,HIGH_YIELD_SAVINGS,IN_REVIEW,,2025-11-22,,,LOW
2680,2680,2025-08-27 18:39:00,RETAIL_BANKING,CLOSED,1,2025-09-10,2025-08-30 18:39:00,,MEDIUM
2681,2681,2025-11-17 20:32:31,PERSONAL_LOAN,CLOSED,1,2025-12-01,2025-11-18 20:32:31,,MEDIUM
2682,2682,2025-10-07 16:37:13,BESPOKE_PORTFOLIO_MANAGEMENT,OPEN,,2025-10-21,,,MEDIUM
2683,2683,2026-03-08 23:53:34,CREDIT_CARD_ISSUANCE,CLOSED,1,2026-03-22,2026-03-11 23:53:34,,LOW
2684,2684,2025-10-21 09:23:23,CREDIT_CARD_ISSUANCE,CLOSED,1,2025-11-04,2025-10-25 09:23:23,,LOW
2685,2685,2026-03-14 02:53:18,CROSS_BORDER_REMITTANCE,CLOSED,4,2026-03-28,2026-03-19 02:53:18,,LOW
2686,2686,2026-06-21 06:45:27,ROBO_ADVISORY,IN_REVIEW,5,2026-07-05,,,LOW
2687,2687,2026-07-12 13:52:16,BESPOKE_PORTFOLIO_MANAGEMENT,CLOSED,4,2026-07-26,2026-07-18 13:52:16,,LOW
2688,2688,2025-09-25 06:40:29,CREDIT_CARD_ISSUANCE,CLOSED,4,2025-10-09,2025-09-29 06:40:29,,LOW
2689,2689,2026-06-18 11:25:11,LIQUIDITY_MANAGEMENT,CLOSED,1,2026-07-02,2026-06-21 11:25:11,,LOW
2690,2690,2025-11-16 09:43:27,TERM_LIFE_INSURANCE,CLOSED,3,2025-11-30,2025-11-17 09:43:27,,MEDIUM
2691,2691,2026-08-07 19:00:27,PRIVATE_EQUITY_FEEDER,CLOSED,4,2026-08-21,2026-08-08 19:00:27,,MEDIUM
2692,2692,2026-01-07 08:10:20,CROSS_BORDER_REMITTANCE,CLOSED,2,2026-01-21,2026-01-13 08:10:20,,LOW
2693,2693,2026-05-17 02:33:29,ASSET_PROTECTION_TRUSTS,CLOSED,1,2026-05-31,2026-05-22 02:33:29,Adverse media and PEP screening threshold exceeded,MEDIUM
2694,2694,2026-02-17 02:45:38,PERSONAL_LOAN,CLOSED,3,2026-03-03,2026-02-23 02:45:38,Unverified or expired identity documents,MEDIUM
2695,2695,2025-11-16 04:24:21,CREDIT_CARD_ISSUANCE,CLOSED,3,2025-11-30,2025-11-20 04:24:21,Adverse media and PEP screening threshold exceeded,LOW
2696,2696,2026-06-11 14:07:51,CREDIT_CARD_ISSUANCE,CLOSED,3,2026-06-25,2026-06-14 14:07:51,,LOW
2697,2697,2025-11-09 13:50:43,HIGH_YIELD_SAVINGS,CLOSED,3,2025-11-23,2025-11-13 13:50:43,,LOW
2698,2698,2026-04-29 02:28:53,FX_HEDGING_SOLUTIONS,CLOSED,3,2026-05-13,2026-05-02 02:28:53,,MEDIUM
2699,2699,2025-10-11 17:36:07,PERSONAL_LOAN,OPEN,1,2025-10-25,,,LOW
2700,2700,2026-01-04 03:37:36,RETAIL_EQUITY_BROKERAGE,CLOSED,5,2026-01-18,2026-01-07 03:37:36,,LOW
2701,2701,2026-03-28 12:23:31,BUY_NOW_PAY_LATER,CLOSED,2,2026-04-11,2026-04-03 12:23:31,,LOW
2702,2702,2026-04-22 17:38:53,CORPORATE_ACCOUNT,CLOSED,5,2026-05-06,2026-04-27 17:38:53,Adverse media and PEP screening threshold exceeded,MEDIUM
2703,2703,2026-02-22 01:04:04,AUTO_FINANCING,IN_REVIEW,,2026-03-08,,,LOW
2704,2704,2026-03-11 05:15:16,SYNDICATED_LOANS,CLOSED,2,2026-03-25,2026-03-17 05:15:16,,LOW
2705,2705,2026-04-02 20:48:32,CROSS_BORDER_REMITTANCE,CLOSED,1,2026-04-16,2026-04-05 20:48:32,,MEDIUM
2706,2706,2025-11-28 19:15:27,PERSONAL_LOAN,CLOSED,2,2025-12-12,2025-12-03 19:15:27,,LOW
2707,2707,2025-09-15 13:35:36,FX_HEDGING_SOLUTIONS,CLOSED,2,2025-09-29,2025-09-21 13:35:36,,MEDIUM
2708,2708,2026-05-06 22:14:06,PAC_TREASURY_MANAGEMENT,CLOSED,1,2026-05-20,2026-05-11 22:14:06,Unverified or expired identity documents,LOW
2709,2709,2026-01-06 18:27:27,BESPOKE_PORTFOLIO_MANAGEMENT,CLOSED,3,2026-01-20,2026-01-08 18:27:27,Unverified or expired identity documents,LOW
2710,2710,2026-06-11 10:50:54,CORPORATE_ACCOUNT,CLOSED,1,2026-06-25,2026-06-13 10:50:54,,LOW
2711,2711,2026-05-27 05:00:51,TERM_LIFE_INSURANCE,CLOSED,2,2026-06-10,2026-05-29 05:00:51,Unverified or expired identity documents,HIGH
2712,2712,2025-10-23 14:19:23,BESPOKE_PORTFOLIO_MANAGEMENT,CLOSED,4,2025-11-06,2025-10-24 14:19:23,,LOW
2713,2713,2025-12-18 16:37:55,AUTO_FINANCING,OPEN,5,2026-01-01,,,HIGH
2714,2714,2026-01-18 23:47:32,RETAIL_BANKING,CLOSED,5,2026-02-01,2026-01-23 23:47:32,,LOW
2715,2715,2026-04-17 10:58:52,CAMPAIGN_CHECKING_ACCOUNT,CLOSED,3,2026-05-01,2026-04-20 10:58:52,,LOW
2716,2716,2026-04-23 01:55:49,BUY_NOW_PAY_LATER,CLOSED,5,2026-05-07,2026-04-24 01:55:49,,LOW
2717,2717,2025-09-06 15:10:37,BUY_NOW_PAY_LATER,CLOSED,4,2025-09-20,2025-09-07 15:10:37,,LOW
2718,2718,2026-04-13 15:15:38,RETAIL_EQUITY_BROKERAGE,PENDING_DOCUMENTS,3,2026-04-27,,,LOW
2719,2719,2025-11-30 23:09:38,CROSS_BORDER_REMITTANCE,CLOSED,4,2025-12-14,2025-12-04 23:09:38,,MEDIUM
2720,2720,2026-03-07 08:57:47,AUTO_FINANCING,CLOSED,1,2026-03-21,2026-03-10 08:57:47,,LOW
2721,2721,2026-06-10 21:07:14,HIGH_YIELD_SAVINGS,CLOSED,5,2026-06-24,2026-06-14 21:07:14,,LOW
2722,2722,2026-02-24 17:43:32,INSTITUTIONAL_CRYPTO_CUSTODY,CLOSED,5,2026-03-10,2026-03-02 17:43:32,,LOW
2723,2723,2025-10-15 01:41:18,DISBURSEMENT_PAYROLL_SERVICES,CLOSED,5,2025-10-29,2025-10-17 01:41:18,,MEDIUM
2724,2724,2026-06-09 13:35:41,CROSS_BORDER_REMITTANCE,CLOSED,5,2026-06-23,2026-06-15 13:35:41,,LOW
2725,2725,2026-04-04 19:15:20,CREDIT_CARD_ISSUANCE,CLOSED,5,2026-04-18,2026-04-08 19:15:20,,LOW
2726,2726,2025-10-06 12:01:30,PAYROLL_SERVICES,CLOSED,1,2025-10-20,2025-10-09 12:01:30,,MEDIUM
2727,2727,2025-10-24 02:47:47,ROBO_ADVISORY,CLOSED,1,2025-11-07,2025-10-26 02:47:47,Unverified or expired identity documents,HIGH
2728,2728,2026-08-21 10:03:42,CAMPAIGN_CHECKING_ACCOUNT,CLOSED,2,2026-09-04,2026-08-25 10:03:42,Unverified or expired identity documents,HIGH
2729,2729,2025-09-14 04:35:15,TERM_LIFE_INSURANCE,IN_REVIEW,,2025-09-28,,,LOW
2730,2730,2025-12-15 04:50:21,CRYPTO_BROKERAGE,CLOSED,2,2025-12-29,2025-12-21 04:50:21,,HIGH
2731,2731,2026-03-13 17:11:39,DIRECT_INDEXING,CLOSED,4,2026-03-27,2026-03-16 17:11:39,Unverified or expired identity documents,HIGH
2732,2732,2025-09-30 08:59:26,BUY_NOW_PAY_LATER,CLOSED,5,2025-10-14,2025-10-01 08:59:26,,MEDIUM
2733,2733,2026-07-26 00:01:27,BUY_NOW_PAY_LATER,CLOSED,5,2026-08-09,2026-08-01 00:01:27,,LOW
2734,2734,2026-05-02 04:30:56,BUY_NOW_PAY_LATER,CLOSED,3,2026-05-16,2026-05-06 04:30:56,,LOW
2735,2735,2025-12-13 06:30:56,HIGH_YIELD_SAVINGS,CLOSED,1,2025-12-27,2025-12-15 06:30:56,,LOW
2736,2736,2026-03-18 09:39:13,TERM_LIFE_INSURANCE,PENDING_DOCUMENTS,4,2026-04-01,,,LOW
2737,2737,2025-10-18 06:21:04,PAC_TREASURY_MANAGEMENT,CLOSED,3,2025-11-01,2025-10-22 06:21:04,,LOW
2738,2738,2026-06-20 16:16:39,RETAIL_BANKING,CLOSED,1,2026-07-04,2026-06-25 16:16:39,,LOW
2739,2739,2026-07-22 08:27:36,CREDIT_CARD_ISSUANCE,IN_REVIEW,,2026-08-05,,,MEDIUM
2740,2740,2026-01-13 15:16:55,AUTO_FINANCING,CLOSED,5,2026-01-27,2026-01-19 15:16:55,,LOW
2741,2741,2026-06-02 08:45:32,MORTGAGE_ORIGINATION,CLOSED,2,2026-06-16,2026-06-05 08:45:32,,HIGH
2742,2742,2026-06-26 09:37:25,MORTGAGE_ORIGINATION,CLOSED,4,2026-07-10,2026-06-30 09:37:25,,LOW
2743,2743,2026-03-25 17:45:57,FX_HEDGING_SOLUTIONS,IN_REVIEW,5,2026-04-08,,,MEDIUM
2744,2744,2026-04-13 03:59:43,HIGH_YIELD_SAVINGS,PENDING_DOCUMENTS,,2026-04-27,,,MEDIUM
2745,2745,2026-07-04 09:43:42,ASSET_PROTECTION_TRUSTS,IN_REVIEW,,2026-07-18,,,LOW
2746,2746,2026-05-13 14:48:58,BUY_NOW_PAY_LATER,CLOSED,1,2026-05-27,2026-05-16 14:48:58,,LOW
2747,2747,2025-11-27 10:09:51,CRYPTO_BROKERAGE,CLOSED,4,2025-12-11,2025-12-01 10:09:51,,LOW
2748,2748,2025-12-07 08:17:55,CRYPTO_BROKERAGE,CLOSED,2,2025-12-21,2025-12-09 08:17:55,,LOW
2749,2749,2026-07-16 11:59:50,RETAIL_BANKING,CLOSED,4,2026-07-30,2026-07-21 11:59:50,,HIGH
2750,2750,2026-07-25 06:24:53,RETAIL_BANKING,CLOSED,2,2026-08-08,2026-07-31 06:24:53,,LOW
2751,2751,2026-06-24 05:06:28,PERSONAL_LOAN,CLOSED,4,2026-07-08,2026-06-30 05:06:28,,HIGH
2752,2752,2026-03-12 10:10:05,MERCHANT_ACQUIRING,CLOSED,3,2026-03-26,2026-03-15 10:10:05,,LOW
2753,2753,2026-01-04 14:16:25,HIGH_YIELD_SAVINGS,CLOSED,4,2026-01-18,2026-01-07 14:16:25,,LOW
2754,2754,2026-06-17 19:45:17,AUTO_FINANCING,CLOSED,3,2026-07-01,2026-06-23 19:45:17,,LOW
2755,2755,2026-07-24 20:30:30,MORTGAGE_ORIGINATION,CLOSED,3,2026-08-07,2026-07-27 20:30:30,,LOW
2756,2756,2026-04-18 03:02:55,SHORT_TERM_LIQUIDITY_MANAGEMENT,CLOSED,2,2026-05-02,2026-04-21 03:02:55,Unverified or expired identity documents,MEDIUM
2757,2757,2026-08-11 07:52:21,CREDIT_CARD_ISSUANCE,CLOSED,2,2026-08-25,2026-08-16 07:52:21,,LOW
2758,2758,2025-10-08 07:09:19,RETAIL_EQUITY_BROKERAGE,IN_REVIEW,5,2025-10-22,,,LOW
2759,2759,2026-03-31 09:22:31,RETAIL_EQUITY_BROKERAGE,CLOSED,4,2026-04-14,2026-04-05 09:22:31,,LOW
2760,2760,2026-07-20 13:03:17,SYNDICATED_LOANS,CLOSED,3,2026-08-03,2026-07-26 13:03:17,,LOW
2761,2761,2025-10-06 08:14:19,FX_HEDGING_SOLUTIONS,CLOSED,3,2025-10-20,2025-10-08 08:14:19,,LOW
2762,2762,2026-04-06 07:13:40,AUTO_FINANCING,CLOSED,4,2026-04-20,2026-04-12 07:13:40,,LOW
2763,2763,2026-06-06 15:08:47,TRADE_FINANCE_CREDIT_INSURANCE,CLOSED,3,2026-06-20,2026-06-08 15:08:47,,LOW
2764,2764,2026-01-28 05:58:23,CORPORATE_CREDIT_CARD,CLOSED,1,2026-02-11,2026-02-01 05:58:23,Unverified or expired identity documents,HIGH
2765,2765,2026-08-12 20:38:37,ROBO_ADVISORY,CLOSED,3,2026-08-26,2026-08-16 20:38:37,,MEDIUM
2766,2766,2026-05-31 04:08:18,MORTGAGE_ORIGINATION,OPEN,,2026-06-14,,,LOW
2767,2767,2026-03-15 12:17:41,HIGH_YIELD_SAVINGS,CLOSED,4,2026-03-29,2026-03-18 12:17:41,,LOW
2768,2768,2026-03-02 09:54:15,HIGH_YIELD_SAVINGS,CLOSED,1,2026-03-16,2026-03-03 09:54:15,,LOW
2769,2769,2026-05-18 23:53:40,CROSS_BORDER_REMITTANCE,CLOSED,2,2026-06-01,2026-05-19 23:53:40,,MEDIUM
2770,2770,2025-10-19 23:01:47,RETAIL_BANKING,CLOSED,5,2025-11-02,2025-10-20 23:01:47,,LOW
2771,2771,2026-04-22 19:59:57,MORTGAGE_ORIGINATION,CLOSED,3,2026-05-06,2026-04-26 19:59:57,,LOW
2772,2772,2026-03-04 10:34:07,MORTGAGE_ORIGINATION,CLOSED,5,2026-03-18,2026-03-07 10:34:07,Unverified or expired identity documents,MEDIUM
2773,2773,2026-04-24 13:59:05,BENEFICIARY_DISBURSEMENT_SERVICES,CLOSED,5,2026-05-08,2026-04-27 13:59:05,,LOW
2774,2774,2026-02-24 20:53:32,CREDIT_CARD_ISSUANCE,IN_REVIEW,,2026-03-10,,,LOW
2775,2775,2025-12-25 05:25:27,HIGH_YIELD_SAVINGS,CLOSED,4,2026-01-08,2025-12-26 05:25:27,,LOW
2776,2776,2026-01-08 06:33:59,CREDIT_CARD_ISSUANCE,CLOSED,4,2026-01-22,2026-01-13 06:33:59,,MEDIUM
2777,2777,2025-11-12 23:45:18,TERM_LIFE_INSURANCE,CLOSED,1,2025-11-26,2025-11-14 23:45:18,,LOW
2778,2778,2026-05-29 02:49:52,MERCHANT_ACQUIRING,CLOSED,5,2026-06-12,2026-06-02 02:49:52,,LOW
2779,2779,2026-02-22 04:58:26,LIQUIDITY_MANAGEMENT,CLOSED,1,2026-03-08,2026-02-26 04:58:26,,LOW
2780,2780,2026-03-09 10:11:28,BUY_NOW_PAY_LATER,OPEN,5,2026-03-23,,,HIGH
2781,2781,2026-04-14 05:22:42,SYNDICATED_LOANS,CLOSED,5,2026-04-28,2026-04-17 05:22:42,Unverified or expired identity documents,MEDIUM
2782,2782,2026-06-04 10:26:10,PERSONAL_LOAN,OPEN,,2026-06-18,,,LOW
2783,2783,2025-11-25 22:42:12,MORTGAGE_ORIGINATION,CLOSED,4,2025-12-09,2025-11-30 22:42:12,,LOW
2784,2784,2025-11-18 05:55:49,LIQUIDITY_MANAGEMENT,CLOSED,1,2025-12-02,2025-11-23 05:55:49,,LOW
2785,2785,2026-04-30 07:42:25,PERSONAL_LOAN,CLOSED,2,2026-05-14,2026-05-02 07:42:25,Unverified or expired identity documents,LOW
2786,2786,2025-09-23 05:50:59,BUY_NOW_PAY_LATER,CLOSED,3,2025-10-07,2025-09-25 05:50:59,Unverified or expired identity documents,HIGH
2787,2787,2026-02-27 01:47:04,CROSS_BORDER_REMITTANCE,CLOSED,1,2026-03-13,2026-03-03 01:47:04,,LOW
2788,2788,2025-12-13 15:06:51,LETTER_OF_CREDIT,PENDING_DOCUMENTS,3,2025-12-27,,,MEDIUM
2789,2789,2026-04-14 03:21:45,TRUSTEE_ADMINISTRATION,CLOSED,1,2026-04-28,2026-04-18 03:21:45,,MEDIUM
2790,2790,2026-01-31 17:22:57,CREDIT_CARD_ISSUANCE,CLOSED,3,2026-02-14,2026-02-04 17:22:57,Unverified or expired identity documents,MEDIUM
2791,2791,2026-03-24 23:32:31,PERSONAL_LOAN,CLOSED,1,2026-04-07,2026-03-28 23:32:31,,LOW
2792,2792,2026-02-07 22:49:30,CROSS_BORDER_REMITTANCE,CLOSED,1,2026-02-21,2026-02-12 22:49:30,,MEDIUM
2793,2793,2025-12-31 06:11:58,ROBO_ADVISORY,CLOSED,5,2026-01-14,2026-01-03 06:11:58,,LOW
2794,2794,2025-12-03 22:13:26,MORTGAGE_ORIGINATION,CLOSED,3,2025-12-17,2025-12-05 22:13:26,,LOW
2795,2795,2026-08-13 12:58:33,CRYPTO_BROKERAGE,CLOSED,2,2026-08-27,2026-08-14 12:58:33,,MEDIUM
2796,2796,2025-10-06 12:20:36,RETAIL_EQUITY_BROKERAGE,OPEN,3,2025-10-20,,,LOW
2797,2797,2025-09-24 17:54:58,CAMPAIGN_CHECKING_ACCOUNT,CLOSED,2,2025-10-08,2025-09-26 17:54:58,,LOW
2798,2798,2026-05-04 13:59:45,AUTO_FINANCING,CLOSED,1,2026-05-18,2026-05-05 13:59:45,,LOW
2799,2799,2025-12-05 07:14:08,CROSS_BORDER_REMITTANCE,CLOSED,5,2025-12-19,2025-12-08 07:14:08,,HIGH
2800,2800,2026-08-22 06:54:23,PERSONAL_LOAN,CLOSED,2,2026-09-05,2026-08-23 06:54:23,,LOW
2801,2801,2026-03-11 18:28:26,RETAIL_BANKING,CLOSED,5,2026-03-25,2026-03-16 18:28:26,,MEDIUM
2802,2802,2025-10-14 02:03:55,COMMERCIAL_LENDING,CLOSED,1,2025-10-28,2025-10-18 02:03:55,,LOW
2803,2803,2026-06-16 13:32:02,ROBO_ADVISORY,CLOSED,5,2026-06-30,2026-06-19 13:32:02,,LOW
2804,2804,2025-10-30 13:20:08,TERM_LIFE_INSURANCE,CLOSED,2,2025-11-13,2025-11-01 13:20:08,,HIGH
2805,2805,2025-09-28 18:45:32,AUTO_FINANCING,CLOSED,2,2025-10-12,2025-09-29 18:45:32,,HIGH
2806,2806,2025-09-22 10:41:44,RETAIL_EQUITY_BROKERAGE,OPEN,5,2025-10-06,,,HIGH
2807,2807,2026-06-04 05:24:29,CORPORATE_CREDIT_CARD,CLOSED,4,2026-06-18,2026-06-06 05:24:29,,LOW
2808,2808,2026-04-08 20:57:03,HIGH_YIELD_SAVINGS,OPEN,,2026-04-22,,,LOW
2809,2809,2025-10-29 17:48:22,PERSONAL_LOAN,CLOSED,3,2025-11-12,2025-10-30 17:48:22,,LOW
2810,2810,2026-03-24 11:01:30,INSTITUTIONAL_CRYPTO_CUSTODY,CLOSED,2,2026-04-07,2026-03-28 11:01:30,,LOW
2811,2811,2026-01-07 21:24:25,MORTGAGE_ORIGINATION,CLOSED,3,2026-01-21,2026-01-11 21:24:25,,MEDIUM
2812,2812,2026-02-28 06:44:41,MERCHANT_ACQUIRING,IN_REVIEW,,2026-03-14,,,MEDIUM
2813,2813,2026-07-15 12:52:30,HIGH_VOLUME_MERCHANT_GATEWAY,CLOSED,4,2026-07-29,2026-07-17 12:52:30,Adverse media and PEP screening threshold exceeded,LOW
2814,2814,2026-05-05 04:51:56,RETAIL_BANKING,CLOSED,3,2026-05-19,2026-05-08 04:51:56,Unverified or expired identity documents,LOW
2815,2815,2025-10-01 05:08:17,CRYPTO_BROKERAGE,PENDING_DOCUMENTS,1,2025-10-15,,,LOW
2816,2816,2026-07-24 10:01:11,CORPORATE_CREDIT_CARD,IN_REVIEW,3,2026-08-07,,,MEDIUM
2817,2817,2026-01-19 06:01:48,HIGH_YIELD_SAVINGS,CLOSED,1,2026-02-02,2026-01-23 06:01:48,,LOW
2818,2818,2025-11-10 07:00:02,ESTATE_PLANNING_SERVICES,CLOSED,3,2025-11-24,2025-11-15 07:00:02,,LOW
2819,2819,2026-07-31 04:16:36,RETAIL_EQUITY_BROKERAGE,CLOSED,1,2026-08-14,2026-08-01 04:16:36,,LOW
2820,2820,2026-05-21 22:22:32,BUY_NOW_PAY_LATER,CLOSED,1,2026-06-04,2026-05-25 22:22:32,,LOW
2821,2821,2025-10-21 13:49:23,BALLOT_INITIATIVE_ESCROW,CLOSED,5,2025-11-04,2025-10-24 13:49:23,,MEDIUM
2822,2822,2026-01-30 07:37:15,MERCHANT_ACQUIRING,CLOSED,5,2026-02-13,2026-01-31 07:37:15,,MEDIUM
2823,2823,2025-12-31 10:46:42,SHORT_TERM_LIQUIDITY_MANAGEMENT,IN_REVIEW,,2026-01-14,,,LOW
2824,2824,2026-01-11 08:49:08,PERSONAL_LOAN,CLOSED,2,2026-01-25,2026-01-15 08:49:08,Unverified or expired identity documents,HIGH
2825,2825,2025-11-27 13:34:02,TREASURY_MANAGEMENT,CLOSED,2,2025-12-11,2025-11-29 13:34:02,,LOW
2826,2826,2025-10-05 21:51:13,CORPORATE_ACCOUNT,CLOSED,4,2025-10-19,2025-10-07 21:51:13,,HIGH
2827,2827,2026-01-18 03:50:50,CRYPTO_BROKERAGE,CLOSED,2,2026-02-01,2026-01-22 03:50:50,Unverified or expired identity documents,MEDIUM
2828,2828,2026-05-14 04:24:42,RETAIL_EQUITY_BROKERAGE,IN_REVIEW,,2026-05-28,,,LOW
2829,2829,2025-12-08 13:44:27,SYNDICATED_LOANS,IN_REVIEW,3,2025-12-22,,,MEDIUM
2830,2830,2025-10-26 22:41:28,AUTO_FINANCING,CLOSED,2,2025-11-09,2025-10-27 22:41:28,High-risk sanctions/FATF jurisdiction,HIGH
2831,2831,2026-07-30 03:03:12,CREDIT_CARD_ISSUANCE,OPEN,4,2026-08-13,,,HIGH
2832,2832,2026-07-05 13:05:12,ROBO_ADVISORY,OPEN,,2026-07-19,,,MEDIUM
2833,2833,2026-05-24 09:32:24,TERM_LIFE_INSURANCE,OPEN,,2026-06-07,,,LOW
2834,2834,2026-04-23 06:46:11,TERM_LIFE_INSURANCE,CLOSED,5,2026-05-07,2026-04-25 06:46:11,,MEDIUM
2835,2835,2026-08-03 17:59:12,MORTGAGE_ORIGINATION,CLOSED,5,2026-08-17,2026-08-05 17:59:12,,LOW
2836,2836,2025-10-23 15:04:31,AUTO_FINANCING,CLOSED,3,2025-11-06,2025-10-28 15:04:31,,LOW
2837,2837,2026-06-01 01:23:17,AUTO_FINANCING,CLOSED,5,2026-06-15,2026-06-04 01:23:17,,LOW
2838,2838,2026-06-03 03:15:57,SYNDICATED_LOANS,CLOSED,2,2026-06-17,2026-06-05 03:15:57,,LOW
2839,2839,2026-01-15 05:02:28,CROSS_BORDER_REMITTANCE,IN_REVIEW,4,2026-01-29,,,LOW
2840,2840,2026-04-23 11:48:41,MERCHANT_ACQUIRING,CLOSED,2,2026-05-07,2026-04-28 11:48:41,,LOW
2841,2841,2026-05-23 06:23:12,BUY_NOW_PAY_LATER,CLOSED,4,2026-06-06,2026-05-27 06:23:12,,LOW
2842,2842,2026-07-31 20:33:19,ASSET_PROTECTION_TRUSTS,IN_REVIEW,1,2026-08-14,,,LOW
2843,2843,2026-03-27 00:57:35,BENEFICIARY_DISBURSEMENT_SERVICES,CLOSED,4,2026-04-10,2026-04-01 00:57:35,,LOW
2844,2844,2025-09-13 03:00:21,CREDIT_CARD_ISSUANCE,CLOSED,2,2025-09-27,2025-09-18 03:00:21,,MEDIUM
2845,2845,2026-02-01 17:09:27,ESCROW_SERVICES,CLOSED,3,2026-02-15,2026-02-06 17:09:27,,LOW
2846,2846,2026-06-16 20:16:51,RETAIL_EQUITY_BROKERAGE,CLOSED,1,2026-06-30,2026-06-18 20:16:51,,LOW
2847,2847,2025-11-04 13:31:19,ROBO_ADVISORY,CLOSED,1,2025-11-18,2025-11-05 13:31:19,,LOW
2848,2848,2025-12-02 01:20:38,TERM_LIFE_INSURANCE,CLOSED,3,2025-12-16,2025-12-08 01:20:38,Unverified or expired identity documents,HIGH
2849,2849,2026-04-19 07:04:30,REGULATORY_REPORTING_INTEGRATION,IN_REVIEW,3,2026-05-03,,,LOW
2850,2850,2026-06-26 00:48:18,TREASURY_MANAGEMENT,CLOSED,1,2026-07-10,2026-07-01 00:48:18,,LOW
2851,2851,2025-10-15 07:31:25,BESPOKE_PORTFOLIO_MANAGEMENT,CLOSED,2,2025-10-29,2025-10-17 07:31:25,,MEDIUM
2852,2852,2025-11-18 13:34:24,HIGH_YIELD_SAVINGS,CLOSED,5,2025-12-02,2025-11-23 13:34:24,,HIGH
2853,2853,2025-12-09 02:15:12,PHILANTHROPY_ENDOWMENT_MANAGEMENT,CLOSED,1,2025-12-23,2025-12-13 02:15:12,,LOW
2854,2854,2025-12-02 05:00:11,MORTGAGE_ORIGINATION,CLOSED,4,2025-12-16,2025-12-07 05:00:11,Unverified or expired identity documents,LOW
2855,2855,2026-07-27 12:48:24,TERM_LIFE_INSURANCE,IN_REVIEW,,2026-08-10,,,LOW
2856,2856,2025-08-28 01:36:47,RETAIL_EQUITY_BROKERAGE,CLOSED,4,2025-09-11,2025-08-31 01:36:47,,LOW
2857,2857,2026-05-24 16:46:14,AUTO_FINANCING,CLOSED,4,2026-06-07,2026-05-26 16:46:14,,LOW
2858,2858,2026-05-27 06:57:43,ESTATE_PLANNING_SERVICES,CLOSED,2,2026-06-10,2026-05-31 06:57:43,,LOW
2859,2859,2025-12-10 08:49:39,HIGH_YIELD_SAVINGS,CLOSED,1,2025-12-24,2025-12-15 08:49:39,,LOW
2860,2860,2026-04-26 19:49:05,COMMERCIAL_LENDING,OPEN,2,2026-05-10,,,LOW
2861,2861,2026-01-02 23:23:46,DISBURSEMENT_PAYROLL_SERVICES,CLOSED,2,2026-01-16,2026-01-08 23:23:46,,LOW
2862,2862,2026-06-16 12:00:22,TERM_LIFE_INSURANCE,CLOSED,2,2026-06-30,2026-06-20 12:00:22,,LOW
2863,2863,2025-12-11 15:52:14,HIGH_YIELD_SAVINGS,CLOSED,2,2025-12-25,2025-12-14 15:52:14,,LOW
2864,2864,2026-04-27 17:31:04,ESCROW_SERVICES,OPEN,,2026-05-11,,,MEDIUM
2865,2865,2025-09-13 13:36:30,BUY_NOW_PAY_LATER,CLOSED,4,2025-09-27,2025-09-19 13:36:30,,LOW
2866,2866,2026-06-14 23:57:51,LIQUIDITY_MANAGEMENT,CLOSED,3,2026-06-28,2026-06-20 23:57:51,Unverified or expired identity documents,LOW
2867,2867,2026-03-20 19:56:43,WEALTH_MANAGEMENT,OPEN,2,2026-04-03,,,MEDIUM
2868,2868,2026-05-17 01:21:44,ROBO_ADVISORY,CLOSED,4,2026-05-31,2026-05-18 01:21:44,,LOW
2869,2869,2026-01-23 18:11:09,MORTGAGE_ORIGINATION,OPEN,,2026-02-06,,,MEDIUM
2870,2870,2026-01-18 22:41:58,CROSS_BORDER_REMITTANCE,CLOSED,3,2026-02-01,2026-01-20 22:41:58,,LOW
2871,2871,2026-06-27 18:37:08,PERSONAL_LOAN,CLOSED,3,2026-07-11,2026-07-03 18:37:08,,LOW
2872,2872,2025-09-08 18:21:00,RETAIL_EQUITY_BROKERAGE,CLOSED,1,2025-09-22,2025-09-12 18:21:00,,LOW
2873,2873,2025-10-20 23:47:06,RETAIL_EQUITY_BROKERAGE,CLOSED,5,2025-11-03,2025-10-23 23:47:06,,LOW
2874,2874,2026-02-14 23:45:45,RETAIL_BANKING,CLOSED,4,2026-02-28,2026-02-20 23:45:45,,MEDIUM
2875,2875,2026-05-30 10:46:23,RETAIL_BANKING,CLOSED,5,2026-06-13,2026-06-03 10:46:23,,MEDIUM
2876,2876,2026-08-20 23:51:19,PAC_TREASURY_MANAGEMENT,CLOSED,5,2026-09-03,2026-08-26 23:51:19,,LOW
2877,2877,2025-09-29 13:20:47,PHILANTHROPY_ENDOWMENT_MANAGEMENT,IN_REVIEW,,2025-10-13,,,MEDIUM
2878,2878,2026-05-19 08:16:11,RETAIL_BANKING,CLOSED,3,2026-06-02,2026-05-25 08:16:11,,LOW
2879,2879,2025-09-17 10:35:13,RETAIL_BANKING,CLOSED,4,2025-10-01,2025-09-20 10:35:13,,HIGH
2880,2880,2025-10-29 01:38:38,BUY_NOW_PAY_LATER,CLOSED,4,2025-11-12,2025-10-31 01:38:38,Unverified or expired identity documents,HIGH
2881,2881,2026-03-28 07:40:04,RETAIL_EQUITY_BROKERAGE,CLOSED,3,2026-04-11,2026-04-02 07:40:04,,LOW
2882,2882,2026-05-08 16:38:53,RETAIL_BANKING,CLOSED,5,2026-05-22,2026-05-14 16:38:53,,LOW
2883,2883,2026-07-04 23:10:05,MORTGAGE_ORIGINATION,IN_REVIEW,1,2026-07-18,,,LOW
2884,2884,2025-12-23 23:43:00,TERM_LIFE_INSURANCE,CLOSED,2,2026-01-06,2025-12-28 23:43:00,,LOW
2885,2885,2026-05-16 13:18:13,LETTER_OF_CREDIT,CLOSED,4,2026-05-30,2026-05-17 13:18:13,,LOW
2886,2886,2026-03-26 19:05:13,CREDIT_CARD_ISSUANCE,IN_REVIEW,1,2026-04-09,,,LOW
2887,2887,2026-04-17 06:39:57,AUTO_FINANCING,CLOSED,2,2026-05-01,2026-04-23 06:39:57,,MEDIUM
2888,2888,2026-03-16 09:14:36,MORTGAGE_ORIGINATION,PENDING_DOCUMENTS,4,2026-03-30,,,LOW
2889,2889,2025-09-04 00:59:14,AUTO_FINANCING,CLOSED,3,2025-09-18,2025-09-05 00:59:14,,LOW
2890,2890,2026-05-31 15:32:40,CORPORATE_CREDIT_CARD,IN_REVIEW,,2026-06-14,,,LOW
2891,2891,2025-11-26 16:08:26,TREASURY_MANAGEMENT,CLOSED,1,2025-12-10,2025-11-28 16:08:26,,LOW
2892,2892,2025-09-08 12:31:26,RETAIL_EQUITY_BROKERAGE,CLOSED,3,2025-09-22,2025-09-09 12:31:26,Unverified or expired identity documents,MEDIUM
2893,2893,2025-08-28 22:40:47,CRYPTO_BROKERAGE,CLOSED,4,2025-09-11,2025-09-03 22:40:47,,LOW
2894,2894,2025-12-24 08:35:48,COMMERCIAL_LENDING,CLOSED,1,2026-01-07,2025-12-27 08:35:48,,HIGH
2895,2895,2025-10-15 01:15:08,PAC_TREASURY_MANAGEMENT,CLOSED,1,2025-10-29,2025-10-20 01:15:08,,LOW
2896,2896,2025-10-21 00:36:52,TAX_OPTIMIZED_INVESTING,CLOSED,3,2025-11-04,2025-10-23 00:36:52,,LOW
2897,2897,2026-07-15 04:01:35,LETTER_OF_CREDIT,CLOSED,4,2026-07-29,2026-07-21 04:01:35,,LOW
2898,2898,2026-08-06 19:15:48,BUY_NOW_PAY_LATER,CLOSED,1,2026-08-20,2026-08-11 19:15:48,,HIGH
2899,2899,2025-10-02 21:19:46,CROSS_BORDER_REMITTANCE,CLOSED,5,2025-10-16,2025-10-08 21:19:46,,LOW
2900,2900,2026-02-26 05:16:51,BUY_NOW_PAY_LATER,CLOSED,5,2026-03-12,2026-03-02 05:16:51,,LOW
2901,2901,2026-02-01 16:05:38,CORPORATE_ACCOUNT,CLOSED,2,2026-02-15,2026-02-02 16:05:38,,LOW
2902,2902,2025-09-16 16:09:33,PAYROLL_SERVICES,IN_REVIEW,,2025-09-30,,,LOW
2903,2903,2026-07-07 16:48:46,LETTER_OF_CREDIT,CLOSED,1,2026-07-21,2026-07-13 16:48:46,,LOW
2904,2904,2025-12-06 01:33:37,HIGH_YIELD_SAVINGS,CLOSED,3,2025-12-20,2025-12-10 01:33:37,,HIGH
2905,2905,2025-12-22 03:36:43,FIDUCIARY_CUSTODY_ACCOUNT,CLOSED,5,2026-01-05,2025-12-27 03:36:43,Unverified or expired identity documents,HIGH
2906,2906,2026-02-27 15:32:58,RETAIL_BANKING,CLOSED,1,2026-03-13,2026-03-04 15:32:58,Unverified or expired identity documents,HIGH
2907,2907,2025-10-15 03:48:30,HIGH_YIELD_SAVINGS,CLOSED,3,2025-10-29,2025-10-16 03:48:30,,LOW
2908,2908,2026-03-01 08:18:50,CREDIT_CARD_ISSUANCE,CLOSED,3,2026-03-15,2026-03-05 08:18:50,,LOW
2909,2909,2026-05-29 16:28:45,LETTER_OF_CREDIT,CLOSED,1,2026-06-12,2026-06-03 16:28:45,,MEDIUM
2910,2910,2025-12-30 13:52:43,BUY_NOW_PAY_LATER,OPEN,,2026-01-13,,,HIGH
2911,2911,2025-12-05 20:51:37,PERSONAL_LOAN,OPEN,3,2025-12-19,,,LOW
2912,2912,2026-01-10 20:23:57,SHORT_TERM_LIQUIDITY_MANAGEMENT,CLOSED,1,2026-01-24,2026-01-12 20:23:57,,MEDIUM
2913,2913,2025-09-09 18:26:20,AUTO_FINANCING,CLOSED,1,2025-09-23,2025-09-10 18:26:20,,LOW
2914,2914,2025-08-30 04:28:14,SYNDICATED_LOANS,CLOSED,2,2025-09-13,2025-09-04 04:28:14,,LOW
2915,2915,2026-01-04 05:13:56,TRADE_FINANCE_CREDIT_INSURANCE,CLOSED,1,2026-01-18,2026-01-07 05:13:56,,LOW
2916,2916,2026-08-05 16:56:06,DIRECT_INDEXING,CLOSED,5,2026-08-19,2026-08-10 16:56:06,,LOW
2917,2917,2026-06-11 00:27:55,RETAIL_BANKING,CLOSED,1,2026-06-25,2026-06-15 00:27:55,,LOW
2918,2918,2026-03-08 01:13:51,RETAIL_BANKING,CLOSED,3,2026-03-22,2026-03-14 01:13:51,,MEDIUM
2919,2919,2026-03-06 10:50:22,TREASURY_MANAGEMENT,CLOSED,5,2026-03-20,2026-03-07 10:50:22,,LOW
2920,2920,2026-08-13 17:47:49,CORPORATE_CREDIT_CARD,CLOSED,3,2026-08-27,2026-08-17 17:47:49,,MEDIUM
2921,2921,2026-07-18 16:44:26,PAYROLL_SERVICES,IN_REVIEW,,2026-08-01,,,HIGH
2922,2922,2025-12-16 05:56:55,CREDIT_CARD_ISSUANCE,CLOSED,1,2025-12-30,2025-12-19 05:56:55,,LOW
2923,2923,2025-09-26 09:14:03,WEALTH_MANAGEMENT,CLOSED,1,2025-10-10,2025-10-02 09:14:03,,MEDIUM
2924,2924,2026-06-11 19:14:44,CREDIT_CARD_ISSUANCE,OPEN,,2026-06-25,,,LOW
2925,2925,2026-03-29 11:57:38,MORTGAGE_ORIGINATION,CLOSED,5,2026-04-12,2026-04-04 11:57:38,,LOW
2926,2926,2025-12-19 12:15:38,CRYPTO_BROKERAGE,CLOSED,4,2026-01-02,2025-12-21 12:15:38,,MEDIUM
2927,2927,2025-12-05 22:02:55,BUY_NOW_PAY_LATER,CLOSED,3,2025-12-19,2025-12-07 22:02:55,,MEDIUM
2928,2928,2025-09-02 13:23:02,CRYPTO_BROKERAGE,CLOSED,3,2025-09-16,2025-09-04 13:23:02,,LOW
2929,2929,2025-12-22 07:34:23,PAYROLL_SERVICES,CLOSED,3,2026-01-05,2025-12-28 07:34:23,,HIGH
2930,2930,2025-09-01 21:58:10,BALLOT_INITIATIVE_ESCROW,CLOSED,5,2025-09-15,2025-09-03 21:58:10,,LOW
2931,2931,2025-11-17 17:40:15,TERM_LIFE_INSURANCE,CLOSED,5,2025-12-01,2025-11-18 17:40:15,,LOW
2932,2932,2025-12-08 08:16:08,CROSS_BORDER_REMITTANCE,CLOSED,2,2025-12-22,2025-12-10 08:16:08,,LOW
2933,2933,2026-03-23 21:45:42,SYNDICATED_LOANS,CLOSED,4,2026-04-06,2026-03-25 21:45:42,,LOW
2934,2934,2025-11-10 19:14:00,HIGH_YIELD_SAVINGS,CLOSED,2,2025-11-24,2025-11-16 19:14:00,,LOW
2935,2935,2026-08-04 02:24:14,ROBO_ADVISORY,CLOSED,3,2026-08-18,2026-08-06 02:24:14,,LOW
2936,2936,2026-06-04 13:00:52,PERSONAL_LOAN,OPEN,,2026-06-18,,,LOW
2937,2937,2025-11-16 06:28:32,RETAIL_EQUITY_BROKERAGE,CLOSED,4,2025-11-30,2025-11-22 06:28:32,,LOW
2938,2938,2026-02-22 00:12:35,BUY_NOW_PAY_LATER,CLOSED,2,2026-03-08,2026-02-24 00:12:35,,LOW
2939,2939,2026-08-14 23:27:58,AUTO_FINANCING,CLOSED,4,2026-08-28,2026-08-18 23:27:58,,LOW
2940,2940,2025-11-09 22:58:26,POLITICAL_DONATION_PROCESSING,CLOSED,4,2025-11-23,2025-11-13 22:58:26,,LOW
2941,2941,2025-11-19 23:47:44,RETAIL_EQUITY_BROKERAGE,OPEN,,2025-12-03,,,HIGH
2942,2942,2025-11-15 11:13:30,BUY_NOW_PAY_LATER,CLOSED,3,2025-11-29,2025-11-17 11:13:30,Unverified or expired identity documents,HIGH
2943,2943,2026-08-11 09:52:25,PERSONAL_LOAN,CLOSED,5,2026-08-25,2026-08-15 09:52:25,,LOW
2944,2944,2025-11-28 12:43:31,DIRECT_INDEXING,CLOSED,4,2025-12-12,2025-11-30 12:43:31,,MEDIUM
2945,2945,2026-01-18 17:47:13,MERCHANT_ACQUIRING,CLOSED,3,2026-02-01,2026-01-20 17:47:13,,MEDIUM
2946,2946,2025-08-28 08:10:29,ROBO_ADVISORY,CLOSED,2,2025-09-11,2025-09-03 08:10:29,,LOW
2947,2947,2026-03-02 07:07:08,CORPORATE_CREDIT_CARD,IN_REVIEW,,2026-03-16,,,LOW
2948,2948,2026-01-21 19:38:43,CROSS_BORDER_REMITTANCE,CLOSED,5,2026-02-04,2026-01-24 19:38:43,,LOW
2949,2949,2025-09-25 16:22:03,LIQUIDITY_MANAGEMENT,CLOSED,5,2025-10-09,2025-09-28 16:22:03,,LOW
2950,2950,2026-08-01 14:27:05,AUTO_FINANCING,CLOSED,2,2026-08-15,2026-08-04 14:27:05,,HIGH
2951,2951,2026-04-20 09:23:38,RETAIL_BANKING,CLOSED,4,2026-05-04,2026-04-25 09:23:38,,LOW
2952,2952,2026-06-26 14:19:08,RETAIL_BANKING,CLOSED,5,2026-07-10,2026-06-29 14:19:08,,LOW
2953,2953,2026-07-19 06:59:11,TRADE_FINANCE_CREDIT_INSURANCE,CLOSED,1,2026-08-02,2026-07-25 06:59:11,Unverified or expired identity documents,MEDIUM
2954,2954,2026-02-11 07:32:15,INSTITUTIONAL_CRYPTO_CUSTODY,PENDING_DOCUMENTS,,2026-02-25,,,LOW
2955,2955,2026-01-11 02:01:02,FX_HEDGING_SOLUTIONS,CLOSED,5,2026-01-25,2026-01-13 02:01:02,,MEDIUM
2956,2956,2025-12-26 20:21:07,GOVERNMENT_RELATIONS_ESCROW,CLOSED,4,2026-01-09,2025-12-30 20:21:07,Unverified or expired identity documents,LOW
2957,2957,2026-03-12 09:39:12,LETTER_OF_CREDIT,CLOSED,1,2026-03-26,2026-03-15 09:39:12,,LOW
2958,2958,2026-06-11 07:54:07,LETTER_OF_CREDIT,OPEN,,2026-06-25,,,LOW
2959,2959,2026-05-05 00:00:27,ESCROW_SERVICES,CLOSED,5,2026-05-19,2026-05-07 00:00:27,,LOW
2960,2960,2025-11-20 03:40:06,BUY_NOW_PAY_LATER,OPEN,,2025-12-04,,,LOW
2961,2961,2025-11-10 09:23:00,MORTGAGE_ORIGINATION,CLOSED,2,2025-11-24,2025-11-16 09:23:00,,LOW
2962,2962,2026-04-11 02:57:52,RETAIL_BANKING,OPEN,3,2026-04-25,,,LOW
2963,2963,2026-08-22 18:31:54,CRYPTO_BROKERAGE,CLOSED,3,2026-09-05,2026-08-24 18:31:54,,LOW
2964,2964,2025-12-17 12:01:28,LIQUIDITY_MANAGEMENT,CLOSED,5,2025-12-31,2025-12-22 12:01:28,,MEDIUM
2965,2965,2025-11-25 03:32:09,TERM_LIFE_INSURANCE,CLOSED,5,2025-12-09,2025-11-27 03:32:09,,LOW
2966,2966,2026-04-28 17:41:03,PERSONAL_LOAN,CLOSED,2,2026-05-12,2026-05-02 17:41:03,,LOW
2967,2967,2025-10-23 09:51:11,SYNDICATED_LOANS,PENDING_DOCUMENTS,5,2025-11-06,,,LOW
2968,2968,2026-06-04 08:03:20,CROSS_BORDER_REMITTANCE,CLOSED,1,2026-06-18,2026-06-08 08:03:20,,LOW
2969,2969,2026-04-01 20:56:29,COMMERCIAL_LENDING,CLOSED,5,2026-04-15,2026-04-07 20:56:29,,LOW
2970,2970,2026-08-14 17:15:12,FX_HEDGING_SOLUTIONS,CLOSED,5,2026-08-28,2026-08-15 17:15:12,,MEDIUM
2971,2971,2026-06-13 05:37:13,RETAIL_BANKING,CLOSED,2,2026-06-27,2026-06-19 05:37:13,,LOW
2972,2972,2025-09-13 15:46:41,BALLOT_INITIATIVE_ESCROW,CLOSED,2,2025-09-27,2025-09-15 15:46:41,,LOW
2973,2973,2026-01-29 09:39:15,CAMPAIGN_CHECKING_ACCOUNT,CLOSED,5,2026-02-12,2026-01-31 09:39:15,,LOW
2974,2974,2026-07-11 20:15:04,FX_HEDGING_SOLUTIONS,CLOSED,2,2026-07-25,2026-07-14 20:15:04,,LOW
2975,2975,2026-08-02 07:08:30,ROBO_ADVISORY,CLOSED,1,2026-08-16,2026-08-04 07:08:30,,LOW
2976,2976,2025-10-21 13:06:00,CREDIT_CARD_ISSUANCE,CLOSED,1,2025-11-04,2025-10-26 13:06:00,,LOW
2977,2977,2026-03-06 22:45:59,INSTITUTIONAL_CRYPTO_CUSTODY,PENDING_DOCUMENTS,1,2026-03-20,,,LOW
2978,2978,2025-10-17 03:04:57,MORTGAGE_ORIGINATION,CLOSED,1,2025-10-31,2025-10-21 03:04:57,,LOW
2979,2979,2026-02-17 00:18:24,CRYPTO_BROKERAGE,CLOSED,4,2026-03-03,2026-02-19 00:18:24,,LOW
2980,2980,2026-04-17 21:24:54,BUY_NOW_PAY_LATER,OPEN,4,2026-05-01,,,LOW
2981,2981,2025-12-25 14:17:21,CROSS_BORDER_REMITTANCE,CLOSED,5,2026-01-08,2025-12-27 14:17:21,,LOW
2982,2982,2026-07-25 15:26:15,ROBO_ADVISORY,CLOSED,4,2026-08-08,2026-07-30 15:26:15,,LOW
2983,2983,2025-11-07 07:13:16,CROSS_BORDER_REMITTANCE,CLOSED,1,2025-11-21,2025-11-09 07:13:16,,LOW
2984,2984,2026-02-20 13:47:50,CRYPTO_BROKERAGE,CLOSED,4,2026-03-06,2026-02-26 13:47:50,,LOW
2985,2985,2025-09-30 02:11:35,CREDIT_CARD_ISSUANCE,CLOSED,5,2025-10-14,2025-10-02 02:11:35,,LOW
2986,2986,2026-02-20 06:09:55,RETAIL_EQUITY_BROKERAGE,CLOSED,2,2026-03-06,2026-02-25 06:09:55,,LOW
2987,2987,2026-07-02 00:15:43,PERSONAL_LOAN,CLOSED,3,2026-07-16,2026-07-05 00:15:43,,LOW
2988,2988,2025-10-07 08:23:48,MORTGAGE_ORIGINATION,CLOSED,4,2025-10-21,2025-10-11 08:23:48,,LOW
2989,2989,2025-12-09 01:35:23,CRYPTO_BROKERAGE,CLOSED,5,2025-12-23,2025-12-11 01:35:23,,LOW
2990,2990,2026-08-08 02:09:14,LIQUIDITY_MANAGEMENT,CLOSED,5,2026-08-22,2026-08-09 02:09:14,,MEDIUM
2991,2991,2025-12-11 00:12:21,CORPORATE_ACCOUNT,CLOSED,3,2025-12-25,2025-12-14 00:12:21,,LOW
2992,2992,2026-07-05 13:55:01,PERSONAL_LOAN,CLOSED,1,2026-07-19,2026-07-06 13:55:01,,LOW
2993,2993,2025-12-31 21:57:46,DIRECT_INDEXING,CLOSED,1,2026-01-14,2026-01-01 21:57:46,,LOW
2994,2994,2026-08-13 10:50:10,TERM_LIFE_INSURANCE,OPEN,5,2026-08-27,,,LOW
2995,2995,2025-09-24 08:41:33,RETAIL_EQUITY_BROKERAGE,PENDING_DOCUMENTS,1,2025-10-08,,,MEDIUM
2996,2996,2026-03-15 23:18:34,CRYPTO_BROKERAGE,CLOSED,5,2026-03-29,2026-03-21 23:18:34,,LOW
2997,2997,2025-09-16 08:18:14,RETAIL_EQUITY_BROKERAGE,IN_REVIEW,,2025-09-30,,,LOW
2998,2998,2026-01-03 01:58:18,WEALTH_MANAGEMENT,CLOSED,5,2026-01-17,2026-01-08 01:58:18,,MEDIUM
2999,2999,2026-08-01 12:17:45,CORPORATE_CREDIT_CARD,OPEN,1,2026-08-15,,,MEDIUM
3000,3000,2026-04-20 05:44:32,CRYPTO_BROKERAGE,CLOSED,1,2026-05-04,2026-04-21 05:44:32,,LOW
3001,3001,2026-02-20 06:47:24,PERSONAL_LOAN,CLOSED,2,2026-03-06,2026-02-24 06:47:24,,MEDIUM
3002,3002,2026-05-18 10:11:39,BUY_NOW_PAY_LATER,CLOSED,5,2026-06-01,2026-05-20 10:11:39,,LOW
3003,3003,2026-01-01 08:28:04,ESCROW_SERVICES,OPEN,2,2026-01-15,,,LOW
3004,3004,2026-01-02 02:47:05,SYNDICATED_LOANS,CLOSED,3,2026-01-16,2026-01-07 02:47:05,,LOW
3005,3005,2026-05-20 04:36:35,CREDIT_CARD_ISSUANCE,CLOSED,3,2026-06-03,2026-05-23 04:36:35,,LOW
3006,3006,2026-05-24 20:43:57,CROSS_BORDER_REMITTANCE,OPEN,5,2026-06-07,,,LOW
3007,3007,2026-01-12 12:30:39,CRYPTO_BROKERAGE,CLOSED,2,2026-01-26,2026-01-16 12:30:39,,MEDIUM
3008,3008,2026-03-07 06:43:30,TERM_LIFE_INSURANCE,CLOSED,1,2026-03-21,2026-03-12 06:43:30,,LOW
3009,3009,2026-05-10 10:58:30,TRADE_FINANCE_CREDIT_INSURANCE,CLOSED,1,2026-05-24,2026-05-11 10:58:30,,LOW
3010,3010,2025-12-01 15:16:48,RETAIL_EQUITY_BROKERAGE,CLOSED,5,2025-12-15,2025-12-02 15:16:48,Unverified or expired identity documents,HIGH
3011,3011,2025-11-30 07:13:46,ROBO_ADVISORY,CLOSED,2,2025-12-14,2025-12-05 07:13:46,Unverified or expired identity documents,MEDIUM
3012,3012,2026-08-03 02:17:27,LIQUIDITY_MANAGEMENT,CLOSED,2,2026-08-17,2026-08-07 02:17:27,,MEDIUM
3013,3013,2026-03-06 05:40:21,MORTGAGE_ORIGINATION,CLOSED,4,2026-03-20,2026-03-09 05:40:21,,LOW
3014,3014,2026-02-07 11:59:03,CROSS_BORDER_REMITTANCE,OPEN,,2026-02-21,,,LOW
3015,3015,2025-12-06 04:05:50,CORPORATE_ACCOUNT,CLOSED,3,2025-12-20,2025-12-08 04:05:50,,LOW
3016,3016,2025-11-03 03:05:32,LIQUIDITY_MANAGEMENT,CLOSED,2,2025-11-17,2025-11-06 03:05:32,,MEDIUM
3017,3017,2026-07-05 23:08:17,AUTO_FINANCING,CLOSED,1,2026-07-19,2026-07-08 23:08:17,,HIGH
3018,3018,2026-04-19 22:08:11,TERM_LIFE_INSURANCE,IN_REVIEW,3,2026-05-03,,,LOW
3019,3019,2026-04-19 00:16:16,INSTITUTIONAL_CRYPTO_CUSTODY,CLOSED,2,2026-05-03,2026-04-23 00:16:16,,MEDIUM
3020,3020,2026-03-27 13:59:14,ASSET_PROTECTION_TRUSTS,IN_REVIEW,,2026-04-10,,,HIGH
3021,3021,2026-01-17 16:52:46,ROBO_ADVISORY,OPEN,,2026-01-31,,,HIGH
3022,3022,2026-04-05 13:36:36,HIGH_YIELD_SAVINGS,CLOSED,2,2026-04-19,2026-04-11 13:36:36,,MEDIUM
3023,3023,2026-08-08 09:23:58,COMMERCIAL_LENDING,CLOSED,5,2026-08-22,2026-08-13 09:23:58,,LOW
3024,3024,2026-03-15 02:16:29,CROSS_BORDER_REMITTANCE,CLOSED,4,2026-03-29,2026-03-20 02:16:29,,MEDIUM
3025,3025,2026-01-24 03:46:25,TERM_LIFE_INSURANCE,CLOSED,3,2026-02-07,2026-01-30 03:46:25,High-risk sanctions/FATF jurisdiction,HIGH
3026,3026,2026-06-14 00:29:02,PERSONAL_LOAN,CLOSED,2,2026-06-28,2026-06-16 00:29:02,,LOW
3027,3027,2026-06-09 19:11:43,CROSS_BORDER_REMITTANCE,IN_REVIEW,,2026-06-23,,,LOW
3028,3028,2026-03-26 09:56:33,CROSS_BORDER_REMITTANCE,CLOSED,1,2026-04-09,2026-03-27 09:56:33,,MEDIUM
3029,3029,2026-04-27 21:33:52,FIDUCIARY_CUSTODY_ACCOUNT,CLOSED,4,2026-05-11,2026-05-03 21:33:52,Unverified or expired identity documents,HIGH
3030,3030,2025-12-27 08:22:47,PHILANTHROPY_ENDOWMENT_MANAGEMENT,CLOSED,2,2026-01-10,2025-12-29 08:22:47,,LOW
3031,3031,2025-09-15 18:35:11,SYNDICATED_LOANS,CLOSED,2,2025-09-29,2025-09-19 18:35:11,Unverified or expired identity documents,HIGH
3032,3032,2025-09-26 10:01:09,CORPORATE_ACCOUNT,CLOSED,3,2025-10-10,2025-09-28 10:01:09,Unverified or expired identity documents,HIGH
3033,3033,2026-08-07 00:33:06,RETAIL_EQUITY_BROKERAGE,CLOSED,1,2026-08-21,2026-08-12 00:33:06,,LOW
3034,3034,2026-04-03 04:52:09,CORPORATE_CREDIT_CARD,CLOSED,1,2026-04-17,2026-04-07 04:52:09,,LOW
3035,3035,2026-07-29 07:40:28,MORTGAGE_ORIGINATION,CLOSED,1,2026-08-12,2026-07-31 07:40:28,,MEDIUM
3036,3036,2025-11-15 19:48:04,ASSET_PROTECTION_TRUSTS,IN_REVIEW,1,2025-11-29,,,MEDIUM
3037,3037,2026-03-03 08:52:46,TERM_LIFE_INSURANCE,CLOSED,3,2026-03-17,2026-03-07 08:52:46,,LOW
3038,3038,2026-04-26 12:58:24,CROSS_BORDER_REMITTANCE,CLOSED,5,2026-05-10,2026-04-27 12:58:24,,LOW
3039,3039,2026-02-26 13:13:12,CRYPTO_BROKERAGE,CLOSED,4,2026-03-12,2026-03-01 13:13:12,,LOW
3040,3040,2025-11-29 00:05:03,PAYROLL_SERVICES,CLOSED,1,2025-12-13,2025-12-02 00:05:03,,LOW
3041,3041,2026-01-22 05:18:21,TREASURY_MANAGEMENT,CLOSED,5,2026-02-05,2026-01-25 05:18:21,,LOW
3042,3042,2026-04-17 19:16:16,DISBURSEMENT_PAYROLL_SERVICES,CLOSED,4,2026-05-01,2026-04-22 19:16:16,Adverse media and PEP screening threshold exceeded,MEDIUM
3043,3043,2026-03-20 09:51:59,POLITICAL_DONATION_PROCESSING,CLOSED,2,2026-04-03,2026-03-22 09:51:59,Unverified or expired identity documents,MEDIUM
3044,3044,2026-01-06 15:44:21,ROBO_ADVISORY,IN_REVIEW,2,2026-01-20,,,LOW
3045,3045,2026-05-18 06:46:25,CROSS_BORDER_REMITTANCE,CLOSED,1,2026-06-01,2026-05-24 06:46:25,Unverified or expired identity documents,HIGH
3046,3046,2025-12-13 03:49:38,ESCROW_SERVICES,OPEN,5,2025-12-27,,,LOW
3047,3047,2025-11-20 23:20:20,BUY_NOW_PAY_LATER,CLOSED,4,2025-12-04,2025-11-24 23:20:20,Unverified or expired identity documents,LOW
3048,3048,2026-05-06 06:47:24,CREDIT_CARD_ISSUANCE,CLOSED,1,2026-05-20,2026-05-12 06:47:24,Unverified or expired identity documents,MEDIUM
3049,3049,2026-07-29 12:10:53,CORPORATE_CREDIT_CARD,CLOSED,2,2026-08-12,2026-07-30 12:10:53,,LOW
3050,3050,2026-01-29 14:08:45,RETAIL_BANKING,CLOSED,5,2026-02-12,2026-01-30 14:08:45,,LOW
3051,3051,2026-05-04 13:29:45,ESCROW_SERVICES,CLOSED,3,2026-05-18,2026-05-10 13:29:45,Unverified or expired identity documents,MEDIUM
3052,3052,2025-11-05 21:08:50,RETAIL_BANKING,CLOSED,3,2025-11-19,2025-11-08 21:08:50,,LOW
3053,3053,2025-09-18 15:09:17,PHILANTHROPY_ENDOWMENT_MANAGEMENT,CLOSED,2,2025-10-02,2025-09-22 15:09:17,,LOW
3054,3054,2026-03-13 19:05:55,TERM_LIFE_INSURANCE,CLOSED,4,2026-03-27,2026-03-18 19:05:55,,MEDIUM
3055,3055,2026-03-19 04:18:05,RETAIL_BANKING,CLOSED,3,2026-04-02,2026-03-25 04:18:05,,MEDIUM
3056,3056,2025-11-24 16:32:28,MORTGAGE_ORIGINATION,CLOSED,5,2025-12-08,2025-11-28 16:32:28,,LOW
3057,3057,2026-02-07 16:22:11,RETAIL_EQUITY_BROKERAGE,CLOSED,5,2026-02-21,2026-02-13 16:22:11,,LOW
3058,3058,2026-07-17 16:11:00,PERSONAL_LOAN,CLOSED,2,2026-07-31,2026-07-23 16:11:00,,LOW
3059,3059,2026-06-02 08:39:49,FX_HEDGING_SOLUTIONS,CLOSED,1,2026-06-16,2026-06-03 08:39:49,,LOW
3060,3060,2025-12-11 18:00:52,PAYROLL_SERVICES,OPEN,1,2025-12-25,,,LOW
3061,3061,2025-10-19 03:12:35,AUTO_FINANCING,PENDING_DOCUMENTS,,2025-11-02,,,LOW
3062,3062,2026-04-19 19:40:31,RETAIL_BANKING,PENDING_DOCUMENTS,,2026-05-03,,,LOW
3063,3063,2026-05-24 02:36:11,TERM_LIFE_INSURANCE,PENDING_DOCUMENTS,,2026-06-07,,,LOW
3064,3064,2025-10-25 18:14:21,TERM_LIFE_INSURANCE,CLOSED,5,2025-11-08,2025-10-29 18:14:21,Adverse media and PEP screening threshold exceeded,LOW
3065,3065,2025-12-26 14:15:52,AUTO_FINANCING,CLOSED,5,2026-01-09,2025-12-27 14:15:52,,LOW
3066,3066,2025-08-25 22:36:20,MORTGAGE_ORIGINATION,PENDING_DOCUMENTS,2,2025-09-08,,,LOW
3067,3067,2026-05-10 05:51:28,ESCROW_SERVICES,CLOSED,2,2026-05-24,2026-05-14 05:51:28,Unverified or expired identity documents,LOW
3068,3068,2026-03-01 18:07:29,RETAIL_BANKING,CLOSED,5,2026-03-15,2026-03-07 18:07:29,,LOW
3069,3069,2025-11-21 14:43:22,HIGH_VOLUME_MERCHANT_GATEWAY,CLOSED,1,2025-12-05,2025-11-25 14:43:22,Unverified or expired identity documents,MEDIUM
3070,3070,2026-01-14 10:15:53,CROSS_BORDER_REMITTANCE,CLOSED,3,2026-01-28,2026-01-19 10:15:53,,LOW
3071,3071,2026-03-13 16:35:51,TERM_LIFE_INSURANCE,CLOSED,3,2026-03-27,2026-03-19 16:35:51,,LOW
3072,3072,2026-03-09 02:36:49,COMMERCIAL_LENDING,CLOSED,2,2026-03-23,2026-03-14 02:36:49,,MEDIUM
3073,3073,2026-08-08 00:35:46,LETTER_OF_CREDIT,CLOSED,3,2026-08-22,2026-08-09 00:35:46,,LOW
3074,3074,2026-05-18 07:45:37,BUY_NOW_PAY_LATER,CLOSED,5,2026-06-01,2026-05-23 07:45:37,,LOW
3075,3075,2025-11-04 18:45:20,BUY_NOW_PAY_LATER,IN_REVIEW,,2025-11-18,,,MEDIUM
3076,3076,2026-02-28 12:43:07,RETAIL_EQUITY_BROKERAGE,IN_REVIEW,,2026-03-14,,,LOW
3077,3077,2025-12-30 09:28:03,PRIVATE_EQUITY_FEEDER,CLOSED,2,2026-01-13,2026-01-03 09:28:03,,LOW
3078,3078,2026-07-25 01:43:41,CRYPTO_BROKERAGE,IN_REVIEW,,2026-08-08,,,LOW
3079,3079,2026-06-29 04:40:40,BESPOKE_PORTFOLIO_MANAGEMENT,CLOSED,5,2026-07-13,2026-07-03 04:40:40,,MEDIUM
3080,3080,2026-01-06 23:40:47,GOVERNMENT_RELATIONS_ESCROW,CLOSED,5,2026-01-20,2026-01-09 23:40:47,,LOW
3081,3081,2025-12-26 05:46:56,RETAIL_EQUITY_BROKERAGE,CLOSED,3,2026-01-09,2025-12-30 05:46:56,,LOW
3082,3082,2026-06-11 02:53:30,TERM_LIFE_INSURANCE,CLOSED,5,2026-06-25,2026-06-14 02:53:30,,LOW
3083,3083,2026-08-02 19:26:34,RETAIL_BANKING,CLOSED,2,2026-08-16,2026-08-03 19:26:34,,LOW
3084,3084,2026-07-10 02:08:13,HIGH_YIELD_SAVINGS,IN_REVIEW,4,2026-07-24,,,LOW
3085,3085,2026-02-24 01:37:51,MORTGAGE_ORIGINATION,CLOSED,4,2026-03-10,2026-03-01 01:37:51,,MEDIUM
3086,3086,2026-01-07 11:53:56,RETAIL_BANKING,CLOSED,5,2026-01-21,2026-01-10 11:53:56,,LOW
3087,3087,2025-11-11 05:58:32,AUTO_FINANCING,CLOSED,5,2025-11-25,2025-11-17 05:58:32,,LOW
3088,3088,2026-05-23 09:20:09,LIQUIDITY_MANAGEMENT,CLOSED,5,2026-06-06,2026-05-24 09:20:09,,MEDIUM
3089,3089,2026-05-13 22:51:53,FX_HEDGING_SOLUTIONS,CLOSED,4,2026-05-27,2026-05-15 22:51:53,,HIGH
3090,3090,2025-11-11 02:42:39,ESCROW_SERVICES,CLOSED,4,2025-11-25,2025-11-17 02:42:39,,HIGH
3091,3091,2026-06-15 19:05:02,AUTO_FINANCING,CLOSED,2,2026-06-29,2026-06-21 19:05:02,Unverified or expired identity documents,LOW
3092,3092,2026-07-03 06:23:33,AUTO_FINANCING,CLOSED,4,2026-07-17,2026-07-08 06:23:33,,LOW
3093,3093,2026-04-13 07:16:20,BUY_NOW_PAY_LATER,CLOSED,2,2026-04-27,2026-04-19 07:16:20,Unverified or expired identity documents,HIGH
3094,3094,2025-10-03 04:37:51,PAC_TREASURY_MANAGEMENT,CLOSED,1,2025-10-17,2025-10-08 04:37:51,Unverified or expired identity documents,LOW
3095,3095,2026-05-29 22:37:23,CROSS_BORDER_REMITTANCE,CLOSED,2,2026-06-12,2026-06-03 22:37:23,,LOW
3096,3096,2026-05-22 21:53:03,TERM_LIFE_INSURANCE,CLOSED,4,2026-06-05,2026-05-27 21:53:03,,LOW
3097,3097,2026-07-12 17:14:01,ROBO_ADVISORY,CLOSED,2,2026-07-26,2026-07-14 17:14:01,,LOW
3098,3098,2025-09-05 12:26:59,REGULATORY_REPORTING_INTEGRATION,OPEN,,2025-09-19,,,LOW
3099,3099,2026-04-05 08:27:26,BUY_NOW_PAY_LATER,CLOSED,2,2026-04-19,2026-04-08 08:27:26,,LOW
3100,3100,2026-04-30 05:01:59,RETAIL_BANKING,OPEN,4,2026-05-14,,,HIGH
3101,3101,2025-09-26 10:16:26,HIGH_YIELD_SAVINGS,CLOSED,1,2025-10-10,2025-09-30 10:16:26,,LOW
3102,3102,2026-05-06 17:12:33,LETTER_OF_CREDIT,CLOSED,5,2026-05-20,2026-05-12 17:12:33,,LOW
3103,3103,2026-03-05 08:44:32,HIGH_VOLUME_MERCHANT_GATEWAY,CLOSED,5,2026-03-19,2026-03-08 08:44:32,,LOW
3104,3104,2026-07-28 02:32:01,RETAIL_EQUITY_BROKERAGE,CLOSED,1,2026-08-11,2026-08-03 02:32:01,,LOW
3105,3105,2025-09-05 03:50:10,PERSONAL_LOAN,CLOSED,2,2025-09-19,2025-09-10 03:50:10,,LOW
3106,3106,2026-01-09 16:02:50,WEALTH_MANAGEMENT,CLOSED,3,2026-01-23,2026-01-14 16:02:50,,LOW
3107,3107,2026-05-22 12:06:42,MORTGAGE_ORIGINATION,PENDING_DOCUMENTS,1,2026-06-05,,,LOW
3108,3108,2025-10-29 04:13:22,BUY_NOW_PAY_LATER,CLOSED,3,2025-11-12,2025-10-30 04:13:22,,MEDIUM
3109,3109,2025-10-09 17:37:36,ROBO_ADVISORY,CLOSED,4,2025-10-23,2025-10-15 17:37:36,,HIGH
3110,3110,2026-07-05 11:50:17,CORPORATE_ACCOUNT,CLOSED,2,2026-07-19,2026-07-06 11:50:17,,LOW
3111,3111,2025-12-01 02:19:40,CREDIT_CARD_ISSUANCE,CLOSED,5,2025-12-15,2025-12-06 02:19:40,,LOW
3112,3112,2026-05-30 23:54:02,CREDIT_CARD_ISSUANCE,CLOSED,5,2026-06-13,2026-06-03 23:54:02,,LOW
3113,3113,2026-02-09 11:07:42,MORTGAGE_ORIGINATION,CLOSED,5,2026-02-23,2026-02-13 11:07:42,,LOW
3114,3114,2025-12-01 06:30:12,SHORT_TERM_LIQUIDITY_MANAGEMENT,CLOSED,5,2025-12-15,2025-12-03 06:30:12,,LOW
3115,3115,2025-11-09 11:27:04,MORTGAGE_ORIGINATION,OPEN,3,2025-11-23,,,LOW
3116,3116,2026-07-02 19:31:52,CORPORATE_ACCOUNT,CLOSED,4,2026-07-16,2026-07-08 19:31:52,Unverified or expired identity documents,MEDIUM
3117,3117,2025-10-28 15:49:47,BUY_NOW_PAY_LATER,IN_REVIEW,,2025-11-11,,,LOW
3118,3118,2026-08-24 14:13:20,MORTGAGE_ORIGINATION,CLOSED,4,2026-09-07,2026-08-28 14:13:20,,MEDIUM
3119,3119,2026-04-12 08:28:15,BUY_NOW_PAY_LATER,CLOSED,3,2026-04-26,2026-04-13 08:28:15,Unverified or expired identity documents,MEDIUM
3120,3120,2026-01-17 12:43:29,TERM_LIFE_INSURANCE,CLOSED,2,2026-01-31,2026-01-19 12:43:29,,MEDIUM
3121,3121,2026-05-11 08:16:29,HIGH_YIELD_SAVINGS,OPEN,,2026-05-25,,,LOW
3122,3122,2026-06-13 08:18:10,TRADE_FINANCE_CREDIT_INSURANCE,CLOSED,1,2026-06-27,2026-06-19 08:18:10,Unverified or expired identity documents,HIGH
3123,3123,2026-08-01 21:54:49,PRIVATE_EQUITY_FEEDER,CLOSED,1,2026-08-15,2026-08-06 21:54:49,,LOW
3124,3124,2025-10-12 20:37:32,BUY_NOW_PAY_LATER,CLOSED,3,2025-10-26,2025-10-17 20:37:32,,HIGH
3125,3125,2025-09-28 19:17:26,CORPORATE_CREDIT_CARD,CLOSED,5,2025-10-12,2025-10-03 19:17:26,,LOW
3126,3126,2025-09-18 20:44:00,PAYROLL_SERVICES,CLOSED,4,2025-10-02,2025-09-23 20:44:00,Adverse media and PEP screening threshold exceeded,MEDIUM
3127,3127,2026-02-03 02:56:43,CREDIT_CARD_ISSUANCE,OPEN,,2026-02-17,,,LOW
3128,3128,2026-06-25 13:45:17,WEALTH_MANAGEMENT,CLOSED,1,2026-07-09,2026-06-28 13:45:17,,LOW
3129,3129,2026-07-27 14:12:20,CORPORATE_CREDIT_CARD,CLOSED,2,2026-08-10,2026-08-02 14:12:20,,LOW
3130,3130,2026-02-12 06:54:17,POLITICAL_DONATION_PROCESSING,CLOSED,3,2026-02-26,2026-02-18 06:54:17,Unverified or expired identity documents,MEDIUM
3131,3131,2026-04-02 12:32:37,CORPORATE_CREDIT_CARD,CLOSED,5,2026-04-16,2026-04-07 12:32:37,Unverified or expired identity documents,LOW
3132,3132,2025-11-13 16:31:56,RETAIL_EQUITY_BROKERAGE,CLOSED,4,2025-11-27,2025-11-19 16:31:56,Unverified or expired identity documents,HIGH
3133,3133,2026-06-23 09:30:47,ASSET_PROTECTION_TRUSTS,CLOSED,4,2026-07-07,2026-06-24 09:30:47,,MEDIUM
3134,3134,2025-12-24 16:15:33,ROBO_ADVISORY,CLOSED,4,2026-01-07,2025-12-28 16:15:33,,LOW
3135,3135,2025-12-31 07:11:28,ROBO_ADVISORY,CLOSED,1,2026-01-14,2026-01-05 07:11:28,,LOW
3136,3136,2026-03-08 07:45:59,DIRECT_INDEXING,CLOSED,5,2026-03-22,2026-03-09 07:45:59,,LOW
3137,3137,2026-03-20 00:08:41,ROBO_ADVISORY,CLOSED,5,2026-04-03,2026-03-25 00:08:41,,MEDIUM
3138,3138,2026-05-19 04:54:52,CROSS_BORDER_REMITTANCE,CLOSED,5,2026-06-02,2026-05-23 04:54:52,,LOW
3139,3139,2026-08-08 20:28:52,DISBURSEMENT_PAYROLL_SERVICES,CLOSED,5,2026-08-22,2026-08-10 20:28:52,,LOW
3140,3140,2026-03-14 05:37:42,BUY_NOW_PAY_LATER,CLOSED,5,2026-03-28,2026-03-15 05:37:42,,LOW
3141,3141,2026-01-29 04:27:53,RETAIL_BANKING,PENDING_DOCUMENTS,3,2026-02-12,,,LOW
3142,3142,2026-02-11 21:48:58,PRIVATE_EQUITY_FEEDER,CLOSED,3,2026-02-25,2026-02-12 21:48:58,Unverified or expired identity documents,MEDIUM
3143,3143,2026-08-12 19:52:00,PRIVATE_EQUITY_FEEDER,CLOSED,5,2026-08-26,2026-08-15 19:52:00,,LOW
3144,3144,2026-05-29 23:27:41,AUTO_FINANCING,CLOSED,1,2026-06-12,2026-05-31 23:27:41,,MEDIUM
3145,3145,2026-06-01 16:20:46,AUTO_FINANCING,CLOSED,3,2026-06-15,2026-06-04 16:20:46,,LOW
3146,3146,2026-04-19 05:16:19,MORTGAGE_ORIGINATION,CLOSED,5,2026-05-03,2026-04-23 05:16:19,,MEDIUM
3147,3147,2026-02-06 05:58:52,PRIVATE_EQUITY_FEEDER,CLOSED,3,2026-02-20,2026-02-08 05:58:52,,LOW
3148,3148,2026-05-07 14:50:14,MORTGAGE_ORIGINATION,CLOSED,4,2026-05-21,2026-05-09 14:50:14,,LOW
3149,3149,2026-02-01 15:20:33,BALLOT_INITIATIVE_ESCROW,CLOSED,4,2026-02-15,2026-02-03 15:20:33,Unverified or expired identity documents,LOW
3150,3150,2025-11-28 22:07:13,LIQUIDITY_MANAGEMENT,CLOSED,5,2025-12-12,2025-12-01 22:07:13,,LOW
3151,3151,2026-08-24 09:06:20,PAYROLL_SERVICES,CLOSED,4,2026-09-07,2026-08-26 09:06:20,,MEDIUM
3152,3152,2026-04-22 23:41:52,CROSS_BORDER_REMITTANCE,OPEN,,2026-05-06,,,LOW
3153,3153,2026-07-28 23:44:59,RETAIL_EQUITY_BROKERAGE,CLOSED,1,2026-08-11,2026-07-30 23:44:59,,MEDIUM
3154,3154,2026-02-06 13:43:55,BESPOKE_PORTFOLIO_MANAGEMENT,OPEN,,2026-02-20,,,LOW
3155,3155,2026-04-22 00:17:52,ASSET_PROTECTION_TRUSTS,CLOSED,4,2026-05-06,2026-04-27 00:17:52,,LOW
3156,3156,2026-05-13 06:12:55,MORTGAGE_ORIGINATION,CLOSED,3,2026-05-27,2026-05-16 06:12:55,Unverified or expired identity documents,LOW
3157,3157,2026-06-15 05:15:51,HIGH_YIELD_SAVINGS,CLOSED,5,2026-06-29,2026-06-20 05:15:51,,LOW
3158,3158,2026-01-25 19:55:43,MORTGAGE_ORIGINATION,CLOSED,2,2026-02-08,2026-01-26 19:55:43,Unverified or expired identity documents,MEDIUM
3159,3159,2025-09-30 15:57:13,INSTITUTIONAL_CRYPTO_CUSTODY,CLOSED,2,2025-10-14,2025-10-03 15:57:13,,LOW
3160,3160,2025-12-13 00:54:17,HIGH_YIELD_SAVINGS,CLOSED,4,2025-12-27,2025-12-16 00:54:17,,LOW
3161,3161,2026-08-08 23:21:25,PERSONAL_LOAN,OPEN,,2026-08-22,,,LOW
3162,3162,2025-12-27 15:19:07,CROSS_BORDER_REMITTANCE,CLOSED,4,2026-01-10,2025-12-31 15:19:07,Unverified or expired identity documents,HIGH
3163,3163,2025-09-17 15:56:35,LETTER_OF_CREDIT,CLOSED,4,2025-10-01,2025-09-21 15:56:35,,LOW
3164,3164,2026-05-08 17:53:05,COMPLIANCE_RESTRICTED_DEPOSIT_ACCOUNT,OPEN,,2026-05-22,,,MEDIUM
3165,3165,2025-09-23 03:30:13,BUY_NOW_PAY_LATER,CLOSED,2,2025-10-07,2025-09-27 03:30:13,,LOW
3166,3166,2025-12-29 01:35:43,CRYPTO_BROKERAGE,CLOSED,5,2026-01-12,2025-12-30 01:35:43,,LOW
3167,3167,2025-11-19 13:54:55,CREDIT_CARD_ISSUANCE,CLOSED,3,2025-12-03,2025-11-22 13:54:55,,MEDIUM
3168,3168,2025-09-02 11:25:19,CREDIT_CARD_ISSUANCE,CLOSED,4,2025-09-16,2025-09-04 11:25:19,,MEDIUM
3169,3169,2026-03-08 03:38:06,CRYPTO_BROKERAGE,CLOSED,1,2026-03-22,2026-03-11 03:38:06,,HIGH
3170,3170,2025-12-06 03:12:01,CREDIT_CARD_ISSUANCE,CLOSED,3,2025-12-20,2025-12-09 03:12:01,,LOW
3171,3171,2025-09-17 02:09:29,CROSS_BORDER_REMITTANCE,CLOSED,5,2025-10-01,2025-09-20 02:09:29,,LOW
3172,3172,2026-04-19 12:07:11,CROSS_BORDER_REMITTANCE,IN_REVIEW,,2026-05-03,,,MEDIUM
3173,3173,2026-03-12 20:47:24,PAC_TREASURY_MANAGEMENT,OPEN,5,2026-03-26,,,LOW
3174,3174,2026-07-27 04:14:18,RETAIL_BANKING,CLOSED,1,2026-08-10,2026-07-28 04:14:18,,MEDIUM
3175,3175,2026-01-28 06:56:36,FX_HEDGING_SOLUTIONS,CLOSED,2,2026-02-11,2026-02-02 06:56:36,,MEDIUM
3176,3176,2025-12-07 03:40:48,FIDUCIARY_CUSTODY_ACCOUNT,CLOSED,2,2025-12-21,2025-12-13 03:40:48,,LOW
3177,3177,2025-11-16 07:26:57,PERSONAL_LOAN,CLOSED,1,2025-11-30,2025-11-19 07:26:57,,MEDIUM
3178,3178,2026-01-09 05:07:42,FX_HEDGING_SOLUTIONS,PENDING_DOCUMENTS,2,2026-01-23,,,LOW
3179,3179,2026-04-26 16:25:58,CRYPTO_BROKERAGE,OPEN,4,2026-05-10,,,MEDIUM
3180,3180,2026-03-23 20:13:36,BUY_NOW_PAY_LATER,CLOSED,3,2026-04-06,2026-03-29 20:13:36,,LOW
3181,3181,2025-12-23 22:23:58,CROSS_BORDER_REMITTANCE,PENDING_DOCUMENTS,5,2026-01-06,,,LOW
3182,3182,2026-01-11 03:17:42,SYNDICATED_LOANS,CLOSED,1,2026-01-25,2026-01-16 03:17:42,,LOW
3183,3183,2026-05-02 03:42:29,PAC_TREASURY_MANAGEMENT,CLOSED,2,2026-05-16,2026-05-04 03:42:29,,MEDIUM
3184,3184,2026-02-15 10:27:40,AUTO_FINANCING,CLOSED,1,2026-03-01,2026-02-21 10:27:40,,LOW
3185,3185,2025-09-30 11:30:24,RETAIL_EQUITY_BROKERAGE,CLOSED,1,2025-10-14,2025-10-01 11:30:24,,MEDIUM
3186,3186,2026-03-03 06:24:40,CROSS_BORDER_REMITTANCE,CLOSED,2,2026-03-17,2026-03-05 06:24:40,,LOW
3187,3187,2026-06-01 22:02:15,ROBO_ADVISORY,CLOSED,5,2026-06-15,2026-06-03 22:02:15,,LOW
3188,3188,2026-04-09 18:34:07,CREDIT_CARD_ISSUANCE,CLOSED,4,2026-04-23,2026-04-11 18:34:07,,LOW
3189,3189,2026-05-19 10:15:55,TRUSTEE_ADMINISTRATION,PENDING_DOCUMENTS,3,2026-06-02,,,HIGH
3190,3190,2026-06-20 17:31:35,CRYPTO_BROKERAGE,CLOSED,3,2026-07-04,2026-06-22 17:31:35,,LOW
3191,3191,2026-02-05 01:24:46,FX_HEDGING_SOLUTIONS,CLOSED,4,2026-02-19,2026-02-09 01:24:46,,LOW
3192,3192,2025-11-02 21:57:22,RETAIL_EQUITY_BROKERAGE,CLOSED,4,2025-11-16,2025-11-03 21:57:22,,MEDIUM
3193,3193,2025-09-05 05:57:53,PAC_TREASURY_MANAGEMENT,CLOSED,4,2025-09-19,2025-09-07 05:57:53,,LOW
3194,3194,2026-04-12 18:39:28,CROSS_BORDER_REMITTANCE,CLOSED,4,2026-04-26,2026-04-18 18:39:28,,LOW
3195,3195,2025-09-01 04:43:33,CREDIT_CARD_ISSUANCE,CLOSED,1,2025-09-15,2025-09-04 04:43:33,,LOW
3196,3196,2026-04-21 06:16:07,SYNDICATED_LOANS,CLOSED,5,2026-05-05,2026-04-26 06:16:07,,LOW
3197,3197,2025-10-23 23:55:52,PERSONAL_LOAN,IN_REVIEW,,2025-11-06,,,LOW
3198,3198,2025-09-14 17:29:26,FX_HEDGING_SOLUTIONS,CLOSED,5,2025-09-28,2025-09-15 17:29:26,,LOW
3199,3199,2026-07-13 13:06:23,BENEFICIARY_DISBURSEMENT_SERVICES,CLOSED,5,2026-07-27,2026-07-15 13:06:23,,LOW
3200,3200,2026-08-12 08:08:15,SYNDICATED_LOANS,CLOSED,3,2026-08-26,2026-08-18 08:08:15,,HIGH
3201,3201,2025-09-16 06:21:34,AUTO_FINANCING,CLOSED,5,2025-09-30,2025-09-19 06:21:34,,LOW
3202,3202,2026-03-25 12:36:43,MORTGAGE_ORIGINATION,IN_REVIEW,4,2026-04-08,,,LOW
3203,3203,2026-07-07 09:09:39,AUTO_FINANCING,CLOSED,5,2026-07-21,2026-07-10 09:09:39,,LOW
3204,3204,2026-03-23 19:58:47,DIRECT_INDEXING,CLOSED,5,2026-04-06,2026-03-29 19:58:47,,MEDIUM
3205,3205,2026-02-07 17:52:36,CRYPTO_BROKERAGE,CLOSED,1,2026-02-21,2026-02-09 17:52:36,,LOW
3206,3206,2026-05-30 00:57:43,ESCROW_SERVICES,CLOSED,1,2026-06-13,2026-06-02 00:57:43,,LOW
3207,3207,2026-07-26 01:58:59,ROBO_ADVISORY,CLOSED,1,2026-08-09,2026-07-28 01:58:59,Unverified or expired identity documents,LOW
3208,3208,2026-05-31 04:45:50,CREDIT_CARD_ISSUANCE,PENDING_DOCUMENTS,,2026-06-14,,,MEDIUM
3209,3209,2026-05-23 02:44:46,INSTITUTIONAL_CRYPTO_CUSTODY,PENDING_DOCUMENTS,,2026-06-06,,,MEDIUM
3210,3210,2026-02-15 14:32:04,RETAIL_EQUITY_BROKERAGE,CLOSED,1,2026-03-01,2026-02-18 14:32:04,,LOW
3211,3211,2025-12-29 15:28:10,MORTGAGE_ORIGINATION,CLOSED,3,2026-01-12,2026-01-04 15:28:10,,LOW
3212,3212,2026-05-02 17:06:24,PERSONAL_LOAN,IN_REVIEW,5,2026-05-16,,,LOW
3213,3213,2025-11-11 02:37:50,RETAIL_BANKING,CLOSED,1,2025-11-25,2025-11-13 02:37:50,,MEDIUM
3214,3214,2025-12-13 09:17:16,CRYPTO_BROKERAGE,CLOSED,1,2025-12-27,2025-12-18 09:17:16,,MEDIUM
3215,3215,2026-03-31 16:16:17,PERSONAL_LOAN,IN_REVIEW,,2026-04-14,,,MEDIUM
3216,3216,2026-05-04 14:59:02,RETAIL_BANKING,CLOSED,5,2026-05-18,2026-05-05 14:59:02,,LOW
3217,3217,2026-04-26 13:17:19,CROSS_BORDER_REMITTANCE,IN_REVIEW,5,2026-05-10,,,LOW
3218,3218,2026-05-05 05:57:44,CAMPAIGN_CHECKING_ACCOUNT,CLOSED,5,2026-05-19,2026-05-07 05:57:44,,LOW
3219,3219,2026-04-27 15:27:33,ROBO_ADVISORY,OPEN,,2026-05-11,,,LOW
3220,3220,2025-09-27 17:14:18,PHILANTHROPY_ENDOWMENT_MANAGEMENT,CLOSED,2,2025-10-11,2025-10-03 17:14:18,,LOW
3221,3221,2025-12-12 13:20:56,RETAIL_BANKING,CLOSED,2,2025-12-26,2025-12-16 13:20:56,,HIGH
3222,3222,2025-11-28 03:05:37,CREDIT_CARD_ISSUANCE,CLOSED,1,2025-12-12,2025-11-30 03:05:37,,LOW
3223,3223,2026-04-07 14:39:29,TERM_LIFE_INSURANCE,CLOSED,4,2026-04-21,2026-04-11 14:39:29,,LOW
3224,3224,2026-06-04 17:27:03,HIGH_YIELD_SAVINGS,IN_REVIEW,1,2026-06-18,,,LOW
3225,3225,2025-12-19 11:49:17,TREASURY_MANAGEMENT,PENDING_DOCUMENTS,,2026-01-02,,,HIGH
3226,3226,2026-05-06 22:58:00,CROSS_BORDER_REMITTANCE,CLOSED,4,2026-05-20,2026-05-08 22:58:00,,LOW
3227,3227,2025-11-08 21:12:00,CRYPTO_BROKERAGE,CLOSED,2,2025-11-22,2025-11-10 21:12:00,,LOW
3228,3228,2025-10-30 19:54:08,HIGH_VOLUME_MERCHANT_GATEWAY,CLOSED,5,2025-11-13,2025-11-01 19:54:08,Unverified or expired identity documents,LOW
3229,3229,2026-04-06 05:15:41,ROBO_ADVISORY,OPEN,2,2026-04-20,,,LOW
3230,3230,2026-05-31 11:39:04,SHORT_TERM_LIQUIDITY_MANAGEMENT,CLOSED,3,2026-06-14,2026-06-01 11:39:04,Unverified or expired identity documents,MEDIUM
3231,3231,2026-01-17 05:34:34,LETTER_OF_CREDIT,IN_REVIEW,,2026-01-31,,,LOW
3232,3232,2025-09-25 09:02:07,LETTER_OF_CREDIT,CLOSED,5,2025-10-09,2025-10-01 09:02:07,,LOW
3233,3233,2026-08-21 06:06:02,RETAIL_BANKING,CLOSED,4,2026-09-04,2026-08-23 06:06:02,,LOW
3234,3234,2025-12-06 00:23:34,BUY_NOW_PAY_LATER,CLOSED,3,2025-12-20,2025-12-12 00:23:34,,LOW
3235,3235,2025-12-08 05:20:04,FX_HEDGING_SOLUTIONS,CLOSED,2,2025-12-22,2025-12-14 05:20:04,,MEDIUM
3236,3236,2025-11-10 03:56:21,RETAIL_BANKING,CLOSED,5,2025-11-24,2025-11-14 03:56:21,,LOW
3237,3237,2026-07-17 03:02:03,TREASURY_MANAGEMENT,OPEN,,2026-07-31,,,LOW
3238,3238,2026-03-25 15:43:47,RETAIL_EQUITY_BROKERAGE,CLOSED,5,2026-04-08,2026-03-28 15:43:47,,MEDIUM
3239,3239,2026-07-16 00:03:59,MORTGAGE_ORIGINATION,OPEN,,2026-07-30,,,MEDIUM
3240,3240,2026-07-21 19:32:03,CREDIT_CARD_ISSUANCE,CLOSED,1,2026-08-04,2026-07-27 19:32:03,,MEDIUM
3241,3241,2026-05-05 22:46:44,BUY_NOW_PAY_LATER,OPEN,,2026-05-19,,,LOW
3242,3242,2025-11-10 21:22:09,ROBO_ADVISORY,CLOSED,5,2025-11-24,2025-11-12 21:22:09,,LOW
3243,3243,2026-07-30 20:27:05,GOVERNMENT_RELATIONS_ESCROW,CLOSED,1,2026-08-13,2026-08-01 20:27:05,Unverified or expired identity documents,LOW
3244,3244,2026-07-05 00:42:59,CRYPTO_BROKERAGE,CLOSED,4,2026-07-19,2026-07-09 00:42:59,,LOW
3245,3245,2026-05-18 04:02:36,RETAIL_EQUITY_BROKERAGE,CLOSED,2,2026-06-01,2026-05-21 04:02:36,,LOW
3246,3246,2026-05-05 16:07:41,TERM_LIFE_INSURANCE,CLOSED,3,2026-05-19,2026-05-07 16:07:41,,LOW
3247,3247,2026-05-05 18:47:45,MORTGAGE_ORIGINATION,CLOSED,3,2026-05-19,2026-05-06 18:47:45,,LOW
3248,3248,2026-01-09 05:29:09,PAYROLL_SERVICES,OPEN,,2026-01-23,,,MEDIUM
3249,3249,2025-11-03 09:51:26,INSTITUTIONAL_CRYPTO_CUSTODY,CLOSED,3,2025-11-17,2025-11-07 09:51:26,,LOW
3250,3250,2026-05-19 04:46:20,TERM_LIFE_INSURANCE,CLOSED,4,2026-06-02,2026-05-24 04:46:20,,HIGH
3251,3251,2026-01-19 23:29:20,AUTO_FINANCING,CLOSED,2,2026-02-02,2026-01-21 23:29:20,,MEDIUM
3252,3252,2026-07-26 09:20:49,RETAIL_BANKING,CLOSED,4,2026-08-09,2026-07-30 09:20:49,,LOW
3253,3253,2025-11-20 19:46:03,HIGH_YIELD_SAVINGS,CLOSED,1,2025-12-04,2025-11-25 19:46:03,Unverified or expired identity documents,HIGH
3254,3254,2025-10-16 07:32:17,HIGH_YIELD_SAVINGS,CLOSED,5,2025-10-30,2025-10-18 07:32:17,,LOW
3255,3255,2025-11-16 03:56:37,BUY_NOW_PAY_LATER,CLOSED,4,2025-11-30,2025-11-18 03:56:37,,LOW
3256,3256,2026-06-23 11:57:56,COMPLIANCE_RESTRICTED_DEPOSIT_ACCOUNT,CLOSED,1,2026-07-07,2026-06-29 11:57:56,,LOW
3257,3257,2026-08-14 01:40:55,WEALTH_MANAGEMENT,CLOSED,2,2026-08-28,2026-08-19 01:40:55,,MEDIUM
3258,3258,2026-07-23 12:37:14,MORTGAGE_ORIGINATION,CLOSED,4,2026-08-06,2026-07-24 12:37:14,,LOW
3259,3259,2026-03-05 11:17:59,RETAIL_BANKING,CLOSED,1,2026-03-19,2026-03-07 11:17:59,,LOW
3260,3260,2025-12-14 19:08:33,AUTO_FINANCING,CLOSED,1,2025-12-28,2025-12-15 19:08:33,,MEDIUM
3261,3261,2026-03-30 19:55:24,AUTO_FINANCING,IN_REVIEW,,2026-04-13,,,MEDIUM
3262,3262,2026-03-06 00:52:44,RETAIL_BANKING,IN_REVIEW,,2026-03-20,,,MEDIUM
3263,3263,2026-03-06 08:41:43,RETAIL_EQUITY_BROKERAGE,CLOSED,2,2026-03-20,2026-03-09 08:41:43,,HIGH
3264,3264,2026-02-10 01:27:07,LIQUIDITY_MANAGEMENT,CLOSED,4,2026-02-24,2026-02-14 01:27:07,,MEDIUM
3265,3265,2025-09-24 18:34:44,HIGH_YIELD_SAVINGS,CLOSED,1,2025-10-08,2025-09-26 18:34:44,,LOW
3266,3266,2025-09-28 01:12:19,GOVERNMENT_RELATIONS_ESCROW,OPEN,2,2025-10-12,,,MEDIUM
3267,3267,2026-02-17 19:32:37,PERSONAL_LOAN,CLOSED,2,2026-03-03,2026-02-18 19:32:37,,MEDIUM
3268,3268,2026-06-26 23:49:24,LIQUIDITY_MANAGEMENT,CLOSED,2,2026-07-10,2026-06-28 23:49:24,,MEDIUM
3269,3269,2026-01-10 16:44:24,HIGH_VOLUME_MERCHANT_GATEWAY,CLOSED,3,2026-01-24,2026-01-14 16:44:24,,LOW
3270,3270,2025-12-24 10:12:00,HIGH_YIELD_SAVINGS,CLOSED,5,2026-01-07,2025-12-25 10:12:00,,LOW
3271,3271,2026-08-05 01:34:45,TERM_LIFE_INSURANCE,OPEN,,2026-08-19,,,MEDIUM
3272,3272,2026-08-13 19:23:15,BENEFICIARY_DISBURSEMENT_SERVICES,CLOSED,3,2026-08-27,2026-08-18 19:23:15,,LOW
3273,3273,2026-04-13 03:48:50,PERSONAL_LOAN,CLOSED,5,2026-04-27,2026-04-14 03:48:50,,LOW
3274,3274,2026-02-02 00:58:48,RETAIL_BANKING,CLOSED,3,2026-02-16,2026-02-04 00:58:48,,HIGH
3275,3275,2025-09-27 05:17:37,INSTITUTIONAL_CRYPTO_CUSTODY,CLOSED,5,2025-10-11,2025-09-28 05:17:37,,HIGH
3276,3276,2026-06-09 20:30:03,ESCROW_SERVICES,CLOSED,5,2026-06-23,2026-06-13 20:30:03,,LOW
3277,3277,2026-06-12 14:05:29,ROBO_ADVISORY,CLOSED,1,2026-06-26,2026-06-14 14:05:29,,LOW
3278,3278,2026-08-19 14:44:48,GOVERNMENT_RELATIONS_ESCROW,OPEN,4,2026-09-02,,,LOW
3279,3279,2026-01-11 04:14:53,BUY_NOW_PAY_LATER,CLOSED,1,2026-01-25,2026-01-15 04:14:53,,LOW
3280,3280,2025-10-12 02:49:30,ROBO_ADVISORY,CLOSED,3,2025-10-26,2025-10-13 02:49:30,,MEDIUM
3281,3281,2026-04-20 05:01:26,PERSONAL_LOAN,CLOSED,2,2026-05-04,2026-04-22 05:01:26,,LOW
3282,3282,2025-12-03 01:30:52,LIQUIDITY_MANAGEMENT,IN_REVIEW,,2025-12-17,,,LOW
3283,3283,2026-04-09 01:52:36,HIGH_YIELD_SAVINGS,CLOSED,5,2026-04-23,2026-04-14 01:52:36,,LOW
3284,3284,2026-03-06 17:45:04,HIGH_VOLUME_MERCHANT_GATEWAY,CLOSED,3,2026-03-20,2026-03-08 17:45:04,,MEDIUM
3285,3285,2025-11-20 06:15:56,WEALTH_MANAGEMENT,CLOSED,2,2025-12-04,2025-11-24 06:15:56,,MEDIUM
3286,3286,2026-01-05 03:00:47,BUY_NOW_PAY_LATER,CLOSED,1,2026-01-19,2026-01-06 03:00:47,,HIGH
3287,3287,2026-02-23 13:58:52,RETAIL_EQUITY_BROKERAGE,CLOSED,3,2026-03-09,2026-02-24 13:58:52,,LOW
3288,3288,2026-08-25 00:17:00,CREDIT_CARD_ISSUANCE,PENDING_DOCUMENTS,,2026-09-08,,,HIGH
3289,3289,2025-12-10 18:38:40,CORPORATE_ACCOUNT,CLOSED,1,2025-12-24,2025-12-14 18:38:40,,MEDIUM
3290,3290,2025-09-09 11:17:18,RETAIL_BANKING,OPEN,5,2025-09-23,,,HIGH
3291,3291,2026-02-12 04:43:12,ROBO_ADVISORY,CLOSED,2,2026-02-26,2026-02-13 04:43:12,Unverified or expired identity documents,HIGH
3292,3292,2025-11-23 04:07:58,RETAIL_EQUITY_BROKERAGE,CLOSED,5,2025-12-07,2025-11-27 04:07:58,,LOW
3293,3293,2026-01-17 17:31:13,AUTO_FINANCING,CLOSED,1,2026-01-31,2026-01-18 17:31:13,,LOW
3294,3294,2026-04-28 00:31:10,PERSONAL_LOAN,IN_REVIEW,,2026-05-12,,,LOW
3295,3295,2026-08-08 03:29:17,BUY_NOW_PAY_LATER,CLOSED,2,2026-08-22,2026-08-10 03:29:17,,MEDIUM
3296,3296,2025-10-24 21:25:55,PAC_TREASURY_MANAGEMENT,IN_REVIEW,4,2025-11-07,,,LOW
3297,3297,2025-10-21 22:57:34,TERM_LIFE_INSURANCE,CLOSED,2,2025-11-04,2025-10-26 22:57:34,,MEDIUM
3298,3298,2026-07-21 15:36:07,BUY_NOW_PAY_LATER,CLOSED,4,2026-08-04,2026-07-27 15:36:07,,LOW
3299,3299,2025-09-24 04:23:19,CRYPTO_BROKERAGE,CLOSED,3,2025-10-08,2025-09-25 04:23:19,,LOW
3300,3300,2025-08-26 15:22:55,HIGH_YIELD_SAVINGS,OPEN,3,2025-09-09,,,MEDIUM
3301,3301,2026-07-23 03:46:00,CREDIT_CARD_ISSUANCE,IN_REVIEW,,2026-08-06,,,LOW
3302,3302,2025-11-27 02:16:59,TERM_LIFE_INSURANCE,CLOSED,4,2025-12-11,2025-12-02 02:16:59,,LOW
3303,3303,2026-08-13 01:02:17,RETAIL_BANKING,CLOSED,3,2026-08-27,2026-08-19 01:02:17,,LOW
3304,3304,2026-08-09 14:54:25,BESPOKE_PORTFOLIO_MANAGEMENT,CLOSED,3,2026-08-23,2026-08-14 14:54:25,,LOW
3305,3305,2025-12-05 03:11:45,RETAIL_BANKING,CLOSED,5,2025-12-19,2025-12-09 03:11:45,,LOW
3306,3306,2025-10-30 12:31:02,ROBO_ADVISORY,CLOSED,2,2025-11-13,2025-10-31 12:31:02,,LOW
3307,3307,2026-07-18 09:12:48,ASSET_PROTECTION_TRUSTS,OPEN,,2026-08-01,,,LOW
3308,3308,2026-05-03 19:11:23,PERSONAL_LOAN,CLOSED,2,2026-05-17,2026-05-05 19:11:23,,LOW
3309,3309,2025-09-01 18:09:10,TAX_OPTIMIZED_INVESTING,CLOSED,4,2025-09-15,2025-09-04 18:09:10,,LOW
3310,3310,2025-10-24 14:51:22,BUY_NOW_PAY_LATER,CLOSED,3,2025-11-07,2025-10-29 14:51:22,,LOW
3311,3311,2026-01-22 23:44:35,BUY_NOW_PAY_LATER,CLOSED,5,2026-02-05,2026-01-23 23:44:35,Unverified or expired identity documents,MEDIUM
3312,3312,2025-09-11 04:15:43,ROBO_ADVISORY,CLOSED,2,2025-09-25,2025-09-16 04:15:43,,LOW
3313,3313,2026-03-22 08:43:35,PAYROLL_SERVICES,CLOSED,4,2026-04-05,2026-03-23 08:43:35,,LOW
3314,3314,2026-06-13 04:05:51,TREASURY_MANAGEMENT,CLOSED,1,2026-06-27,2026-06-15 04:05:51,,LOW
3315,3315,2026-04-05 21:50:45,CREDIT_CARD_ISSUANCE,CLOSED,5,2026-04-19,2026-04-11 21:50:45,,MEDIUM
3316,3316,2026-02-28 07:06:47,SYNDICATED_LOANS,CLOSED,1,2026-03-14,2026-03-02 07:06:47,,LOW
3317,3317,2026-08-10 00:08:16,COMMERCIAL_LENDING,CLOSED,1,2026-08-24,2026-08-13 00:08:16,Unverified or expired identity documents,LOW
3318,3318,2026-01-13 18:36:59,HIGH_YIELD_SAVINGS,CLOSED,5,2026-01-27,2026-01-18 18:36:59,,LOW
3319,3319,2025-09-24 06:30:13,AUTO_FINANCING,CLOSED,2,2025-10-08,2025-09-27 06:30:13,,LOW
3320,3320,2026-05-21 23:04:59,HIGH_YIELD_SAVINGS,IN_REVIEW,,2026-06-04,,,MEDIUM
3321,3321,2026-04-27 07:24:35,LIQUIDITY_MANAGEMENT,CLOSED,1,2026-05-11,2026-04-29 07:24:35,,LOW
3322,3322,2026-02-11 15:35:35,ROBO_ADVISORY,CLOSED,4,2026-02-25,2026-02-12 15:35:35,,LOW
3323,3323,2026-01-25 08:29:06,TRUSTEE_ADMINISTRATION,CLOSED,2,2026-02-08,2026-01-31 08:29:06,,LOW
3324,3324,2025-10-12 05:12:05,CROSS_BORDER_REMITTANCE,CLOSED,5,2025-10-26,2025-10-17 05:12:05,,LOW
3325,3325,2025-11-10 18:05:13,HIGH_YIELD_SAVINGS,CLOSED,1,2025-11-24,2025-11-13 18:05:13,,HIGH
3326,3326,2025-10-24 00:01:39,MORTGAGE_ORIGINATION,IN_REVIEW,,2025-11-07,,,LOW
3327,3327,2026-06-07 23:27:06,ESCROW_SERVICES,CLOSED,5,2026-06-21,2026-06-09 23:27:06,,LOW
3328,3328,2026-03-01 03:52:19,RETAIL_EQUITY_BROKERAGE,CLOSED,5,2026-03-15,2026-03-07 03:52:19,,LOW
3329,3329,2025-11-15 03:42:08,ROBO_ADVISORY,CLOSED,5,2025-11-29,2025-11-20 03:42:08,,HIGH
3330,3330,2026-01-23 15:13:38,PERSONAL_LOAN,CLOSED,1,2026-02-06,2026-01-26 15:13:38,,LOW
3331,3331,2026-05-02 00:48:19,CRYPTO_BROKERAGE,CLOSED,1,2026-05-16,2026-05-03 00:48:19,,LOW
3332,3332,2026-03-31 18:28:25,ROBO_ADVISORY,CLOSED,1,2026-04-14,2026-04-06 18:28:25,,LOW
3333,3333,2025-12-05 18:41:07,WEALTH_MANAGEMENT,CLOSED,4,2025-12-19,2025-12-11 18:41:07,,LOW
3334,3334,2025-10-29 20:55:15,TERM_LIFE_INSURANCE,CLOSED,1,2025-11-12,2025-11-02 20:55:15,,LOW
3335,3335,2025-11-20 17:35:46,TAX_OPTIMIZED_INVESTING,CLOSED,5,2025-12-04,2025-11-25 17:35:46,Unverified or expired identity documents,MEDIUM
3336,3336,2026-03-30 23:47:59,ESCROW_SERVICES,CLOSED,3,2026-04-13,2026-04-01 23:47:59,,LOW
3337,3337,2026-01-04 03:08:48,AUTO_FINANCING,CLOSED,5,2026-01-18,2026-01-09 03:08:48,,LOW
3338,3338,2025-10-20 12:19:32,CAMPAIGN_CHECKING_ACCOUNT,CLOSED,4,2025-11-03,2025-10-21 12:19:32,,MEDIUM
3339,3339,2026-02-23 20:59:50,RETAIL_EQUITY_BROKERAGE,CLOSED,2,2026-03-09,2026-02-26 20:59:50,Unverified or expired identity documents,HIGH
3340,3340,2025-12-08 02:29:18,TERM_LIFE_INSURANCE,CLOSED,4,2025-12-22,2025-12-12 02:29:18,,LOW
3341,3341,2025-12-12 21:35:54,BUY_NOW_PAY_LATER,OPEN,,2025-12-26,,,LOW
3342,3342,2026-02-12 18:24:41,PERSONAL_LOAN,CLOSED,1,2026-02-26,2026-02-15 18:24:41,,LOW
3343,3343,2025-12-09 04:19:30,RETAIL_BANKING,CLOSED,3,2025-12-23,2025-12-14 04:19:30,,LOW
3344,3344,2026-05-08 09:49:28,RETAIL_EQUITY_BROKERAGE,CLOSED,2,2026-05-22,2026-05-10 09:49:28,,LOW
3345,3345,2026-07-31 04:55:04,AUTO_FINANCING,CLOSED,2,2026-08-14,2026-08-03 04:55:04,,LOW
3346,3346,2026-06-14 06:02:42,BUY_NOW_PAY_LATER,IN_REVIEW,,2026-06-28,,,MEDIUM
3347,3347,2025-11-17 09:43:56,ESCROW_SERVICES,CLOSED,5,2025-12-01,2025-11-20 09:43:56,,MEDIUM
3348,3348,2026-03-30 02:38:14,HIGH_YIELD_SAVINGS,CLOSED,2,2026-04-13,2026-04-01 02:38:14,,MEDIUM
3349,3349,2026-07-11 20:02:59,ESCROW_SERVICES,CLOSED,2,2026-07-25,2026-07-15 20:02:59,,LOW
3350,3350,2026-01-04 03:23:19,CREDIT_CARD_ISSUANCE,CLOSED,3,2026-01-18,2026-01-08 03:23:19,,MEDIUM
3351,3351,2026-01-02 04:33:13,PAC_TREASURY_MANAGEMENT,CLOSED,1,2026-01-16,2026-01-03 04:33:13,Unverified or expired identity documents,MEDIUM
3352,3352,2026-07-17 15:18:39,ASSET_PROTECTION_TRUSTS,CLOSED,1,2026-07-31,2026-07-18 15:18:39,Unverified or expired identity documents,MEDIUM
3353,3353,2026-08-21 05:06:07,ESCROW_SERVICES,CLOSED,5,2026-09-04,2026-08-27 05:06:07,,MEDIUM
3354,3354,2025-11-05 18:15:27,MERCHANT_ACQUIRING,CLOSED,1,2025-11-19,2025-11-06 18:15:27,,LOW
3355,3355,2026-08-23 22:10:49,CREDIT_CARD_ISSUANCE,CLOSED,4,2026-09-06,2026-08-28 22:10:49,,LOW
3356,3356,2026-02-08 00:05:29,PAYROLL_SERVICES,PENDING_DOCUMENTS,5,2026-02-22,,,LOW
3357,3357,2026-08-12 19:55:56,ROBO_ADVISORY,CLOSED,1,2026-08-26,2026-08-15 19:55:56,,LOW
3358,3358,2026-05-21 23:56:04,TRUSTEE_ADMINISTRATION,IN_REVIEW,,2026-06-04,,,LOW
3359,3359,2026-01-25 22:35:04,CROSS_BORDER_REMITTANCE,CLOSED,1,2026-02-08,2026-01-27 22:35:04,,LOW
3360,3360,2025-12-21 07:11:58,ESCROW_SERVICES,CLOSED,5,2026-01-04,2025-12-24 07:11:58,,LOW
3361,3361,2026-04-05 11:19:05,CRYPTO_BROKERAGE,CLOSED,3,2026-04-19,2026-04-11 11:19:05,,LOW
3362,3362,2025-12-11 05:48:56,PERSONAL_LOAN,CLOSED,4,2025-12-25,2025-12-16 05:48:56,,MEDIUM
3363,3363,2026-08-23 11:50:31,AUTO_FINANCING,CLOSED,5,2026-09-06,2026-08-25 11:50:31,Unverified or expired identity documents,MEDIUM
3364,3364,2026-05-20 08:44:34,AUTO_FINANCING,CLOSED,5,2026-06-03,2026-05-23 08:44:34,,MEDIUM
3365,3365,2026-08-11 13:42:45,BESPOKE_PORTFOLIO_MANAGEMENT,CLOSED,1,2026-08-25,2026-08-17 13:42:45,,LOW
3366,3366,2025-12-29 17:30:55,AUTO_FINANCING,IN_REVIEW,,2026-01-12,,,LOW
3367,3367,2025-09-04 03:37:22,CREDIT_CARD_ISSUANCE,CLOSED,3,2025-09-18,2025-09-10 03:37:22,,MEDIUM
3368,3368,2025-09-26 14:26:19,CROSS_BORDER_REMITTANCE,CLOSED,2,2025-10-10,2025-09-28 14:26:19,,LOW
3369,3369,2025-11-11 03:23:15,DIRECT_INDEXING,CLOSED,5,2025-11-25,2025-11-17 03:23:15,,LOW
3370,3370,2026-07-12 06:03:03,BUY_NOW_PAY_LATER,CLOSED,4,2026-07-26,2026-07-16 06:03:03,,LOW
3371,3371,2026-02-05 14:18:14,CREDIT_CARD_ISSUANCE,CLOSED,2,2026-02-19,2026-02-09 14:18:14,,LOW
3372,3372,2026-04-28 08:00:28,ROBO_ADVISORY,CLOSED,2,2026-05-12,2026-04-29 08:00:28,,LOW
3373,3373,2026-03-24 09:58:11,BUY_NOW_PAY_LATER,CLOSED,1,2026-04-07,2026-03-29 09:58:11,,HIGH
3374,3374,2025-11-25 16:33:40,FX_HEDGING_SOLUTIONS,CLOSED,3,2025-12-09,2025-12-01 16:33:40,,LOW
3375,3375,2026-04-08 04:18:09,LETTER_OF_CREDIT,CLOSED,5,2026-04-22,2026-04-10 04:18:09,,LOW
3376,3376,2025-09-15 15:58:55,MORTGAGE_ORIGINATION,CLOSED,3,2025-09-29,2025-09-20 15:58:55,,LOW
3377,3377,2025-09-19 01:45:11,TERM_LIFE_INSURANCE,CLOSED,1,2025-10-03,2025-09-25 01:45:11,,MEDIUM
3378,3378,2026-05-20 06:08:43,RETAIL_EQUITY_BROKERAGE,CLOSED,4,2026-06-03,2026-05-24 06:08:43,,LOW
3379,3379,2026-05-06 16:51:38,AUTO_FINANCING,CLOSED,3,2026-05-20,2026-05-08 16:51:38,,MEDIUM
3380,3380,2026-06-02 00:38:35,BUY_NOW_PAY_LATER,CLOSED,3,2026-06-16,2026-06-05 00:38:35,,LOW
3381,3381,2026-04-30 03:58:19,CRYPTO_BROKERAGE,CLOSED,1,2026-05-14,2026-05-04 03:58:19,,MEDIUM
3382,3382,2025-11-30 18:50:29,TERM_LIFE_INSURANCE,CLOSED,1,2025-12-14,2025-12-06 18:50:29,,LOW
3383,3383,2026-01-25 09:39:08,CRYPTO_BROKERAGE,CLOSED,2,2026-02-08,2026-01-31 09:39:08,,LOW
3384,3384,2025-11-26 10:17:30,TERM_LIFE_INSURANCE,CLOSED,5,2025-12-10,2025-12-01 10:17:30,,LOW
3385,3385,2026-02-06 21:55:19,PHILANTHROPY_ENDOWMENT_MANAGEMENT,CLOSED,4,2026-02-20,2026-02-11 21:55:19,Unverified or expired identity documents,HIGH
3386,3386,2025-09-23 08:46:11,PAYROLL_SERVICES,CLOSED,2,2025-10-07,2025-09-29 08:46:11,Adverse media and PEP screening threshold exceeded,MEDIUM
3387,3387,2026-04-26 22:43:18,CREDIT_CARD_ISSUANCE,CLOSED,5,2026-05-10,2026-05-02 22:43:18,,LOW
3388,3388,2025-11-19 23:28:59,ESTATE_PLANNING_SERVICES,CLOSED,4,2025-12-03,2025-11-25 23:28:59,,LOW
3389,3389,2026-05-31 19:48:26,CRYPTO_BROKERAGE,CLOSED,1,2026-06-14,2026-06-06 19:48:26,,LOW
3390,3390,2025-11-11 18:01:03,COMMERCIAL_LENDING,OPEN,3,2025-11-25,,,LOW
3391,3391,2026-07-26 15:35:21,CORPORATE_CREDIT_CARD,CLOSED,4,2026-08-09,2026-07-28 15:35:21,Unverified or expired identity documents,LOW
3392,3392,2025-10-06 20:08:36,COMPLIANCE_RESTRICTED_DEPOSIT_ACCOUNT,CLOSED,1,2025-10-20,2025-10-12 20:08:36,,LOW
3393,3393,2025-09-19 00:34:09,MORTGAGE_ORIGINATION,CLOSED,2,2025-10-03,2025-09-24 00:34:09,,LOW
3394,3394,2026-01-17 05:25:08,ESCROW_SERVICES,CLOSED,5,2026-01-31,2026-01-22 05:25:08,Unverified or expired identity documents,HIGH
3395,3395,2026-02-20 21:36:01,CREDIT_CARD_ISSUANCE,CLOSED,1,2026-03-06,2026-02-21 21:36:01,,LOW
3396,3396,2025-09-10 03:39:35,DIRECT_INDEXING,CLOSED,1,2025-09-24,2025-09-11 03:39:35,,LOW
3397,3397,2025-12-13 23:47:44,RETAIL_BANKING,CLOSED,4,2025-12-27,2025-12-14 23:47:44,,LOW
3398,3398,2026-08-23 07:17:53,CAMPAIGN_CHECKING_ACCOUNT,CLOSED,4,2026-09-06,2026-08-24 07:17:53,,LOW
3399,3399,2026-06-23 07:19:08,HIGH_YIELD_SAVINGS,CLOSED,3,2026-07-07,2026-06-27 07:19:08,,LOW
3400,3400,2025-09-18 14:06:59,PERSONAL_LOAN,CLOSED,5,2025-10-02,2025-09-21 14:06:59,,LOW
3401,3401,2026-01-03 14:41:03,RETAIL_BANKING,CLOSED,5,2026-01-17,2026-01-08 14:41:03,,LOW
3402,3402,2025-11-14 00:11:02,AUTO_FINANCING,CLOSED,2,2025-11-28,2025-11-17 00:11:02,,LOW
3403,3403,2026-01-01 10:58:45,MORTGAGE_ORIGINATION,CLOSED,1,2026-01-15,2026-01-02 10:58:45,,LOW
3404,3404,2026-01-08 07:33:10,LETTER_OF_CREDIT,CLOSED,2,2026-01-22,2026-01-09 07:33:10,,MEDIUM
3405,3405,2026-03-23 19:40:45,MERCHANT_ACQUIRING,CLOSED,5,2026-04-06,2026-03-27 19:40:45,,LOW
3406,3406,2025-10-11 07:30:44,ESCROW_SERVICES,CLOSED,1,2025-10-25,2025-10-15 07:30:44,High-risk sanctions/FATF jurisdiction,HIGH
3407,3407,2025-11-06 03:11:42,TREASURY_MANAGEMENT,CLOSED,3,2025-11-20,2025-11-07 03:11:42,,LOW
3408,3408,2026-02-03 12:26:11,TREASURY_MANAGEMENT,CLOSED,3,2026-02-17,2026-02-06 12:26:11,,HIGH
3409,3409,2026-02-25 22:32:18,ROBO_ADVISORY,CLOSED,3,2026-03-11,2026-02-26 22:32:18,,LOW
3410,3410,2025-10-16 09:03:14,AUTO_FINANCING,CLOSED,5,2025-10-30,2025-10-21 09:03:14,,HIGH
3411,3411,2026-04-19 08:42:04,CORPORATE_ACCOUNT,CLOSED,5,2026-05-03,2026-04-24 08:42:04,,HIGH
3412,3412,2025-10-21 17:13:24,MORTGAGE_ORIGINATION,CLOSED,4,2025-11-04,2025-10-26 17:13:24,,LOW
3413,3413,2025-11-10 10:32:24,CRYPTO_BROKERAGE,CLOSED,5,2025-11-24,2025-11-16 10:32:24,,LOW
3414,3414,2026-07-09 21:13:41,ROBO_ADVISORY,CLOSED,4,2026-07-23,2026-07-14 21:13:41,,LOW
3415,3415,2025-11-18 10:51:33,RETAIL_EQUITY_BROKERAGE,CLOSED,5,2025-12-02,2025-11-23 10:51:33,,LOW
3416,3416,2026-07-06 21:30:24,TERM_LIFE_INSURANCE,CLOSED,5,2026-07-20,2026-07-12 21:30:24,,LOW
3417,3417,2026-06-20 03:00:50,GOVERNMENT_RELATIONS_ESCROW,CLOSED,1,2026-07-04,2026-06-23 03:00:50,Unverified or expired identity documents,MEDIUM
3418,3418,2026-06-02 01:16:50,ROBO_ADVISORY,CLOSED,1,2026-06-16,2026-06-07 01:16:50,,MEDIUM
3419,3419,2026-04-11 09:24:47,COMMERCIAL_LENDING,CLOSED,5,2026-04-25,2026-04-13 09:24:47,,LOW
3420,3420,2025-11-11 01:24:31,ASSET_PROTECTION_TRUSTS,CLOSED,4,2025-11-25,2025-11-17 01:24:31,Unverified or expired identity documents,HIGH
3421,3421,2026-01-20 16:55:30,ESCROW_SERVICES,CLOSED,5,2026-02-03,2026-01-22 16:55:30,,MEDIUM
3422,3422,2026-01-17 05:37:48,PHILANTHROPY_ENDOWMENT_MANAGEMENT,CLOSED,5,2026-01-31,2026-01-18 05:37:48,,HIGH
3423,3423,2026-05-27 05:24:43,RETAIL_EQUITY_BROKERAGE,CLOSED,3,2026-06-10,2026-05-30 05:24:43,,MEDIUM
3424,3424,2026-08-10 12:29:03,CROSS_BORDER_REMITTANCE,CLOSED,4,2026-08-24,2026-08-13 12:29:03,,LOW
3425,3425,2025-12-05 13:19:22,BUY_NOW_PAY_LATER,CLOSED,4,2025-12-19,2025-12-08 13:19:22,,HIGH
3426,3426,2025-12-28 03:22:13,TERM_LIFE_INSURANCE,CLOSED,5,2026-01-11,2026-01-03 03:22:13,,LOW
3427,3427,2025-12-12 15:20:43,GOVERNMENT_RELATIONS_ESCROW,CLOSED,5,2025-12-26,2025-12-18 15:20:43,,LOW
3428,3428,2025-11-24 16:58:18,CREDIT_CARD_ISSUANCE,CLOSED,2,2025-12-08,2025-11-26 16:58:18,,LOW
3429,3429,2025-09-25 03:20:27,CROSS_BORDER_REMITTANCE,CLOSED,4,2025-10-09,2025-09-26 03:20:27,,LOW
3430,3430,2025-11-06 21:47:35,HIGH_YIELD_SAVINGS,CLOSED,3,2025-11-20,2025-11-08 21:47:35,,LOW
3431,3431,2025-10-16 09:09:15,SECURITIES_BASED_LENDING,CLOSED,3,2025-10-30,2025-10-19 09:09:15,,LOW
3432,3432,2025-09-22 16:56:20,CREDIT_CARD_ISSUANCE,CLOSED,1,2025-10-06,2025-09-27 16:56:20,,LOW
3433,3433,2026-06-21 04:04:02,CROSS_BORDER_REMITTANCE,CLOSED,5,2026-07-05,2026-06-22 04:04:02,,LOW
3434,3434,2025-09-11 04:06:23,PERSONAL_LOAN,CLOSED,2,2025-09-25,2025-09-17 04:06:23,,LOW
3435,3435,2026-02-13 19:13:53,CREDIT_CARD_ISSUANCE,CLOSED,2,2026-02-27,2026-02-15 19:13:53,,MEDIUM
3436,3436,2025-10-05 01:21:56,PERSONAL_LOAN,CLOSED,5,2025-10-19,2025-10-10 01:21:56,,LOW
3437,3437,2025-09-09 17:42:14,MERCHANT_ACQUIRING,CLOSED,1,2025-09-23,2025-09-10 17:42:14,High-risk sanctions/FATF jurisdiction,HIGH
3438,3438,2025-12-03 16:04:50,DIRECT_INDEXING,CLOSED,2,2025-12-17,2025-12-05 16:04:50,,MEDIUM
3439,3439,2026-07-25 00:23:16,BUY_NOW_PAY_LATER,CLOSED,1,2026-08-08,2026-07-27 00:23:16,,MEDIUM
3440,3440,2026-07-22 14:47:44,INSTITUTIONAL_CRYPTO_CUSTODY,OPEN,,2026-08-05,,,HIGH
3441,3441,2025-08-28 16:57:22,CRYPTO_BROKERAGE,CLOSED,1,2025-09-11,2025-08-29 16:57:22,,MEDIUM
3442,3442,2026-02-27 16:05:10,TERM_LIFE_INSURANCE,CLOSED,4,2026-03-13,2026-02-28 16:05:10,,LOW
3443,3443,2025-11-16 12:23:17,RETAIL_BANKING,CLOSED,1,2025-11-30,2025-11-22 12:23:17,,LOW
3444,3444,2026-01-09 13:21:13,MORTGAGE_ORIGINATION,CLOSED,5,2026-01-23,2026-01-11 13:21:13,,LOW
3445,3445,2026-03-19 07:36:02,PERSONAL_LOAN,CLOSED,4,2026-04-02,2026-03-24 07:36:02,,HIGH
3446,3446,2026-08-02 01:33:01,TERM_LIFE_INSURANCE,CLOSED,3,2026-08-16,2026-08-08 01:33:01,Unverified or expired identity documents,MEDIUM
3447,3447,2026-01-18 23:38:30,PERSONAL_LOAN,CLOSED,5,2026-02-01,2026-01-24 23:38:30,,LOW
3448,3448,2025-08-28 09:44:00,RETAIL_EQUITY_BROKERAGE,IN_REVIEW,5,2025-09-11,,,LOW
3449,3449,2026-07-07 12:03:24,CRYPTO_BROKERAGE,CLOSED,5,2026-07-21,2026-07-12 12:03:24,,LOW
3450,3450,2025-09-05 14:24:09,ESTATE_PLANNING_SERVICES,OPEN,,2025-09-19,,,MEDIUM
3451,3451,2026-01-20 20:28:21,INSTITUTIONAL_CRYPTO_CUSTODY,CLOSED,1,2026-02-03,2026-01-25 20:28:21,,LOW
3452,3452,2026-07-22 04:50:17,RETAIL_EQUITY_BROKERAGE,CLOSED,2,2026-08-05,2026-07-25 04:50:17,,LOW
3453,3453,2026-01-13 22:49:59,INSTITUTIONAL_CRYPTO_CUSTODY,OPEN,,2026-01-27,,,LOW
3454,3454,2026-07-09 13:05:29,ASSET_PROTECTION_TRUSTS,CLOSED,1,2026-07-23,2026-07-11 13:05:29,,HIGH
3455,3455,2026-06-09 17:27:20,SYNDICATED_LOANS,PENDING_DOCUMENTS,4,2026-06-23,,,LOW
3456,3456,2025-09-10 23:53:03,AUTO_FINANCING,CLOSED,1,2025-09-24,2025-09-14 23:53:03,,HIGH
3457,3457,2025-10-16 02:17:27,MORTGAGE_ORIGINATION,CLOSED,3,2025-10-30,2025-10-21 02:17:27,,LOW
3458,3458,2025-10-28 03:04:18,BUY_NOW_PAY_LATER,OPEN,,2025-11-11,,,HIGH
3459,3459,2026-05-01 14:21:12,RETAIL_EQUITY_BROKERAGE,CLOSED,3,2026-05-15,2026-05-04 14:21:12,,MEDIUM
3460,3460,2026-03-08 01:27:04,MORTGAGE_ORIGINATION,CLOSED,2,2026-03-22,2026-03-11 01:27:04,,MEDIUM
3461,3461,2026-05-08 22:06:41,RETAIL_BANKING,CLOSED,2,2026-05-22,2026-05-13 22:06:41,Unverified or expired identity documents,LOW
3462,3462,2026-05-19 23:19:44,AUTO_FINANCING,PENDING_DOCUMENTS,4,2026-06-02,,,LOW
3463,3463,2025-10-25 21:36:32,ROBO_ADVISORY,CLOSED,4,2025-11-08,2025-10-28 21:36:32,,LOW
3464,3464,2026-08-20 17:26:12,CREDIT_CARD_ISSUANCE,CLOSED,3,2026-09-03,2026-08-24 17:26:12,,LOW
3465,3465,2026-07-18 22:49:41,RETAIL_EQUITY_BROKERAGE,CLOSED,5,2026-08-01,2026-07-19 22:49:41,,LOW
3466,3466,2026-03-27 19:34:55,ROBO_ADVISORY,OPEN,,2026-04-10,,,HIGH
3467,3467,2025-10-01 05:39:48,TAX_OPTIMIZED_INVESTING,CLOSED,1,2025-10-15,2025-10-05 05:39:48,,MEDIUM
3468,3468,2026-04-18 09:07:13,AUTO_FINANCING,CLOSED,2,2026-05-02,2026-04-21 09:07:13,,LOW
3469,3469,2026-02-12 05:28:40,CROSS_BORDER_REMITTANCE,CLOSED,1,2026-02-26,2026-02-18 05:28:40,,LOW
3470,3470,2026-06-18 18:10:08,CRYPTO_BROKERAGE,CLOSED,4,2026-07-02,2026-06-24 18:10:08,,MEDIUM
3471,3471,2026-07-10 14:39:20,CREDIT_CARD_ISSUANCE,CLOSED,1,2026-07-24,2026-07-16 14:39:20,,LOW
3472,3472,2026-06-24 18:51:14,ROBO_ADVISORY,PENDING_DOCUMENTS,2,2026-07-08,,,LOW
3473,3473,2025-12-22 10:38:28,HIGH_YIELD_SAVINGS,CLOSED,1,2026-01-05,2025-12-25 10:38:28,,LOW
3474,3474,2026-08-11 11:33:47,TERM_LIFE_INSURANCE,OPEN,3,2026-08-25,,,LOW
3475,3475,2026-05-31 10:18:23,CRYPTO_BROKERAGE,CLOSED,4,2026-06-14,2026-06-06 10:18:23,,MEDIUM
3476,3476,2025-09-02 15:59:40,MERCHANT_ACQUIRING,CLOSED,3,2025-09-16,2025-09-03 15:59:40,Adverse media and PEP screening threshold exceeded,MEDIUM
3477,3477,2026-03-06 15:20:58,MERCHANT_ACQUIRING,CLOSED,2,2026-03-20,2026-03-08 15:20:58,,MEDIUM
3478,3478,2026-07-29 15:26:36,LIQUIDITY_MANAGEMENT,CLOSED,3,2026-08-12,2026-08-04 15:26:36,,LOW
3479,3479,2025-09-24 23:46:24,HIGH_YIELD_SAVINGS,CLOSED,2,2025-10-08,2025-09-30 23:46:24,,LOW
3480,3480,2025-10-27 08:35:42,AUTO_FINANCING,CLOSED,5,2025-11-10,2025-10-29 08:35:42,,LOW
3481,3481,2026-02-20 11:56:38,PERSONAL_LOAN,CLOSED,1,2026-03-06,2026-02-23 11:56:38,,MEDIUM
3482,3482,2025-10-25 10:17:57,CRYPTO_BROKERAGE,CLOSED,1,2025-11-08,2025-10-30 10:17:57,,LOW
3483,3483,2026-04-30 21:59:44,TERM_LIFE_INSURANCE,CLOSED,5,2026-05-14,2026-05-03 21:59:44,,LOW
3484,3484,2025-12-26 07:17:26,PAYROLL_SERVICES,CLOSED,3,2026-01-09,2025-12-31 07:17:26,,LOW
3485,3485,2025-11-03 21:11:23,INSTITUTIONAL_CRYPTO_CUSTODY,IN_REVIEW,3,2025-11-17,,,MEDIUM
3486,3486,2025-09-12 11:18:50,PAYROLL_SERVICES,CLOSED,3,2025-09-26,2025-09-18 11:18:50,,MEDIUM
3487,3487,2025-10-18 10:09:32,HIGH_YIELD_SAVINGS,OPEN,4,2025-11-01,,,LOW
3488,3488,2026-06-26 23:53:20,CORPORATE_ACCOUNT,CLOSED,5,2026-07-10,2026-07-01 23:53:20,,LOW
3489,3489,2026-05-11 07:55:24,CORPORATE_CREDIT_CARD,CLOSED,5,2026-05-25,2026-05-15 07:55:24,Unverified or expired identity documents,HIGH
3490,3490,2026-01-23 17:20:55,AUTO_FINANCING,CLOSED,4,2026-02-06,2026-01-27 17:20:55,,LOW
3491,3491,2025-12-01 06:41:31,SECURITIES_BASED_LENDING,OPEN,,2025-12-15,,,LOW
3492,3492,2025-10-19 23:49:49,LETTER_OF_CREDIT,CLOSED,5,2025-11-02,2025-10-25 23:49:49,,LOW
3493,3493,2026-01-13 07:32:45,BUY_NOW_PAY_LATER,CLOSED,4,2026-01-27,2026-01-17 07:32:45,,LOW
3494,3494,2025-11-29 23:17:09,TERM_LIFE_INSURANCE,CLOSED,2,2025-12-13,2025-12-01 23:17:09,,LOW
3495,3495,2026-08-07 17:05:46,ESCROW_SERVICES,CLOSED,4,2026-08-21,2026-08-09 17:05:46,,MEDIUM
3496,3496,2026-01-07 23:28:11,HIGH_YIELD_SAVINGS,CLOSED,2,2026-01-21,2026-01-10 23:28:11,,MEDIUM
3497,3497,2026-05-31 17:41:18,TERM_LIFE_INSURANCE,CLOSED,5,2026-06-14,2026-06-01 17:41:18,Unverified or expired identity documents,HIGH
3498,3498,2026-02-24 20:12:15,HIGH_YIELD_SAVINGS,CLOSED,3,2026-03-10,2026-02-27 20:12:15,,LOW
3499,3499,2025-12-21 17:12:08,HIGH_VOLUME_MERCHANT_GATEWAY,CLOSED,1,2026-01-04,2025-12-27 17:12:08,,LOW
3500,3500,2026-03-23 14:01:55,CORPORATE_ACCOUNT,OPEN,2,2026-04-06,,,LOW
3501,3501,2025-10-15 03:56:37,MORTGAGE_ORIGINATION,CLOSED,5,2025-10-29,2025-10-18 03:56:37,,LOW
3502,3502,2025-10-25 13:32:43,ROBO_ADVISORY,CLOSED,4,2025-11-08,2025-10-29 13:32:43,,LOW
3503,3503,2026-06-30 20:37:43,PRIVATE_EQUITY_FEEDER,CLOSED,1,2026-07-14,2026-07-03 20:37:43,,LOW
3504,3504,2026-07-04 09:42:08,CREDIT_CARD_ISSUANCE,CLOSED,3,2026-07-18,2026-07-09 09:42:08,,LOW
3505,3505,2026-02-26 12:35:52,TRADE_FINANCE_CREDIT_INSURANCE,CLOSED,5,2026-03-12,2026-03-02 12:35:52,,LOW
3506,3506,2026-01-15 09:36:58,TERM_LIFE_INSURANCE,CLOSED,2,2026-01-29,2026-01-19 09:36:58,,LOW
3507,3507,2025-10-15 08:10:49,LETTER_OF_CREDIT,CLOSED,2,2025-10-29,2025-10-19 08:10:49,Unverified or expired identity documents,HIGH
3508,3508,2025-10-14 11:32:57,DISBURSEMENT_PAYROLL_SERVICES,CLOSED,3,2025-10-28,2025-10-18 11:32:57,Unverified or expired identity documents,MEDIUM
3509,3509,2026-02-19 11:07:13,PERSONAL_LOAN,CLOSED,1,2026-03-05,2026-02-20 11:07:13,,LOW
3510,3510,2026-02-03 09:48:32,MORTGAGE_ORIGINATION,OPEN,2,2026-02-17,,,LOW
3511,3511,2026-06-15 16:54:21,CRYPTO_BROKERAGE,CLOSED,1,2026-06-29,2026-06-21 16:54:21,,LOW
3512,3512,2026-04-11 23:09:26,HIGH_YIELD_SAVINGS,CLOSED,3,2026-04-25,2026-04-16 23:09:26,,LOW
3513,3513,2026-08-03 05:11:20,HIGH_YIELD_SAVINGS,CLOSED,3,2026-08-17,2026-08-08 05:11:20,,LOW
3514,3514,2025-09-10 05:51:53,PERSONAL_LOAN,CLOSED,2,2025-09-24,2025-09-15 05:51:53,,LOW
3515,3515,2025-11-20 08:28:00,GOVERNMENT_RELATIONS_ESCROW,CLOSED,5,2025-12-04,2025-11-23 08:28:00,,MEDIUM
3516,3516,2025-11-17 20:38:56,SHORT_TERM_LIQUIDITY_MANAGEMENT,CLOSED,1,2025-12-01,2025-11-21 20:38:56,,LOW
3517,3517,2026-02-28 22:01:30,SYNDICATED_LOANS,CLOSED,1,2026-03-14,2026-03-03 22:01:30,,MEDIUM
3518,3518,2026-07-16 05:48:14,BUY_NOW_PAY_LATER,CLOSED,1,2026-07-30,2026-07-21 05:48:14,,LOW
3519,3519,2026-01-22 22:43:38,AUTO_FINANCING,CLOSED,2,2026-02-05,2026-01-27 22:43:38,,LOW
3520,3520,2026-04-16 09:04:24,CREDIT_CARD_ISSUANCE,CLOSED,5,2026-04-30,2026-04-18 09:04:24,,LOW
3521,3521,2026-05-30 12:14:05,RETAIL_EQUITY_BROKERAGE,CLOSED,1,2026-06-13,2026-06-01 12:14:05,,LOW
3522,3522,2025-12-19 05:18:13,TERM_LIFE_INSURANCE,CLOSED,2,2026-01-02,2025-12-21 05:18:13,,LOW
3523,3523,2026-07-25 08:11:41,ROBO_ADVISORY,CLOSED,3,2026-08-08,2026-07-28 08:11:41,,MEDIUM
3524,3524,2026-06-26 21:14:45,CROSS_BORDER_REMITTANCE,OPEN,5,2026-07-10,,,LOW
3525,3525,2025-09-23 06:29:50,CREDIT_CARD_ISSUANCE,CLOSED,1,2025-10-07,2025-09-29 06:29:50,,LOW
3526,3526,2025-12-30 09:14:07,AUTO_FINANCING,CLOSED,2,2026-01-13,2025-12-31 09:14:07,,MEDIUM
3527,3527,2026-03-18 21:13:33,CROSS_BORDER_REMITTANCE,CLOSED,2,2026-04-01,2026-03-20 21:13:33,,LOW
3528,3528,2026-05-02 17:31:08,TREASURY_MANAGEMENT,CLOSED,2,2026-05-16,2026-05-08 17:31:08,,LOW
3529,3529,2026-04-09 06:32:59,RETAIL_EQUITY_BROKERAGE,CLOSED,1,2026-04-23,2026-04-11 06:32:59,Unverified or expired identity documents,MEDIUM
3530,3530,2026-06-26 03:53:16,TRADE_FINANCE_CREDIT_INSURANCE,CLOSED,1,2026-07-10,2026-06-30 03:53:16,,LOW
3531,3531,2025-08-28 14:10:03,DIRECT_INDEXING,CLOSED,1,2025-09-11,2025-08-31 14:10:03,,HIGH
3532,3532,2025-09-24 10:04:11,BUY_NOW_PAY_LATER,CLOSED,4,2025-10-08,2025-09-27 10:04:11,,LOW
3533,3533,2025-11-04 06:26:52,TERM_LIFE_INSURANCE,CLOSED,2,2025-11-18,2025-11-05 06:26:52,,MEDIUM
3534,3534,2026-01-31 13:04:55,PAYROLL_SERVICES,IN_REVIEW,,2026-02-14,,,LOW
3535,3535,2025-10-23 20:12:53,AUTO_FINANCING,CLOSED,1,2025-11-06,2025-10-27 20:12:53,,MEDIUM
3536,3536,2026-07-02 16:07:54,LIQUIDITY_MANAGEMENT,CLOSED,2,2026-07-16,2026-07-07 16:07:54,,MEDIUM
3537,3537,2026-03-13 19:42:29,MORTGAGE_ORIGINATION,IN_REVIEW,3,2026-03-27,,,LOW
3538,3538,2025-11-25 13:13:51,BUY_NOW_PAY_LATER,CLOSED,1,2025-12-09,2025-11-30 13:13:51,,LOW
3539,3539,2026-08-10 00:43:43,BUY_NOW_PAY_LATER,CLOSED,2,2026-08-24,2026-08-11 00:43:43,,LOW
3540,3540,2025-11-20 10:15:50,BESPOKE_PORTFOLIO_MANAGEMENT,CLOSED,1,2025-12-04,2025-11-23 10:15:50,,LOW
3541,3541,2026-02-26 22:48:44,BUY_NOW_PAY_LATER,CLOSED,4,2026-03-12,2026-02-27 22:48:44,,LOW
3542,3542,2026-07-26 14:04:37,RETAIL_EQUITY_BROKERAGE,CLOSED,1,2026-08-09,2026-07-31 14:04:37,,LOW
3543,3543,2026-08-01 23:48:04,CORPORATE_ACCOUNT,IN_REVIEW,,2026-08-15,,,LOW
3544,3544,2025-10-28 01:51:49,TERM_LIFE_INSURANCE,CLOSED,3,2025-11-11,2025-10-31 01:51:49,,LOW
3545,3545,2026-03-10 19:42:33,BALLOT_INITIATIVE_ESCROW,CLOSED,2,2026-03-24,2026-03-16 19:42:33,Unverified or expired identity documents,HIGH
3546,3546,2025-11-30 15:13:44,AUTO_FINANCING,CLOSED,3,2025-12-14,2025-12-01 15:13:44,,LOW
3547,3547,2025-10-16 17:25:45,CREDIT_CARD_ISSUANCE,CLOSED,4,2025-10-30,2025-10-18 17:25:45,,LOW
3548,3548,2026-02-04 00:35:12,HIGH_YIELD_SAVINGS,OPEN,1,2026-02-18,,,LOW
3549,3549,2026-05-14 20:09:15,BENEFICIARY_DISBURSEMENT_SERVICES,CLOSED,2,2026-05-28,2026-05-17 20:09:15,,LOW
3550,3550,2026-01-16 08:08:22,SHORT_TERM_LIQUIDITY_MANAGEMENT,CLOSED,3,2026-01-30,2026-01-22 08:08:22,Unverified or expired identity documents,MEDIUM
3551,3551,2026-06-17 14:11:18,HIGH_YIELD_SAVINGS,OPEN,,2026-07-01,,,LOW
3552,3552,2026-02-24 08:37:28,ROBO_ADVISORY,CLOSED,5,2026-03-10,2026-03-02 08:37:28,,LOW
3553,3553,2026-06-22 06:00:29,CREDIT_CARD_ISSUANCE,CLOSED,5,2026-07-06,2026-06-26 06:00:29,,LOW
3554,3554,2025-12-21 00:40:33,CRYPTO_BROKERAGE,CLOSED,1,2026-01-04,2025-12-27 00:40:33,Unverified or expired identity documents,HIGH
3555,3555,2025-10-27 19:27:29,ESCROW_SERVICES,CLOSED,5,2025-11-10,2025-10-30 19:27:29,Unverified or expired identity documents,MEDIUM
3556,3556,2025-10-30 05:32:51,RETAIL_BANKING,CLOSED,3,2025-11-13,2025-11-05 05:32:51,,LOW
3557,3557,2026-04-30 15:52:55,MORTGAGE_ORIGINATION,CLOSED,2,2026-05-14,2026-05-03 15:52:55,,MEDIUM
3558,3558,2026-04-12 21:49:47,CROSS_BORDER_REMITTANCE,OPEN,1,2026-04-26,,,MEDIUM
3559,3559,2025-10-07 14:41:24,MERCHANT_ACQUIRING,CLOSED,3,2025-10-21,2025-10-10 14:41:24,,LOW
3560,3560,2026-03-30 10:42:34,ROBO_ADVISORY,CLOSED,4,2026-04-13,2026-04-02 10:42:34,,MEDIUM
3561,3561,2026-08-03 10:35:54,INSTITUTIONAL_CRYPTO_CUSTODY,CLOSED,3,2026-08-17,2026-08-09 10:35:54,,LOW
3562,3562,2025-11-10 02:40:04,PERSONAL_LOAN,CLOSED,2,2025-11-24,2025-11-14 02:40:04,,LOW
3563,3563,2026-02-10 08:10:47,ESCROW_SERVICES,IN_REVIEW,4,2026-02-24,,,LOW
3564,3564,2026-04-22 05:01:46,BESPOKE_PORTFOLIO_MANAGEMENT,CLOSED,5,2026-05-06,2026-04-27 05:01:46,,LOW
3565,3565,2025-11-04 23:03:27,COMMERCIAL_LENDING,IN_REVIEW,3,2025-11-18,,,LOW
3566,3566,2026-05-02 15:07:28,CROSS_BORDER_REMITTANCE,CLOSED,1,2026-05-16,2026-05-07 15:07:28,,LOW
3567,3567,2025-11-21 20:41:28,PERSONAL_LOAN,CLOSED,5,2025-12-05,2025-11-22 20:41:28,,LOW
3568,3568,2026-05-18 12:44:14,ASSET_PROTECTION_TRUSTS,CLOSED,2,2026-06-01,2026-05-21 12:44:14,,LOW
3569,3569,2026-07-17 06:22:55,ESTATE_PLANNING_SERVICES,CLOSED,3,2026-07-31,2026-07-21 06:22:55,,LOW
3570,3570,2026-08-06 12:54:21,COMMERCIAL_LENDING,CLOSED,4,2026-08-20,2026-08-09 12:54:21,,LOW
3571,3571,2026-01-30 22:31:22,TRADE_FINANCE_CREDIT_INSURANCE,CLOSED,5,2026-02-13,2026-01-31 22:31:22,High-risk sanctions/FATF jurisdiction,HIGH
3572,3572,2026-04-14 17:34:31,FX_HEDGING_SOLUTIONS,CLOSED,3,2026-04-28,2026-04-15 17:34:31,,HIGH
3573,3573,2026-04-11 15:28:19,CREDIT_CARD_ISSUANCE,IN_REVIEW,2,2026-04-25,,,LOW
3574,3574,2026-04-03 13:22:58,AUTO_FINANCING,CLOSED,3,2026-04-17,2026-04-06 13:22:58,Unverified or expired identity documents,HIGH
3575,3575,2026-08-03 08:55:56,SYNDICATED_LOANS,CLOSED,5,2026-08-17,2026-08-07 08:55:56,,LOW
3576,3576,2026-01-20 11:38:23,CORPORATE_ACCOUNT,CLOSED,1,2026-02-03,2026-01-26 11:38:23,,MEDIUM
3577,3577,2025-12-03 11:09:17,RETAIL_EQUITY_BROKERAGE,PENDING_DOCUMENTS,4,2025-12-17,,,LOW
3578,3578,2026-02-09 03:28:06,AUTO_FINANCING,CLOSED,1,2026-02-23,2026-02-14 03:28:06,,LOW
3579,3579,2025-10-07 00:23:12,CREDIT_CARD_ISSUANCE,CLOSED,3,2025-10-21,2025-10-13 00:23:12,,HIGH
3580,3580,2026-07-08 18:08:00,TERM_LIFE_INSURANCE,CLOSED,3,2026-07-22,2026-07-14 18:08:00,,LOW
3581,3581,2026-07-07 06:53:42,TERM_LIFE_INSURANCE,CLOSED,4,2026-07-21,2026-07-09 06:53:42,,LOW
3582,3582,2026-08-23 06:56:28,PERSONAL_LOAN,CLOSED,5,2026-09-06,2026-08-27 06:56:28,,LOW
3583,3583,2026-01-18 07:42:15,CRYPTO_BROKERAGE,CLOSED,4,2026-02-01,2026-01-20 07:42:15,High-risk sanctions/FATF jurisdiction,HIGH
3584,3584,2026-01-10 21:26:31,BENEFICIARY_DISBURSEMENT_SERVICES,CLOSED,3,2026-01-24,2026-01-14 21:26:31,,LOW
3585,3585,2026-01-14 12:52:46,COMPLIANCE_RESTRICTED_DEPOSIT_ACCOUNT,CLOSED,3,2026-01-28,2026-01-15 12:52:46,,LOW
3586,3586,2026-05-10 01:39:31,RETAIL_EQUITY_BROKERAGE,CLOSED,2,2026-05-24,2026-05-14 01:39:31,,LOW
3587,3587,2026-01-24 10:55:49,TERM_LIFE_INSURANCE,OPEN,,2026-02-07,,,MEDIUM
3588,3588,2026-03-31 16:47:10,CROSS_BORDER_REMITTANCE,IN_REVIEW,2,2026-04-14,,,LOW
3589,3589,2026-05-11 09:12:25,FX_HEDGING_SOLUTIONS,CLOSED,3,2026-05-25,2026-05-15 09:12:25,,LOW
3590,3590,2025-12-13 07:20:47,MORTGAGE_ORIGINATION,CLOSED,5,2025-12-27,2025-12-16 07:20:47,,LOW
3591,3591,2026-08-02 04:58:29,TERM_LIFE_INSURANCE,CLOSED,4,2026-08-16,2026-08-07 04:58:29,,LOW
3592,3592,2026-05-14 02:25:50,MORTGAGE_ORIGINATION,PENDING_DOCUMENTS,1,2026-05-28,,,LOW
3593,3593,2026-05-26 09:51:27,PAYROLL_SERVICES,CLOSED,2,2026-06-09,2026-05-30 09:51:27,,MEDIUM
3594,3594,2025-12-17 09:34:00,CREDIT_CARD_ISSUANCE,CLOSED,5,2025-12-31,2025-12-21 09:34:00,,LOW
3595,3595,2026-03-25 07:56:01,TERM_LIFE_INSURANCE,CLOSED,5,2026-04-08,2026-03-31 07:56:01,High-risk sanctions/FATF jurisdiction,HIGH
3596,3596,2026-04-22 15:22:57,PERSONAL_LOAN,CLOSED,3,2026-05-06,2026-04-27 15:22:57,,LOW
3597,3597,2026-06-21 16:05:37,CREDIT_CARD_ISSUANCE,CLOSED,2,2026-07-05,2026-06-23 16:05:37,,LOW
3598,3598,2025-12-16 10:58:26,MORTGAGE_ORIGINATION,OPEN,5,2025-12-30,,,LOW
3599,3599,2026-07-21 08:08:52,MORTGAGE_ORIGINATION,CLOSED,2,2026-08-04,2026-07-24 08:08:52,,LOW
3600,3600,2025-11-04 23:49:46,TAX_OPTIMIZED_INVESTING,CLOSED,4,2025-11-18,2025-11-05 23:49:46,,LOW
3601,3601,2026-07-19 09:17:39,SHORT_TERM_LIQUIDITY_MANAGEMENT,CLOSED,1,2026-08-02,2026-07-20 09:17:39,Unverified or expired identity documents,LOW
3602,3602,2026-07-29 15:32:32,BUY_NOW_PAY_LATER,PENDING_DOCUMENTS,,2026-08-12,,,MEDIUM
3603,3603,2026-03-21 08:08:09,PAC_TREASURY_MANAGEMENT,CLOSED,1,2026-04-04,2026-03-25 08:08:09,Unverified or expired identity documents,LOW
3604,3604,2026-03-09 20:10:40,RETAIL_EQUITY_BROKERAGE,CLOSED,5,2026-03-23,2026-03-11 20:10:40,,MEDIUM
3605,3605,2026-03-25 06:33:23,TREASURY_MANAGEMENT,CLOSED,2,2026-04-08,2026-03-31 06:33:23,,LOW
3606,3606,2025-12-14 23:08:59,DIRECT_INDEXING,OPEN,4,2025-12-28,,,MEDIUM
3607,3607,2025-12-13 14:15:05,INSTITUTIONAL_CRYPTO_CUSTODY,CLOSED,5,2025-12-27,2025-12-16 14:15:05,Unverified or expired identity documents,MEDIUM
3608,3608,2026-03-03 05:11:57,INSTITUTIONAL_CRYPTO_CUSTODY,CLOSED,3,2026-03-17,2026-03-07 05:11:57,,LOW
3609,3609,2025-12-09 02:08:30,SYNDICATED_LOANS,OPEN,,2025-12-23,,,LOW
3610,3610,2026-08-09 15:02:51,CROSS_BORDER_REMITTANCE,CLOSED,2,2026-08-23,2026-08-11 15:02:51,,MEDIUM
3611,3611,2026-02-25 14:30:10,TRADE_FINANCE_CREDIT_INSURANCE,CLOSED,1,2026-03-11,2026-03-02 14:30:10,,LOW
3612,3612,2026-05-25 12:21:04,CROSS_BORDER_REMITTANCE,CLOSED,2,2026-06-08,2026-05-27 12:21:04,High-risk sanctions/FATF jurisdiction,HIGH
3613,3613,2025-11-12 03:14:48,PERSONAL_LOAN,CLOSED,2,2025-11-26,2025-11-17 03:14:48,,LOW
3614,3614,2025-12-01 02:06:33,TERM_LIFE_INSURANCE,CLOSED,4,2025-12-15,2025-12-03 02:06:33,,LOW
3615,3615,2026-05-21 03:17:57,TREASURY_MANAGEMENT,CLOSED,1,2026-06-04,2026-05-27 03:17:57,Unverified or expired identity documents,LOW
3616,3616,2026-06-30 04:36:48,HIGH_YIELD_SAVINGS,CLOSED,4,2026-07-14,2026-07-03 04:36:48,,MEDIUM
3617,3617,2026-03-07 02:48:41,AUTO_FINANCING,CLOSED,2,2026-03-21,2026-03-12 02:48:41,,LOW
3618,3618,2026-03-10 00:11:07,RETAIL_BANKING,IN_REVIEW,2,2026-03-24,,,MEDIUM
3619,3619,2026-02-27 11:59:47,POLITICAL_DONATION_PROCESSING,IN_REVIEW,4,2026-03-13,,,LOW
3620,3620,2026-06-14 18:38:19,HIGH_YIELD_SAVINGS,CLOSED,3,2026-06-28,2026-06-18 18:38:19,,LOW
3621,3621,2026-08-20 18:57:55,PERSONAL_LOAN,CLOSED,1,2026-09-03,2026-08-23 18:57:55,Unverified or expired identity documents,MEDIUM
3622,3622,2026-05-26 04:11:28,TREASURY_MANAGEMENT,CLOSED,1,2026-06-09,2026-05-29 04:11:28,,LOW
3623,3623,2025-08-28 00:25:38,PAYROLL_SERVICES,CLOSED,1,2025-09-11,2025-08-29 00:25:38,,LOW
3624,3624,2026-04-26 15:41:07,CRYPTO_BROKERAGE,CLOSED,3,2026-05-10,2026-04-27 15:41:07,Unverified or expired identity documents,LOW
3625,3625,2026-04-24 04:49:29,LETTER_OF_CREDIT,CLOSED,2,2026-05-08,2026-04-29 04:49:29,,MEDIUM
3626,3626,2026-04-12 14:02:14,ROBO_ADVISORY,CLOSED,2,2026-04-26,2026-04-13 14:02:14,,MEDIUM
3627,3627,2026-02-28 19:56:59,BESPOKE_PORTFOLIO_MANAGEMENT,CLOSED,3,2026-03-14,2026-03-02 19:56:59,,LOW
3628,3628,2025-10-14 15:33:11,ROBO_ADVISORY,CLOSED,5,2025-10-28,2025-10-20 15:33:11,,LOW
3629,3629,2025-12-14 15:13:36,ESCROW_SERVICES,CLOSED,3,2025-12-28,2025-12-15 15:13:36,Unverified or expired identity documents,HIGH
3630,3630,2026-04-29 19:46:19,CRYPTO_BROKERAGE,CLOSED,4,2026-05-13,2026-05-04 19:46:19,Unverified or expired identity documents,LOW
3631,3631,2026-05-28 07:28:45,CREDIT_CARD_ISSUANCE,CLOSED,2,2026-06-11,2026-05-29 07:28:45,,MEDIUM
3632,3632,2025-09-12 15:31:14,CREDIT_CARD_ISSUANCE,CLOSED,1,2025-09-26,2025-09-17 15:31:14,,LOW
3633,3633,2026-04-20 06:02:54,PERSONAL_LOAN,CLOSED,1,2026-05-04,2026-04-24 06:02:54,,HIGH
3634,3634,2026-05-07 07:51:29,PERSONAL_LOAN,CLOSED,5,2026-05-21,2026-05-11 07:51:29,,LOW
3635,3635,2026-01-13 22:58:00,CRYPTO_BROKERAGE,CLOSED,2,2026-01-27,2026-01-14 22:58:00,,MEDIUM
3636,3636,2025-08-31 16:28:13,RETAIL_BANKING,CLOSED,3,2025-09-14,2025-09-02 16:28:13,,HIGH
3637,3637,2026-03-29 11:37:37,HIGH_YIELD_SAVINGS,CLOSED,2,2026-04-12,2026-03-31 11:37:37,,HIGH
3638,3638,2026-05-22 04:21:29,CRYPTO_BROKERAGE,IN_REVIEW,,2026-06-05,,,MEDIUM
3639,3639,2026-05-02 01:59:35,CORPORATE_ACCOUNT,OPEN,3,2026-05-16,,,LOW
3640,3640,2026-06-11 18:03:14,RETAIL_BANKING,CLOSED,3,2026-06-25,2026-06-15 18:03:14,,LOW
3641,3641,2026-08-09 13:32:19,ROBO_ADVISORY,CLOSED,4,2026-08-23,2026-08-14 13:32:19,,LOW
3642,3642,2026-01-23 11:20:32,AUTO_FINANCING,CLOSED,4,2026-02-06,2026-01-27 11:20:32,,LOW
3643,3643,2025-09-05 09:13:31,BUY_NOW_PAY_LATER,CLOSED,3,2025-09-19,2025-09-06 09:13:31,,HIGH
3644,3644,2026-07-15 11:14:20,CROSS_BORDER_REMITTANCE,PENDING_DOCUMENTS,,2026-07-29,,,LOW
3645,3645,2026-06-20 04:35:09,SYNDICATED_LOANS,CLOSED,1,2026-07-04,2026-06-24 04:35:09,,LOW
3646,3646,2025-11-17 08:51:10,ROBO_ADVISORY,IN_REVIEW,,2025-12-01,,,LOW
3647,3647,2025-12-18 03:25:16,CROSS_BORDER_REMITTANCE,PENDING_DOCUMENTS,5,2026-01-01,,,LOW
3648,3648,2026-07-31 10:12:24,CRYPTO_BROKERAGE,CLOSED,1,2026-08-14,2026-08-06 10:12:24,,LOW
3649,3649,2026-02-20 17:27:06,LIQUIDITY_MANAGEMENT,OPEN,5,2026-03-06,,,LOW
3650,3650,2026-01-22 03:13:00,SYNDICATED_LOANS,CLOSED,2,2026-02-05,2026-01-25 03:13:00,,LOW
3651,3651,2026-07-05 03:07:04,PERSONAL_LOAN,CLOSED,1,2026-07-19,2026-07-07 03:07:04,,HIGH
3652,3652,2025-12-25 20:07:40,TERM_LIFE_INSURANCE,CLOSED,4,2026-01-08,2025-12-29 20:07:40,,LOW
3653,3653,2025-11-15 19:55:33,CRYPTO_BROKERAGE,CLOSED,1,2025-11-29,2025-11-18 19:55:33,,LOW
3654,3654,2025-11-22 03:43:44,PERSONAL_LOAN,CLOSED,5,2025-12-06,2025-11-26 03:43:44,,LOW
3655,3655,2026-06-25 13:58:27,TRUSTEE_ADMINISTRATION,CLOSED,4,2026-07-09,2026-06-27 13:58:27,,HIGH
3656,3656,2026-02-13 00:30:41,AUTO_FINANCING,CLOSED,3,2026-02-27,2026-02-19 00:30:41,,LOW
3657,3657,2025-12-17 15:07:05,CRYPTO_BROKERAGE,CLOSED,4,2025-12-31,2025-12-22 15:07:05,,LOW
3658,3658,2026-01-21 17:32:21,CRYPTO_BROKERAGE,CLOSED,3,2026-02-04,2026-01-24 17:32:21,,LOW
3659,3659,2026-05-07 22:25:01,RETAIL_BANKING,CLOSED,4,2026-05-21,2026-05-10 22:25:01,,LOW
3660,3660,2025-12-03 00:51:37,RETAIL_BANKING,CLOSED,2,2025-12-17,2025-12-05 00:51:37,,LOW
3661,3661,2026-08-13 17:15:40,CROSS_BORDER_REMITTANCE,CLOSED,2,2026-08-27,2026-08-18 17:15:40,,LOW
3662,3662,2026-07-27 02:51:49,MORTGAGE_ORIGINATION,IN_REVIEW,1,2026-08-10,,,LOW
3663,3663,2025-09-07 16:49:28,CROSS_BORDER_REMITTANCE,CLOSED,2,2025-09-21,2025-09-08 16:49:28,,MEDIUM
3664,3664,2026-01-16 20:44:45,ASSET_PROTECTION_TRUSTS,CLOSED,1,2026-01-30,2026-01-20 20:44:45,,LOW
3665,3665,2025-08-31 14:48:32,FX_HEDGING_SOLUTIONS,CLOSED,2,2025-09-14,2025-09-03 14:48:32,,MEDIUM
3666,3666,2025-09-25 20:14:43,CREDIT_CARD_ISSUANCE,CLOSED,5,2025-10-09,2025-09-27 20:14:43,,LOW
3667,3667,2026-03-02 05:01:30,CRYPTO_BROKERAGE,CLOSED,3,2026-03-16,2026-03-05 05:01:30,Unverified or expired identity documents,HIGH
3668,3668,2025-09-08 21:41:18,CRYPTO_BROKERAGE,CLOSED,2,2025-09-22,2025-09-14 21:41:18,,LOW
3669,3669,2026-04-26 16:42:53,LIQUIDITY_MANAGEMENT,CLOSED,1,2026-05-10,2026-04-28 16:42:53,,LOW
3670,3670,2025-12-28 19:42:44,ROBO_ADVISORY,CLOSED,2,2026-01-11,2026-01-03 19:42:44,,LOW
3671,3671,2026-01-06 00:30:51,CRYPTO_BROKERAGE,CLOSED,2,2026-01-20,2026-01-09 00:30:51,,MEDIUM
3672,3672,2026-07-09 14:10:31,BUY_NOW_PAY_LATER,CLOSED,1,2026-07-23,2026-07-14 14:10:31,,LOW
3673,3673,2026-04-22 15:42:15,CROSS_BORDER_REMITTANCE,CLOSED,1,2026-05-06,2026-04-25 15:42:15,,HIGH
3674,3674,2026-03-31 23:34:02,PERSONAL_LOAN,CLOSED,3,2026-04-14,2026-04-06 23:34:02,,MEDIUM
3675,3675,2026-04-24 00:02:33,RETAIL_EQUITY_BROKERAGE,CLOSED,1,2026-05-08,2026-04-26 00:02:33,,LOW
3676,3676,2026-03-26 03:35:57,MORTGAGE_ORIGINATION,CLOSED,3,2026-04-09,2026-03-28 03:35:57,,LOW
3677,3677,2026-03-31 03:25:48,MORTGAGE_ORIGINATION,CLOSED,1,2026-04-14,2026-04-02 03:25:48,,LOW
3678,3678,2025-11-19 00:22:12,MORTGAGE_ORIGINATION,CLOSED,3,2025-12-03,2025-11-23 00:22:12,,LOW
3679,3679,2026-08-20 16:53:49,ROBO_ADVISORY,CLOSED,2,2026-09-03,2026-08-26 16:53:49,,HIGH
3680,3680,2026-02-20 08:21:05,RETAIL_BANKING,CLOSED,5,2026-03-06,2026-02-21 08:21:05,,LOW
3681,3681,2025-12-06 04:33:38,BUY_NOW_PAY_LATER,CLOSED,5,2025-12-20,2025-12-09 04:33:38,,LOW
3682,3682,2026-08-24 12:51:48,PRIVATE_EQUITY_FEEDER,CLOSED,1,2026-09-07,2026-08-30 12:51:48,,LOW
3683,3683,2025-09-11 08:46:30,TRADE_FINANCE_CREDIT_INSURANCE,CLOSED,1,2025-09-25,2025-09-15 08:46:30,,LOW
3684,3684,2026-04-03 13:01:39,CREDIT_CARD_ISSUANCE,CLOSED,3,2026-04-17,2026-04-04 13:01:39,,LOW
3685,3685,2025-12-15 22:10:28,CREDIT_CARD_ISSUANCE,OPEN,,2025-12-29,,,LOW
3686,3686,2026-05-16 18:03:07,CREDIT_CARD_ISSUANCE,OPEN,,2026-05-30,,,LOW
3687,3687,2025-10-10 19:51:41,MORTGAGE_ORIGINATION,CLOSED,2,2025-10-24,2025-10-12 19:51:41,,LOW
3688,3688,2026-03-17 19:15:10,RETAIL_BANKING,CLOSED,1,2026-03-31,2026-03-19 19:15:10,Unverified or expired identity documents,HIGH
3689,3689,2025-12-25 13:59:20,MORTGAGE_ORIGINATION,OPEN,,2026-01-08,,,MEDIUM
3690,3690,2025-12-08 01:45:48,TRADE_FINANCE_CREDIT_INSURANCE,CLOSED,2,2025-12-22,2025-12-10 01:45:48,Unverified or expired identity documents,HIGH
3691,3691,2026-01-14 03:45:25,LIQUIDITY_MANAGEMENT,CLOSED,1,2026-01-28,2026-01-20 03:45:25,,MEDIUM
3692,3692,2026-03-03 15:27:15,ROBO_ADVISORY,IN_REVIEW,1,2026-03-17,,,LOW
3693,3693,2025-12-29 03:06:14,TERM_LIFE_INSURANCE,CLOSED,2,2026-01-12,2026-01-01 03:06:14,,LOW
3694,3694,2026-01-07 11:55:50,MORTGAGE_ORIGINATION,PENDING_DOCUMENTS,2,2026-01-21,,,HIGH
3695,3695,2026-03-18 03:03:07,MORTGAGE_ORIGINATION,CLOSED,4,2026-04-01,2026-03-20 03:03:07,,MEDIUM
3696,3696,2026-08-23 18:43:04,RETAIL_EQUITY_BROKERAGE,CLOSED,1,2026-09-06,2026-08-25 18:43:04,,LOW
3697,3697,2025-09-11 11:23:39,INSTITUTIONAL_CRYPTO_CUSTODY,OPEN,5,2025-09-25,,,LOW
3698,3698,2026-04-29 21:35:45,CROSS_BORDER_REMITTANCE,CLOSED,1,2026-05-13,2026-05-03 21:35:45,,MEDIUM
3699,3699,2026-04-25 15:40:39,CORPORATE_ACCOUNT,CLOSED,2,2026-05-09,2026-04-28 15:40:39,,LOW
3700,3700,2025-11-11 09:23:06,TRADE_FINANCE_CREDIT_INSURANCE,OPEN,4,2025-11-25,,,LOW
3701,3701,2026-03-06 11:37:23,CRYPTO_BROKERAGE,CLOSED,1,2026-03-20,2026-03-11 11:37:23,,LOW
3702,3702,2025-11-17 00:24:24,RETAIL_EQUITY_BROKERAGE,CLOSED,3,2025-12-01,2025-11-23 00:24:24,Unverified or expired identity documents,LOW
3703,3703,2025-09-16 21:14:46,CREDIT_CARD_ISSUANCE,CLOSED,4,2025-09-30,2025-09-22 21:14:46,,LOW
3704,3704,2026-03-29 03:24:42,CREDIT_CARD_ISSUANCE,OPEN,,2026-04-12,,,MEDIUM
3705,3705,2025-11-18 15:57:04,PERSONAL_LOAN,CLOSED,5,2025-12-02,2025-11-24 15:57:04,,LOW
3706,3706,2026-01-02 19:16:31,CROSS_BORDER_REMITTANCE,CLOSED,3,2026-01-16,2026-01-07 19:16:31,,LOW
3707,3707,2026-01-06 21:21:28,GOVERNMENT_RELATIONS_ESCROW,CLOSED,2,2026-01-20,2026-01-10 21:21:28,Unverified or expired identity documents,LOW
3708,3708,2026-05-04 06:44:21,RETAIL_BANKING,CLOSED,1,2026-05-18,2026-05-05 06:44:21,,LOW
3709,3709,2026-07-19 00:55:21,MORTGAGE_ORIGINATION,IN_REVIEW,,2026-08-02,,,LOW
3710,3710,2025-10-31 02:51:58,RETAIL_BANKING,CLOSED,3,2025-11-14,2025-11-06 02:51:58,Unverified or expired identity documents,HIGH
3711,3711,2026-02-18 10:26:10,CRYPTO_BROKERAGE,CLOSED,5,2026-03-04,2026-02-23 10:26:10,,LOW
3712,3712,2026-06-13 10:22:06,CROSS_BORDER_REMITTANCE,CLOSED,5,2026-06-27,2026-06-16 10:22:06,,LOW
3713,3713,2026-08-12 13:30:17,COMMERCIAL_LENDING,CLOSED,2,2026-08-26,2026-08-14 13:30:17,,LOW
3714,3714,2026-06-29 11:03:18,SYNDICATED_LOANS,CLOSED,3,2026-07-13,2026-07-01 11:03:18,,MEDIUM
3715,3715,2025-12-06 23:23:31,AUTO_FINANCING,CLOSED,1,2025-12-20,2025-12-09 23:23:31,Unverified or expired identity documents,HIGH
3716,3716,2025-11-14 16:13:03,COMPLIANCE_RESTRICTED_DEPOSIT_ACCOUNT,CLOSED,2,2025-11-28,2025-11-18 16:13:03,Unverified or expired identity documents,MEDIUM
3717,3717,2025-11-22 08:37:53,CROSS_BORDER_REMITTANCE,CLOSED,2,2025-12-06,2025-11-24 08:37:53,,LOW
3718,3718,2026-03-18 08:12:22,TRUSTEE_ADMINISTRATION,CLOSED,2,2026-04-01,2026-03-20 08:12:22,,MEDIUM
3719,3719,2025-09-02 09:31:53,RETAIL_EQUITY_BROKERAGE,CLOSED,3,2025-09-16,2025-09-07 09:31:53,High-risk sanctions/FATF jurisdiction,HIGH
3720,3720,2025-10-17 14:08:04,WEALTH_MANAGEMENT,CLOSED,5,2025-10-31,2025-10-20 14:08:04,,LOW
3721,3721,2026-07-26 18:31:51,PERSONAL_LOAN,OPEN,1,2026-08-09,,,MEDIUM
3722,3722,2025-12-18 14:17:50,RETAIL_EQUITY_BROKERAGE,OPEN,,2026-01-01,,,LOW
3723,3723,2026-05-19 18:29:55,LIQUIDITY_MANAGEMENT,CLOSED,3,2026-06-02,2026-05-24 18:29:55,,LOW
3724,3724,2025-09-21 17:19:25,CROSS_BORDER_REMITTANCE,CLOSED,2,2025-10-05,2025-09-26 17:19:25,,LOW
3725,3725,2025-10-14 04:49:41,ROBO_ADVISORY,CLOSED,2,2025-10-28,2025-10-18 04:49:41,Unverified or expired identity documents,HIGH
3726,3726,2026-06-09 01:09:20,CRYPTO_BROKERAGE,IN_REVIEW,3,2026-06-23,,,LOW
3727,3727,2025-12-11 08:31:30,HIGH_YIELD_SAVINGS,CLOSED,3,2025-12-25,2025-12-16 08:31:30,,MEDIUM
3728,3728,2026-04-19 01:57:14,CRYPTO_BROKERAGE,OPEN,3,2026-05-03,,,LOW
3729,3729,2026-04-07 05:42:49,MORTGAGE_ORIGINATION,CLOSED,3,2026-04-21,2026-04-11 05:42:49,,LOW
3730,3730,2026-04-18 09:59:45,CROSS_BORDER_REMITTANCE,CLOSED,3,2026-05-02,2026-04-24 09:59:45,,LOW
3731,3731,2025-09-08 14:12:50,MERCHANT_ACQUIRING,CLOSED,4,2025-09-22,2025-09-10 14:12:50,Unverified or expired identity documents,LOW
3732,3732,2026-03-23 13:44:11,BUY_NOW_PAY_LATER,CLOSED,2,2026-04-06,2026-03-24 13:44:11,,LOW
3733,3733,2026-05-25 21:36:58,RETAIL_BANKING,CLOSED,5,2026-06-08,2026-05-30 21:36:58,,LOW
3734,3734,2025-11-19 10:05:43,PAC_TREASURY_MANAGEMENT,CLOSED,2,2025-12-03,2025-11-21 10:05:43,Adverse media and PEP screening threshold exceeded,LOW
3735,3735,2026-05-07 19:48:40,CRYPTO_BROKERAGE,CLOSED,1,2026-05-21,2026-05-10 19:48:40,,LOW
3736,3736,2025-12-25 04:19:59,HIGH_YIELD_SAVINGS,CLOSED,1,2026-01-08,2025-12-31 04:19:59,,LOW
3737,3737,2025-08-27 18:26:27,CROSS_BORDER_REMITTANCE,CLOSED,1,2025-09-10,2025-08-30 18:26:27,,LOW
3738,3738,2026-07-23 15:49:45,CREDIT_CARD_ISSUANCE,CLOSED,3,2026-08-06,2026-07-28 15:49:45,,MEDIUM
3739,3739,2025-09-26 03:45:43,MERCHANT_ACQUIRING,OPEN,5,2025-10-10,,,HIGH
3740,3740,2025-11-05 09:13:47,CRYPTO_BROKERAGE,CLOSED,1,2025-11-19,2025-11-06 09:13:47,,LOW
3741,3741,2026-08-01 04:52:28,RETAIL_BANKING,CLOSED,5,2026-08-15,2026-08-06 04:52:28,Unverified or expired identity documents,MEDIUM
3742,3742,2025-12-08 22:33:11,ESTATE_PLANNING_SERVICES,OPEN,,2025-12-22,,,LOW
3743,3743,2026-02-05 23:55:28,RETAIL_BANKING,IN_REVIEW,,2026-02-19,,,LOW
3744,3744,2025-12-02 20:10:47,ROBO_ADVISORY,CLOSED,5,2025-12-16,2025-12-07 20:10:47,,MEDIUM
3745,3745,2025-09-26 12:08:00,RETAIL_EQUITY_BROKERAGE,CLOSED,2,2025-10-10,2025-09-29 12:08:00,,MEDIUM
3746,3746,2026-01-28 22:35:04,CROSS_BORDER_REMITTANCE,CLOSED,3,2026-02-11,2026-02-01 22:35:04,,LOW
3747,3747,2026-08-08 08:27:22,AUTO_FINANCING,CLOSED,2,2026-08-22,2026-08-10 08:27:22,,HIGH
3748,3748,2025-10-20 09:17:39,HIGH_VOLUME_MERCHANT_GATEWAY,CLOSED,2,2025-11-03,2025-10-26 09:17:39,,LOW
3749,3749,2025-11-16 09:49:32,WEALTH_MANAGEMENT,CLOSED,2,2025-11-30,2025-11-18 09:49:32,,LOW
3750,3750,2026-03-25 04:15:26,CRYPTO_BROKERAGE,CLOSED,3,2026-04-08,2026-03-27 04:15:26,,MEDIUM
3751,3751,2025-12-01 03:39:35,ROBO_ADVISORY,CLOSED,3,2025-12-15,2025-12-07 03:39:35,,LOW
3752,3752,2026-01-25 01:18:35,CRYPTO_BROKERAGE,CLOSED,1,2026-02-08,2026-01-29 01:18:35,,LOW
3753,3753,2026-05-06 17:45:38,CROSS_BORDER_REMITTANCE,IN_REVIEW,5,2026-05-20,,,LOW
3754,3754,2025-10-14 16:52:21,ESTATE_PLANNING_SERVICES,CLOSED,1,2025-10-28,2025-10-20 16:52:21,,LOW
3755,3755,2026-03-21 23:21:44,RETAIL_BANKING,CLOSED,5,2026-04-04,2026-03-22 23:21:44,Adverse media and PEP screening threshold exceeded,MEDIUM
3756,3756,2026-01-10 20:19:15,DIRECT_INDEXING,CLOSED,4,2026-01-24,2026-01-11 20:19:15,,LOW
3757,3757,2025-08-26 16:18:06,WEALTH_MANAGEMENT,CLOSED,1,2025-09-09,2025-08-27 16:18:06,,LOW
3758,3758,2025-11-11 06:13:50,RETAIL_EQUITY_BROKERAGE,OPEN,,2025-11-25,,,LOW
3759,3759,2026-07-09 23:16:42,CORPORATE_ACCOUNT,CLOSED,3,2026-07-23,2026-07-15 23:16:42,,MEDIUM
3760,3760,2026-03-24 07:14:50,SYNDICATED_LOANS,CLOSED,2,2026-04-07,2026-03-29 07:14:50,,MEDIUM
3761,3761,2026-05-15 19:21:17,CREDIT_CARD_ISSUANCE,CLOSED,5,2026-05-29,2026-05-21 19:21:17,,LOW
3762,3762,2025-10-25 04:55:47,CORPORATE_ACCOUNT,CLOSED,5,2025-11-08,2025-10-30 04:55:47,,LOW
3763,3763,2026-04-22 03:55:20,BUY_NOW_PAY_LATER,CLOSED,2,2026-05-06,2026-04-26 03:55:20,,LOW
3764,3764,2026-03-07 05:04:29,BUY_NOW_PAY_LATER,CLOSED,5,2026-03-21,2026-03-12 05:04:29,,LOW
3765,3765,2026-02-27 23:24:04,PAC_TREASURY_MANAGEMENT,CLOSED,4,2026-03-13,2026-03-05 23:24:04,,LOW
3766,3766,2025-10-11 10:28:54,CREDIT_CARD_ISSUANCE,CLOSED,5,2025-10-25,2025-10-15 10:28:54,,LOW
3767,3767,2026-03-09 18:00:53,TAX_OPTIMIZED_INVESTING,CLOSED,2,2026-03-23,2026-03-13 18:00:53,,LOW
3768,3768,2026-01-25 06:45:47,TERM_LIFE_INSURANCE,CLOSED,2,2026-02-08,2026-01-27 06:45:47,,LOW
3769,3769,2026-06-22 23:05:04,HIGH_YIELD_SAVINGS,CLOSED,5,2026-07-06,2026-06-24 23:05:04,,LOW
3770,3770,2026-07-28 13:44:32,ROBO_ADVISORY,CLOSED,3,2026-08-11,2026-07-30 13:44:32,,LOW
3771,3771,2026-05-04 12:55:40,LETTER_OF_CREDIT,CLOSED,5,2026-05-18,2026-05-08 12:55:40,,LOW
3772,3772,2025-09-26 08:56:54,ROBO_ADVISORY,IN_REVIEW,4,2025-10-10,,,LOW
3773,3773,2025-11-23 18:40:42,PRIVATE_EQUITY_FEEDER,CLOSED,2,2025-12-07,2025-11-24 18:40:42,,MEDIUM
3774,3774,2026-04-11 17:10:19,HIGH_YIELD_SAVINGS,IN_REVIEW,2,2026-04-25,,,LOW
3775,3775,2026-03-11 21:29:18,TAX_OPTIMIZED_INVESTING,CLOSED,1,2026-03-25,2026-03-15 21:29:18,,LOW
3776,3776,2026-05-18 07:00:08,RETAIL_EQUITY_BROKERAGE,PENDING_DOCUMENTS,5,2026-06-01,,,LOW
3777,3777,2025-09-05 04:06:49,LIQUIDITY_MANAGEMENT,CLOSED,4,2025-09-19,2025-09-07 04:06:49,,LOW
3778,3778,2025-12-24 23:02:26,PERSONAL_LOAN,CLOSED,4,2026-01-07,2025-12-28 23:02:26,,LOW
3779,3779,2025-10-02 19:55:02,PERSONAL_LOAN,CLOSED,2,2025-10-16,2025-10-07 19:55:02,,LOW
3780,3780,2025-11-21 04:23:30,ROBO_ADVISORY,IN_REVIEW,,2025-12-05,,,LOW
3781,3781,2026-07-03 08:49:34,CRYPTO_BROKERAGE,CLOSED,5,2026-07-17,2026-07-08 08:49:34,,HIGH
3782,3782,2025-11-14 06:31:10,AUTO_FINANCING,CLOSED,2,2025-11-28,2025-11-19 06:31:10,,LOW
3783,3783,2025-12-06 03:51:09,AUTO_FINANCING,CLOSED,4,2025-12-20,2025-12-12 03:51:09,,LOW
3784,3784,2026-04-03 06:54:49,DISBURSEMENT_PAYROLL_SERVICES,CLOSED,3,2026-04-17,2026-04-09 06:54:49,,LOW
3785,3785,2025-10-19 16:22:14,HIGH_YIELD_SAVINGS,CLOSED,5,2025-11-02,2025-10-22 16:22:14,,LOW
3786,3786,2025-10-08 00:49:14,ROBO_ADVISORY,OPEN,,2025-10-22,,,MEDIUM
3787,3787,2026-04-11 19:51:44,ROBO_ADVISORY,CLOSED,5,2026-04-25,2026-04-16 19:51:44,,MEDIUM
3788,3788,2026-05-10 20:52:46,PERSONAL_LOAN,CLOSED,3,2026-05-24,2026-05-15 20:52:46,,LOW
3789,3789,2026-08-21 18:21:05,HIGH_YIELD_SAVINGS,CLOSED,4,2026-09-04,2026-08-24 18:21:05,,LOW
3790,3790,2025-12-24 14:47:31,ROBO_ADVISORY,CLOSED,1,2026-01-07,2025-12-28 14:47:31,,LOW
3791,3791,2025-10-15 22:24:45,BUY_NOW_PAY_LATER,PENDING_DOCUMENTS,2,2025-10-29,,,LOW
3792,3792,2026-07-23 11:53:14,PERSONAL_LOAN,CLOSED,3,2026-08-06,2026-07-26 11:53:14,,LOW
3793,3793,2025-11-01 04:10:51,CREDIT_CARD_ISSUANCE,CLOSED,1,2025-11-15,2025-11-04 04:10:51,,MEDIUM
3794,3794,2025-12-14 07:48:34,RETAIL_BANKING,CLOSED,2,2025-12-28,2025-12-18 07:48:34,,LOW
3795,3795,2026-07-02 19:35:53,CREDIT_CARD_ISSUANCE,CLOSED,1,2026-07-16,2026-07-07 19:35:53,,HIGH
3796,3796,2026-01-11 03:14:44,MORTGAGE_ORIGINATION,CLOSED,5,2026-01-25,2026-01-12 03:14:44,Unverified or expired identity documents,HIGH
3797,3797,2026-01-18 08:34:53,ROBO_ADVISORY,CLOSED,1,2026-02-01,2026-01-21 08:34:53,,MEDIUM
3798,3798,2026-07-27 21:40:18,PAYROLL_SERVICES,CLOSED,5,2026-08-10,2026-07-29 21:40:18,,HIGH
3799,3799,2025-11-18 11:15:43,BUY_NOW_PAY_LATER,CLOSED,5,2025-12-02,2025-11-21 11:15:43,,MEDIUM
3800,3800,2025-10-01 05:15:14,CORPORATE_ACCOUNT,CLOSED,4,2025-10-15,2025-10-04 05:15:14,,LOW
3801,3801,2025-11-23 11:33:00,BUY_NOW_PAY_LATER,CLOSED,3,2025-12-07,2025-11-29 11:33:00,,MEDIUM
3802,3802,2026-07-30 15:26:22,LETTER_OF_CREDIT,CLOSED,5,2026-08-13,2026-08-04 15:26:22,Unverified or expired identity documents,MEDIUM
3803,3803,2026-04-16 21:04:13,FIDUCIARY_CUSTODY_ACCOUNT,CLOSED,4,2026-04-30,2026-04-19 21:04:13,,LOW
3804,3804,2026-01-10 08:44:18,CORPORATE_CREDIT_CARD,CLOSED,2,2026-01-24,2026-01-14 08:44:18,,MEDIUM
3805,3805,2026-05-29 14:04:12,CROSS_BORDER_REMITTANCE,CLOSED,5,2026-06-12,2026-06-02 14:04:12,,LOW
3806,3806,2025-12-08 17:54:24,COMMERCIAL_LENDING,CLOSED,5,2025-12-22,2025-12-12 17:54:24,,MEDIUM
3807,3807,2025-10-03 08:08:21,PRIVATE_EQUITY_FEEDER,CLOSED,1,2025-10-17,2025-10-04 08:08:21,,MEDIUM
3808,3808,2026-07-14 15:50:41,AUTO_FINANCING,CLOSED,1,2026-07-28,2026-07-16 15:50:41,,LOW
3809,3809,2026-02-09 08:01:02,RETAIL_BANKING,CLOSED,5,2026-02-23,2026-02-14 08:01:02,,LOW
3810,3810,2025-09-29 17:15:41,BUY_NOW_PAY_LATER,CLOSED,4,2025-10-13,2025-10-04 17:15:41,,LOW
3811,3811,2026-02-15 08:23:28,CREDIT_CARD_ISSUANCE,CLOSED,4,2026-03-01,2026-02-17 08:23:28,Unverified or expired identity documents,LOW
3812,3812,2026-06-10 00:32:58,CREDIT_CARD_ISSUANCE,PENDING_DOCUMENTS,4,2026-06-24,,,MEDIUM
3813,3813,2026-06-06 18:46:14,MORTGAGE_ORIGINATION,CLOSED,3,2026-06-20,2026-06-08 18:46:14,,LOW
3814,3814,2026-01-19 16:17:45,RETAIL_BANKING,OPEN,4,2026-02-02,,,MEDIUM
3815,3815,2025-12-22 17:03:26,CRYPTO_BROKERAGE,CLOSED,3,2026-01-05,2025-12-25 17:03:26,,LOW
3816,3816,2026-04-14 04:29:07,TREASURY_MANAGEMENT,CLOSED,3,2026-04-28,2026-04-16 04:29:07,High-risk sanctions/FATF jurisdiction,HIGH
3817,3817,2025-08-28 17:43:33,ROBO_ADVISORY,PENDING_DOCUMENTS,1,2025-09-11,,,LOW
3818,3818,2026-04-13 17:43:44,CROSS_BORDER_REMITTANCE,CLOSED,3,2026-04-27,2026-04-16 17:43:44,,LOW
3819,3819,2025-11-12 18:45:26,CROSS_BORDER_REMITTANCE,IN_REVIEW,,2025-11-26,,,LOW
3820,3820,2025-12-24 12:52:44,ESTATE_PLANNING_SERVICES,OPEN,,2026-01-07,,,LOW
3821,3821,2025-12-13 12:54:39,CROSS_BORDER_REMITTANCE,CLOSED,1,2025-12-27,2025-12-14 12:54:39,,LOW
3822,3822,2026-02-25 14:59:08,MERCHANT_ACQUIRING,CLOSED,2,2026-03-11,2026-03-03 14:59:08,,LOW
3823,3823,2026-02-20 18:33:28,RETAIL_EQUITY_BROKERAGE,CLOSED,5,2026-03-06,2026-02-26 18:33:28,,LOW
3824,3824,2026-01-04 15:00:24,CROSS_BORDER_REMITTANCE,CLOSED,5,2026-01-18,2026-01-07 15:00:24,,HIGH
3825,3825,2025-12-08 06:10:30,CRYPTO_BROKERAGE,CLOSED,2,2025-12-22,2025-12-10 06:10:30,,LOW
3826,3826,2026-06-11 20:30:11,DIRECT_INDEXING,CLOSED,3,2026-06-25,2026-06-13 20:30:11,,MEDIUM
3827,3827,2025-11-13 11:00:38,PERSONAL_LOAN,IN_REVIEW,5,2025-11-27,,,MEDIUM
3828,3828,2025-09-03 12:54:52,ROBO_ADVISORY,CLOSED,5,2025-09-17,2025-09-04 12:54:52,,LOW
3829,3829,2026-01-12 20:41:24,RETAIL_BANKING,CLOSED,5,2026-01-26,2026-01-18 20:41:24,,LOW
3830,3830,2026-03-20 05:06:42,ROBO_ADVISORY,PENDING_DOCUMENTS,3,2026-04-03,,,LOW
3831,3831,2026-04-26 14:38:44,ESTATE_PLANNING_SERVICES,CLOSED,2,2026-05-10,2026-04-29 14:38:44,,LOW
3832,3832,2026-03-21 20:53:50,INSTITUTIONAL_CRYPTO_CUSTODY,CLOSED,3,2026-04-04,2026-03-22 20:53:50,,LOW
3833,3833,2026-02-12 02:10:45,TRADE_FINANCE_CREDIT_INSURANCE,IN_REVIEW,5,2026-02-26,,,MEDIUM
3834,3834,2026-06-19 11:03:24,MERCHANT_ACQUIRING,CLOSED,3,2026-07-03,2026-06-21 11:03:24,,LOW
3835,3835,2025-11-22 02:32:42,RETAIL_EQUITY_BROKERAGE,CLOSED,2,2025-12-06,2025-11-23 02:32:42,,LOW
3836,3836,2025-12-09 23:39:07,TERM_LIFE_INSURANCE,CLOSED,2,2025-12-23,2025-12-11 23:39:07,,LOW
3837,3837,2026-02-21 08:43:23,ROBO_ADVISORY,CLOSED,1,2026-03-07,2026-02-26 08:43:23,,LOW
3838,3838,2026-05-18 15:10:33,ROBO_ADVISORY,CLOSED,3,2026-06-01,2026-05-20 15:10:33,,MEDIUM
3839,3839,2026-02-11 12:47:24,BUY_NOW_PAY_LATER,CLOSED,3,2026-02-25,2026-02-16 12:47:24,,LOW
3840,3840,2025-11-11 23:24:33,HIGH_YIELD_SAVINGS,CLOSED,3,2025-11-25,2025-11-13 23:24:33,,LOW
3841,3841,2025-09-20 11:59:42,MORTGAGE_ORIGINATION,CLOSED,3,2025-10-04,2025-09-26 11:59:42,,MEDIUM
3842,3842,2026-03-23 19:18:00,HIGH_YIELD_SAVINGS,CLOSED,5,2026-04-06,2026-03-24 19:18:00,,LOW
3843,3843,2025-10-19 22:53:31,FX_HEDGING_SOLUTIONS,CLOSED,3,2025-11-02,2025-10-23 22:53:31,,LOW
3844,3844,2026-08-08 18:57:59,BUY_NOW_PAY_LATER,IN_REVIEW,,2026-08-22,,,HIGH
3845,3845,2026-08-05 11:32:18,PAYROLL_SERVICES,CLOSED,5,2026-08-19,2026-08-09 11:32:18,,LOW
3846,3846,2025-11-19 05:11:38,COMMERCIAL_LENDING,CLOSED,2,2025-12-03,2025-11-23 05:11:38,,LOW
3847,3847,2025-12-06 17:18:55,BUY_NOW_PAY_LATER,CLOSED,4,2025-12-20,2025-12-12 17:18:55,Unverified or expired identity documents,HIGH
3848,3848,2026-02-11 14:05:46,PAYROLL_SERVICES,IN_REVIEW,,2026-02-25,,,HIGH
3849,3849,2025-10-31 13:39:50,RETAIL_BANKING,CLOSED,1,2025-11-14,2025-11-01 13:39:50,,LOW
3850,3850,2026-02-07 18:48:20,SYNDICATED_LOANS,CLOSED,3,2026-02-21,2026-02-11 18:48:20,,LOW
3851,3851,2025-09-24 12:26:34,HIGH_YIELD_SAVINGS,CLOSED,3,2025-10-08,2025-09-26 12:26:34,,HIGH
3852,3852,2026-01-08 17:16:29,FX_HEDGING_SOLUTIONS,CLOSED,5,2026-01-22,2026-01-12 17:16:29,,LOW
3853,3853,2026-07-19 23:38:55,TERM_LIFE_INSURANCE,IN_REVIEW,,2026-08-02,,,LOW
3854,3854,2026-07-29 21:18:41,RETAIL_EQUITY_BROKERAGE,CLOSED,3,2026-08-12,2026-08-04 21:18:41,,LOW
3855,3855,2025-09-06 02:30:34,SECURITIES_BASED_LENDING,CLOSED,5,2025-09-20,2025-09-12 02:30:34,,MEDIUM
3856,3856,2025-12-05 05:34:55,LETTER_OF_CREDIT,CLOSED,2,2025-12-19,2025-12-10 05:34:55,,LOW
3857,3857,2025-12-24 19:52:59,TAX_OPTIMIZED_INVESTING,CLOSED,5,2026-01-07,2025-12-27 19:52:59,,LOW
3858,3858,2026-02-26 04:03:19,CRYPTO_BROKERAGE,IN_REVIEW,,2026-03-12,,,MEDIUM
3859,3859,2026-03-26 00:37:33,CROSS_BORDER_REMITTANCE,CLOSED,5,2026-04-09,2026-03-30 00:37:33,,MEDIUM
3860,3860,2025-11-27 10:43:33,CORPORATE_CREDIT_CARD,CLOSED,3,2025-12-11,2025-12-02 10:43:33,,LOW
3861,3861,2026-08-08 17:58:13,RETAIL_BANKING,CLOSED,1,2026-08-22,2026-08-12 17:58:13,,MEDIUM
3862,3862,2026-03-06 13:26:44,HIGH_YIELD_SAVINGS,CLOSED,3,2026-03-20,2026-03-09 13:26:44,,LOW
3863,3863,2026-07-16 03:53:11,BUY_NOW_PAY_LATER,CLOSED,2,2026-07-30,2026-07-21 03:53:11,,HIGH
3864,3864,2026-03-25 13:01:04,RETAIL_BANKING,CLOSED,2,2026-04-08,2026-03-31 13:01:04,,LOW
3865,3865,2026-07-04 09:56:13,TAX_OPTIMIZED_INVESTING,CLOSED,3,2026-07-18,2026-07-08 09:56:13,,LOW
3866,3866,2025-09-19 00:18:38,RETAIL_EQUITY_BROKERAGE,CLOSED,5,2025-10-03,2025-09-23 00:18:38,,MEDIUM
3867,3867,2026-05-08 08:33:51,CRYPTO_BROKERAGE,CLOSED,1,2026-05-22,2026-05-14 08:33:51,,LOW
3868,3868,2026-06-22 03:29:27,ROBO_ADVISORY,CLOSED,1,2026-07-06,2026-06-26 03:29:27,,LOW
3869,3869,2025-12-31 09:22:01,BUY_NOW_PAY_LATER,CLOSED,2,2026-01-14,2026-01-05 09:22:01,,MEDIUM
3870,3870,2026-04-10 09:06:03,TERM_LIFE_INSURANCE,CLOSED,3,2026-04-24,2026-04-11 09:06:03,Unverified or expired identity documents,HIGH
3871,3871,2025-09-09 04:05:10,RETAIL_BANKING,CLOSED,4,2025-09-23,2025-09-15 04:05:10,,MEDIUM
3872,3872,2025-12-25 16:53:22,CROSS_BORDER_REMITTANCE,CLOSED,4,2026-01-08,2025-12-26 16:53:22,,LOW
3873,3873,2026-03-02 12:32:42,RETAIL_BANKING,CLOSED,5,2026-03-16,2026-03-03 12:32:42,,LOW
3874,3874,2026-08-04 21:29:26,CREDIT_CARD_ISSUANCE,PENDING_DOCUMENTS,3,2026-08-18,,,HIGH
3875,3875,2025-11-24 10:09:51,RETAIL_EQUITY_BROKERAGE,CLOSED,5,2025-12-08,2025-11-27 10:09:51,,LOW
3876,3876,2025-08-28 06:24:55,PERSONAL_LOAN,CLOSED,1,2025-09-11,2025-08-31 06:24:55,,LOW
3877,3877,2025-09-06 02:50:49,HIGH_VOLUME_MERCHANT_GATEWAY,CLOSED,4,2025-09-20,2025-09-08 02:50:49,,LOW
3878,3878,2026-01-08 00:38:23,BUY_NOW_PAY_LATER,CLOSED,2,2026-01-22,2026-01-12 00:38:23,,LOW
3879,3879,2026-07-14 15:55:46,CROSS_BORDER_REMITTANCE,CLOSED,3,2026-07-28,2026-07-19 15:55:46,,LOW
3880,3880,2025-08-29 18:25:56,MORTGAGE_ORIGINATION,PENDING_DOCUMENTS,,2025-09-12,,,LOW
3881,3881,2026-04-24 20:22:54,TREASURY_MANAGEMENT,CLOSED,3,2026-05-08,2026-04-28 20:22:54,,LOW
3882,3882,2026-05-20 07:16:27,TERM_LIFE_INSURANCE,CLOSED,2,2026-06-03,2026-05-21 07:16:27,,LOW
3883,3883,2026-08-08 22:59:36,CRYPTO_BROKERAGE,CLOSED,5,2026-08-22,2026-08-12 22:59:36,,MEDIUM
3884,3884,2026-05-20 05:46:22,AUTO_FINANCING,CLOSED,1,2026-06-03,2026-05-24 05:46:22,,MEDIUM
3885,3885,2026-05-06 12:06:39,FX_HEDGING_SOLUTIONS,CLOSED,5,2026-05-20,2026-05-07 12:06:39,,LOW
3886,3886,2026-01-15 17:53:03,ROBO_ADVISORY,CLOSED,4,2026-01-29,2026-01-17 17:53:03,,LOW
3887,3887,2025-10-19 11:54:40,RETAIL_BANKING,CLOSED,4,2025-11-02,2025-10-23 11:54:40,,LOW
3888,3888,2026-06-20 04:41:31,CORPORATE_CREDIT_CARD,IN_REVIEW,2,2026-07-04,,,LOW
3889,3889,2025-09-11 11:38:03,FX_HEDGING_SOLUTIONS,CLOSED,1,2025-09-25,2025-09-17 11:38:03,,HIGH
3890,3890,2026-04-26 18:38:51,DIRECT_INDEXING,CLOSED,1,2026-05-10,2026-05-01 18:38:51,,LOW
3891,3891,2025-12-24 18:34:08,TERM_LIFE_INSURANCE,CLOSED,3,2026-01-07,2025-12-29 18:34:08,,LOW
3892,3892,2026-08-16 23:28:09,RETAIL_BANKING,CLOSED,3,2026-08-30,2026-08-17 23:28:09,,LOW
3893,3893,2026-01-24 02:13:00,ESCROW_SERVICES,OPEN,4,2026-02-07,,,LOW
3894,3894,2026-07-13 04:59:15,BUY_NOW_PAY_LATER,CLOSED,2,2026-07-27,2026-07-17 04:59:15,,MEDIUM
3895,3895,2025-10-03 10:34:08,AUTO_FINANCING,CLOSED,3,2025-10-17,2025-10-09 10:34:08,,LOW
3896,3896,2026-05-05 21:56:01,CRYPTO_BROKERAGE,OPEN,5,2026-05-19,,,LOW
3897,3897,2026-08-20 06:48:33,CRYPTO_BROKERAGE,CLOSED,2,2026-09-03,2026-08-21 06:48:33,Unverified or expired identity documents,HIGH
3898,3898,2025-09-19 11:57:12,CROSS_BORDER_REMITTANCE,CLOSED,4,2025-10-03,2025-09-22 11:57:12,,LOW
3899,3899,2025-09-05 21:24:53,CREDIT_CARD_ISSUANCE,CLOSED,5,2025-09-19,2025-09-07 21:24:53,Unverified or expired identity documents,HIGH
3900,3900,2026-05-21 08:55:35,PERSONAL_LOAN,CLOSED,3,2026-06-04,2026-05-24 08:55:35,,LOW
3901,3901,2026-07-20 05:41:46,ROBO_ADVISORY,CLOSED,5,2026-08-03,2026-07-26 05:41:46,Unverified or expired identity documents,HIGH
3902,3902,2026-01-12 16:21:22,RETAIL_BANKING,CLOSED,3,2026-01-26,2026-01-14 16:21:22,Unverified or expired identity documents,HIGH
3903,3903,2026-03-13 07:03:53,BESPOKE_PORTFOLIO_MANAGEMENT,CLOSED,1,2026-03-27,2026-03-14 07:03:53,,LOW
3904,3904,2025-10-25 11:23:38,TRUSTEE_ADMINISTRATION,PENDING_DOCUMENTS,2,2025-11-08,,,LOW
3905,3905,2026-05-28 11:24:41,DISBURSEMENT_PAYROLL_SERVICES,CLOSED,5,2026-06-11,2026-06-01 11:24:41,,LOW
3906,3906,2026-04-11 10:57:28,BUY_NOW_PAY_LATER,CLOSED,2,2026-04-25,2026-04-13 10:57:28,Unverified or expired identity documents,HIGH
3907,3907,2026-08-24 10:50:52,MORTGAGE_ORIGINATION,CLOSED,3,2026-09-07,2026-08-25 10:50:52,,LOW
3908,3908,2026-01-29 12:26:14,ESCROW_SERVICES,CLOSED,1,2026-02-12,2026-02-01 12:26:14,Unverified or expired identity documents,MEDIUM
3909,3909,2026-08-16 19:45:29,BUY_NOW_PAY_LATER,CLOSED,5,2026-08-30,2026-08-18 19:45:29,,LOW
3910,3910,2025-12-07 10:15:02,TRADE_FINANCE_CREDIT_INSURANCE,CLOSED,2,2025-12-21,2025-12-08 10:15:02,,LOW
3911,3911,2026-01-17 17:13:10,RETAIL_BANKING,CLOSED,1,2026-01-31,2026-01-22 17:13:10,,MEDIUM
3912,3912,2026-02-03 12:07:01,AUTO_FINANCING,CLOSED,1,2026-02-17,2026-02-06 12:07:01,,LOW
3913,3913,2026-08-04 06:05:02,AUTO_FINANCING,CLOSED,5,2026-08-18,2026-08-10 06:05:02,,HIGH
3914,3914,2026-02-19 08:23:54,MORTGAGE_ORIGINATION,CLOSED,3,2026-03-05,2026-02-22 08:23:54,,LOW
3915,3915,2026-04-04 21:10:34,CRYPTO_BROKERAGE,IN_REVIEW,,2026-04-18,,,LOW
3916,3916,2026-06-18 05:45:20,CREDIT_CARD_ISSUANCE,CLOSED,1,2026-07-02,2026-06-24 05:45:20,Unverified or expired identity documents,LOW
3917,3917,2025-11-01 15:36:32,PHILANTHROPY_ENDOWMENT_MANAGEMENT,CLOSED,4,2025-11-15,2025-11-02 15:36:32,,LOW
3918,3918,2026-01-24 20:50:48,CRYPTO_BROKERAGE,CLOSED,4,2026-02-07,2026-01-27 20:50:48,,LOW
3919,3919,2026-02-19 00:29:46,ASSET_PROTECTION_TRUSTS,IN_REVIEW,2,2026-03-05,,,LOW
3920,3920,2026-01-23 07:03:51,AUTO_FINANCING,CLOSED,3,2026-02-06,2026-01-24 07:03:51,,LOW
3921,3921,2026-06-06 16:14:42,HIGH_YIELD_SAVINGS,CLOSED,2,2026-06-20,2026-06-10 16:14:42,,MEDIUM
3922,3922,2025-10-20 19:52:23,AUTO_FINANCING,CLOSED,1,2025-11-03,2025-10-22 19:52:23,,LOW
3923,3923,2026-05-02 13:01:23,ESCROW_SERVICES,CLOSED,1,2026-05-16,2026-05-08 13:01:23,,LOW
3924,3924,2025-11-20 21:02:36,CORPORATE_CREDIT_CARD,CLOSED,1,2025-12-04,2025-11-22 21:02:36,,LOW
3925,3925,2026-07-20 11:19:38,RETAIL_BANKING,CLOSED,1,2026-08-03,2026-07-22 11:19:38,,MEDIUM
3926,3926,2026-08-01 04:22:28,POLITICAL_DONATION_PROCESSING,CLOSED,4,2026-08-15,2026-08-05 04:22:28,Unverified or expired identity documents,LOW
3927,3927,2026-07-17 04:57:41,RETAIL_BANKING,CLOSED,5,2026-07-31,2026-07-22 04:57:41,,LOW
3928,3928,2025-11-09 16:11:59,RETAIL_BANKING,CLOSED,5,2025-11-23,2025-11-12 16:11:59,,LOW
3929,3929,2025-12-17 04:57:28,CRYPTO_BROKERAGE,CLOSED,2,2025-12-31,2025-12-20 04:57:28,,LOW
3930,3930,2026-04-02 01:53:35,HIGH_YIELD_SAVINGS,CLOSED,5,2026-04-16,2026-04-06 01:53:35,,MEDIUM
3931,3931,2026-07-04 15:46:02,HIGH_YIELD_SAVINGS,CLOSED,2,2026-07-18,2026-07-06 15:46:02,,LOW
3932,3932,2026-07-07 19:18:04,CROSS_BORDER_REMITTANCE,CLOSED,5,2026-07-21,2026-07-08 19:18:04,,LOW
3933,3933,2026-08-02 02:37:46,CREDIT_CARD_ISSUANCE,CLOSED,4,2026-08-16,2026-08-04 02:37:46,,LOW
3934,3934,2026-08-21 12:42:11,HIGH_VOLUME_MERCHANT_GATEWAY,CLOSED,3,2026-09-04,2026-08-27 12:42:11,,LOW
3935,3935,2025-11-14 04:18:54,CORPORATE_CREDIT_CARD,CLOSED,5,2025-11-28,2025-11-16 04:18:54,Unverified or expired identity documents,LOW
3936,3936,2025-12-19 02:43:32,MORTGAGE_ORIGINATION,CLOSED,3,2026-01-02,2025-12-22 02:43:32,,MEDIUM
3937,3937,2026-01-04 05:57:47,CREDIT_CARD_ISSUANCE,CLOSED,3,2026-01-18,2026-01-07 05:57:47,,LOW
3938,3938,2026-06-01 01:04:15,CREDIT_CARD_ISSUANCE,CLOSED,4,2026-06-15,2026-06-02 01:04:15,,LOW
3939,3939,2026-05-30 12:53:26,BALLOT_INITIATIVE_ESCROW,PENDING_DOCUMENTS,,2026-06-13,,,LOW
3940,3940,2026-08-13 07:24:50,TRADE_FINANCE_CREDIT_INSURANCE,PENDING_DOCUMENTS,3,2026-08-27,,,LOW
3941,3941,2026-07-13 22:06:58,BUY_NOW_PAY_LATER,CLOSED,4,2026-07-27,2026-07-15 22:06:58,Unverified or expired identity documents,LOW
3942,3942,2025-12-24 13:55:34,TERM_LIFE_INSURANCE,OPEN,4,2026-01-07,,,LOW
3943,3943,2025-12-15 20:46:19,ROBO_ADVISORY,CLOSED,1,2025-12-29,2025-12-21 20:46:19,,LOW
3944,3944,2026-05-18 11:35:26,PERSONAL_LOAN,CLOSED,2,2026-06-01,2026-05-21 11:35:26,,MEDIUM
3945,3945,2025-12-02 04:05:37,RETAIL_BANKING,CLOSED,1,2025-12-16,2025-12-06 04:05:37,,LOW
3946,3946,2026-08-06 20:11:16,CRYPTO_BROKERAGE,CLOSED,3,2026-08-20,2026-08-11 20:11:16,,LOW
3947,3947,2026-07-03 04:34:10,CRYPTO_BROKERAGE,CLOSED,3,2026-07-17,2026-07-09 04:34:10,,LOW
3948,3948,2025-10-06 09:11:42,RETAIL_EQUITY_BROKERAGE,CLOSED,5,2025-10-20,2025-10-10 09:11:42,,LOW
3949,3949,2025-09-22 05:33:23,RETAIL_BANKING,CLOSED,4,2025-10-06,2025-09-26 05:33:23,Unverified or expired identity documents,MEDIUM
3950,3950,2026-05-10 19:37:44,AUTO_FINANCING,CLOSED,3,2026-05-24,2026-05-14 19:37:44,,LOW
3951,3951,2025-09-02 01:57:30,RETAIL_EQUITY_BROKERAGE,CLOSED,4,2025-09-16,2025-09-08 01:57:30,,LOW
3952,3952,2026-04-26 06:18:56,SECURITIES_BASED_LENDING,CLOSED,5,2026-05-10,2026-04-27 06:18:56,,HIGH
3953,3953,2026-02-25 17:32:34,AUTO_FINANCING,CLOSED,1,2026-03-11,2026-03-01 17:32:34,,LOW
3954,3954,2026-07-10 01:29:42,DIRECT_INDEXING,CLOSED,5,2026-07-24,2026-07-16 01:29:42,,LOW
3955,3955,2026-05-29 18:18:58,MORTGAGE_ORIGINATION,CLOSED,2,2026-06-12,2026-06-01 18:18:58,,LOW
3956,3956,2026-06-09 00:13:20,RETAIL_BANKING,CLOSED,3,2026-06-23,2026-06-13 00:13:20,Unverified or expired identity documents,HIGH
3957,3957,2026-02-12 06:06:22,BUY_NOW_PAY_LATER,CLOSED,5,2026-02-26,2026-02-17 06:06:22,,MEDIUM
3958,3958,2025-09-18 23:30:51,RETAIL_BANKING,CLOSED,2,2025-10-02,2025-09-24 23:30:51,,LOW
3959,3959,2025-10-09 18:01:31,LIQUIDITY_MANAGEMENT,IN_REVIEW,2,2025-10-23,,,LOW
3960,3960,2026-05-11 21:55:22,PERSONAL_LOAN,CLOSED,1,2026-05-25,2026-05-14 21:55:22,,MEDIUM
3961,3961,2026-02-04 21:13:05,RETAIL_BANKING,CLOSED,1,2026-02-18,2026-02-05 21:13:05,,LOW
3962,3962,2025-11-18 05:11:56,CROSS_BORDER_REMITTANCE,CLOSED,3,2025-12-02,2025-11-24 05:11:56,,LOW
3963,3963,2026-06-18 15:55:37,RETAIL_BANKING,CLOSED,5,2026-07-02,2026-06-19 15:55:37,,LOW
3964,3964,2026-01-07 02:54:30,HIGH_YIELD_SAVINGS,CLOSED,1,2026-01-21,2026-01-10 02:54:30,,LOW
3965,3965,2026-06-01 03:03:56,BESPOKE_PORTFOLIO_MANAGEMENT,CLOSED,5,2026-06-15,2026-06-02 03:03:56,,LOW
3966,3966,2026-01-10 23:26:48,PRIVATE_EQUITY_FEEDER,CLOSED,2,2026-01-24,2026-01-12 23:26:48,Adverse media and PEP screening threshold exceeded,LOW
3967,3967,2026-07-06 14:32:31,SHORT_TERM_LIQUIDITY_MANAGEMENT,CLOSED,5,2026-07-20,2026-07-12 14:32:31,Unverified or expired identity documents,LOW
3968,3968,2026-03-19 18:57:39,CROSS_BORDER_REMITTANCE,PENDING_DOCUMENTS,5,2026-04-02,,,HIGH
3969,3969,2025-12-11 14:05:25,RETAIL_BANKING,CLOSED,4,2025-12-25,2025-12-13 14:05:25,,MEDIUM
3970,3970,2026-08-03 17:36:50,TRADE_FINANCE_CREDIT_INSURANCE,CLOSED,5,2026-08-17,2026-08-08 17:36:50,,MEDIUM
3971,3971,2025-11-13 07:15:23,LIQUIDITY_MANAGEMENT,CLOSED,1,2025-11-27,2025-11-14 07:15:23,Unverified or expired identity documents,HIGH
3972,3972,2025-09-24 16:01:26,RETAIL_EQUITY_BROKERAGE,PENDING_DOCUMENTS,,2025-10-08,,,LOW
3973,3973,2025-09-27 02:07:30,RETAIL_EQUITY_BROKERAGE,CLOSED,3,2025-10-11,2025-09-30 02:07:30,,MEDIUM
3974,3974,2026-07-08 11:06:12,MORTGAGE_ORIGINATION,IN_REVIEW,1,2026-07-22,,,MEDIUM
3975,3975,2025-11-23 22:41:53,TRADE_FINANCE_CREDIT_INSURANCE,OPEN,2,2025-12-07,,,LOW
3976,3976,2025-12-09 10:40:38,CROSS_BORDER_REMITTANCE,CLOSED,3,2025-12-23,2025-12-14 10:40:38,Unverified or expired identity documents,HIGH
3977,3977,2026-03-14 03:33:04,RETAIL_BANKING,CLOSED,2,2026-03-28,2026-03-20 03:33:04,,MEDIUM
3978,3978,2026-01-06 19:07:18,ESTATE_PLANNING_SERVICES,OPEN,,2026-01-20,,,LOW
3979,3979,2026-03-28 00:49:25,RETAIL_EQUITY_BROKERAGE,CLOSED,2,2026-04-11,2026-04-03 00:49:25,,LOW
3980,3980,2026-04-11 11:34:45,DISBURSEMENT_PAYROLL_SERVICES,CLOSED,2,2026-04-25,2026-04-16 11:34:45,High-risk sanctions/FATF jurisdiction,HIGH
3981,3981,2026-04-18 00:26:56,ESTATE_PLANNING_SERVICES,CLOSED,2,2026-05-02,2026-04-22 00:26:56,,LOW
3982,3982,2026-07-02 14:10:43,MERCHANT_ACQUIRING,CLOSED,5,2026-07-16,2026-07-03 14:10:43,,LOW
3983,3983,2025-11-30 17:34:57,REGULATORY_REPORTING_INTEGRATION,CLOSED,4,2025-12-14,2025-12-02 17:34:57,High-risk sanctions/FATF jurisdiction,HIGH
3984,3984,2026-02-24 07:04:52,PERSONAL_LOAN,CLOSED,2,2026-03-10,2026-02-26 07:04:52,High-risk sanctions/FATF jurisdiction,HIGH
3985,3985,2026-06-12 09:03:37,COMMERCIAL_LENDING,CLOSED,3,2026-06-26,2026-06-13 09:03:37,,HIGH
3986,3986,2025-11-22 05:00:29,PERSONAL_LOAN,CLOSED,5,2025-12-06,2025-11-28 05:00:29,,LOW
3987,3987,2026-06-24 00:10:19,TERM_LIFE_INSURANCE,OPEN,1,2026-07-08,,,LOW
3988,3988,2026-02-26 04:06:03,FX_HEDGING_SOLUTIONS,CLOSED,1,2026-03-12,2026-03-01 04:06:03,,LOW
3989,3989,2025-08-26 22:23:22,PHILANTHROPY_ENDOWMENT_MANAGEMENT,CLOSED,1,2025-09-09,2025-08-30 22:23:22,,LOW
3990,3990,2026-08-07 20:40:43,ESCROW_SERVICES,CLOSED,3,2026-08-21,2026-08-11 20:40:43,,MEDIUM
3991,3991,2026-01-02 10:11:10,SHORT_TERM_LIQUIDITY_MANAGEMENT,CLOSED,5,2026-01-16,2026-01-04 10:11:10,,LOW
3992,3992,2025-12-19 20:51:57,CROSS_BORDER_REMITTANCE,CLOSED,1,2026-01-02,2025-12-25 20:51:57,,LOW
3993,3993,2025-09-11 23:35:05,FX_HEDGING_SOLUTIONS,CLOSED,5,2025-09-25,2025-09-17 23:35:05,,MEDIUM
3994,3994,2025-12-31 10:55:58,TERM_LIFE_INSURANCE,CLOSED,2,2026-01-14,2026-01-01 10:55:58,,LOW
3995,3995,2026-07-25 11:47:43,MERCHANT_ACQUIRING,CLOSED,3,2026-08-08,2026-07-26 11:47:43,,LOW
3996,3996,2025-10-09 16:34:10,INSTITUTIONAL_CRYPTO_CUSTODY,CLOSED,2,2025-10-23,2025-10-15 16:34:10,,LOW
3997,3997,2025-11-19 16:02:07,FX_HEDGING_SOLUTIONS,CLOSED,1,2025-12-03,2025-11-22 16:02:07,,LOW
3998,3998,2025-10-19 23:43:19,FX_HEDGING_SOLUTIONS,CLOSED,4,2025-11-02,2025-10-21 23:43:19,,LOW
3999,3999,2025-09-22 14:07:52,PERSONAL_LOAN,CLOSED,5,2025-10-06,2025-09-23 14:07:52,,LOW
4000,4000,2026-05-16 00:49:51,BALLOT_INITIATIVE_ESCROW,CLOSED,2,2026-05-30,2026-05-22 00:49:51,,MEDIUM
4001,4001,2026-04-11 12:14:42,BUY_NOW_PAY_LATER,CLOSED,3,2026-04-25,2026-04-16 12:14:42,,LOW
4002,4002,2025-09-23 20:33:38,REGULATORY_REPORTING_INTEGRATION,CLOSED,2,2025-10-07,2025-09-25 20:33:38,,LOW
4003,4003,2026-08-16 19:26:50,COMMERCIAL_LENDING,CLOSED,4,2026-08-30,2026-08-22 19:26:50,,LOW
4004,4004,2026-08-25 04:56:34,ESCROW_SERVICES,CLOSED,5,2026-09-08,2026-08-29 04:56:34,,LOW
4005,4005,2026-03-30 18:40:27,COMMERCIAL_LENDING,OPEN,4,2026-04-13,,,HIGH
4006,4006,2026-07-27 13:56:09,ROBO_ADVISORY,CLOSED,1,2026-08-10,2026-08-01 13:56:09,,LOW
4007,4007,2026-07-29 22:29:38,INSTITUTIONAL_CRYPTO_CUSTODY,CLOSED,5,2026-08-12,2026-08-01 22:29:38,,MEDIUM
4008,4008,2026-03-24 02:01:53,RETAIL_BANKING,CLOSED,2,2026-04-07,2026-03-29 02:01:53,,HIGH
4009,4009,2026-07-24 06:51:54,BUY_NOW_PAY_LATER,IN_REVIEW,1,2026-08-07,,,HIGH
4010,4010,2026-03-22 04:51:23,CREDIT_CARD_ISSUANCE,CLOSED,3,2026-04-05,2026-03-24 04:51:23,,HIGH
4011,4011,2025-12-18 19:35:27,AUTO_FINANCING,IN_REVIEW,,2026-01-01,,,MEDIUM
4012,4012,2026-05-17 21:55:38,CROSS_BORDER_REMITTANCE,PENDING_DOCUMENTS,4,2026-05-31,,,MEDIUM
4013,4013,2025-12-04 02:55:05,CROSS_BORDER_REMITTANCE,CLOSED,3,2025-12-18,2025-12-09 02:55:05,,LOW
4014,4014,2026-07-31 10:52:36,TRADE_FINANCE_CREDIT_INSURANCE,PENDING_DOCUMENTS,,2026-08-14,,,LOW
4015,4015,2026-03-01 20:05:03,HIGH_YIELD_SAVINGS,CLOSED,3,2026-03-15,2026-03-07 20:05:03,,LOW
4016,4016,2025-10-20 13:43:18,LIQUIDITY_MANAGEMENT,PENDING_DOCUMENTS,,2025-11-03,,,LOW
4017,4017,2025-10-25 17:16:30,BUY_NOW_PAY_LATER,CLOSED,1,2025-11-08,2025-10-31 17:16:30,,LOW
4018,4018,2025-09-12 06:41:21,RETAIL_EQUITY_BROKERAGE,CLOSED,5,2025-09-26,2025-09-15 06:41:21,,LOW
4019,4019,2026-07-31 17:59:04,AUTO_FINANCING,CLOSED,5,2026-08-14,2026-08-05 17:59:04,,LOW
4020,4020,2025-11-01 23:25:16,BESPOKE_PORTFOLIO_MANAGEMENT,CLOSED,1,2025-11-15,2025-11-05 23:25:16,,LOW
4021,4021,2025-12-29 14:45:03,CREDIT_CARD_ISSUANCE,CLOSED,1,2026-01-12,2025-12-30 14:45:03,,LOW
4022,4022,2026-05-12 10:59:26,CROSS_BORDER_REMITTANCE,CLOSED,2,2026-05-26,2026-05-18 10:59:26,,LOW
4023,4023,2026-04-28 18:58:44,HIGH_YIELD_SAVINGS,CLOSED,2,2026-05-12,2026-04-29 18:58:44,,HIGH
4024,4024,2025-10-12 12:37:04,LIQUIDITY_MANAGEMENT,CLOSED,3,2025-10-26,2025-10-17 12:37:04,,LOW
4025,4025,2026-04-30 07:17:41,ROBO_ADVISORY,OPEN,,2026-05-14,,,LOW
4026,4026,2026-08-02 05:50:19,RETAIL_BANKING,CLOSED,5,2026-08-16,2026-08-06 05:50:19,,LOW
4027,4027,2026-07-03 13:54:59,LIQUIDITY_MANAGEMENT,OPEN,1,2026-07-17,,,LOW
4028,4028,2026-05-30 17:00:04,PAYROLL_SERVICES,IN_REVIEW,5,2026-06-13,,,HIGH
4029,4029,2026-02-11 03:20:15,AUTO_FINANCING,CLOSED,1,2026-02-25,2026-02-12 03:20:15,,LOW
4030,4030,2026-03-26 23:49:39,MORTGAGE_ORIGINATION,CLOSED,4,2026-04-09,2026-03-27 23:49:39,Unverified or expired identity documents,LOW
4031,4031,2026-06-13 06:30:07,ROBO_ADVISORY,PENDING_DOCUMENTS,5,2026-06-27,,,LOW
4032,4032,2025-11-13 14:03:45,RETAIL_BANKING,IN_REVIEW,,2025-11-27,,,LOW
4033,4033,2026-05-07 03:18:02,PERSONAL_LOAN,CLOSED,4,2026-05-21,2026-05-09 03:18:02,,MEDIUM
4034,4034,2025-09-29 00:28:38,HIGH_YIELD_SAVINGS,CLOSED,5,2025-10-13,2025-10-02 00:28:38,,LOW
4035,4035,2026-06-30 20:46:31,RETAIL_EQUITY_BROKERAGE,IN_REVIEW,,2026-07-14,,,LOW
4036,4036,2025-12-07 12:39:28,HIGH_YIELD_SAVINGS,CLOSED,1,2025-12-21,2025-12-13 12:39:28,,LOW
4037,4037,2025-09-13 06:10:38,RETAIL_EQUITY_BROKERAGE,CLOSED,2,2025-09-27,2025-09-16 06:10:38,,LOW
4038,4038,2025-10-19 20:46:05,CREDIT_CARD_ISSUANCE,OPEN,4,2025-11-02,,,MEDIUM
4039,4039,2026-07-07 00:35:38,HIGH_YIELD_SAVINGS,CLOSED,2,2026-07-21,2026-07-11 00:35:38,,MEDIUM
4040,4040,2025-12-13 07:40:17,RETAIL_EQUITY_BROKERAGE,CLOSED,5,2025-12-27,2025-12-19 07:40:17,,LOW
4041,4041,2026-02-19 13:00:22,BENEFICIARY_DISBURSEMENT_SERVICES,CLOSED,2,2026-03-05,2026-02-21 13:00:22,,LOW
4042,4042,2026-05-03 03:51:37,ROBO_ADVISORY,CLOSED,3,2026-05-17,2026-05-07 03:51:37,,LOW
4043,4043,2026-03-07 16:49:30,RETAIL_BANKING,CLOSED,3,2026-03-21,2026-03-09 16:49:30,,LOW
4044,4044,2025-09-16 01:59:34,AUTO_FINANCING,CLOSED,1,2025-09-30,2025-09-18 01:59:34,,LOW
4045,4045,2026-05-05 01:17:44,ROBO_ADVISORY,IN_REVIEW,3,2026-05-19,,,LOW
4046,4046,2026-07-20 08:43:30,POLITICAL_DONATION_PROCESSING,CLOSED,3,2026-08-03,2026-07-22 08:43:30,Unverified or expired identity documents,LOW
4047,4047,2026-01-07 10:42:37,FIDUCIARY_CUSTODY_ACCOUNT,OPEN,2,2026-01-21,,,HIGH
4048,4048,2026-07-04 21:13:48,INSTITUTIONAL_CRYPTO_CUSTODY,CLOSED,5,2026-07-18,2026-07-05 21:13:48,,LOW
4049,4049,2025-09-04 09:15:55,ROBO_ADVISORY,CLOSED,5,2025-09-18,2025-09-07 09:15:55,,LOW
4050,4050,2026-05-19 17:51:35,ROBO_ADVISORY,CLOSED,1,2026-06-02,2026-05-23 17:51:35,,MEDIUM
4051,4051,2026-02-10 17:01:16,PAYROLL_SERVICES,CLOSED,1,2026-02-24,2026-02-14 17:01:16,,MEDIUM
4052,4052,2025-11-23 16:52:18,PERSONAL_LOAN,CLOSED,2,2025-12-07,2025-11-24 16:52:18,Unverified or expired identity documents,MEDIUM
4053,4053,2025-09-14 01:50:11,CREDIT_CARD_ISSUANCE,PENDING_DOCUMENTS,,2025-09-28,,,MEDIUM
4054,4054,2025-10-12 20:51:52,CORPORATE_ACCOUNT,CLOSED,2,2025-10-26,2025-10-15 20:51:52,,LOW
4055,4055,2026-05-24 06:43:08,CROSS_BORDER_REMITTANCE,CLOSED,3,2026-06-07,2026-05-26 06:43:08,,LOW
4056,4056,2026-01-13 22:52:26,CREDIT_CARD_ISSUANCE,IN_REVIEW,5,2026-01-27,,,LOW
4057,4057,2025-12-19 21:41:16,BUY_NOW_PAY_LATER,CLOSED,1,2026-01-02,2025-12-25 21:41:16,,LOW
4058,4058,2025-09-16 04:38:22,CREDIT_CARD_ISSUANCE,CLOSED,2,2025-09-30,2025-09-17 04:38:22,,LOW
4059,4059,2025-08-31 14:06:41,DIRECT_INDEXING,CLOSED,4,2025-09-14,2025-09-04 14:06:41,,MEDIUM
4060,4060,2025-11-28 09:52:17,CROSS_BORDER_REMITTANCE,CLOSED,3,2025-12-12,2025-12-02 09:52:17,,LOW
4061,4061,2025-10-05 08:11:30,RETAIL_EQUITY_BROKERAGE,CLOSED,2,2025-10-19,2025-10-08 08:11:30,,LOW
4062,4062,2026-02-01 07:21:57,HIGH_YIELD_SAVINGS,OPEN,1,2026-02-15,,,LOW
4063,4063,2026-01-02 08:06:21,CREDIT_CARD_ISSUANCE,CLOSED,4,2026-01-16,2026-01-05 08:06:21,,LOW
4064,4064,2026-05-12 10:48:16,ROBO_ADVISORY,CLOSED,1,2026-05-26,2026-05-15 10:48:16,,LOW
4065,4065,2026-01-31 13:05:39,FIDUCIARY_CUSTODY_ACCOUNT,CLOSED,3,2026-02-14,2026-02-06 13:05:39,,LOW
4066,4066,2025-11-21 05:20:07,HIGH_YIELD_SAVINGS,CLOSED,4,2025-12-05,2025-11-24 05:20:07,,LOW
4067,4067,2026-05-21 10:50:46,RETAIL_EQUITY_BROKERAGE,CLOSED,5,2026-06-04,2026-05-25 10:50:46,,LOW
4068,4068,2026-02-27 08:50:43,TERM_LIFE_INSURANCE,CLOSED,2,2026-03-13,2026-03-03 08:50:43,,LOW
4069,4069,2026-07-07 08:50:51,CROSS_BORDER_REMITTANCE,CLOSED,2,2026-07-21,2026-07-09 08:50:51,,LOW
4070,4070,2025-09-06 18:09:25,BESPOKE_PORTFOLIO_MANAGEMENT,CLOSED,3,2025-09-20,2025-09-09 18:09:25,,LOW
4071,4071,2026-08-07 09:40:32,RETAIL_BANKING,CLOSED,4,2026-08-21,2026-08-09 09:40:32,,HIGH
4072,4072,2026-02-28 07:08:18,SECURITIES_BASED_LENDING,CLOSED,1,2026-03-14,2026-03-01 07:08:18,,MEDIUM
4073,4073,2025-11-13 13:07:53,LETTER_OF_CREDIT,CLOSED,4,2025-11-27,2025-11-14 13:07:53,,MEDIUM
4074,4074,2025-11-14 17:11:33,PRIVATE_EQUITY_FEEDER,CLOSED,4,2025-11-28,2025-11-19 17:11:33,Unverified or expired identity documents,HIGH
4075,4075,2026-07-20 21:47:27,MORTGAGE_ORIGINATION,OPEN,,2026-08-03,,,MEDIUM
4076,4076,2026-06-05 01:14:01,CREDIT_CARD_ISSUANCE,CLOSED,5,2026-06-19,2026-06-06 01:14:01,,HIGH
4077,4077,2026-06-05 18:14:57,LETTER_OF_CREDIT,CLOSED,3,2026-06-19,2026-06-10 18:14:57,,HIGH
4078,4078,2026-01-24 21:59:15,CREDIT_CARD_ISSUANCE,CLOSED,4,2026-02-07,2026-01-25 21:59:15,,LOW
4079,4079,2025-09-27 12:17:14,FX_HEDGING_SOLUTIONS,CLOSED,3,2025-10-11,2025-10-01 12:17:14,,LOW
4080,4080,2025-10-12 17:12:38,RETAIL_EQUITY_BROKERAGE,CLOSED,2,2025-10-26,2025-10-17 17:12:38,,LOW
4081,4081,2025-10-10 05:24:33,BUY_NOW_PAY_LATER,PENDING_DOCUMENTS,,2025-10-24,,,LOW
4082,4082,2026-03-05 00:02:21,CROSS_BORDER_REMITTANCE,CLOSED,4,2026-03-19,2026-03-06 00:02:21,,LOW
4083,4083,2026-03-28 13:24:49,CROSS_BORDER_REMITTANCE,CLOSED,4,2026-04-11,2026-04-01 13:24:49,,LOW
4084,4084,2026-07-04 09:50:09,BUY_NOW_PAY_LATER,CLOSED,2,2026-07-18,2026-07-09 09:50:09,,LOW
4085,4085,2026-06-05 19:54:14,BESPOKE_PORTFOLIO_MANAGEMENT,CLOSED,5,2026-06-19,2026-06-06 19:54:14,,LOW
4086,4086,2026-01-05 15:47:38,BUY_NOW_PAY_LATER,CLOSED,5,2026-01-19,2026-01-10 15:47:38,,HIGH
4087,4087,2026-04-05 06:57:42,PERSONAL_LOAN,CLOSED,1,2026-04-19,2026-04-11 06:57:42,,LOW
4088,4088,2026-01-26 03:07:22,COMPLIANCE_RESTRICTED_DEPOSIT_ACCOUNT,CLOSED,3,2026-02-09,2026-01-27 03:07:22,Unverified or expired identity documents,LOW
4089,4089,2026-05-15 02:55:31,CROSS_BORDER_REMITTANCE,CLOSED,5,2026-05-29,2026-05-19 02:55:31,,LOW
4090,4090,2026-02-10 08:45:07,BUY_NOW_PAY_LATER,OPEN,,2026-02-24,,,LOW
4091,4091,2026-01-22 12:16:33,ROBO_ADVISORY,CLOSED,1,2026-02-05,2026-01-28 12:16:33,,MEDIUM
4092,4092,2026-01-01 17:23:45,AUTO_FINANCING,CLOSED,3,2026-01-15,2026-01-04 17:23:45,,LOW
4093,4093,2026-07-09 20:49:19,AUTO_FINANCING,CLOSED,2,2026-07-23,2026-07-14 20:49:19,,LOW
4094,4094,2026-05-13 16:08:50,CREDIT_CARD_ISSUANCE,CLOSED,4,2026-05-27,2026-05-19 16:08:50,,LOW
4095,4095,2026-08-19 00:36:28,CROSS_BORDER_REMITTANCE,PENDING_DOCUMENTS,1,2026-09-02,,,MEDIUM
4096,4096,2026-01-13 03:48:48,ESTATE_PLANNING_SERVICES,CLOSED,2,2026-01-27,2026-01-19 03:48:48,,MEDIUM
4097,4097,2025-09-25 07:51:47,TERM_LIFE_INSURANCE,CLOSED,4,2025-10-09,2025-09-28 07:51:47,,LOW
4098,4098,2026-08-13 11:47:45,BUY_NOW_PAY_LATER,CLOSED,4,2026-08-27,2026-08-14 11:47:45,Unverified or expired identity documents,HIGH
4099,4099,2025-11-26 19:44:48,COMMERCIAL_LENDING,IN_REVIEW,,2025-12-10,,,MEDIUM
4100,4100,2026-04-28 23:35:27,SYNDICATED_LOANS,CLOSED,5,2026-05-12,2026-05-03 23:35:27,,LOW
4101,4101,2026-07-22 06:36:58,PHILANTHROPY_ENDOWMENT_MANAGEMENT,CLOSED,1,2026-08-05,2026-07-26 06:36:58,,LOW
4102,4102,2026-04-10 03:43:06,CREDIT_CARD_ISSUANCE,CLOSED,2,2026-04-24,2026-04-11 03:43:06,,HIGH
4103,4103,2025-11-24 23:09:50,TRADE_FINANCE_CREDIT_INSURANCE,CLOSED,1,2025-12-08,2025-11-25 23:09:50,,LOW
4104,4104,2025-11-11 16:54:26,RETAIL_BANKING,CLOSED,4,2025-11-25,2025-11-12 16:54:26,,MEDIUM
4105,4105,2026-05-12 21:57:36,RETAIL_BANKING,CLOSED,4,2026-05-26,2026-05-16 21:57:36,Unverified or expired identity documents,HIGH
4106,4106,2025-08-30 21:18:54,RETAIL_BANKING,IN_REVIEW,4,2025-09-13,,,LOW
4107,4107,2026-01-10 18:31:11,CRYPTO_BROKERAGE,CLOSED,1,2026-01-24,2026-01-13 18:31:11,,MEDIUM
4108,4108,2026-05-11 06:19:03,AUTO_FINANCING,CLOSED,4,2026-05-25,2026-05-13 06:19:03,,MEDIUM
4109,4109,2026-04-13 11:10:37,CREDIT_CARD_ISSUANCE,CLOSED,1,2026-04-27,2026-04-17 11:10:37,,LOW
4110,4110,2026-03-30 22:54:30,MORTGAGE_ORIGINATION,IN_REVIEW,,2026-04-13,,,LOW
4111,4111,2026-08-06 11:43:39,TRUSTEE_ADMINISTRATION,CLOSED,4,2026-08-20,2026-08-09 11:43:39,,LOW
4112,4112,2026-08-24 21:59:46,CRYPTO_BROKERAGE,CLOSED,1,2026-09-07,2026-08-30 21:59:46,,LOW
4113,4113,2025-12-01 00:45:08,MERCHANT_ACQUIRING,OPEN,2,2025-12-15,,,LOW
4114,4114,2025-11-02 20:25:29,HIGH_YIELD_SAVINGS,CLOSED,2,2025-11-16,2025-11-07 20:25:29,,LOW
4115,4115,2026-06-19 03:46:29,TRADE_FINANCE_CREDIT_INSURANCE,IN_REVIEW,1,2026-07-03,,,LOW
4116,4116,2025-10-29 13:02:53,ASSET_PROTECTION_TRUSTS,CLOSED,4,2025-11-12,2025-11-04 13:02:53,,LOW
4117,4117,2026-03-29 20:29:37,TRADE_FINANCE_CREDIT_INSURANCE,CLOSED,5,2026-04-12,2026-04-04 20:29:37,,LOW
4118,4118,2026-06-02 10:33:06,CROSS_BORDER_REMITTANCE,CLOSED,3,2026-06-16,2026-06-07 10:33:06,,LOW
4119,4119,2026-06-04 17:27:14,RETAIL_BANKING,CLOSED,4,2026-06-18,2026-06-10 17:27:14,,MEDIUM
4120,4120,2026-05-30 00:46:39,CROSS_BORDER_REMITTANCE,CLOSED,1,2026-06-13,2026-06-03 00:46:39,,MEDIUM
4121,4121,2026-04-28 00:48:44,RETAIL_BANKING,IN_REVIEW,2,2026-05-12,,,LOW
4122,4122,2026-05-07 23:38:29,CREDIT_CARD_ISSUANCE,CLOSED,1,2026-05-21,2026-05-12 23:38:29,,LOW
4123,4123,2026-05-11 00:05:56,AUTO_FINANCING,CLOSED,1,2026-05-25,2026-05-14 00:05:56,Unverified or expired identity documents,MEDIUM
4124,4124,2025-10-01 06:44:22,RETAIL_BANKING,CLOSED,5,2025-10-15,2025-10-06 06:44:22,,MEDIUM
4125,4125,2025-09-14 17:22:18,MORTGAGE_ORIGINATION,CLOSED,3,2025-09-28,2025-09-16 17:22:18,,LOW
4126,4126,2026-04-18 09:00:35,LETTER_OF_CREDIT,CLOSED,2,2026-05-02,2026-04-20 09:00:35,,MEDIUM
4127,4127,2026-05-21 03:18:21,INSTITUTIONAL_CRYPTO_CUSTODY,CLOSED,3,2026-06-04,2026-05-27 03:18:21,,LOW
4128,4128,2026-08-17 04:17:07,LIQUIDITY_MANAGEMENT,CLOSED,1,2026-08-31,2026-08-22 04:17:07,,MEDIUM
4129,4129,2025-10-05 01:52:20,BUY_NOW_PAY_LATER,CLOSED,1,2025-10-19,2025-10-07 01:52:20,,LOW
4130,4130,2026-04-20 18:05:21,MORTGAGE_ORIGINATION,CLOSED,2,2026-05-04,2026-04-25 18:05:21,Unverified or expired identity documents,MEDIUM
4131,4131,2025-10-11 02:11:11,CREDIT_CARD_ISSUANCE,CLOSED,2,2025-10-25,2025-10-15 02:11:11,,LOW
4132,4132,2026-07-06 21:09:16,SHORT_TERM_LIQUIDITY_MANAGEMENT,OPEN,,2026-07-20,,,HIGH
4133,4133,2025-11-10 15:43:59,AUTO_FINANCING,CLOSED,1,2025-11-24,2025-11-12 15:43:59,,LOW
4134,4134,2026-06-18 22:38:50,CRYPTO_BROKERAGE,CLOSED,4,2026-07-02,2026-06-21 22:38:50,,LOW
4135,4135,2026-08-08 03:32:33,CREDIT_CARD_ISSUANCE,CLOSED,1,2026-08-22,2026-08-09 03:32:33,,MEDIUM
4136,4136,2025-08-26 20:13:15,DISBURSEMENT_PAYROLL_SERVICES,CLOSED,1,2025-09-09,2025-08-30 20:13:15,High-risk sanctions/FATF jurisdiction,HIGH
4137,4137,2025-12-05 05:24:02,RETAIL_BANKING,CLOSED,2,2025-12-19,2025-12-06 05:24:02,,LOW
4138,4138,2025-11-07 00:05:36,MORTGAGE_ORIGINATION,CLOSED,1,2025-11-21,2025-11-12 00:05:36,,MEDIUM
4139,4139,2026-03-01 16:45:40,CREDIT_CARD_ISSUANCE,CLOSED,5,2026-03-15,2026-03-03 16:45:40,,LOW
4140,4140,2025-10-19 21:53:33,DISBURSEMENT_PAYROLL_SERVICES,CLOSED,2,2025-11-02,2025-10-20 21:53:33,Unverified or expired identity documents,LOW
4141,4141,2025-12-19 22:35:24,AUTO_FINANCING,CLOSED,2,2026-01-02,2025-12-23 22:35:24,,LOW
4142,4142,2025-10-17 02:36:46,HIGH_YIELD_SAVINGS,CLOSED,3,2025-10-31,2025-10-21 02:36:46,,LOW
4143,4143,2026-02-15 14:45:10,MORTGAGE_ORIGINATION,CLOSED,1,2026-03-01,2026-02-19 14:45:10,,MEDIUM
4144,4144,2025-11-11 22:35:26,PERSONAL_LOAN,CLOSED,5,2025-11-25,2025-11-14 22:35:26,,HIGH
4145,4145,2026-06-28 19:49:23,HIGH_YIELD_SAVINGS,CLOSED,2,2026-07-12,2026-07-04 19:49:23,,LOW
4146,4146,2025-08-29 11:22:57,RETAIL_BANKING,CLOSED,3,2025-09-12,2025-09-01 11:22:57,,LOW
4147,4147,2026-07-25 01:46:25,INSTITUTIONAL_CRYPTO_CUSTODY,CLOSED,2,2026-08-08,2026-07-31 01:46:25,Unverified or expired identity documents,HIGH
4148,4148,2025-09-28 05:23:27,TERM_LIFE_INSURANCE,CLOSED,3,2025-10-12,2025-09-30 05:23:27,,LOW
4149,4149,2026-02-02 18:28:07,TERM_LIFE_INSURANCE,CLOSED,5,2026-02-16,2026-02-06 18:28:07,,LOW
4150,4150,2026-03-16 23:24:51,CROSS_BORDER_REMITTANCE,CLOSED,3,2026-03-30,2026-03-22 23:24:51,,MEDIUM
4151,4151,2026-06-18 19:47:10,TAX_OPTIMIZED_INVESTING,CLOSED,1,2026-07-02,2026-06-23 19:47:10,Unverified or expired identity documents,HIGH
4152,4152,2025-12-09 16:07:55,TAX_OPTIMIZED_INVESTING,CLOSED,3,2025-12-23,2025-12-15 16:07:55,,LOW
4153,4153,2025-09-20 04:13:05,INSTITUTIONAL_CRYPTO_CUSTODY,CLOSED,1,2025-10-04,2025-09-23 04:13:05,,MEDIUM
4154,4154,2026-08-10 21:28:07,MERCHANT_ACQUIRING,CLOSED,1,2026-08-24,2026-08-14 21:28:07,,LOW
4155,4155,2026-04-10 00:32:49,CREDIT_CARD_ISSUANCE,CLOSED,2,2026-04-24,2026-04-12 00:32:49,,LOW
4156,4156,2026-06-09 18:32:02,HIGH_YIELD_SAVINGS,OPEN,3,2026-06-23,,,LOW
4157,4157,2026-07-18 20:06:02,FX_HEDGING_SOLUTIONS,OPEN,5,2026-08-01,,,LOW
4158,4158,2025-11-24 18:27:53,CORPORATE_ACCOUNT,CLOSED,4,2025-12-08,2025-11-27 18:27:53,,LOW
4159,4159,2026-04-17 05:23:27,CORPORATE_CREDIT_CARD,OPEN,,2026-05-01,,,MEDIUM
4160,4160,2025-08-30 10:54:27,SYNDICATED_LOANS,CLOSED,5,2025-09-13,2025-09-04 10:54:27,,LOW
4161,4161,2026-04-18 10:16:34,BUY_NOW_PAY_LATER,CLOSED,4,2026-05-02,2026-04-20 10:16:34,,LOW
4162,4162,2026-07-14 20:46:14,CREDIT_CARD_ISSUANCE,CLOSED,4,2026-07-28,2026-07-18 20:46:14,,MEDIUM
4163,4163,2026-01-16 16:07:24,BENEFICIARY_DISBURSEMENT_SERVICES,CLOSED,3,2026-01-30,2026-01-19 16:07:24,,LOW
4164,4164,2025-11-02 15:19:41,TREASURY_MANAGEMENT,IN_REVIEW,3,2025-11-16,,,LOW
4165,4165,2026-07-05 21:42:06,CREDIT_CARD_ISSUANCE,CLOSED,2,2026-07-19,2026-07-10 21:42:06,,LOW
4166,4166,2026-02-02 11:29:34,CREDIT_CARD_ISSUANCE,CLOSED,1,2026-02-16,2026-02-07 11:29:34,,LOW
4167,4167,2026-06-19 06:34:41,INSTITUTIONAL_CRYPTO_CUSTODY,CLOSED,4,2026-07-03,2026-06-21 06:34:41,,LOW
4168,4168,2026-04-22 23:46:49,SYNDICATED_LOANS,CLOSED,5,2026-05-06,2026-04-26 23:46:49,,LOW
4169,4169,2025-12-29 15:32:04,ESTATE_PLANNING_SERVICES,CLOSED,1,2026-01-12,2025-12-30 15:32:04,,MEDIUM
4170,4170,2026-06-14 17:27:26,CRYPTO_BROKERAGE,CLOSED,3,2026-06-28,2026-06-19 17:27:26,,LOW
4171,4171,2025-09-17 15:26:45,CROSS_BORDER_REMITTANCE,IN_REVIEW,5,2025-10-01,,,MEDIUM
4172,4172,2026-03-17 16:20:23,CROSS_BORDER_REMITTANCE,CLOSED,4,2026-03-31,2026-03-19 16:20:23,,LOW
4173,4173,2025-12-18 03:45:00,CORPORATE_ACCOUNT,CLOSED,4,2026-01-01,2025-12-22 03:45:00,,MEDIUM
4174,4174,2026-04-29 01:24:23,MORTGAGE_ORIGINATION,IN_REVIEW,4,2026-05-13,,,LOW
4175,4175,2025-12-07 15:20:58,CROSS_BORDER_REMITTANCE,PENDING_DOCUMENTS,1,2025-12-21,,,LOW
4176,4176,2026-01-26 16:35:50,WEALTH_MANAGEMENT,CLOSED,5,2026-02-09,2026-01-27 16:35:50,,MEDIUM
4177,4177,2025-11-24 11:46:38,RETAIL_EQUITY_BROKERAGE,CLOSED,3,2025-12-08,2025-11-26 11:46:38,,MEDIUM
4178,4178,2026-08-02 15:14:28,HIGH_YIELD_SAVINGS,CLOSED,3,2026-08-16,2026-08-06 15:14:28,,MEDIUM
4179,4179,2025-10-04 01:51:19,CROSS_BORDER_REMITTANCE,OPEN,1,2025-10-18,,,LOW
4180,4180,2026-06-03 23:02:28,POLITICAL_DONATION_PROCESSING,CLOSED,1,2026-06-17,2026-06-08 23:02:28,,LOW
4181,4181,2026-05-26 06:09:53,AUTO_FINANCING,CLOSED,3,2026-06-09,2026-05-30 06:09:53,,LOW
4182,4182,2026-02-01 11:53:28,BUY_NOW_PAY_LATER,CLOSED,1,2026-02-15,2026-02-05 11:53:28,,LOW
4183,4183,2026-04-12 17:31:28,PERSONAL_LOAN,CLOSED,5,2026-04-26,2026-04-18 17:31:28,Adverse media and PEP screening threshold exceeded,MEDIUM
4184,4184,2026-07-09 19:34:44,MORTGAGE_ORIGINATION,OPEN,,2026-07-23,,,LOW
4185,4185,2026-02-22 09:11:24,PRIVATE_EQUITY_FEEDER,CLOSED,4,2026-03-08,2026-02-26 09:11:24,,LOW
4186,4186,2026-04-12 10:14:22,MORTGAGE_ORIGINATION,OPEN,2,2026-04-26,,,MEDIUM
4187,4187,2026-03-23 02:30:26,CREDIT_CARD_ISSUANCE,CLOSED,4,2026-04-06,2026-03-26 02:30:26,,MEDIUM
4188,4188,2026-03-27 23:08:18,HIGH_YIELD_SAVINGS,CLOSED,3,2026-04-10,2026-03-30 23:08:18,Unverified or expired identity documents,HIGH
4189,4189,2026-03-10 16:11:55,BUY_NOW_PAY_LATER,CLOSED,4,2026-03-24,2026-03-16 16:11:55,,LOW
4190,4190,2026-02-26 06:27:16,CROSS_BORDER_REMITTANCE,CLOSED,1,2026-03-12,2026-03-02 06:27:16,,LOW
4191,4191,2025-09-18 18:58:47,PAYROLL_SERVICES,CLOSED,3,2025-10-02,2025-09-20 18:58:47,,LOW
4192,4192,2026-01-30 15:38:00,PERSONAL_LOAN,CLOSED,4,2026-02-13,2026-02-02 15:38:00,,LOW
4193,4193,2026-07-20 17:23:55,ROBO_ADVISORY,CLOSED,1,2026-08-03,2026-07-21 17:23:55,,LOW
4194,4194,2026-07-21 19:29:44,CROSS_BORDER_REMITTANCE,CLOSED,2,2026-08-04,2026-07-24 19:29:44,,LOW
4195,4195,2026-04-02 20:20:46,TRADE_FINANCE_CREDIT_INSURANCE,IN_REVIEW,,2026-04-16,,,LOW
4196,4196,2026-03-20 15:11:47,TRADE_FINANCE_CREDIT_INSURANCE,CLOSED,2,2026-04-03,2026-03-24 15:11:47,,MEDIUM
4197,4197,2026-05-21 02:34:32,SYNDICATED_LOANS,CLOSED,4,2026-06-04,2026-05-23 02:34:32,,MEDIUM
4198,4198,2026-01-07 14:34:29,TAX_OPTIMIZED_INVESTING,CLOSED,3,2026-01-21,2026-01-09 14:34:29,,LOW
4199,4199,2026-02-21 00:58:26,MERCHANT_ACQUIRING,IN_REVIEW,,2026-03-07,,,LOW
4200,4200,2026-05-11 08:27:03,LIQUIDITY_MANAGEMENT,CLOSED,5,2026-05-25,2026-05-14 08:27:03,,LOW
4201,4201,2025-10-28 20:33:44,RETAIL_BANKING,CLOSED,5,2025-11-11,2025-11-02 20:33:44,,LOW
4202,4202,2025-10-22 01:07:06,BUY_NOW_PAY_LATER,CLOSED,2,2025-11-05,2025-10-27 01:07:06,,LOW
4203,4203,2026-03-11 13:09:36,PERSONAL_LOAN,CLOSED,1,2026-03-25,2026-03-16 13:09:36,,LOW
4204,4204,2025-08-25 19:59:04,AUTO_FINANCING,CLOSED,4,2025-09-08,2025-08-31 19:59:04,,LOW
4205,4205,2025-11-20 07:55:26,MORTGAGE_ORIGINATION,IN_REVIEW,,2025-12-04,,,HIGH
4206,4206,2025-12-29 16:13:28,AUTO_FINANCING,OPEN,,2026-01-12,,,MEDIUM
4207,4207,2026-06-15 23:39:27,ROBO_ADVISORY,CLOSED,3,2026-06-29,2026-06-17 23:39:27,,LOW
4208,4208,2026-07-28 01:33:25,BENEFICIARY_DISBURSEMENT_SERVICES,PENDING_DOCUMENTS,3,2026-08-11,,,MEDIUM
4209,4209,2026-01-29 01:42:45,BUY_NOW_PAY_LATER,CLOSED,4,2026-02-12,2026-02-04 01:42:45,,LOW
4210,4210,2025-12-20 17:51:47,BUY_NOW_PAY_LATER,CLOSED,4,2026-01-03,2025-12-23 17:51:47,,HIGH
4211,4211,2026-06-09 12:19:25,RETAIL_EQUITY_BROKERAGE,CLOSED,2,2026-06-23,2026-06-13 12:19:25,,LOW
4212,4212,2026-04-08 22:15:39,PERSONAL_LOAN,CLOSED,1,2026-04-22,2026-04-13 22:15:39,,LOW
4213,4213,2026-05-13 00:33:57,ROBO_ADVISORY,CLOSED,1,2026-05-27,2026-05-15 00:33:57,,LOW
4214,4214,2025-10-31 04:00:50,AUTO_FINANCING,CLOSED,1,2025-11-14,2025-11-05 04:00:50,,LOW
4215,4215,2026-05-18 14:47:38,RETAIL_BANKING,CLOSED,5,2026-06-01,2026-05-22 14:47:38,,LOW
4216,4216,2026-01-01 05:26:49,PERSONAL_LOAN,CLOSED,4,2026-01-15,2026-01-02 05:26:49,,LOW
4217,4217,2025-12-22 01:50:11,ROBO_ADVISORY,OPEN,,2026-01-05,,,MEDIUM
4218,4218,2025-11-02 15:58:52,MORTGAGE_ORIGINATION,CLOSED,4,2025-11-16,2025-11-08 15:58:52,,LOW
4219,4219,2026-04-20 09:55:30,POLITICAL_DONATION_PROCESSING,CLOSED,1,2026-05-04,2026-04-25 09:55:30,Unverified or expired identity documents,MEDIUM
4220,4220,2025-09-05 13:02:47,TERM_LIFE_INSURANCE,CLOSED,4,2025-09-19,2025-09-10 13:02:47,,MEDIUM
4221,4221,2026-01-31 09:56:01,RETAIL_EQUITY_BROKERAGE,CLOSED,5,2026-02-14,2026-02-04 09:56:01,,LOW
4222,4222,2026-06-28 10:18:14,PERSONAL_LOAN,CLOSED,2,2026-07-12,2026-07-03 10:18:14,,LOW
4223,4223,2026-07-05 23:19:36,CRYPTO_BROKERAGE,CLOSED,4,2026-07-19,2026-07-07 23:19:36,,LOW
4224,4224,2026-05-03 08:20:16,CROSS_BORDER_REMITTANCE,IN_REVIEW,5,2026-05-17,,,LOW
4225,4225,2026-02-27 04:34:33,CROSS_BORDER_REMITTANCE,CLOSED,4,2026-03-13,2026-02-28 04:34:33,,LOW
4226,4226,2026-07-27 18:46:50,CREDIT_CARD_ISSUANCE,CLOSED,3,2026-08-10,2026-08-01 18:46:50,Unverified or expired identity documents,HIGH
4227,4227,2026-04-06 03:02:36,TERM_LIFE_INSURANCE,CLOSED,1,2026-04-20,2026-04-09 03:02:36,,HIGH
4228,4228,2026-02-15 06:50:17,TERM_LIFE_INSURANCE,CLOSED,5,2026-03-01,2026-02-19 06:50:17,,LOW
4229,4229,2026-01-20 00:22:14,SYNDICATED_LOANS,CLOSED,4,2026-02-03,2026-01-24 00:22:14,,LOW
4230,4230,2025-09-01 12:35:08,TERM_LIFE_INSURANCE,CLOSED,2,2025-09-15,2025-09-06 12:35:08,Unverified or expired identity documents,MEDIUM
4231,4231,2026-06-05 16:11:20,HIGH_YIELD_SAVINGS,CLOSED,5,2026-06-19,2026-06-10 16:11:20,,LOW
4232,4232,2025-09-14 06:00:16,RETAIL_EQUITY_BROKERAGE,CLOSED,4,2025-09-28,2025-09-15 06:00:16,,LOW
4233,4233,2026-01-30 18:05:51,INSTITUTIONAL_CRYPTO_CUSTODY,CLOSED,3,2026-02-13,2026-02-01 18:05:51,,LOW
4234,4234,2026-05-19 22:46:26,CORPORATE_ACCOUNT,CLOSED,4,2026-06-02,2026-05-25 22:46:26,,LOW
4235,4235,2025-10-11 03:39:48,CREDIT_CARD_ISSUANCE,IN_REVIEW,,2025-10-25,,,LOW
4236,4236,2026-04-13 12:54:25,PAYROLL_SERVICES,OPEN,,2026-04-27,,,HIGH
4237,4237,2025-11-11 17:27:03,SYNDICATED_LOANS,CLOSED,2,2025-11-25,2025-11-12 17:27:03,,MEDIUM
4238,4238,2026-04-03 19:45:19,BALLOT_INITIATIVE_ESCROW,CLOSED,2,2026-04-17,2026-04-06 19:45:19,,LOW
4239,4239,2026-02-24 18:32:20,PERSONAL_LOAN,CLOSED,1,2026-03-10,2026-02-27 18:32:20,,LOW
4240,4240,2026-01-20 04:04:22,RETAIL_BANKING,OPEN,,2026-02-03,,,LOW
4241,4241,2026-01-25 14:12:49,CORPORATE_ACCOUNT,IN_REVIEW,2,2026-02-08,,,LOW
4242,4242,2026-06-26 14:52:12,CROSS_BORDER_REMITTANCE,CLOSED,2,2026-07-10,2026-06-27 14:52:12,Unverified or expired identity documents,LOW
4243,4243,2026-04-11 15:20:11,RETAIL_EQUITY_BROKERAGE,CLOSED,4,2026-04-25,2026-04-15 15:20:11,,LOW
4244,4244,2025-10-20 08:32:01,MORTGAGE_ORIGINATION,CLOSED,3,2025-11-03,2025-10-26 08:32:01,,MEDIUM
4245,4245,2026-05-22 04:48:22,TERM_LIFE_INSURANCE,CLOSED,1,2026-06-05,2026-05-26 04:48:22,,LOW
4246,4246,2026-07-29 20:53:16,PERSONAL_LOAN,CLOSED,5,2026-08-12,2026-07-30 20:53:16,,LOW
4247,4247,2025-10-19 15:59:00,MERCHANT_ACQUIRING,CLOSED,1,2025-11-02,2025-10-20 15:59:00,,LOW
4248,4248,2025-10-17 14:43:31,ESCROW_SERVICES,IN_REVIEW,,2025-10-31,,,LOW
4249,4249,2026-06-27 08:07:36,TERM_LIFE_INSURANCE,OPEN,5,2026-07-11,,,LOW
4250,4250,2026-03-26 01:12:07,CREDIT_CARD_ISSUANCE,CLOSED,2,2026-04-09,2026-03-30 01:12:07,,LOW
4251,4251,2026-02-23 20:55:41,BALLOT_INITIATIVE_ESCROW,CLOSED,2,2026-03-09,2026-03-01 20:55:41,,LOW
4252,4252,2026-01-30 13:20:40,CREDIT_CARD_ISSUANCE,CLOSED,1,2026-02-13,2026-02-03 13:20:40,,LOW
4253,4253,2026-02-10 21:18:48,TERM_LIFE_INSURANCE,CLOSED,5,2026-02-24,2026-02-12 21:18:48,,MEDIUM
4254,4254,2026-05-15 06:34:34,RETAIL_BANKING,CLOSED,4,2026-05-29,2026-05-20 06:34:34,,LOW
4255,4255,2026-03-09 05:11:18,HIGH_YIELD_SAVINGS,CLOSED,5,2026-03-23,2026-03-13 05:11:18,,LOW
4256,4256,2026-02-22 15:19:52,CREDIT_CARD_ISSUANCE,PENDING_DOCUMENTS,,2026-03-08,,,HIGH
4257,4257,2026-07-19 01:44:25,HIGH_YIELD_SAVINGS,CLOSED,2,2026-08-02,2026-07-24 01:44:25,,LOW
4258,4258,2026-05-08 02:28:08,TERM_LIFE_INSURANCE,CLOSED,4,2026-05-22,2026-05-10 02:28:08,,MEDIUM
4259,4259,2026-02-07 22:26:03,BUY_NOW_PAY_LATER,CLOSED,3,2026-02-21,2026-02-12 22:26:03,,MEDIUM
4260,4260,2025-11-26 09:19:14,TERM_LIFE_INSURANCE,CLOSED,3,2025-12-10,2025-12-01 09:19:14,,LOW
4261,4261,2025-09-03 16:42:20,CROSS_BORDER_REMITTANCE,CLOSED,1,2025-09-17,2025-09-09 16:42:20,,LOW
4262,4262,2026-08-06 03:09:50,TERM_LIFE_INSURANCE,CLOSED,3,2026-08-20,2026-08-08 03:09:50,,LOW
4263,4263,2026-05-02 13:07:47,PAYROLL_SERVICES,OPEN,,2026-05-16,,,LOW
4264,4264,2026-03-06 23:02:52,PERSONAL_LOAN,IN_REVIEW,,2026-03-20,,,LOW
4265,4265,2026-03-31 18:57:33,ROBO_ADVISORY,OPEN,5,2026-04-14,,,LOW
4266,4266,2025-12-16 06:08:53,BUY_NOW_PAY_LATER,CLOSED,2,2025-12-30,2025-12-21 06:08:53,,LOW
4267,4267,2026-06-23 10:53:54,MORTGAGE_ORIGINATION,OPEN,3,2026-07-07,,,MEDIUM
4268,4268,2025-11-29 12:07:10,BUY_NOW_PAY_LATER,CLOSED,2,2025-12-13,2025-12-05 12:07:10,Unverified or expired identity documents,MEDIUM
4269,4269,2025-11-19 07:01:09,TERM_LIFE_INSURANCE,CLOSED,3,2025-12-03,2025-11-22 07:01:09,,LOW
4270,4270,2025-12-25 07:54:07,CREDIT_CARD_ISSUANCE,CLOSED,5,2026-01-08,2025-12-30 07:54:07,Unverified or expired identity documents,MEDIUM
4271,4271,2026-02-13 17:57:09,RETAIL_EQUITY_BROKERAGE,CLOSED,4,2026-02-27,2026-02-15 17:57:09,,LOW
4272,4272,2025-11-05 12:54:46,MORTGAGE_ORIGINATION,CLOSED,4,2025-11-19,2025-11-07 12:54:46,,LOW
4273,4273,2026-01-16 17:23:11,ROBO_ADVISORY,CLOSED,4,2026-01-30,2026-01-20 17:23:11,,LOW
4274,4274,2026-06-21 18:15:10,HIGH_YIELD_SAVINGS,CLOSED,3,2026-07-05,2026-06-26 18:15:10,Unverified or expired identity documents,HIGH
4275,4275,2025-09-20 07:19:14,TRADE_FINANCE_CREDIT_INSURANCE,OPEN,,2025-10-04,,,LOW
4276,4276,2026-05-23 08:29:05,BESPOKE_PORTFOLIO_MANAGEMENT,CLOSED,5,2026-06-06,2026-05-28 08:29:05,,LOW
4277,4277,2026-04-03 15:09:18,BUY_NOW_PAY_LATER,CLOSED,1,2026-04-17,2026-04-07 15:09:18,,LOW
4278,4278,2026-01-22 10:57:03,PERSONAL_LOAN,CLOSED,2,2026-02-05,2026-01-24 10:57:03,,LOW
4279,4279,2025-10-23 00:41:59,RETAIL_EQUITY_BROKERAGE,CLOSED,2,2025-11-06,2025-10-26 00:41:59,,LOW
4280,4280,2025-12-29 00:55:41,GOVERNMENT_RELATIONS_ESCROW,CLOSED,4,2026-01-12,2026-01-02 00:55:41,,LOW
4281,4281,2026-02-09 06:19:14,CORPORATE_ACCOUNT,IN_REVIEW,,2026-02-23,,,LOW
4282,4282,2026-08-21 03:22:07,CRYPTO_BROKERAGE,CLOSED,5,2026-09-04,2026-08-24 03:22:07,,LOW
4283,4283,2026-07-15 10:25:06,PAYROLL_SERVICES,OPEN,2,2026-07-29,,,MEDIUM
4284,4284,2026-06-22 19:13:59,CREDIT_CARD_ISSUANCE,CLOSED,5,2026-07-06,2026-06-23 19:13:59,,LOW
4285,4285,2026-06-09 12:43:14,TREASURY_MANAGEMENT,CLOSED,1,2026-06-23,2026-06-10 12:43:14,,MEDIUM
4286,4286,2025-10-10 07:46:20,CRYPTO_BROKERAGE,CLOSED,4,2025-10-24,2025-10-12 07:46:20,,LOW
4287,4287,2025-09-06 01:22:00,TRUSTEE_ADMINISTRATION,CLOSED,2,2025-09-20,2025-09-07 01:22:00,,LOW
4288,4288,2025-11-01 11:25:17,RETAIL_BANKING,CLOSED,3,2025-11-15,2025-11-02 11:25:17,,LOW
4289,4289,2026-02-06 07:45:47,COMMERCIAL_LENDING,CLOSED,4,2026-02-20,2026-02-09 07:45:47,,LOW
4290,4290,2025-12-07 09:31:39,CRYPTO_BROKERAGE,CLOSED,1,2025-12-21,2025-12-12 09:31:39,,LOW
4291,4291,2026-08-19 02:38:23,ESCROW_SERVICES,CLOSED,3,2026-09-02,2026-08-25 02:38:23,,LOW
4292,4292,2025-09-07 22:06:01,PERSONAL_LOAN,CLOSED,3,2025-09-21,2025-09-08 22:06:01,,LOW
4293,4293,2026-01-11 14:32:40,CORPORATE_CREDIT_CARD,CLOSED,2,2026-01-25,2026-01-12 14:32:40,,LOW
4294,4294,2026-04-28 13:54:00,PAYROLL_SERVICES,CLOSED,2,2026-05-12,2026-04-29 13:54:00,,LOW
4295,4295,2026-06-13 02:44:38,PHILANTHROPY_ENDOWMENT_MANAGEMENT,IN_REVIEW,,2026-06-27,,,LOW
4296,4296,2026-05-19 20:09:43,CORPORATE_CREDIT_CARD,CLOSED,5,2026-06-02,2026-05-22 20:09:43,,MEDIUM
4297,4297,2026-01-10 22:13:50,RETAIL_EQUITY_BROKERAGE,CLOSED,3,2026-01-24,2026-01-14 22:13:50,,LOW
4298,4298,2025-10-06 09:14:35,LETTER_OF_CREDIT,CLOSED,4,2025-10-20,2025-10-12 09:14:35,,LOW
4299,4299,2026-02-25 05:01:10,HIGH_VOLUME_MERCHANT_GATEWAY,CLOSED,5,2026-03-11,2026-03-01 05:01:10,,LOW
4300,4300,2026-04-10 21:38:42,MERCHANT_ACQUIRING,CLOSED,5,2026-04-24,2026-04-13 21:38:42,,LOW
4301,4301,2026-02-11 14:33:45,MORTGAGE_ORIGINATION,CLOSED,1,2026-02-25,2026-02-14 14:33:45,,HIGH
4302,4302,2025-12-01 07:22:00,MORTGAGE_ORIGINATION,CLOSED,2,2025-12-15,2025-12-04 07:22:00,,LOW
4303,4303,2025-11-19 12:02:15,BUY_NOW_PAY_LATER,CLOSED,5,2025-12-03,2025-11-22 12:02:15,,LOW
4304,4304,2026-06-27 14:33:33,MORTGAGE_ORIGINATION,CLOSED,4,2026-07-11,2026-07-01 14:33:33,,MEDIUM
4305,4305,2026-06-14 21:01:29,WEALTH_MANAGEMENT,CLOSED,4,2026-06-28,2026-06-17 21:01:29,,MEDIUM
4306,4306,2025-10-09 07:11:45,COMMERCIAL_LENDING,CLOSED,5,2025-10-23,2025-10-15 07:11:45,,LOW
4307,4307,2026-04-08 06:55:40,CRYPTO_BROKERAGE,IN_REVIEW,,2026-04-22,,,HIGH
4308,4308,2026-01-29 09:42:02,RETAIL_EQUITY_BROKERAGE,CLOSED,5,2026-02-12,2026-01-31 09:42:02,,LOW
4309,4309,2026-03-04 23:45:40,MORTGAGE_ORIGINATION,OPEN,1,2026-03-18,,,LOW
4310,4310,2025-10-29 15:43:58,RETAIL_BANKING,CLOSED,5,2025-11-12,2025-11-03 15:43:58,Unverified or expired identity documents,LOW
4311,4311,2025-12-25 01:04:29,DIRECT_INDEXING,CLOSED,1,2026-01-08,2025-12-29 01:04:29,,LOW
4312,4312,2026-05-26 08:17:42,TREASURY_MANAGEMENT,CLOSED,2,2026-06-09,2026-05-29 08:17:42,,LOW
4313,4313,2026-07-31 05:54:57,PERSONAL_LOAN,OPEN,,2026-08-14,,,MEDIUM
4314,4314,2026-02-28 19:43:53,HIGH_YIELD_SAVINGS,CLOSED,5,2026-03-14,2026-03-03 19:43:53,,LOW
4315,4315,2025-10-31 04:05:00,PERSONAL_LOAN,CLOSED,5,2025-11-14,2025-11-05 04:05:00,,LOW
4316,4316,2026-01-14 19:57:46,TRADE_FINANCE_CREDIT_INSURANCE,CLOSED,4,2026-01-28,2026-01-16 19:57:46,,LOW
4317,4317,2026-02-15 05:38:19,PERSONAL_LOAN,CLOSED,5,2026-03-01,2026-02-16 05:38:19,Unverified or expired identity documents,LOW
4318,4318,2026-05-31 09:04:41,AUTO_FINANCING,CLOSED,3,2026-06-14,2026-06-04 09:04:41,,LOW
4319,4319,2026-05-11 08:59:35,LETTER_OF_CREDIT,CLOSED,4,2026-05-25,2026-05-17 08:59:35,,MEDIUM
4320,4320,2026-06-16 14:19:15,TERM_LIFE_INSURANCE,CLOSED,4,2026-06-30,2026-06-17 14:19:15,,LOW
4321,4321,2026-04-28 13:56:59,AUTO_FINANCING,IN_REVIEW,,2026-05-12,,,HIGH
4322,4322,2025-11-18 02:58:13,TRADE_FINANCE_CREDIT_INSURANCE,CLOSED,3,2025-12-02,2025-11-21 02:58:13,,LOW
4323,4323,2025-12-15 10:30:48,CROSS_BORDER_REMITTANCE,CLOSED,2,2025-12-29,2025-12-20 10:30:48,,LOW
4324,4324,2025-12-29 23:37:25,CORPORATE_ACCOUNT,CLOSED,1,2026-01-12,2026-01-03 23:37:25,,MEDIUM
4325,4325,2026-08-22 22:08:55,BUY_NOW_PAY_LATER,IN_REVIEW,,2026-09-05,,,MEDIUM
4326,4326,2026-05-17 16:25:40,BUY_NOW_PAY_LATER,CLOSED,5,2026-05-31,2026-05-22 16:25:40,,HIGH
4327,4327,2025-11-16 03:30:49,RETAIL_EQUITY_BROKERAGE,CLOSED,4,2025-11-30,2025-11-21 03:30:49,,MEDIUM
4328,4328,2026-05-22 16:51:19,PHILANTHROPY_ENDOWMENT_MANAGEMENT,CLOSED,3,2026-06-05,2026-05-24 16:51:19,,HIGH
4329,4329,2026-05-15 04:57:07,HIGH_VOLUME_MERCHANT_GATEWAY,CLOSED,3,2026-05-29,2026-05-21 04:57:07,Adverse media and PEP screening threshold exceeded,LOW
4330,4330,2026-02-13 22:49:51,SYNDICATED_LOANS,CLOSED,2,2026-02-27,2026-02-19 22:49:51,,LOW
4331,4331,2026-06-23 10:19:40,MORTGAGE_ORIGINATION,CLOSED,2,2026-07-07,2026-06-24 10:19:40,,LOW
4332,4332,2026-02-14 04:03:14,RETAIL_EQUITY_BROKERAGE,CLOSED,1,2026-02-28,2026-02-19 04:03:14,,MEDIUM
4333,4333,2025-12-21 12:46:55,SHORT_TERM_LIQUIDITY_MANAGEMENT,OPEN,,2026-01-04,,,LOW
4334,4334,2026-06-14 11:12:28,RETAIL_EQUITY_BROKERAGE,IN_REVIEW,,2026-06-28,,,LOW
4335,4335,2026-08-07 03:52:13,BESPOKE_PORTFOLIO_MANAGEMENT,CLOSED,2,2026-08-21,2026-08-11 03:52:13,,MEDIUM
4336,4336,2026-07-30 17:37:45,CORPORATE_CREDIT_CARD,CLOSED,5,2026-08-13,2026-08-02 17:37:45,,MEDIUM
4337,4337,2026-06-17 11:18:09,INSTITUTIONAL_CRYPTO_CUSTODY,CLOSED,3,2026-07-01,2026-06-19 11:18:09,Unverified or expired identity documents,HIGH
4338,4338,2026-02-03 08:03:03,GOVERNMENT_RELATIONS_ESCROW,CLOSED,1,2026-02-17,2026-02-04 08:03:03,Unverified or expired identity documents,HIGH
4339,4339,2026-07-21 10:51:02,CAMPAIGN_CHECKING_ACCOUNT,CLOSED,2,2026-08-04,2026-07-23 10:51:02,,MEDIUM
4340,4340,2025-10-01 01:26:38,DISBURSEMENT_PAYROLL_SERVICES,PENDING_DOCUMENTS,1,2025-10-15,,,LOW
4341,4341,2026-07-09 10:36:16,LIQUIDITY_MANAGEMENT,OPEN,4,2026-07-23,,,LOW
4342,4342,2025-12-23 05:33:50,TERM_LIFE_INSURANCE,CLOSED,5,2026-01-06,2025-12-29 05:33:50,,LOW
4343,4343,2026-08-09 07:33:03,INSTITUTIONAL_CRYPTO_CUSTODY,CLOSED,1,2026-08-23,2026-08-13 07:33:03,,MEDIUM
4344,4344,2025-12-01 18:43:53,LIQUIDITY_MANAGEMENT,OPEN,,2025-12-15,,,MEDIUM
4345,4345,2026-04-16 15:38:34,LETTER_OF_CREDIT,CLOSED,5,2026-04-30,2026-04-21 15:38:34,,LOW
4346,4346,2026-05-09 13:56:51,BUY_NOW_PAY_LATER,CLOSED,4,2026-05-23,2026-05-13 13:56:51,,HIGH
4347,4347,2025-12-21 16:09:05,CROSS_BORDER_REMITTANCE,CLOSED,2,2026-01-04,2025-12-24 16:09:05,,MEDIUM
4348,4348,2026-03-01 19:17:10,CROSS_BORDER_REMITTANCE,CLOSED,1,2026-03-15,2026-03-03 19:17:10,Unverified or expired identity documents,MEDIUM
4349,4349,2025-12-27 10:54:15,RETAIL_BANKING,PENDING_DOCUMENTS,,2026-01-10,,,LOW
4350,4350,2025-10-31 07:53:54,MORTGAGE_ORIGINATION,IN_REVIEW,1,2025-11-14,,,LOW
4351,4351,2026-08-18 17:42:37,RETAIL_BANKING,OPEN,,2026-09-01,,,LOW
4352,4352,2026-04-14 10:31:20,RETAIL_BANKING,CLOSED,4,2026-04-28,2026-04-16 10:31:20,,LOW
4353,4353,2026-02-10 01:21:57,RETAIL_BANKING,CLOSED,1,2026-02-24,2026-02-13 01:21:57,,LOW
4354,4354,2025-09-04 09:32:22,FX_HEDGING_SOLUTIONS,PENDING_DOCUMENTS,,2025-09-18,,,LOW
4355,4355,2026-04-23 22:17:05,RETAIL_BANKING,OPEN,3,2026-05-07,,,LOW
4356,4356,2026-05-22 03:00:39,CREDIT_CARD_ISSUANCE,CLOSED,5,2026-06-05,2026-05-23 03:00:39,Unverified or expired identity documents,HIGH
4357,4357,2025-11-10 08:56:22,COMMERCIAL_LENDING,OPEN,1,2025-11-24,,,HIGH
4358,4358,2026-01-08 13:02:12,AUTO_FINANCING,CLOSED,1,2026-01-22,2026-01-13 13:02:12,,MEDIUM
4359,4359,2025-11-26 14:06:13,ROBO_ADVISORY,CLOSED,3,2025-12-10,2025-12-01 14:06:13,,LOW
4360,4360,2026-06-19 16:35:00,TERM_LIFE_INSURANCE,CLOSED,1,2026-07-03,2026-06-24 16:35:00,,HIGH
4361,4361,2026-07-10 20:44:09,CRYPTO_BROKERAGE,OPEN,,2026-07-24,,,LOW
4362,4362,2025-10-31 22:41:09,BALLOT_INITIATIVE_ESCROW,CLOSED,3,2025-11-14,2025-11-03 22:41:09,,LOW
4363,4363,2026-01-16 05:34:16,TRUSTEE_ADMINISTRATION,CLOSED,1,2026-01-30,2026-01-19 05:34:16,,LOW
4364,4364,2026-02-21 16:39:51,RETAIL_EQUITY_BROKERAGE,CLOSED,3,2026-03-07,2026-02-23 16:39:51,,MEDIUM
4365,4365,2026-04-01 19:44:02,SHORT_TERM_LIQUIDITY_MANAGEMENT,CLOSED,5,2026-04-15,2026-04-02 19:44:02,,LOW
4366,4366,2026-02-06 21:18:22,FX_HEDGING_SOLUTIONS,IN_REVIEW,,2026-02-20,,,LOW
4367,4367,2026-01-16 12:39:18,PERSONAL_LOAN,CLOSED,3,2026-01-30,2026-01-19 12:39:18,,LOW
4368,4368,2026-05-27 15:28:56,PERSONAL_LOAN,CLOSED,5,2026-06-10,2026-06-02 15:28:56,,LOW
4369,4369,2026-08-23 22:55:34,CROSS_BORDER_REMITTANCE,CLOSED,1,2026-09-06,2026-08-26 22:55:34,,LOW
4370,4370,2026-03-14 17:20:19,BUY_NOW_PAY_LATER,CLOSED,4,2026-03-28,2026-03-15 17:20:19,,LOW
4371,4371,2026-07-04 15:06:16,RETAIL_BANKING,CLOSED,1,2026-07-18,2026-07-08 15:06:16,,LOW
4372,4372,2026-04-04 22:45:35,POLITICAL_DONATION_PROCESSING,CLOSED,4,2026-04-18,2026-04-05 22:45:35,,LOW
4373,4373,2026-03-30 10:05:33,RETAIL_BANKING,CLOSED,5,2026-04-13,2026-04-02 10:05:33,,LOW
4374,4374,2026-01-17 00:57:56,SECURITIES_BASED_LENDING,CLOSED,1,2026-01-31,2026-01-18 00:57:56,,LOW
4375,4375,2026-07-10 16:41:15,BUY_NOW_PAY_LATER,OPEN,,2026-07-24,,,LOW
4376,4376,2025-09-23 21:40:43,CORPORATE_CREDIT_CARD,OPEN,,2025-10-07,,,MEDIUM
4377,4377,2026-08-07 03:31:19,TREASURY_MANAGEMENT,IN_REVIEW,3,2026-08-21,,,LOW
4378,4378,2025-12-27 00:41:02,AUTO_FINANCING,CLOSED,4,2026-01-10,2026-01-01 00:41:02,,LOW
4379,4379,2026-03-23 03:26:38,HIGH_YIELD_SAVINGS,CLOSED,3,2026-04-06,2026-03-25 03:26:38,,LOW
4380,4380,2026-07-05 17:07:21,PERSONAL_LOAN,CLOSED,5,2026-07-19,2026-07-06 17:07:21,,LOW
4381,4381,2026-06-01 22:17:55,CRYPTO_BROKERAGE,CLOSED,5,2026-06-15,2026-06-07 22:17:55,,LOW
4382,4382,2025-10-05 09:41:25,CROSS_BORDER_REMITTANCE,OPEN,,2025-10-19,,,LOW
4383,4383,2026-03-12 15:25:27,ESCROW_SERVICES,IN_REVIEW,,2026-03-26,,,LOW
4384,4384,2026-06-03 09:12:34,CRYPTO_BROKERAGE,CLOSED,3,2026-06-17,2026-06-09 09:12:34,,LOW
4385,4385,2026-04-02 14:00:31,ESCROW_SERVICES,CLOSED,5,2026-04-16,2026-04-06 14:00:31,,LOW
4386,4386,2025-12-21 04:09:02,MORTGAGE_ORIGINATION,CLOSED,1,2026-01-04,2025-12-23 04:09:02,,LOW
4387,4387,2026-02-24 11:59:05,MORTGAGE_ORIGINATION,CLOSED,5,2026-03-10,2026-02-27 11:59:05,,LOW
4388,4388,2026-06-11 06:39:51,CRYPTO_BROKERAGE,CLOSED,2,2026-06-25,2026-06-12 06:39:51,,HIGH
4389,4389,2026-04-11 16:19:16,SYNDICATED_LOANS,CLOSED,2,2026-04-25,2026-04-13 16:19:16,,LOW
4390,4390,2026-05-21 23:13:45,SECURITIES_BASED_LENDING,CLOSED,5,2026-06-04,2026-05-27 23:13:45,,MEDIUM
4391,4391,2025-11-11 15:10:11,AUTO_FINANCING,CLOSED,5,2025-11-25,2025-11-15 15:10:11,,LOW
4392,4392,2026-01-10 18:31:40,CREDIT_CARD_ISSUANCE,CLOSED,3,2026-01-24,2026-01-12 18:31:40,,MEDIUM
4393,4393,2025-09-24 01:52:08,PRIVATE_EQUITY_FEEDER,CLOSED,5,2025-10-08,2025-09-29 01:52:08,,LOW
4394,4394,2026-04-27 00:57:39,CRYPTO_BROKERAGE,CLOSED,4,2026-05-11,2026-04-29 00:57:39,,LOW
4395,4395,2026-06-14 00:45:58,FX_HEDGING_SOLUTIONS,CLOSED,5,2026-06-28,2026-06-17 00:45:58,,LOW
4396,4396,2026-03-30 15:57:36,COMMERCIAL_LENDING,CLOSED,2,2026-04-13,2026-04-05 15:57:36,Unverified or expired identity documents,HIGH
4397,4397,2026-01-28 08:07:44,CRYPTO_BROKERAGE,CLOSED,1,2026-02-11,2026-02-01 08:07:44,,LOW
4398,4398,2026-04-01 16:23:20,MORTGAGE_ORIGINATION,CLOSED,3,2026-04-15,2026-04-03 16:23:20,Unverified or expired identity documents,LOW
4399,4399,2026-03-19 02:20:10,RETAIL_EQUITY_BROKERAGE,CLOSED,5,2026-04-02,2026-03-24 02:20:10,,LOW
4400,4400,2025-09-22 21:57:45,ASSET_PROTECTION_TRUSTS,IN_REVIEW,4,2025-10-06,,,MEDIUM
4401,4401,2026-02-09 01:47:45,AUTO_FINANCING,OPEN,3,2026-02-23,,,LOW
4402,4402,2025-11-25 22:23:20,LIQUIDITY_MANAGEMENT,CLOSED,4,2025-12-09,2025-11-30 22:23:20,,LOW
4403,4403,2026-08-10 11:28:40,SYNDICATED_LOANS,CLOSED,2,2026-08-24,2026-08-15 11:28:40,,MEDIUM
4404,4404,2025-10-01 15:00:17,BENEFICIARY_DISBURSEMENT_SERVICES,CLOSED,4,2025-10-15,2025-10-04 15:00:17,,LOW
4405,4405,2025-09-18 16:27:17,CROSS_BORDER_REMITTANCE,CLOSED,4,2025-10-02,2025-09-24 16:27:17,,LOW
4406,4406,2025-09-25 16:52:00,MORTGAGE_ORIGINATION,CLOSED,4,2025-10-09,2025-09-29 16:52:00,,LOW
4407,4407,2026-06-05 00:56:18,BUY_NOW_PAY_LATER,PENDING_DOCUMENTS,4,2026-06-19,,,MEDIUM
4408,4408,2025-09-15 03:54:03,MORTGAGE_ORIGINATION,IN_REVIEW,1,2025-09-29,,,HIGH
4409,4409,2026-05-08 05:28:07,TERM_LIFE_INSURANCE,PENDING_DOCUMENTS,2,2026-05-22,,,LOW
4410,4410,2026-02-05 07:48:27,ROBO_ADVISORY,OPEN,2,2026-02-19,,,LOW
4411,4411,2025-09-25 11:12:51,ESCROW_SERVICES,OPEN,2,2025-10-09,,,LOW
4412,4412,2025-09-22 04:53:13,CRYPTO_BROKERAGE,CLOSED,2,2025-10-06,2025-09-25 04:53:13,Unverified or expired identity documents,LOW
4413,4413,2025-10-22 17:47:32,CROSS_BORDER_REMITTANCE,CLOSED,1,2025-11-05,2025-10-24 17:47:32,,LOW
4414,4414,2026-04-24 09:56:54,BUY_NOW_PAY_LATER,CLOSED,4,2026-05-08,2026-04-27 09:56:54,Unverified or expired identity documents,MEDIUM
4415,4415,2026-03-16 04:49:23,CRYPTO_BROKERAGE,CLOSED,3,2026-03-30,2026-03-19 04:49:23,,LOW
4416,4416,2026-05-19 07:23:56,MORTGAGE_ORIGINATION,CLOSED,1,2026-06-02,2026-05-24 07:23:56,,MEDIUM
4417,4417,2026-01-17 21:30:27,PHILANTHROPY_ENDOWMENT_MANAGEMENT,CLOSED,4,2026-01-31,2026-01-23 21:30:27,,LOW
4418,4418,2026-03-19 05:26:42,CROSS_BORDER_REMITTANCE,CLOSED,3,2026-04-02,2026-03-24 05:26:42,,LOW
4419,4419,2026-01-05 21:08:24,AUTO_FINANCING,CLOSED,3,2026-01-19,2026-01-06 21:08:24,Unverified or expired identity documents,HIGH
4420,4420,2025-08-31 13:04:34,SYNDICATED_LOANS,CLOSED,4,2025-09-14,2025-09-03 13:04:34,Unverified or expired identity documents,HIGH
4421,4421,2026-05-22 23:13:06,BUY_NOW_PAY_LATER,CLOSED,5,2026-06-05,2026-05-25 23:13:06,,LOW
4422,4422,2025-12-19 12:43:49,CROSS_BORDER_REMITTANCE,CLOSED,5,2026-01-02,2025-12-24 12:43:49,,LOW
4423,4423,2026-04-29 20:29:35,CRYPTO_BROKERAGE,IN_REVIEW,3,2026-05-13,,,HIGH
4424,4424,2026-03-13 07:42:18,ROBO_ADVISORY,CLOSED,2,2026-03-27,2026-03-19 07:42:18,,LOW
4425,4425,2026-01-05 05:29:16,GOVERNMENT_RELATIONS_ESCROW,IN_REVIEW,2,2026-01-19,,,MEDIUM
4426,4426,2026-03-14 15:39:35,TRADE_FINANCE_CREDIT_INSURANCE,CLOSED,3,2026-03-28,2026-03-18 15:39:35,,LOW
4427,4427,2026-03-11 21:56:01,DISBURSEMENT_PAYROLL_SERVICES,CLOSED,4,2026-03-25,2026-03-17 21:56:01,,LOW
4428,4428,2025-11-05 03:25:31,RETAIL_EQUITY_BROKERAGE,PENDING_DOCUMENTS,,2025-11-19,,,MEDIUM
4429,4429,2025-11-14 07:44:03,TERM_LIFE_INSURANCE,CLOSED,1,2025-11-28,2025-11-17 07:44:03,,LOW
4430,4430,2025-09-05 05:57:16,CORPORATE_ACCOUNT,CLOSED,4,2025-09-19,2025-09-10 05:57:16,,LOW
4431,4431,2025-09-18 18:26:49,CRYPTO_BROKERAGE,PENDING_DOCUMENTS,3,2025-10-02,,,LOW
4432,4432,2026-02-13 03:57:40,RETAIL_BANKING,IN_REVIEW,,2026-02-27,,,LOW
4433,4433,2025-12-21 02:52:39,TERM_LIFE_INSURANCE,CLOSED,5,2026-01-04,2025-12-25 02:52:39,,MEDIUM
4434,4434,2025-09-01 05:18:16,BENEFICIARY_DISBURSEMENT_SERVICES,CLOSED,5,2025-09-15,2025-09-05 05:18:16,,LOW
4435,4435,2026-08-22 10:18:28,CREDIT_CARD_ISSUANCE,CLOSED,5,2026-09-05,2026-08-26 10:18:28,,MEDIUM
4436,4436,2026-01-29 23:53:29,CRYPTO_BROKERAGE,CLOSED,5,2026-02-12,2026-01-30 23:53:29,,LOW
4437,4437,2025-10-25 11:21:28,ESTATE_PLANNING_SERVICES,CLOSED,4,2025-11-08,2025-10-29 11:21:28,,LOW
4438,4438,2026-05-30 01:04:03,DISBURSEMENT_PAYROLL_SERVICES,CLOSED,3,2026-06-13,2026-06-02 01:04:03,,LOW
4439,4439,2026-06-20 00:32:35,TERM_LIFE_INSURANCE,CLOSED,3,2026-07-04,2026-06-24 00:32:35,,MEDIUM
4440,4440,2026-04-28 23:09:17,SECURITIES_BASED_LENDING,CLOSED,3,2026-05-12,2026-05-01 23:09:17,,LOW
4441,4441,2026-05-21 20:23:52,ESCROW_SERVICES,CLOSED,3,2026-06-04,2026-05-25 20:23:52,,LOW
4442,4442,2026-06-11 12:05:49,ROBO_ADVISORY,CLOSED,4,2026-06-25,2026-06-16 12:05:49,,LOW
4443,4443,2026-04-13 06:54:07,TRADE_FINANCE_CREDIT_INSURANCE,CLOSED,5,2026-04-27,2026-04-15 06:54:07,,MEDIUM
4444,4444,2025-10-11 07:12:17,REGULATORY_REPORTING_INTEGRATION,CLOSED,4,2025-10-25,2025-10-15 07:12:17,Unverified or expired identity documents,LOW
4445,4445,2025-12-23 21:29:42,BALLOT_INITIATIVE_ESCROW,CLOSED,2,2026-01-06,2025-12-26 21:29:42,,LOW
4446,4446,2025-10-10 07:49:53,ESCROW_SERVICES,CLOSED,1,2025-10-24,2025-10-12 07:49:53,Adverse media and PEP screening threshold exceeded,LOW
4447,4447,2026-02-20 12:18:26,MORTGAGE_ORIGINATION,CLOSED,1,2026-03-06,2026-02-25 12:18:26,,LOW
4448,4448,2025-11-25 02:16:49,MORTGAGE_ORIGINATION,CLOSED,4,2025-12-09,2025-11-26 02:16:49,,LOW
4449,4449,2026-03-11 03:42:48,MORTGAGE_ORIGINATION,CLOSED,3,2026-03-25,2026-03-13 03:42:48,,LOW
4450,4450,2026-04-30 05:20:35,REGULATORY_REPORTING_INTEGRATION,CLOSED,2,2026-05-14,2026-05-01 05:20:35,Unverified or expired identity documents,LOW
4451,4451,2026-02-09 20:21:08,AUTO_FINANCING,CLOSED,1,2026-02-23,2026-02-14 20:21:08,,MEDIUM
4452,4452,2026-06-02 17:33:32,TERM_LIFE_INSURANCE,CLOSED,5,2026-06-16,2026-06-06 17:33:32,,LOW
4453,4453,2026-06-26 11:58:08,ROBO_ADVISORY,PENDING_DOCUMENTS,5,2026-07-10,,,LOW
4454,4454,2026-03-26 09:43:25,TREASURY_MANAGEMENT,CLOSED,5,2026-04-09,2026-03-29 09:43:25,,HIGH
4455,4455,2026-06-02 15:52:19,RETAIL_EQUITY_BROKERAGE,IN_REVIEW,,2026-06-16,,,LOW
4456,4456,2025-12-08 02:20:00,BUY_NOW_PAY_LATER,CLOSED,2,2025-12-22,2025-12-11 02:20:00,,HIGH
4457,4457,2025-11-14 03:33:57,PAYROLL_SERVICES,CLOSED,5,2025-11-28,2025-11-15 03:33:57,,MEDIUM
4458,4458,2026-06-05 15:31:59,TERM_LIFE_INSURANCE,CLOSED,5,2026-06-19,2026-06-08 15:31:59,,LOW
4459,4459,2026-08-07 22:29:34,BUY_NOW_PAY_LATER,CLOSED,2,2026-08-21,2026-08-13 22:29:34,,LOW
4460,4460,2026-08-18 15:55:21,TERM_LIFE_INSURANCE,CLOSED,3,2026-09-01,2026-08-20 15:55:21,,MEDIUM
4461,4461,2026-02-19 05:10:02,CREDIT_CARD_ISSUANCE,CLOSED,5,2026-03-05,2026-02-24 05:10:02,,LOW
4462,4462,2026-06-12 01:33:05,MERCHANT_ACQUIRING,CLOSED,5,2026-06-26,2026-06-13 01:33:05,,LOW
4463,4463,2026-08-07 02:31:55,TREASURY_MANAGEMENT,CLOSED,1,2026-08-21,2026-08-09 02:31:55,,LOW
4464,4464,2026-02-03 23:00:25,TRUSTEE_ADMINISTRATION,CLOSED,4,2026-02-17,2026-02-07 23:00:25,,MEDIUM
4465,4465,2025-12-03 08:23:10,ASSET_PROTECTION_TRUSTS,CLOSED,3,2025-12-17,2025-12-08 08:23:10,,LOW
4466,4466,2026-08-14 15:25:06,CROSS_BORDER_REMITTANCE,CLOSED,5,2026-08-28,2026-08-18 15:25:06,,MEDIUM
4467,4467,2026-07-25 02:43:41,RETAIL_EQUITY_BROKERAGE,CLOSED,2,2026-08-08,2026-07-26 02:43:41,Unverified or expired identity documents,HIGH
4468,4468,2026-06-26 22:21:10,CROSS_BORDER_REMITTANCE,CLOSED,5,2026-07-10,2026-06-30 22:21:10,,HIGH
4469,4469,2026-06-01 03:15:45,TERM_LIFE_INSURANCE,CLOSED,2,2026-06-15,2026-06-03 03:15:45,,HIGH
4470,4470,2025-10-18 02:17:16,PRIVATE_EQUITY_FEEDER,CLOSED,1,2025-11-01,2025-10-24 02:17:16,,LOW
4471,4471,2025-09-10 21:27:48,CREDIT_CARD_ISSUANCE,CLOSED,5,2025-09-24,2025-09-13 21:27:48,,LOW
4472,4472,2026-01-28 10:22:14,BENEFICIARY_DISBURSEMENT_SERVICES,CLOSED,3,2026-02-11,2026-02-02 10:22:14,,MEDIUM
4473,4473,2026-03-01 01:44:11,CREDIT_CARD_ISSUANCE,CLOSED,4,2026-03-15,2026-03-05 01:44:11,Unverified or expired identity documents,HIGH
4474,4474,2026-04-26 15:35:11,INSTITUTIONAL_CRYPTO_CUSTODY,CLOSED,1,2026-05-10,2026-05-01 15:35:11,,MEDIUM
4475,4475,2026-01-28 11:01:16,BUY_NOW_PAY_LATER,CLOSED,3,2026-02-11,2026-01-30 11:01:16,,LOW
4476,4476,2026-06-17 10:47:33,CRYPTO_BROKERAGE,IN_REVIEW,4,2026-07-01,,,LOW
4477,4477,2025-09-17 21:22:34,MORTGAGE_ORIGINATION,CLOSED,4,2025-10-01,2025-09-19 21:22:34,,LOW
4478,4478,2026-05-19 05:47:13,ROBO_ADVISORY,CLOSED,2,2026-06-02,2026-05-25 05:47:13,,HIGH
4479,4479,2025-11-10 19:28:21,PAYROLL_SERVICES,OPEN,5,2025-11-24,,,LOW
4480,4480,2026-04-06 19:39:17,RETAIL_BANKING,CLOSED,5,2026-04-20,2026-04-07 19:39:17,,LOW
4481,4481,2025-10-01 23:08:45,TERM_LIFE_INSURANCE,CLOSED,5,2025-10-15,2025-10-07 23:08:45,,MEDIUM
4482,4482,2026-06-30 00:13:51,REGULATORY_REPORTING_INTEGRATION,CLOSED,4,2026-07-14,2026-07-05 00:13:51,,LOW
4483,4483,2026-01-02 11:25:18,PERSONAL_LOAN,CLOSED,4,2026-01-16,2026-01-06 11:25:18,,LOW
4484,4484,2026-06-19 11:34:28,CORPORATE_CREDIT_CARD,CLOSED,5,2026-07-03,2026-06-20 11:34:28,,LOW
4485,4485,2025-09-26 07:37:58,DISBURSEMENT_PAYROLL_SERVICES,IN_REVIEW,2,2025-10-10,,,LOW
4486,4486,2026-07-18 21:10:57,CORPORATE_ACCOUNT,CLOSED,4,2026-08-01,2026-07-23 21:10:57,,LOW
4487,4487,2025-09-22 04:57:34,PAYROLL_SERVICES,CLOSED,3,2025-10-06,2025-09-27 04:57:34,,LOW
4488,4488,2025-08-27 22:54:52,RETAIL_EQUITY_BROKERAGE,CLOSED,5,2025-09-10,2025-08-30 22:54:52,,MEDIUM
4489,4489,2025-10-16 02:07:45,CORPORATE_ACCOUNT,CLOSED,2,2025-10-30,2025-10-21 02:07:45,,LOW
4490,4490,2025-11-24 00:12:24,CREDIT_CARD_ISSUANCE,CLOSED,4,2025-12-08,2025-11-25 00:12:24,,MEDIUM
4491,4491,2026-05-10 18:46:27,FIDUCIARY_CUSTODY_ACCOUNT,CLOSED,1,2026-05-24,2026-05-12 18:46:27,Unverified or expired identity documents,HIGH
4492,4492,2026-04-23 20:21:11,POLITICAL_DONATION_PROCESSING,CLOSED,5,2026-05-07,2026-04-24 20:21:11,,LOW
4493,4493,2025-11-11 19:14:15,ESCROW_SERVICES,CLOSED,5,2025-11-25,2025-11-17 19:14:15,,LOW
4494,4494,2026-01-22 01:24:48,FX_HEDGING_SOLUTIONS,CLOSED,2,2026-02-05,2026-01-23 01:24:48,,LOW
4495,4495,2026-03-04 16:24:57,HIGH_YIELD_SAVINGS,CLOSED,5,2026-03-18,2026-03-05 16:24:57,,LOW
4496,4496,2026-01-30 01:41:49,GOVERNMENT_RELATIONS_ESCROW,CLOSED,4,2026-02-13,2026-02-01 01:41:49,,LOW
4497,4497,2026-05-27 03:02:11,BENEFICIARY_DISBURSEMENT_SERVICES,CLOSED,5,2026-06-10,2026-06-01 03:02:11,,MEDIUM
4498,4498,2025-12-14 11:36:21,ROBO_ADVISORY,CLOSED,3,2025-12-28,2025-12-19 11:36:21,,MEDIUM
4499,4499,2026-05-21 04:14:10,REGULATORY_REPORTING_INTEGRATION,CLOSED,4,2026-06-04,2026-05-25 04:14:10,,LOW
4500,4500,2026-03-26 15:27:59,CROSS_BORDER_REMITTANCE,PENDING_DOCUMENTS,5,2026-04-09,,,LOW
4501,4501,2026-07-14 18:40:46,INSTITUTIONAL_CRYPTO_CUSTODY,CLOSED,4,2026-07-28,2026-07-15 18:40:46,,LOW
4502,4502,2026-08-20 20:08:29,TERM_LIFE_INSURANCE,IN_REVIEW,2,2026-09-03,,,LOW
4503,4503,2026-03-04 07:36:35,PERSONAL_LOAN,CLOSED,3,2026-03-18,2026-03-07 07:36:35,,MEDIUM
4504,4504,2025-12-16 13:07:41,ROBO_ADVISORY,OPEN,,2025-12-30,,,MEDIUM
4505,4505,2026-07-11 08:47:40,CRYPTO_BROKERAGE,CLOSED,5,2026-07-25,2026-07-15 08:47:40,,LOW
4506,4506,2026-05-11 07:40:57,CROSS_BORDER_REMITTANCE,CLOSED,5,2026-05-25,2026-05-14 07:40:57,,LOW
4507,4507,2026-07-29 22:28:08,CORPORATE_CREDIT_CARD,CLOSED,3,2026-08-12,2026-08-01 22:28:08,,LOW
4508,4508,2026-01-26 00:57:01,AUTO_FINANCING,CLOSED,3,2026-02-09,2026-01-27 00:57:01,,LOW
4509,4509,2026-01-25 20:35:17,TERM_LIFE_INSURANCE,CLOSED,2,2026-02-08,2026-01-27 20:35:17,,LOW
4510,4510,2025-10-12 03:46:53,HIGH_YIELD_SAVINGS,CLOSED,5,2025-10-26,2025-10-16 03:46:53,,LOW
4511,4511,2026-07-15 05:45:33,TERM_LIFE_INSURANCE,CLOSED,1,2026-07-29,2026-07-20 05:45:33,,LOW
4512,4512,2026-07-08 05:01:53,RETAIL_EQUITY_BROKERAGE,IN_REVIEW,,2026-07-22,,,LOW
4513,4513,2025-11-21 11:46:03,AUTO_FINANCING,CLOSED,2,2025-12-05,2025-11-27 11:46:03,,LOW
4514,4514,2025-09-25 21:08:30,AUTO_FINANCING,CLOSED,5,2025-10-09,2025-09-28 21:08:30,,LOW
4515,4515,2025-11-27 06:33:47,BUY_NOW_PAY_LATER,CLOSED,1,2025-12-11,2025-11-29 06:33:47,,LOW
4516,4516,2026-02-01 04:32:29,MORTGAGE_ORIGINATION,CLOSED,1,2026-02-15,2026-02-05 04:32:29,,LOW
4517,4517,2026-07-13 15:43:53,SHORT_TERM_LIQUIDITY_MANAGEMENT,CLOSED,2,2026-07-27,2026-07-17 15:43:53,Unverified or expired identity documents,HIGH
4518,4518,2026-05-26 11:03:49,CROSS_BORDER_REMITTANCE,CLOSED,3,2026-06-09,2026-05-30 11:03:49,,LOW
4519,4519,2026-02-02 06:45:05,RETAIL_EQUITY_BROKERAGE,CLOSED,2,2026-02-16,2026-02-03 06:45:05,,LOW
4520,4520,2025-12-05 01:33:32,GOVERNMENT_RELATIONS_ESCROW,CLOSED,1,2025-12-19,2025-12-07 01:33:32,,LOW
4521,4521,2025-12-12 05:56:16,CREDIT_CARD_ISSUANCE,CLOSED,3,2025-12-26,2025-12-18 05:56:16,Unverified or expired identity documents,HIGH
4522,4522,2026-02-21 13:41:18,CROSS_BORDER_REMITTANCE,CLOSED,1,2026-03-07,2026-02-25 13:41:18,,LOW
4523,4523,2026-07-12 07:36:31,MORTGAGE_ORIGINATION,CLOSED,3,2026-07-26,2026-07-17 07:36:31,,LOW
4524,4524,2025-11-14 07:00:15,AUTO_FINANCING,CLOSED,4,2025-11-28,2025-11-16 07:00:15,,LOW
4525,4525,2026-01-11 08:27:59,LIQUIDITY_MANAGEMENT,IN_REVIEW,,2026-01-25,,,LOW
4526,4526,2026-07-10 09:56:33,CREDIT_CARD_ISSUANCE,IN_REVIEW,,2026-07-24,,,LOW
4527,4527,2026-01-09 22:01:35,TERM_LIFE_INSURANCE,CLOSED,3,2026-01-23,2026-01-15 22:01:35,,LOW
4528,4528,2026-02-25 11:38:24,ROBO_ADVISORY,CLOSED,1,2026-03-11,2026-03-03 11:38:24,,LOW
4529,4529,2026-04-30 21:12:10,PAC_TREASURY_MANAGEMENT,IN_REVIEW,,2026-05-14,,,LOW
4530,4530,2026-02-27 13:34:21,HIGH_YIELD_SAVINGS,CLOSED,5,2026-03-13,2026-03-05 13:34:21,,LOW
4531,4531,2026-01-07 12:55:05,MORTGAGE_ORIGINATION,CLOSED,3,2026-01-21,2026-01-08 12:55:05,,LOW
4532,4532,2026-04-15 08:35:46,CROSS_BORDER_REMITTANCE,IN_REVIEW,4,2026-04-29,,,LOW
4533,4533,2026-03-19 10:14:12,RETAIL_BANKING,CLOSED,4,2026-04-02,2026-03-22 10:14:12,,LOW
4534,4534,2025-12-22 11:01:17,ESCROW_SERVICES,CLOSED,2,2026-01-05,2025-12-27 11:01:17,,LOW
4535,4535,2026-03-04 23:19:08,INSTITUTIONAL_CRYPTO_CUSTODY,CLOSED,2,2026-03-18,2026-03-06 23:19:08,,LOW
4536,4536,2026-04-25 19:21:28,CROSS_BORDER_REMITTANCE,CLOSED,1,2026-05-09,2026-04-30 19:21:28,,LOW
4537,4537,2026-02-21 12:24:18,MORTGAGE_ORIGINATION,CLOSED,1,2026-03-07,2026-02-26 12:24:18,,LOW
4538,4538,2025-12-25 11:05:43,CROSS_BORDER_REMITTANCE,CLOSED,1,2026-01-08,2025-12-30 11:05:43,,LOW
4539,4539,2026-05-24 02:26:08,BESPOKE_PORTFOLIO_MANAGEMENT,OPEN,,2026-06-07,,,LOW
4540,4540,2026-06-16 14:12:42,LETTER_OF_CREDIT,CLOSED,1,2026-06-30,2026-06-18 14:12:42,,LOW
4541,4541,2026-08-05 05:45:18,POLITICAL_DONATION_PROCESSING,CLOSED,1,2026-08-19,2026-08-07 05:45:18,,LOW
4542,4542,2025-12-17 04:39:44,SHORT_TERM_LIQUIDITY_MANAGEMENT,CLOSED,5,2025-12-31,2025-12-22 04:39:44,,LOW
4543,4543,2026-05-30 07:54:49,MORTGAGE_ORIGINATION,CLOSED,4,2026-06-13,2026-06-04 07:54:49,Unverified or expired identity documents,MEDIUM
4544,4544,2025-09-01 03:16:24,ROBO_ADVISORY,IN_REVIEW,1,2025-09-15,,,LOW
4545,4545,2026-03-18 10:03:31,TERM_LIFE_INSURANCE,CLOSED,3,2026-04-01,2026-03-20 10:03:31,,LOW
4546,4546,2026-01-27 09:54:07,RETAIL_BANKING,CLOSED,3,2026-02-10,2026-01-30 09:54:07,,MEDIUM
4547,4547,2026-06-30 05:03:01,ROBO_ADVISORY,CLOSED,3,2026-07-14,2026-07-01 05:03:01,,LOW
4548,4548,2026-07-27 07:04:08,BUY_NOW_PAY_LATER,CLOSED,3,2026-08-10,2026-07-29 07:04:08,,MEDIUM
4549,4549,2026-08-03 04:33:46,MORTGAGE_ORIGINATION,PENDING_DOCUMENTS,,2026-08-17,,,LOW
4550,4550,2025-10-30 07:55:59,SYNDICATED_LOANS,CLOSED,2,2025-11-13,2025-11-03 07:55:59,,LOW
4551,4551,2025-11-09 22:52:36,INSTITUTIONAL_CRYPTO_CUSTODY,OPEN,,2025-11-23,,,LOW
4552,4552,2025-12-30 21:54:39,PERSONAL_LOAN,CLOSED,5,2026-01-13,2026-01-05 21:54:39,,LOW
4553,4553,2025-11-09 01:48:24,ROBO_ADVISORY,PENDING_DOCUMENTS,,2025-11-23,,,LOW
4554,4554,2026-04-06 07:06:47,HIGH_YIELD_SAVINGS,CLOSED,4,2026-04-20,2026-04-09 07:06:47,,MEDIUM
4555,4555,2026-04-12 07:42:47,INSTITUTIONAL_CRYPTO_CUSTODY,CLOSED,1,2026-04-26,2026-04-14 07:42:47,,MEDIUM
4556,4556,2026-04-23 16:28:31,HIGH_YIELD_SAVINGS,CLOSED,3,2026-05-07,2026-04-26 16:28:31,,MEDIUM
4557,4557,2026-08-10 23:06:06,FX_HEDGING_SOLUTIONS,CLOSED,3,2026-08-24,2026-08-13 23:06:06,,MEDIUM
4558,4558,2026-04-17 02:46:50,RETAIL_EQUITY_BROKERAGE,CLOSED,2,2026-05-01,2026-04-19 02:46:50,,LOW
4559,4559,2026-03-08 05:18:04,MORTGAGE_ORIGINATION,CLOSED,3,2026-03-22,2026-03-12 05:18:04,,LOW
4560,4560,2026-05-24 18:56:34,ESCROW_SERVICES,CLOSED,3,2026-06-07,2026-05-27 18:56:34,,LOW
4561,4561,2026-02-21 20:56:41,SECURITIES_BASED_LENDING,CLOSED,3,2026-03-07,2026-02-27 20:56:41,,LOW
4562,4562,2026-04-08 05:01:38,TREASURY_MANAGEMENT,CLOSED,2,2026-04-22,2026-04-11 05:01:38,Unverified or expired identity documents,MEDIUM
4563,4563,2026-04-11 12:06:02,ROBO_ADVISORY,CLOSED,5,2026-04-25,2026-04-16 12:06:02,,LOW
4564,4564,2026-02-22 18:42:36,RETAIL_BANKING,CLOSED,2,2026-03-08,2026-02-28 18:42:36,,LOW
4565,4565,2025-12-27 06:40:52,ROBO_ADVISORY,CLOSED,3,2026-01-10,2025-12-29 06:40:52,,LOW
4566,4566,2026-02-05 11:31:11,MORTGAGE_ORIGINATION,CLOSED,1,2026-02-19,2026-02-10 11:31:11,,LOW
4567,4567,2026-01-27 00:49:23,INSTITUTIONAL_CRYPTO_CUSTODY,IN_REVIEW,,2026-02-10,,,LOW
4568,4568,2026-03-21 07:46:57,CROSS_BORDER_REMITTANCE,CLOSED,1,2026-04-04,2026-03-22 07:46:57,,LOW
4569,4569,2025-09-27 22:38:22,ESCROW_SERVICES,CLOSED,1,2025-10-11,2025-09-30 22:38:22,,LOW
4570,4570,2025-10-30 09:03:07,MORTGAGE_ORIGINATION,CLOSED,1,2025-11-13,2025-11-02 09:03:07,,LOW
4571,4571,2026-04-11 03:16:45,COMMERCIAL_LENDING,IN_REVIEW,4,2026-04-25,,,LOW
4572,4572,2026-07-10 17:05:17,PAC_TREASURY_MANAGEMENT,CLOSED,4,2026-07-24,2026-07-15 17:05:17,Unverified or expired identity documents,MEDIUM
4573,4573,2025-10-20 10:23:52,BUY_NOW_PAY_LATER,CLOSED,5,2025-11-03,2025-10-26 10:23:52,,LOW
4574,4574,2026-02-21 11:36:15,CREDIT_CARD_ISSUANCE,IN_REVIEW,3,2026-03-07,,,LOW
4575,4575,2026-05-04 08:24:25,BESPOKE_PORTFOLIO_MANAGEMENT,CLOSED,4,2026-05-18,2026-05-05 08:24:25,,LOW
4576,4576,2026-06-28 14:39:22,COMPLIANCE_RESTRICTED_DEPOSIT_ACCOUNT,CLOSED,4,2026-07-12,2026-07-03 14:39:22,,LOW
4577,4577,2026-04-07 14:19:06,ESCROW_SERVICES,CLOSED,3,2026-04-21,2026-04-09 14:19:06,,LOW
4578,4578,2026-08-10 22:42:07,RETAIL_BANKING,CLOSED,2,2026-08-24,2026-08-12 22:42:07,,LOW
4579,4579,2025-11-29 09:05:22,RETAIL_BANKING,CLOSED,3,2025-12-13,2025-12-05 09:05:22,,LOW
4580,4580,2026-06-01 10:53:21,CROSS_BORDER_REMITTANCE,IN_REVIEW,3,2026-06-15,,,LOW
4581,4581,2025-09-05 23:53:49,RETAIL_BANKING,CLOSED,3,2025-09-19,2025-09-07 23:53:49,,LOW
4582,4582,2026-08-19 12:25:45,HIGH_YIELD_SAVINGS,CLOSED,1,2026-09-02,2026-08-22 12:25:45,,MEDIUM
4583,4583,2025-12-02 11:21:59,BUY_NOW_PAY_LATER,CLOSED,1,2025-12-16,2025-12-03 11:21:59,,LOW
4584,4584,2026-03-05 05:13:17,POLITICAL_DONATION_PROCESSING,CLOSED,5,2026-03-19,2026-03-07 05:13:17,,LOW
4585,4585,2026-06-04 01:33:04,MORTGAGE_ORIGINATION,CLOSED,1,2026-06-18,2026-06-07 01:33:04,,LOW
4586,4586,2026-01-19 07:49:22,REGULATORY_REPORTING_INTEGRATION,CLOSED,2,2026-02-02,2026-01-20 07:49:22,,LOW
4587,4587,2026-06-29 10:32:13,CROSS_BORDER_REMITTANCE,CLOSED,1,2026-07-13,2026-07-05 10:32:13,,LOW
4588,4588,2026-03-24 09:11:30,TRUSTEE_ADMINISTRATION,CLOSED,1,2026-04-07,2026-03-26 09:11:30,,LOW
4589,4589,2025-11-17 19:32:25,TREASURY_MANAGEMENT,CLOSED,2,2025-12-01,2025-11-22 19:32:25,,LOW
4590,4590,2025-09-05 18:01:57,COMMERCIAL_LENDING,IN_REVIEW,,2025-09-19,,,LOW
4591,4591,2026-03-18 06:01:22,PERSONAL_LOAN,CLOSED,5,2026-04-01,2026-03-21 06:01:22,,LOW
4592,4592,2026-02-13 16:46:41,AUTO_FINANCING,CLOSED,2,2026-02-27,2026-02-15 16:46:41,,LOW
4593,4593,2026-03-17 08:14:12,ROBO_ADVISORY,CLOSED,3,2026-03-31,2026-03-22 08:14:12,,LOW
4594,4594,2025-09-08 02:32:01,CORPORATE_CREDIT_CARD,CLOSED,3,2025-09-22,2025-09-13 02:32:01,,LOW
4595,4595,2025-11-02 22:33:07,RETAIL_BANKING,CLOSED,2,2025-11-16,2025-11-08 22:33:07,,LOW
4596,4596,2025-09-16 06:28:44,TERM_LIFE_INSURANCE,CLOSED,4,2025-09-30,2025-09-20 06:28:44,,LOW
4597,4597,2026-04-11 02:09:03,ROBO_ADVISORY,CLOSED,2,2026-04-25,2026-04-16 02:09:03,,MEDIUM
4598,4598,2025-12-01 23:53:27,CREDIT_CARD_ISSUANCE,CLOSED,3,2025-12-15,2025-12-07 23:53:27,,LOW
4599,4599,2025-10-02 19:41:26,AUTO_FINANCING,CLOSED,5,2025-10-16,2025-10-03 19:41:26,,LOW
4600,4600,2025-12-23 20:32:56,PRIVATE_EQUITY_FEEDER,CLOSED,3,2026-01-06,2025-12-25 20:32:56,,LOW
4601,4601,2025-09-07 04:54:51,HIGH_YIELD_SAVINGS,CLOSED,4,2025-09-21,2025-09-10 04:54:51,,HIGH
4602,4602,2025-10-10 00:53:40,CRYPTO_BROKERAGE,CLOSED,2,2025-10-24,2025-10-14 00:53:40,,LOW
4603,4603,2026-06-30 12:21:16,AUTO_FINANCING,OPEN,4,2026-07-14,,,LOW
4604,4604,2026-01-01 14:31:53,HIGH_VOLUME_MERCHANT_GATEWAY,CLOSED,5,2026-01-15,2026-01-07 14:31:53,Unverified or expired identity documents,MEDIUM
4605,4605,2026-07-30 17:28:14,MORTGAGE_ORIGINATION,CLOSED,2,2026-08-13,2026-08-02 17:28:14,,LOW
4606,4606,2026-06-07 17:21:24,HIGH_YIELD_SAVINGS,IN_REVIEW,3,2026-06-21,,,MEDIUM
4607,4607,2025-12-06 08:46:07,DIRECT_INDEXING,CLOSED,4,2025-12-20,2025-12-08 08:46:07,,LOW
4608,4608,2026-06-05 06:09:57,SYNDICATED_LOANS,CLOSED,3,2026-06-19,2026-06-08 06:09:57,Unverified or expired identity documents,HIGH
4609,4609,2025-08-27 14:35:38,LETTER_OF_CREDIT,PENDING_DOCUMENTS,,2025-09-10,,,MEDIUM
4610,4610,2025-10-02 10:02:01,ROBO_ADVISORY,CLOSED,3,2025-10-16,2025-10-07 10:02:01,,LOW
4611,4611,2025-11-07 22:02:01,PERSONAL_LOAN,CLOSED,4,2025-11-21,2025-11-08 22:02:01,,LOW
4612,4612,2025-10-02 03:16:52,TREASURY_MANAGEMENT,OPEN,1,2025-10-16,,,MEDIUM
4613,4613,2026-03-03 02:30:37,ROBO_ADVISORY,CLOSED,4,2026-03-17,2026-03-05 02:30:37,,HIGH
4614,4614,2026-02-09 02:08:26,HIGH_YIELD_SAVINGS,CLOSED,2,2026-02-23,2026-02-10 02:08:26,,LOW
4615,4615,2026-04-15 11:29:48,CAMPAIGN_CHECKING_ACCOUNT,PENDING_DOCUMENTS,5,2026-04-29,,,LOW
4616,4616,2026-02-22 14:56:37,HIGH_YIELD_SAVINGS,CLOSED,1,2026-03-08,2026-02-24 14:56:37,,LOW
4617,4617,2026-06-02 07:50:06,CREDIT_CARD_ISSUANCE,CLOSED,4,2026-06-16,2026-06-06 07:50:06,,LOW
4618,4618,2026-05-31 07:39:28,CREDIT_CARD_ISSUANCE,CLOSED,5,2026-06-14,2026-06-06 07:39:28,,LOW
4619,4619,2025-11-02 08:46:40,MORTGAGE_ORIGINATION,CLOSED,4,2025-11-16,2025-11-04 08:46:40,,LOW
4620,4620,2025-12-10 08:22:57,PAYROLL_SERVICES,CLOSED,2,2025-12-24,2025-12-16 08:22:57,,LOW
4621,4621,2026-08-22 13:00:46,CRYPTO_BROKERAGE,CLOSED,2,2026-09-05,2026-08-26 13:00:46,,LOW
4622,4622,2025-11-20 12:21:04,FIDUCIARY_CUSTODY_ACCOUNT,CLOSED,1,2025-12-04,2025-11-26 12:21:04,,LOW
4623,4623,2025-12-03 12:48:33,ROBO_ADVISORY,CLOSED,3,2025-12-17,2025-12-08 12:48:33,Unverified or expired identity documents,MEDIUM
4624,4624,2025-10-28 20:36:26,PRIVATE_EQUITY_FEEDER,CLOSED,1,2025-11-11,2025-11-01 20:36:26,,MEDIUM
4625,4625,2025-11-03 01:33:31,HIGH_YIELD_SAVINGS,CLOSED,2,2025-11-17,2025-11-08 01:33:31,,LOW
4626,4626,2026-04-02 15:39:26,CRYPTO_BROKERAGE,CLOSED,2,2026-04-16,2026-04-05 15:39:26,High-risk sanctions/FATF jurisdiction,HIGH
4627,4627,2026-01-30 07:07:20,AUTO_FINANCING,CLOSED,5,2026-02-13,2026-02-04 07:07:20,,LOW
4628,4628,2026-05-03 15:43:31,ESCROW_SERVICES,CLOSED,2,2026-05-17,2026-05-05 15:43:31,Unverified or expired identity documents,MEDIUM
4629,4629,2026-06-15 18:51:45,ESCROW_SERVICES,CLOSED,4,2026-06-29,2026-06-21 18:51:45,,MEDIUM
4630,4630,2025-10-29 18:25:18,AUTO_FINANCING,CLOSED,5,2025-11-12,2025-10-30 18:25:18,,MEDIUM
4631,4631,2025-11-30 04:20:26,LIQUIDITY_MANAGEMENT,CLOSED,3,2025-12-14,2025-12-01 04:20:26,Unverified or expired identity documents,LOW
4632,4632,2026-08-07 03:47:31,BENEFICIARY_DISBURSEMENT_SERVICES,CLOSED,4,2026-08-21,2026-08-12 03:47:31,,MEDIUM
4633,4633,2026-01-04 01:12:14,RETAIL_BANKING,CLOSED,1,2026-01-18,2026-01-08 01:12:14,,LOW
4634,4634,2026-08-23 19:30:14,RETAIL_BANKING,IN_REVIEW,,2026-09-06,,,LOW
4635,4635,2026-08-10 04:45:27,TAX_OPTIMIZED_INVESTING,CLOSED,2,2026-08-24,2026-08-15 04:45:27,,LOW
4636,4636,2026-01-29 18:07:57,CROSS_BORDER_REMITTANCE,CLOSED,5,2026-02-12,2026-01-30 18:07:57,,LOW
4637,4637,2025-11-30 11:32:56,CREDIT_CARD_ISSUANCE,CLOSED,2,2025-12-14,2025-12-03 11:32:56,,LOW
4638,4638,2025-11-23 13:24:52,SHORT_TERM_LIQUIDITY_MANAGEMENT,CLOSED,3,2025-12-07,2025-11-26 13:24:52,,MEDIUM
4639,4639,2026-01-04 05:54:14,HIGH_YIELD_SAVINGS,CLOSED,3,2026-01-18,2026-01-06 05:54:14,,LOW
4640,4640,2025-12-27 00:24:09,HIGH_YIELD_SAVINGS,CLOSED,5,2026-01-10,2026-01-02 00:24:09,,LOW
4641,4641,2026-07-02 20:15:26,HIGH_VOLUME_MERCHANT_GATEWAY,IN_REVIEW,5,2026-07-16,,,LOW
4642,4642,2025-12-03 12:36:24,HIGH_YIELD_SAVINGS,CLOSED,3,2025-12-17,2025-12-07 12:36:24,Unverified or expired identity documents,HIGH
4643,4643,2026-06-01 18:41:33,HIGH_YIELD_SAVINGS,CLOSED,2,2026-06-15,2026-06-07 18:41:33,,MEDIUM
4644,4644,2026-03-06 08:01:08,TRADE_FINANCE_CREDIT_INSURANCE,CLOSED,1,2026-03-20,2026-03-08 08:01:08,,MEDIUM
4645,4645,2026-04-11 13:26:00,TERM_LIFE_INSURANCE,CLOSED,5,2026-04-25,2026-04-16 13:26:00,,LOW
4646,4646,2026-07-30 11:23:26,CREDIT_CARD_ISSUANCE,OPEN,,2026-08-13,,,LOW
4647,4647,2026-03-27 07:21:34,SYNDICATED_LOANS,CLOSED,1,2026-04-10,2026-04-01 07:21:34,,MEDIUM
4648,4648,2026-08-22 05:52:54,AUTO_FINANCING,CLOSED,4,2026-09-05,2026-08-26 05:52:54,,HIGH
4649,4649,2025-12-15 02:31:59,HIGH_YIELD_SAVINGS,CLOSED,2,2025-12-29,2025-12-20 02:31:59,,LOW
4650,4650,2026-03-12 20:20:01,FIDUCIARY_CUSTODY_ACCOUNT,CLOSED,3,2026-03-26,2026-03-17 20:20:01,,LOW
4651,4651,2026-07-01 18:11:19,TERM_LIFE_INSURANCE,CLOSED,2,2026-07-15,2026-07-03 18:11:19,,LOW
4652,4652,2026-05-08 17:13:58,CROSS_BORDER_REMITTANCE,CLOSED,1,2026-05-22,2026-05-09 17:13:58,,LOW
4653,4653,2026-06-01 19:11:20,BUY_NOW_PAY_LATER,CLOSED,3,2026-06-15,2026-06-02 19:11:20,,LOW
4654,4654,2026-01-23 01:28:07,BUY_NOW_PAY_LATER,OPEN,,2026-02-06,,,LOW
4655,4655,2026-04-24 05:48:52,PERSONAL_LOAN,CLOSED,5,2026-05-08,2026-04-27 05:48:52,,MEDIUM
4656,4656,2026-02-08 13:36:07,AUTO_FINANCING,CLOSED,4,2026-02-22,2026-02-14 13:36:07,,LOW
4657,4657,2026-07-20 17:43:41,ROBO_ADVISORY,IN_REVIEW,3,2026-08-03,,,HIGH
4658,4658,2026-06-21 16:21:04,RETAIL_EQUITY_BROKERAGE,OPEN,5,2026-07-05,,,LOW
4659,4659,2026-02-14 13:19:06,WEALTH_MANAGEMENT,CLOSED,5,2026-02-28,2026-02-16 13:19:06,,LOW
4660,4660,2025-09-15 22:04:56,PERSONAL_LOAN,CLOSED,4,2025-09-29,2025-09-19 22:04:56,,MEDIUM
4661,4661,2026-01-10 23:30:00,AUTO_FINANCING,CLOSED,3,2026-01-24,2026-01-15 23:30:00,,LOW
4662,4662,2025-10-21 12:03:13,BUY_NOW_PAY_LATER,CLOSED,4,2025-11-04,2025-10-23 12:03:13,,LOW
4663,4663,2026-08-02 15:56:02,ASSET_PROTECTION_TRUSTS,CLOSED,3,2026-08-16,2026-08-06 15:56:02,,LOW
4664,4664,2026-04-26 22:33:53,ROBO_ADVISORY,OPEN,,2026-05-10,,,MEDIUM
4665,4665,2025-10-26 13:15:44,RETAIL_BANKING,CLOSED,1,2025-11-09,2025-10-28 13:15:44,,LOW
4666,4666,2025-12-22 13:05:34,RETAIL_BANKING,CLOSED,2,2026-01-05,2025-12-25 13:05:34,,LOW
4667,4667,2025-10-28 10:18:22,TERM_LIFE_INSURANCE,CLOSED,1,2025-11-11,2025-10-29 10:18:22,,HIGH
4668,4668,2026-02-03 11:11:59,ROBO_ADVISORY,CLOSED,3,2026-02-17,2026-02-04 11:11:59,,LOW
4669,4669,2026-01-07 13:47:09,ESCROW_SERVICES,CLOSED,1,2026-01-21,2026-01-11 13:47:09,,LOW
4670,4670,2026-01-14 18:43:44,TERM_LIFE_INSURANCE,CLOSED,1,2026-01-28,2026-01-17 18:43:44,,LOW
4671,4671,2026-02-14 23:46:18,CREDIT_CARD_ISSUANCE,CLOSED,5,2026-02-28,2026-02-16 23:46:18,,MEDIUM
4672,4672,2025-09-25 22:14:29,BALLOT_INITIATIVE_ESCROW,CLOSED,1,2025-10-09,2025-09-30 22:14:29,,LOW
4673,4673,2026-07-01 09:13:42,CRYPTO_BROKERAGE,CLOSED,3,2026-07-15,2026-07-06 09:13:42,,LOW
4674,4674,2026-03-20 19:13:04,FIDUCIARY_CUSTODY_ACCOUNT,CLOSED,1,2026-04-03,2026-03-23 19:13:04,,LOW
4675,4675,2026-08-14 13:31:10,PAYROLL_SERVICES,CLOSED,3,2026-08-28,2026-08-18 13:31:10,,LOW
4676,4676,2025-11-06 03:01:35,DIRECT_INDEXING,OPEN,1,2025-11-20,,,LOW
4677,4677,2026-04-09 09:24:39,PERSONAL_LOAN,PENDING_DOCUMENTS,,2026-04-23,,,LOW
4678,4678,2025-09-06 09:15:03,COMMERCIAL_LENDING,CLOSED,4,2025-09-20,2025-09-08 09:15:03,,LOW
4679,4679,2026-03-04 19:34:49,AUTO_FINANCING,CLOSED,1,2026-03-18,2026-03-08 19:34:49,,LOW
4680,4680,2025-09-20 02:13:59,GOVERNMENT_RELATIONS_ESCROW,CLOSED,5,2025-10-04,2025-09-21 02:13:59,,LOW
4681,4681,2025-08-26 16:08:46,RETAIL_BANKING,CLOSED,2,2025-09-09,2025-08-31 16:08:46,,LOW
4682,4682,2026-08-17 11:35:38,AUTO_FINANCING,OPEN,5,2026-08-31,,,LOW
4683,4683,2025-10-13 05:07:10,ROBO_ADVISORY,CLOSED,3,2025-10-27,2025-10-16 05:07:10,,LOW
4684,4684,2025-09-27 08:17:52,RETAIL_BANKING,CLOSED,2,2025-10-11,2025-10-02 08:17:52,,LOW
4685,4685,2026-06-06 00:20:53,MORTGAGE_ORIGINATION,CLOSED,1,2026-06-20,2026-06-10 00:20:53,,LOW
4686,4686,2026-06-27 06:29:07,RETAIL_EQUITY_BROKERAGE,CLOSED,2,2026-07-11,2026-07-01 06:29:07,,HIGH
4687,4687,2026-03-09 20:36:43,TERM_LIFE_INSURANCE,CLOSED,1,2026-03-23,2026-03-11 20:36:43,,LOW
4688,4688,2026-06-09 06:21:29,CROSS_BORDER_REMITTANCE,CLOSED,3,2026-06-23,2026-06-11 06:21:29,,HIGH
4689,4689,2025-11-09 19:58:12,PERSONAL_LOAN,IN_REVIEW,,2025-11-23,,,HIGH
4690,4690,2026-05-24 07:31:30,AUTO_FINANCING,CLOSED,1,2026-06-07,2026-05-29 07:31:30,,MEDIUM
4691,4691,2026-02-06 01:32:25,PAYROLL_SERVICES,CLOSED,5,2026-02-20,2026-02-10 01:32:25,,LOW
4692,4692,2026-01-17 02:35:18,RETAIL_EQUITY_BROKERAGE,CLOSED,3,2026-01-31,2026-01-19 02:35:18,,MEDIUM
4693,4693,2026-03-15 12:22:42,CROSS_BORDER_REMITTANCE,CLOSED,4,2026-03-29,2026-03-16 12:22:42,High-risk sanctions/FATF jurisdiction,HIGH
4694,4694,2026-03-27 14:07:56,SYNDICATED_LOANS,CLOSED,4,2026-04-10,2026-03-31 14:07:56,,LOW
4695,4695,2026-07-21 10:16:34,WEALTH_MANAGEMENT,CLOSED,3,2026-08-04,2026-07-25 10:16:34,Unverified or expired identity documents,HIGH
4696,4696,2026-08-08 08:12:15,BUY_NOW_PAY_LATER,OPEN,4,2026-08-22,,,MEDIUM
4697,4697,2025-09-20 11:06:53,RETAIL_EQUITY_BROKERAGE,CLOSED,3,2025-10-04,2025-09-25 11:06:53,,LOW
4698,4698,2025-11-02 21:05:08,CORPORATE_ACCOUNT,CLOSED,2,2025-11-16,2025-11-08 21:05:08,,LOW
4699,4699,2026-02-28 06:19:12,CRYPTO_BROKERAGE,CLOSED,4,2026-03-14,2026-03-05 06:19:12,,LOW
4700,4700,2026-05-08 10:52:19,AUTO_FINANCING,CLOSED,3,2026-05-22,2026-05-11 10:52:19,,LOW
4701,4701,2025-12-20 06:18:59,AUTO_FINANCING,CLOSED,1,2026-01-03,2025-12-25 06:18:59,Unverified or expired identity documents,HIGH
4702,4702,2026-05-21 13:46:32,COMMERCIAL_LENDING,CLOSED,2,2026-06-04,2026-05-24 13:46:32,,LOW
4703,4703,2026-05-07 19:47:03,HIGH_YIELD_SAVINGS,CLOSED,1,2026-05-21,2026-05-10 19:47:03,,LOW
4704,4704,2025-11-22 01:20:33,HIGH_YIELD_SAVINGS,OPEN,,2025-12-06,,,LOW
4705,4705,2025-10-08 20:35:38,PERSONAL_LOAN,PENDING_DOCUMENTS,,2025-10-22,,,LOW
4706,4706,2026-05-05 06:03:06,CORPORATE_ACCOUNT,CLOSED,3,2026-05-19,2026-05-10 06:03:06,,LOW
4707,4707,2026-08-24 22:48:06,AUTO_FINANCING,CLOSED,1,2026-09-07,2026-08-26 22:48:06,Unverified or expired identity documents,HIGH
4708,4708,2026-06-17 02:17:39,MORTGAGE_ORIGINATION,CLOSED,2,2026-07-01,2026-06-19 02:17:39,,LOW
4709,4709,2026-01-23 17:52:49,PERSONAL_LOAN,CLOSED,5,2026-02-06,2026-01-26 17:52:49,,LOW
4710,4710,2026-04-25 04:16:25,CORPORATE_CREDIT_CARD,CLOSED,3,2026-05-09,2026-05-01 04:16:25,Unverified or expired identity documents,LOW
4711,4711,2026-08-01 03:03:43,RETAIL_BANKING,CLOSED,1,2026-08-15,2026-08-04 03:03:43,,MEDIUM
4712,4712,2026-02-23 19:37:53,LIQUIDITY_MANAGEMENT,CLOSED,4,2026-03-09,2026-02-25 19:37:53,,MEDIUM
4713,4713,2026-06-07 12:44:09,TREASURY_MANAGEMENT,CLOSED,4,2026-06-21,2026-06-09 12:44:09,,LOW
4714,4714,2026-04-28 22:20:53,AUTO_FINANCING,CLOSED,2,2026-05-12,2026-04-29 22:20:53,,LOW
4715,4715,2026-02-23 20:41:05,INSTITUTIONAL_CRYPTO_CUSTODY,PENDING_DOCUMENTS,5,2026-03-09,,,LOW
4716,4716,2026-02-18 19:56:56,BUY_NOW_PAY_LATER,CLOSED,5,2026-03-04,2026-02-20 19:56:56,,LOW
4717,4717,2025-11-10 08:10:40,MORTGAGE_ORIGINATION,CLOSED,1,2025-11-24,2025-11-14 08:10:40,,LOW
4718,4718,2025-11-02 11:26:25,MORTGAGE_ORIGINATION,OPEN,1,2025-11-16,,,HIGH
4719,4719,2026-05-22 16:41:17,COMMERCIAL_LENDING,CLOSED,3,2026-06-05,2026-05-23 16:41:17,,LOW
4720,4720,2026-03-04 17:01:01,TREASURY_MANAGEMENT,OPEN,,2026-03-18,,,MEDIUM
4721,4721,2026-08-08 08:04:39,CRYPTO_BROKERAGE,CLOSED,2,2026-08-22,2026-08-11 08:04:39,,MEDIUM
4722,4722,2025-09-27 12:42:41,FIDUCIARY_CUSTODY_ACCOUNT,OPEN,4,2025-10-11,,,MEDIUM
4723,4723,2025-09-11 05:31:12,CRYPTO_BROKERAGE,CLOSED,2,2025-09-25,2025-09-17 05:31:12,,LOW
4724,4724,2026-06-13 15:29:19,CREDIT_CARD_ISSUANCE,CLOSED,4,2026-06-27,2026-06-15 15:29:19,,LOW
4725,4725,2026-07-26 21:57:29,RETAIL_EQUITY_BROKERAGE,CLOSED,4,2026-08-09,2026-07-27 21:57:29,,LOW
4726,4726,2026-04-09 13:11:13,ROBO_ADVISORY,CLOSED,1,2026-04-23,2026-04-15 13:11:13,,LOW
4727,4727,2025-11-02 05:45:34,PERSONAL_LOAN,CLOSED,1,2025-11-16,2025-11-05 05:45:34,,LOW
4728,4728,2026-04-14 06:49:21,ESCROW_SERVICES,CLOSED,2,2026-04-28,2026-04-15 06:49:21,,LOW
4729,4729,2026-06-04 23:20:40,AUTO_FINANCING,CLOSED,5,2026-06-18,2026-06-05 23:20:40,,LOW
4730,4730,2026-07-26 21:26:55,TRADE_FINANCE_CREDIT_INSURANCE,CLOSED,4,2026-08-09,2026-08-01 21:26:55,,MEDIUM
4731,4731,2026-06-13 00:22:58,AUTO_FINANCING,OPEN,5,2026-06-27,,,MEDIUM
4732,4732,2025-09-29 06:20:45,BUY_NOW_PAY_LATER,CLOSED,4,2025-10-13,2025-10-05 06:20:45,,LOW
4733,4733,2026-06-10 19:28:24,BUY_NOW_PAY_LATER,CLOSED,4,2026-06-24,2026-06-16 19:28:24,,LOW
4734,4734,2026-06-26 16:22:02,TAX_OPTIMIZED_INVESTING,CLOSED,5,2026-07-10,2026-06-28 16:22:02,Unverified or expired identity documents,HIGH
4735,4735,2025-12-08 01:18:21,HIGH_YIELD_SAVINGS,CLOSED,4,2025-12-22,2025-12-14 01:18:21,,MEDIUM
4736,4736,2025-10-30 11:03:49,SYNDICATED_LOANS,CLOSED,2,2025-11-13,2025-11-01 11:03:49,,LOW
4737,4737,2026-01-15 15:22:42,RETAIL_EQUITY_BROKERAGE,CLOSED,4,2026-01-29,2026-01-21 15:22:42,,LOW
4738,4738,2026-06-11 07:06:14,BUY_NOW_PAY_LATER,CLOSED,4,2026-06-25,2026-06-17 07:06:14,,LOW
4739,4739,2026-04-17 12:32:06,TERM_LIFE_INSURANCE,CLOSED,2,2026-05-01,2026-04-19 12:32:06,,LOW
4740,4740,2026-07-12 23:50:00,COMMERCIAL_LENDING,CLOSED,3,2026-07-26,2026-07-17 23:50:00,,LOW
4741,4741,2026-05-06 11:46:54,TRADE_FINANCE_CREDIT_INSURANCE,CLOSED,5,2026-05-20,2026-05-12 11:46:54,,LOW
4742,4742,2026-06-17 06:07:47,HIGH_YIELD_SAVINGS,CLOSED,2,2026-07-01,2026-06-21 06:07:47,Unverified or expired identity documents,HIGH
4743,4743,2025-10-05 01:15:43,RETAIL_BANKING,CLOSED,2,2025-10-19,2025-10-06 01:15:43,,LOW
4744,4744,2026-03-28 21:48:59,SHORT_TERM_LIQUIDITY_MANAGEMENT,CLOSED,2,2026-04-11,2026-04-02 21:48:59,,LOW
4745,4745,2026-04-20 15:08:41,CREDIT_CARD_ISSUANCE,CLOSED,1,2026-05-04,2026-04-22 15:08:41,,LOW
4746,4746,2025-08-31 01:49:04,MORTGAGE_ORIGINATION,CLOSED,4,2025-09-14,2025-09-05 01:49:04,,LOW
4747,4747,2026-04-09 10:27:58,TERM_LIFE_INSURANCE,CLOSED,1,2026-04-23,2026-04-13 10:27:58,,LOW
4748,4748,2026-08-02 10:13:22,HIGH_YIELD_SAVINGS,CLOSED,3,2026-08-16,2026-08-07 10:13:22,,HIGH
4749,4749,2026-01-07 03:42:56,HIGH_YIELD_SAVINGS,CLOSED,1,2026-01-21,2026-01-08 03:42:56,,MEDIUM
4750,4750,2026-03-05 12:19:33,ESTATE_PLANNING_SERVICES,CLOSED,4,2026-03-19,2026-03-08 12:19:33,,LOW
4751,4751,2026-06-12 18:12:59,BESPOKE_PORTFOLIO_MANAGEMENT,CLOSED,3,2026-06-26,2026-06-14 18:12:59,,LOW
4752,4752,2026-07-27 09:19:32,MERCHANT_ACQUIRING,CLOSED,1,2026-08-10,2026-07-29 09:19:32,,LOW
4753,4753,2026-03-19 16:06:53,DISBURSEMENT_PAYROLL_SERVICES,CLOSED,2,2026-04-02,2026-03-21 16:06:53,,LOW
4754,4754,2026-02-20 16:38:18,CRYPTO_BROKERAGE,IN_REVIEW,4,2026-03-06,,,MEDIUM
4755,4755,2026-06-22 22:59:01,CREDIT_CARD_ISSUANCE,CLOSED,5,2026-07-06,2026-06-26 22:59:01,,LOW
4756,4756,2026-07-04 05:55:27,RETAIL_BANKING,CLOSED,3,2026-07-18,2026-07-05 05:55:27,,HIGH
4757,4757,2026-02-25 02:21:50,PERSONAL_LOAN,OPEN,,2026-03-11,,,MEDIUM
4758,4758,2026-04-14 05:42:39,BUY_NOW_PAY_LATER,OPEN,3,2026-04-28,,,HIGH
4759,4759,2026-04-20 04:23:23,TERM_LIFE_INSURANCE,CLOSED,1,2026-05-04,2026-04-22 04:23:23,,HIGH
4760,4760,2026-06-08 18:47:13,DISBURSEMENT_PAYROLL_SERVICES,CLOSED,4,2026-06-22,2026-06-14 18:47:13,Unverified or expired identity documents,LOW
4761,4761,2025-11-23 21:37:33,CROSS_BORDER_REMITTANCE,OPEN,,2025-12-07,,,LOW
4762,4762,2025-09-12 20:35:33,TRUSTEE_ADMINISTRATION,CLOSED,3,2025-09-26,2025-09-18 20:35:33,,LOW
4763,4763,2025-12-10 11:08:04,TERM_LIFE_INSURANCE,CLOSED,3,2025-12-24,2025-12-14 11:08:04,,HIGH
4764,4764,2025-10-16 04:03:18,DISBURSEMENT_PAYROLL_SERVICES,CLOSED,2,2025-10-30,2025-10-19 04:03:18,,LOW
4765,4765,2026-06-03 15:41:06,AUTO_FINANCING,OPEN,,2026-06-17,,,LOW
4766,4766,2025-12-31 19:44:59,LIQUIDITY_MANAGEMENT,CLOSED,5,2026-01-14,2026-01-03 19:44:59,,LOW
4767,4767,2026-08-16 09:18:17,TERM_LIFE_INSURANCE,CLOSED,2,2026-08-30,2026-08-18 09:18:17,,LOW
4768,4768,2025-10-18 01:48:29,RETAIL_EQUITY_BROKERAGE,CLOSED,3,2025-11-01,2025-10-22 01:48:29,,MEDIUM
4769,4769,2026-03-27 08:27:30,ROBO_ADVISORY,PENDING_DOCUMENTS,,2026-04-10,,,LOW
4770,4770,2026-06-30 21:53:55,TREASURY_MANAGEMENT,CLOSED,3,2026-07-14,2026-07-03 21:53:55,,MEDIUM
4771,4771,2026-01-24 16:34:45,BUY_NOW_PAY_LATER,CLOSED,4,2026-02-07,2026-01-25 16:34:45,Unverified or expired identity documents,HIGH
4772,4772,2026-03-29 11:00:07,BUY_NOW_PAY_LATER,CLOSED,2,2026-04-12,2026-04-03 11:00:07,Unverified or expired identity documents,HIGH
4773,4773,2026-06-19 22:55:42,RETAIL_BANKING,CLOSED,2,2026-07-03,2026-06-21 22:55:42,,LOW
4774,4774,2026-04-06 02:41:09,CREDIT_CARD_ISSUANCE,CLOSED,5,2026-04-20,2026-04-09 02:41:09,,LOW
4775,4775,2026-04-25 17:11:03,BUY_NOW_PAY_LATER,CLOSED,2,2026-05-09,2026-04-27 17:11:03,,LOW
4776,4776,2026-03-01 05:30:18,CREDIT_CARD_ISSUANCE,CLOSED,1,2026-03-15,2026-03-06 05:30:18,,LOW
4777,4777,2026-02-25 04:49:29,CROSS_BORDER_REMITTANCE,CLOSED,4,2026-03-11,2026-03-03 04:49:29,Unverified or expired identity documents,HIGH
4778,4778,2026-04-05 19:52:38,TERM_LIFE_INSURANCE,CLOSED,3,2026-04-19,2026-04-11 19:52:38,,LOW
4779,4779,2026-03-07 05:18:54,RETAIL_BANKING,CLOSED,5,2026-03-21,2026-03-09 05:18:54,,LOW
4780,4780,2026-03-13 06:49:36,RETAIL_BANKING,CLOSED,5,2026-03-27,2026-03-19 06:49:36,,LOW
4781,4781,2025-10-03 03:41:03,ASSET_PROTECTION_TRUSTS,CLOSED,3,2025-10-17,2025-10-08 03:41:03,,MEDIUM
4782,4782,2025-08-28 16:32:27,RETAIL_BANKING,CLOSED,1,2025-09-11,2025-09-03 16:32:27,,LOW
4783,4783,2026-03-24 00:05:25,ROBO_ADVISORY,CLOSED,4,2026-04-07,2026-03-25 00:05:25,,LOW
4784,4784,2026-04-17 19:38:00,MORTGAGE_ORIGINATION,CLOSED,5,2026-05-01,2026-04-18 19:38:00,,LOW
4785,4785,2026-07-09 18:28:15,TERM_LIFE_INSURANCE,CLOSED,3,2026-07-23,2026-07-12 18:28:15,,HIGH
4786,4786,2026-04-08 22:28:29,ESCROW_SERVICES,PENDING_DOCUMENTS,3,2026-04-22,,,LOW
4787,4787,2026-04-01 01:16:14,MORTGAGE_ORIGINATION,CLOSED,1,2026-04-15,2026-04-07 01:16:14,,LOW
4788,4788,2026-02-13 14:41:44,RETAIL_EQUITY_BROKERAGE,OPEN,3,2026-02-27,,,LOW
4789,4789,2026-02-11 06:43:59,ROBO_ADVISORY,PENDING_DOCUMENTS,,2026-02-25,,,LOW
4790,4790,2026-07-17 20:18:33,PAYROLL_SERVICES,CLOSED,2,2026-07-31,2026-07-18 20:18:33,,LOW
4791,4791,2026-03-11 20:45:35,ASSET_PROTECTION_TRUSTS,CLOSED,4,2026-03-25,2026-03-16 20:45:35,,HIGH
4792,4792,2025-10-28 04:05:46,ROBO_ADVISORY,IN_REVIEW,4,2025-11-11,,,HIGH
4793,4793,2026-03-31 11:25:35,RETAIL_EQUITY_BROKERAGE,CLOSED,4,2026-04-14,2026-04-05 11:25:35,,MEDIUM
4794,4794,2025-11-30 22:56:39,DIRECT_INDEXING,CLOSED,2,2025-12-14,2025-12-04 22:56:39,,MEDIUM
4795,4795,2026-06-26 06:40:42,TAX_OPTIMIZED_INVESTING,CLOSED,1,2026-07-10,2026-06-29 06:40:42,,LOW
4796,4796,2026-02-11 06:29:13,CRYPTO_BROKERAGE,CLOSED,1,2026-02-25,2026-02-12 06:29:13,,MEDIUM
4797,4797,2025-11-22 02:36:06,SHORT_TERM_LIQUIDITY_MANAGEMENT,CLOSED,3,2025-12-06,2025-11-27 02:36:06,,LOW
4798,4798,2025-10-25 07:42:13,ROBO_ADVISORY,CLOSED,4,2025-11-08,2025-10-26 07:42:13,,LOW
4799,4799,2026-03-02 05:55:27,MORTGAGE_ORIGINATION,CLOSED,3,2026-03-16,2026-03-07 05:55:27,,MEDIUM
4800,4800,2025-10-19 18:08:23,CORPORATE_CREDIT_CARD,CLOSED,3,2025-11-02,2025-10-25 18:08:23,,LOW
4801,4801,2026-03-27 01:26:14,PERSONAL_LOAN,OPEN,,2026-04-10,,,LOW
4802,4802,2026-08-21 01:47:09,MORTGAGE_ORIGINATION,CLOSED,5,2026-09-04,2026-08-24 01:47:09,,MEDIUM
4803,4803,2026-07-25 13:44:07,BUY_NOW_PAY_LATER,CLOSED,3,2026-08-08,2026-07-27 13:44:07,,LOW
4804,4804,2025-12-31 07:54:23,ROBO_ADVISORY,CLOSED,4,2026-01-14,2026-01-06 07:54:23,,LOW
4805,4805,2025-12-06 22:22:40,AUTO_FINANCING,CLOSED,3,2025-12-20,2025-12-11 22:22:40,Unverified or expired identity documents,HIGH
4806,4806,2026-02-11 10:14:24,RETAIL_BANKING,CLOSED,5,2026-02-25,2026-02-13 10:14:24,,LOW
4807,4807,2026-05-09 14:39:24,CREDIT_CARD_ISSUANCE,PENDING_DOCUMENTS,2,2026-05-23,,,LOW
4808,4808,2025-10-05 03:42:22,SYNDICATED_LOANS,CLOSED,5,2025-10-19,2025-10-11 03:42:22,,LOW
4809,4809,2025-12-24 02:22:36,PERSONAL_LOAN,CLOSED,1,2026-01-07,2025-12-26 02:22:36,,LOW
4810,4810,2026-02-01 18:03:57,MORTGAGE_ORIGINATION,CLOSED,4,2026-02-15,2026-02-02 18:03:57,,LOW
4811,4811,2026-05-21 15:14:11,RETAIL_EQUITY_BROKERAGE,IN_REVIEW,1,2026-06-04,,,LOW
4812,4812,2026-05-05 17:41:44,SECURITIES_BASED_LENDING,OPEN,,2026-05-19,,,MEDIUM
4813,4813,2026-03-29 02:19:42,COMMERCIAL_LENDING,CLOSED,5,2026-04-12,2026-04-04 02:19:42,,LOW
4814,4814,2025-11-23 00:19:08,RETAIL_EQUITY_BROKERAGE,CLOSED,1,2025-12-07,2025-11-24 00:19:08,,HIGH
4815,4815,2026-02-25 08:21:29,RETAIL_EQUITY_BROKERAGE,CLOSED,4,2026-03-11,2026-03-03 08:21:29,,LOW
4816,4816,2025-11-06 12:58:57,CORPORATE_ACCOUNT,CLOSED,5,2025-11-20,2025-11-07 12:58:57,,LOW
4817,4817,2026-03-12 02:17:14,CROSS_BORDER_REMITTANCE,CLOSED,1,2026-03-26,2026-03-14 02:17:14,,LOW
4818,4818,2025-09-04 08:30:33,MORTGAGE_ORIGINATION,CLOSED,3,2025-09-18,2025-09-08 08:30:33,,MEDIUM
4819,4819,2025-10-09 01:23:16,HIGH_YIELD_SAVINGS,CLOSED,4,2025-10-23,2025-10-13 01:23:16,,LOW
4820,4820,2026-08-06 17:48:22,TERM_LIFE_INSURANCE,CLOSED,5,2026-08-20,2026-08-11 17:48:22,,MEDIUM
4821,4821,2026-02-20 09:18:31,REGULATORY_REPORTING_INTEGRATION,CLOSED,5,2026-03-06,2026-02-24 09:18:31,High-risk sanctions/FATF jurisdiction,HIGH
4822,4822,2026-08-17 15:00:55,TRUSTEE_ADMINISTRATION,OPEN,4,2026-08-31,,,LOW
4823,4823,2026-01-21 16:43:42,LIQUIDITY_MANAGEMENT,CLOSED,5,2026-02-04,2026-01-26 16:43:42,,LOW
4824,4824,2025-12-25 10:40:48,TRADE_FINANCE_CREDIT_INSURANCE,CLOSED,2,2026-01-08,2025-12-27 10:40:48,,LOW
4825,4825,2026-08-04 13:48:52,POLITICAL_DONATION_PROCESSING,CLOSED,3,2026-08-18,2026-08-06 13:48:52,Unverified or expired identity documents,HIGH
4826,4826,2026-07-08 02:29:39,DISBURSEMENT_PAYROLL_SERVICES,CLOSED,3,2026-07-22,2026-07-10 02:29:39,Unverified or expired identity documents,MEDIUM
4827,4827,2026-07-10 16:21:25,TREASURY_MANAGEMENT,CLOSED,1,2026-07-24,2026-07-15 16:21:25,,HIGH
4828,4828,2025-12-10 14:17:55,WEALTH_MANAGEMENT,CLOSED,1,2025-12-24,2025-12-14 14:17:55,,LOW
4829,4829,2025-10-10 04:10:58,SYNDICATED_LOANS,CLOSED,4,2025-10-24,2025-10-16 04:10:58,,LOW
4830,4830,2026-02-04 11:35:50,TERM_LIFE_INSURANCE,PENDING_DOCUMENTS,4,2026-02-18,,,MEDIUM
4831,4831,2025-11-20 07:31:14,RETAIL_BANKING,CLOSED,1,2025-12-04,2025-11-23 07:31:14,Unverified or expired identity documents,HIGH
4832,4832,2025-09-09 15:57:20,RETAIL_BANKING,CLOSED,2,2025-09-23,2025-09-13 15:57:20,,LOW
4833,4833,2026-01-21 02:20:02,RETAIL_EQUITY_BROKERAGE,CLOSED,4,2026-02-04,2026-01-24 02:20:02,,HIGH
4834,4834,2025-11-20 23:12:46,CRYPTO_BROKERAGE,CLOSED,4,2025-12-04,2025-11-23 23:12:46,,HIGH
4835,4835,2025-09-09 06:56:08,PERSONAL_LOAN,IN_REVIEW,,2025-09-23,,,LOW
4836,4836,2026-02-23 21:14:58,TRADE_FINANCE_CREDIT_INSURANCE,CLOSED,2,2026-03-09,2026-02-24 21:14:58,,LOW
4837,4837,2025-12-17 16:01:15,BUY_NOW_PAY_LATER,OPEN,3,2025-12-31,,,LOW
4838,4838,2026-05-05 00:46:04,MORTGAGE_ORIGINATION,CLOSED,2,2026-05-19,2026-05-06 00:46:04,,MEDIUM
4839,4839,2025-11-19 20:51:18,PERSONAL_LOAN,CLOSED,4,2025-12-03,2025-11-23 20:51:18,,LOW
4840,4840,2026-04-25 20:13:33,PERSONAL_LOAN,CLOSED,4,2026-05-09,2026-04-30 20:13:33,Unverified or expired identity documents,LOW
4841,4841,2026-04-24 21:09:43,RETAIL_BANKING,CLOSED,2,2026-05-08,2026-04-27 21:09:43,,HIGH
4842,4842,2025-11-08 08:55:31,BUY_NOW_PAY_LATER,CLOSED,1,2025-11-22,2025-11-13 08:55:31,,LOW
4843,4843,2026-05-26 06:14:21,PERSONAL_LOAN,CLOSED,4,2026-06-09,2026-05-27 06:14:21,,MEDIUM
4844,4844,2026-06-22 19:11:08,TRADE_FINANCE_CREDIT_INSURANCE,CLOSED,5,2026-07-06,2026-06-25 19:11:08,,LOW
4845,4845,2026-08-14 03:44:28,FIDUCIARY_CUSTODY_ACCOUNT,PENDING_DOCUMENTS,,2026-08-28,,,LOW
4846,4846,2026-04-10 06:31:43,MORTGAGE_ORIGINATION,CLOSED,4,2026-04-24,2026-04-16 06:31:43,Unverified or expired identity documents,HIGH
4847,4847,2025-08-31 00:36:03,WEALTH_MANAGEMENT,CLOSED,1,2025-09-14,2025-09-01 00:36:03,,MEDIUM
4848,4848,2025-10-07 10:12:56,CRYPTO_BROKERAGE,CLOSED,5,2025-10-21,2025-10-12 10:12:56,,LOW
4849,4849,2026-06-03 04:15:44,CROSS_BORDER_REMITTANCE,CLOSED,5,2026-06-17,2026-06-04 04:15:44,,LOW
4850,4850,2026-03-12 11:41:34,TAX_OPTIMIZED_INVESTING,CLOSED,1,2026-03-26,2026-03-14 11:41:34,,LOW
4851,4851,2025-10-16 08:30:56,REGULATORY_REPORTING_INTEGRATION,CLOSED,3,2025-10-30,2025-10-17 08:30:56,,MEDIUM
4852,4852,2026-02-04 09:47:48,ESCROW_SERVICES,CLOSED,1,2026-02-18,2026-02-09 09:47:48,,LOW
4853,4853,2025-09-25 08:16:13,BUY_NOW_PAY_LATER,CLOSED,4,2025-10-09,2025-09-29 08:16:13,,HIGH
4854,4854,2026-08-13 14:56:31,TERM_LIFE_INSURANCE,CLOSED,2,2026-08-27,2026-08-18 14:56:31,,LOW
4855,4855,2025-10-10 18:21:24,TERM_LIFE_INSURANCE,CLOSED,2,2025-10-24,2025-10-16 18:21:24,,LOW
4856,4856,2026-04-01 14:21:00,TRADE_FINANCE_CREDIT_INSURANCE,CLOSED,3,2026-04-15,2026-04-06 14:21:00,,LOW
4857,4857,2026-03-25 23:00:52,LETTER_OF_CREDIT,CLOSED,4,2026-04-08,2026-03-26 23:00:52,,LOW
4858,4858,2025-11-11 10:48:00,TERM_LIFE_INSURANCE,CLOSED,1,2025-11-25,2025-11-14 10:48:00,,MEDIUM
4859,4859,2026-05-12 07:31:34,BUY_NOW_PAY_LATER,CLOSED,1,2026-05-26,2026-05-17 07:31:34,,LOW
4860,4860,2025-11-08 10:32:12,CRYPTO_BROKERAGE,IN_REVIEW,,2025-11-22,,,LOW
4861,4861,2025-12-07 07:54:46,ESCROW_SERVICES,CLOSED,4,2025-12-21,2025-12-12 07:54:46,Unverified or expired identity documents,LOW
4862,4862,2026-05-02 08:19:27,CORPORATE_ACCOUNT,CLOSED,3,2026-05-16,2026-05-08 08:19:27,,LOW
4863,4863,2026-03-08 18:13:29,CROSS_BORDER_REMITTANCE,CLOSED,4,2026-03-22,2026-03-12 18:13:29,,LOW
4864,4864,2025-10-20 07:04:16,TERM_LIFE_INSURANCE,CLOSED,4,2025-11-03,2025-10-22 07:04:16,Unverified or expired identity documents,MEDIUM
4865,4865,2025-09-20 19:07:37,RETAIL_EQUITY_BROKERAGE,CLOSED,2,2025-10-04,2025-09-24 19:07:37,,LOW
4866,4866,2026-04-13 12:47:01,CROSS_BORDER_REMITTANCE,CLOSED,1,2026-04-27,2026-04-14 12:47:01,,LOW
4867,4867,2025-12-29 15:57:39,CREDIT_CARD_ISSUANCE,CLOSED,4,2026-01-12,2026-01-02 15:57:39,Unverified or expired identity documents,HIGH
4868,4868,2025-10-16 09:37:53,MERCHANT_ACQUIRING,CLOSED,4,2025-10-30,2025-10-20 09:37:53,,LOW
4869,4869,2026-05-08 04:05:45,CRYPTO_BROKERAGE,IN_REVIEW,,2026-05-22,,,MEDIUM
4870,4870,2025-12-25 16:56:26,CREDIT_CARD_ISSUANCE,CLOSED,3,2026-01-08,2025-12-27 16:56:26,,LOW
4871,4871,2025-08-29 20:30:34,CORPORATE_ACCOUNT,CLOSED,5,2025-09-12,2025-09-03 20:30:34,,LOW
4872,4872,2026-02-18 20:02:22,PAC_TREASURY_MANAGEMENT,CLOSED,5,2026-03-04,2026-02-23 20:02:22,,LOW
4873,4873,2026-07-23 04:22:28,CREDIT_CARD_ISSUANCE,CLOSED,4,2026-08-06,2026-07-27 04:22:28,,LOW
4874,4874,2026-07-12 16:58:55,RETAIL_BANKING,CLOSED,4,2026-07-26,2026-07-15 16:58:55,,LOW
4875,4875,2025-11-09 14:03:30,CORPORATE_CREDIT_CARD,CLOSED,3,2025-11-23,2025-11-15 14:03:30,,LOW
4876,4876,2026-07-04 19:18:44,ROBO_ADVISORY,CLOSED,3,2026-07-18,2026-07-05 19:18:44,,LOW
4877,4877,2025-10-08 10:59:29,CRYPTO_BROKERAGE,IN_REVIEW,5,2025-10-22,,,MEDIUM
4878,4878,2026-01-20 08:05:10,HIGH_YIELD_SAVINGS,CLOSED,4,2026-02-03,2026-01-23 08:05:10,,LOW
4879,4879,2026-04-03 17:57:37,FIDUCIARY_CUSTODY_ACCOUNT,CLOSED,1,2026-04-17,2026-04-09 17:57:37,,LOW
4880,4880,2026-03-02 16:41:28,RETAIL_BANKING,OPEN,,2026-03-16,,,LOW
4881,4881,2026-01-12 05:53:20,WEALTH_MANAGEMENT,CLOSED,3,2026-01-26,2026-01-13 05:53:20,,LOW
4882,4882,2026-06-16 18:25:05,CROSS_BORDER_REMITTANCE,CLOSED,3,2026-06-30,2026-06-21 18:25:05,,LOW
4883,4883,2026-05-07 18:42:08,MERCHANT_ACQUIRING,CLOSED,4,2026-05-21,2026-05-12 18:42:08,,LOW
4884,4884,2026-07-15 12:30:43,RETAIL_BANKING,CLOSED,2,2026-07-29,2026-07-21 12:30:43,,MEDIUM
4885,4885,2025-11-04 20:41:11,CREDIT_CARD_ISSUANCE,CLOSED,1,2025-11-18,2025-11-10 20:41:11,,LOW
4886,4886,2026-05-05 06:02:40,CORPORATE_CREDIT_CARD,CLOSED,1,2026-05-19,2026-05-11 06:02:40,,LOW
4887,4887,2026-06-29 06:57:56,AUTO_FINANCING,IN_REVIEW,,2026-07-13,,,LOW
4888,4888,2025-10-10 06:32:24,COMPLIANCE_RESTRICTED_DEPOSIT_ACCOUNT,CLOSED,1,2025-10-24,2025-10-14 06:32:24,,LOW
4889,4889,2026-03-10 01:18:03,MORTGAGE_ORIGINATION,CLOSED,2,2026-03-24,2026-03-12 01:18:03,,LOW
4890,4890,2026-04-07 13:35:03,RETAIL_EQUITY_BROKERAGE,CLOSED,1,2026-04-21,2026-04-13 13:35:03,,LOW
4891,4891,2026-08-21 03:00:32,ROBO_ADVISORY,OPEN,1,2026-09-04,,,LOW
4892,4892,2026-01-13 03:50:35,CROSS_BORDER_REMITTANCE,CLOSED,4,2026-01-27,2026-01-19 03:50:35,,LOW
4893,4893,2026-05-19 19:54:37,LETTER_OF_CREDIT,CLOSED,5,2026-06-02,2026-05-23 19:54:37,,LOW
4894,4894,2026-07-07 04:16:37,PERSONAL_LOAN,CLOSED,1,2026-07-21,2026-07-13 04:16:37,,LOW
4895,4895,2025-10-17 14:06:50,TERM_LIFE_INSURANCE,CLOSED,3,2025-10-31,2025-10-21 14:06:50,,LOW
4896,4896,2026-02-03 12:28:42,AUTO_FINANCING,IN_REVIEW,,2026-02-17,,,LOW
4897,4897,2025-10-05 04:24:59,AUTO_FINANCING,CLOSED,3,2025-10-19,2025-10-11 04:24:59,,LOW
4898,4898,2026-05-03 07:01:15,HIGH_YIELD_SAVINGS,CLOSED,3,2026-05-17,2026-05-09 07:01:15,,LOW
4899,4899,2025-11-07 05:00:29,CORPORATE_CREDIT_CARD,OPEN,4,2025-11-21,,,LOW
4900,4900,2025-09-11 18:22:28,RETAIL_EQUITY_BROKERAGE,IN_REVIEW,3,2025-09-25,,,LOW
4901,4901,2025-12-09 21:35:01,LIQUIDITY_MANAGEMENT,CLOSED,3,2025-12-23,2025-12-14 21:35:01,,LOW
4902,4902,2026-07-28 02:20:18,PRIVATE_EQUITY_FEEDER,CLOSED,5,2026-08-11,2026-08-01 02:20:18,,MEDIUM
4903,4903,2026-03-09 03:59:20,BESPOKE_PORTFOLIO_MANAGEMENT,CLOSED,2,2026-03-23,2026-03-13 03:59:20,,MEDIUM
4904,4904,2025-12-22 10:14:09,TERM_LIFE_INSURANCE,CLOSED,2,2026-01-05,2025-12-23 10:14:09,,LOW
4905,4905,2026-06-22 05:30:22,RETAIL_BANKING,PENDING_DOCUMENTS,,2026-07-06,,,HIGH
4906,4906,2026-01-20 21:51:16,TERM_LIFE_INSURANCE,CLOSED,2,2026-02-03,2026-01-22 21:51:16,,LOW
4907,4907,2026-03-09 08:59:31,MORTGAGE_ORIGINATION,CLOSED,3,2026-03-23,2026-03-12 08:59:31,,MEDIUM
4908,4908,2025-09-28 05:52:10,WEALTH_MANAGEMENT,CLOSED,3,2025-10-12,2025-10-03 05:52:10,,LOW
4909,4909,2025-10-26 22:20:37,PERSONAL_LOAN,CLOSED,3,2025-11-09,2025-10-27 22:20:37,,LOW
4910,4910,2026-02-19 09:15:00,RETAIL_EQUITY_BROKERAGE,OPEN,,2026-03-05,,,HIGH
4911,4911,2026-06-06 21:20:13,SECURITIES_BASED_LENDING,IN_REVIEW,4,2026-06-20,,,LOW
4912,4912,2026-07-27 15:01:46,ROBO_ADVISORY,IN_REVIEW,1,2026-08-10,,,LOW
4913,4913,2025-11-20 12:03:08,CROSS_BORDER_REMITTANCE,CLOSED,5,2025-12-04,2025-11-21 12:03:08,,LOW
4914,4914,2026-03-29 18:48:14,PAYROLL_SERVICES,CLOSED,4,2026-04-12,2026-03-31 18:48:14,,LOW
4915,4915,2026-02-26 08:09:16,TERM_LIFE_INSURANCE,IN_REVIEW,,2026-03-12,,,MEDIUM
4916,4916,2026-06-22 08:02:47,RETAIL_BANKING,CLOSED,2,2026-07-06,2026-06-27 08:02:47,,MEDIUM
4917,4917,2025-10-19 12:42:25,CORPORATE_CREDIT_CARD,IN_REVIEW,3,2025-11-02,,,LOW
4918,4918,2026-03-18 14:23:03,TERM_LIFE_INSURANCE,CLOSED,3,2026-04-01,2026-03-19 14:23:03,,MEDIUM
4919,4919,2026-07-15 09:03:40,AUTO_FINANCING,OPEN,,2026-07-29,,,MEDIUM
4920,4920,2026-06-04 01:51:25,COMMERCIAL_LENDING,CLOSED,1,2026-06-18,2026-06-10 01:51:25,,LOW
4921,4921,2026-05-16 22:48:17,SYNDICATED_LOANS,CLOSED,2,2026-05-30,2026-05-19 22:48:17,Unverified or expired identity documents,LOW
4922,4922,2026-06-19 22:11:21,ROBO_ADVISORY,CLOSED,2,2026-07-03,2026-06-21 22:11:21,,MEDIUM
4923,4923,2025-10-05 16:06:59,CREDIT_CARD_ISSUANCE,CLOSED,1,2025-10-19,2025-10-06 16:06:59,,LOW
4924,4924,2026-06-02 10:12:38,TRADE_FINANCE_CREDIT_INSURANCE,CLOSED,5,2026-06-16,2026-06-03 10:12:38,,LOW
4925,4925,2025-10-08 17:59:06,CREDIT_CARD_ISSUANCE,CLOSED,4,2025-10-22,2025-10-11 17:59:06,,LOW
4926,4926,2025-09-14 11:16:04,PERSONAL_LOAN,CLOSED,2,2025-09-28,2025-09-20 11:16:04,,LOW
4927,4927,2026-03-03 21:24:44,ASSET_PROTECTION_TRUSTS,OPEN,5,2026-03-17,,,LOW
4928,4928,2026-03-27 14:14:34,RETAIL_EQUITY_BROKERAGE,CLOSED,5,2026-04-10,2026-03-29 14:14:34,,LOW
4929,4929,2025-12-04 17:54:10,HIGH_YIELD_SAVINGS,CLOSED,3,2025-12-18,2025-12-07 17:54:10,,LOW
4930,4930,2026-02-04 07:37:28,HIGH_YIELD_SAVINGS,CLOSED,5,2026-02-18,2026-02-10 07:37:28,,LOW
4931,4931,2026-06-12 18:21:24,TERM_LIFE_INSURANCE,CLOSED,1,2026-06-26,2026-06-16 18:21:24,,LOW
4932,4932,2025-12-12 05:40:20,CROSS_BORDER_REMITTANCE,IN_REVIEW,2,2025-12-26,,,LOW
4933,4933,2025-10-25 09:33:40,COMMERCIAL_LENDING,CLOSED,1,2025-11-08,2025-10-29 09:33:40,,LOW
4934,4934,2026-01-26 12:56:08,FIDUCIARY_CUSTODY_ACCOUNT,PENDING_DOCUMENTS,,2026-02-09,,,LOW
4935,4935,2026-08-21 03:29:38,PAC_TREASURY_MANAGEMENT,CLOSED,1,2026-09-04,2026-08-23 03:29:38,,LOW
4936,4936,2025-10-26 11:00:19,BUY_NOW_PAY_LATER,OPEN,,2025-11-09,,,MEDIUM
4937,4937,2025-11-23 05:32:46,HIGH_YIELD_SAVINGS,CLOSED,4,2025-12-07,2025-11-26 05:32:46,,HIGH
4938,4938,2026-03-23 16:05:48,CORPORATE_CREDIT_CARD,CLOSED,5,2026-04-06,2026-03-26 16:05:48,,LOW
4939,4939,2026-05-03 08:09:37,ESTATE_PLANNING_SERVICES,CLOSED,4,2026-05-17,2026-05-07 08:09:37,,LOW
4940,4940,2026-06-05 02:48:07,PHILANTHROPY_ENDOWMENT_MANAGEMENT,CLOSED,1,2026-06-19,2026-06-09 02:48:07,,LOW
4941,4941,2026-06-24 00:20:26,WEALTH_MANAGEMENT,CLOSED,4,2026-07-08,2026-06-26 00:20:26,,LOW
4942,4942,2025-12-12 13:39:40,DISBURSEMENT_PAYROLL_SERVICES,CLOSED,4,2025-12-26,2025-12-18 13:39:40,Unverified or expired identity documents,MEDIUM
4943,4943,2025-09-26 18:43:05,CRYPTO_BROKERAGE,CLOSED,3,2025-10-10,2025-10-02 18:43:05,,LOW
4944,4944,2025-08-26 21:34:45,MORTGAGE_ORIGINATION,CLOSED,4,2025-09-09,2025-08-30 21:34:45,,LOW
4945,4945,2025-10-14 17:33:42,RETAIL_EQUITY_BROKERAGE,CLOSED,3,2025-10-28,2025-10-16 17:33:42,,LOW
4946,4946,2025-12-21 08:13:31,LETTER_OF_CREDIT,CLOSED,3,2026-01-04,2025-12-26 08:13:31,,LOW
4947,4947,2025-11-23 01:49:56,PERSONAL_LOAN,CLOSED,1,2025-12-07,2025-11-25 01:49:56,Unverified or expired identity documents,HIGH
4948,4948,2025-12-30 16:24:10,CREDIT_CARD_ISSUANCE,CLOSED,1,2026-01-13,2026-01-05 16:24:10,,LOW
4949,4949,2026-07-05 05:51:14,TREASURY_MANAGEMENT,OPEN,2,2026-07-19,,,HIGH
4950,4950,2026-01-07 18:48:42,BUY_NOW_PAY_LATER,CLOSED,3,2026-01-21,2026-01-11 18:48:42,,LOW
4951,4951,2026-04-25 22:07:58,PERSONAL_LOAN,CLOSED,1,2026-05-09,2026-05-01 22:07:58,,LOW
4952,4952,2026-06-27 16:43:07,HIGH_YIELD_SAVINGS,CLOSED,3,2026-07-11,2026-06-29 16:43:07,,LOW
4953,4953,2026-07-19 09:41:05,CRYPTO_BROKERAGE,CLOSED,2,2026-08-02,2026-07-23 09:41:05,,MEDIUM
4954,4954,2026-07-21 16:45:01,CRYPTO_BROKERAGE,CLOSED,2,2026-08-04,2026-07-27 16:45:01,,MEDIUM
4955,4955,2026-05-07 10:19:32,BUY_NOW_PAY_LATER,CLOSED,3,2026-05-21,2026-05-08 10:19:32,,LOW
4956,4956,2026-04-28 03:58:03,MERCHANT_ACQUIRING,CLOSED,1,2026-05-12,2026-05-04 03:58:03,,LOW
4957,4957,2025-11-15 20:14:47,MORTGAGE_ORIGINATION,CLOSED,1,2025-11-29,2025-11-19 20:14:47,,LOW
4958,4958,2025-08-30 14:51:25,CRYPTO_BROKERAGE,CLOSED,2,2025-09-13,2025-09-05 14:51:25,,MEDIUM
4959,4959,2025-09-19 12:51:54,CREDIT_CARD_ISSUANCE,CLOSED,2,2025-10-03,2025-09-24 12:51:54,,LOW
4960,4960,2026-01-27 15:49:27,HIGH_YIELD_SAVINGS,CLOSED,4,2026-02-10,2026-02-01 15:49:27,,LOW
4961,4961,2026-03-23 19:34:12,SECURITIES_BASED_LENDING,CLOSED,4,2026-04-06,2026-03-27 19:34:12,,LOW
4962,4962,2026-06-30 21:18:14,ESTATE_PLANNING_SERVICES,IN_REVIEW,,2026-07-14,,,LOW
4963,4963,2026-04-24 22:02:01,MERCHANT_ACQUIRING,CLOSED,5,2026-05-08,2026-04-30 22:02:01,High-risk sanctions/FATF jurisdiction,HIGH
4964,4964,2025-10-10 18:09:20,CROSS_BORDER_REMITTANCE,CLOSED,3,2025-10-24,2025-10-15 18:09:20,,LOW
4965,4965,2026-03-08 07:03:39,RETAIL_BANKING,OPEN,2,2026-03-22,,,LOW
4966,4966,2026-01-16 20:11:19,TERM_LIFE_INSURANCE,IN_REVIEW,2,2026-01-30,,,LOW
4967,4967,2025-09-13 15:19:47,CREDIT_CARD_ISSUANCE,CLOSED,3,2025-09-27,2025-09-14 15:19:47,,LOW
4968,4968,2025-09-24 20:51:52,RETAIL_BANKING,CLOSED,4,2025-10-08,2025-09-28 20:51:52,,LOW
4969,4969,2026-01-13 03:34:06,ESCROW_SERVICES,CLOSED,1,2026-01-27,2026-01-18 03:34:06,,MEDIUM
4970,4970,2025-12-29 20:44:55,HIGH_YIELD_SAVINGS,CLOSED,3,2026-01-12,2026-01-04 20:44:55,,LOW
4971,4971,2025-12-19 23:16:47,RETAIL_EQUITY_BROKERAGE,CLOSED,2,2026-01-02,2025-12-23 23:16:47,,LOW
4972,4972,2026-04-03 05:47:01,TAX_OPTIMIZED_INVESTING,CLOSED,1,2026-04-17,2026-04-05 05:47:01,,LOW
4973,4973,2026-02-14 23:54:19,PERSONAL_LOAN,CLOSED,1,2026-02-28,2026-02-15 23:54:19,,LOW
4974,4974,2026-04-27 12:57:20,CORPORATE_ACCOUNT,CLOSED,3,2026-05-11,2026-05-01 12:57:20,,MEDIUM
4975,4975,2026-03-08 13:51:25,HIGH_YIELD_SAVINGS,CLOSED,2,2026-03-22,2026-03-09 13:51:25,,LOW
4976,4976,2025-10-06 08:24:04,MORTGAGE_ORIGINATION,OPEN,3,2025-10-20,,,LOW
4977,4977,2025-09-23 18:14:24,MORTGAGE_ORIGINATION,CLOSED,5,2025-10-07,2025-09-29 18:14:24,,MEDIUM
4978,4978,2025-12-03 22:02:22,CORPORATE_CREDIT_CARD,OPEN,4,2025-12-17,,,LOW
4979,4979,2025-11-30 10:55:31,RETAIL_BANKING,CLOSED,2,2025-12-14,2025-12-04 10:55:31,Unverified or expired identity documents,HIGH
4980,4980,2026-03-21 02:27:25,CROSS_BORDER_REMITTANCE,CLOSED,4,2026-04-04,2026-03-23 02:27:25,,LOW
4981,4981,2025-10-05 23:52:35,CROSS_BORDER_REMITTANCE,CLOSED,5,2025-10-19,2025-10-10 23:52:35,,LOW
4982,4982,2025-10-19 21:16:04,COMMERCIAL_LENDING,CLOSED,4,2025-11-02,2025-10-23 21:16:04,,LOW
4983,4983,2026-01-31 23:17:31,LETTER_OF_CREDIT,PENDING_DOCUMENTS,,2026-02-14,,,LOW
4984,4984,2026-03-27 14:32:44,MERCHANT_ACQUIRING,CLOSED,1,2026-04-10,2026-03-28 14:32:44,,MEDIUM
4985,4985,2026-05-20 06:10:15,ESCROW_SERVICES,PENDING_DOCUMENTS,,2026-06-03,,,LOW
4986,4986,2026-03-05 20:56:12,FX_HEDGING_SOLUTIONS,CLOSED,1,2026-03-19,2026-03-11 20:56:12,,MEDIUM
4987,4987,2025-12-11 08:01:17,SYNDICATED_LOANS,CLOSED,1,2025-12-25,2025-12-13 08:01:17,,LOW
4988,4988,2025-09-12 11:09:02,CRYPTO_BROKERAGE,CLOSED,1,2025-09-26,2025-09-13 11:09:02,,LOW
4989,4989,2026-04-08 15:04:31,PERSONAL_LOAN,CLOSED,3,2026-04-22,2026-04-11 15:04:31,,LOW
4990,4990,2025-09-12 16:45:15,PERSONAL_LOAN,CLOSED,5,2025-09-26,2025-09-16 16:45:15,Unverified or expired identity documents,LOW
4991,4991,2026-04-14 01:36:49,ROBO_ADVISORY,CLOSED,4,2026-04-28,2026-04-18 01:36:49,,LOW
4992,4992,2026-05-07 01:08:51,CROSS_BORDER_REMITTANCE,OPEN,1,2026-05-21,,,LOW
4993,4993,2026-06-24 22:24:35,GOVERNMENT_RELATIONS_ESCROW,CLOSED,4,2026-07-08,2026-06-26 22:24:35,,LOW
4994,4994,2026-05-05 23:56:53,ROBO_ADVISORY,CLOSED,4,2026-05-19,2026-05-09 23:56:53,,LOW
4995,4995,2026-04-20 17:23:27,PERSONAL_LOAN,OPEN,,2026-05-04,,,LOW
4996,4996,2026-02-06 20:48:59,CREDIT_CARD_ISSUANCE,CLOSED,3,2026-02-20,2026-02-07 20:48:59,,LOW
4997,4997,2026-01-29 22:29:41,ESCROW_SERVICES,CLOSED,3,2026-02-12,2026-02-04 22:29:41,,LOW
4998,4998,2026-06-11 02:29:52,ESTATE_PLANNING_SERVICES,CLOSED,4,2026-06-25,2026-06-15 02:29:52,,LOW
4999,4999,2025-09-19 10:43:55,TRUSTEE_ADMINISTRATION,CLOSED,2,2025-10-03,2025-09-20 10:43:55,,LOW
5000,5000,2026-05-02 08:30:40,FIDUCIARY_CUSTODY_ACCOUNT,CLOSED,4,2026-05-16,2026-05-06 08:30:40,,LOW
5001,5001,2026-01-27 14:09:47,AUTO_FINANCING,CLOSED,3,2026-02-10,2026-01-29 14:09:47,,MEDIUM
5002,5002,2026-02-19 21:36:22,TAX_OPTIMIZED_INVESTING,CLOSED,5,2026-03-05,2026-02-23 21:36:22,,LOW
5003,5003,2026-05-29 15:45:14,AUTO_FINANCING,CLOSED,4,2026-06-12,2026-05-30 15:45:14,,LOW
5004,5004,2026-02-02 22:46:40,CRYPTO_BROKERAGE,OPEN,,2026-02-16,,,LOW
5005,5005,2026-07-31 15:55:50,BUY_NOW_PAY_LATER,CLOSED,1,2026-08-14,2026-08-02 15:55:50,,LOW
5006,5006,2026-07-14 22:15:50,RETAIL_EQUITY_BROKERAGE,CLOSED,1,2026-07-28,2026-07-17 22:15:50,,LOW
5007,5007,2026-07-30 14:08:07,MORTGAGE_ORIGINATION,CLOSED,4,2026-08-13,2026-08-05 14:08:07,,LOW
5008,5008,2026-06-29 14:20:50,CRYPTO_BROKERAGE,CLOSED,2,2026-07-13,2026-07-05 14:20:50,,LOW
5009,5009,2026-05-21 00:06:20,BUY_NOW_PAY_LATER,CLOSED,4,2026-06-04,2026-05-22 00:06:20,Unverified or expired identity documents,HIGH
5010,5010,2026-04-11 11:43:23,TRADE_FINANCE_CREDIT_INSURANCE,CLOSED,1,2026-04-25,2026-04-12 11:43:23,,LOW
5011,5011,2025-10-11 05:29:54,HIGH_YIELD_SAVINGS,CLOSED,5,2025-10-25,2025-10-12 05:29:54,,LOW
5012,5012,2026-06-14 22:43:00,AUTO_FINANCING,CLOSED,5,2026-06-28,2026-06-16 22:43:00,,LOW
5013,5013,2026-03-18 07:38:49,HIGH_YIELD_SAVINGS,IN_REVIEW,1,2026-04-01,,,LOW
5014,5014,2026-02-13 02:12:41,TERM_LIFE_INSURANCE,CLOSED,4,2026-02-27,2026-02-16 02:12:41,,LOW
5015,5015,2026-08-09 04:12:22,CRYPTO_BROKERAGE,PENDING_DOCUMENTS,,2026-08-23,,,HIGH
5016,5016,2026-03-15 09:15:27,HIGH_YIELD_SAVINGS,CLOSED,1,2026-03-29,2026-03-19 09:15:27,,LOW
5017,5017,2025-09-12 02:32:04,PERSONAL_LOAN,CLOSED,3,2025-09-26,2025-09-16 02:32:04,,LOW
5018,5018,2026-03-26 23:34:50,FX_HEDGING_SOLUTIONS,CLOSED,5,2026-04-09,2026-03-31 23:34:50,,HIGH
5019,5019,2026-06-10 04:49:46,MERCHANT_ACQUIRING,IN_REVIEW,1,2026-06-24,,,MEDIUM
5020,5020,2025-12-13 00:04:17,TREASURY_MANAGEMENT,OPEN,,2025-12-27,,,MEDIUM
5021,5021,2026-06-05 12:58:32,CROSS_BORDER_REMITTANCE,CLOSED,4,2026-06-19,2026-06-07 12:58:32,,LOW
5022,5022,2026-08-14 08:39:28,PAYROLL_SERVICES,CLOSED,5,2026-08-28,2026-08-17 08:39:28,,LOW
5023,5023,2026-05-13 09:56:30,FIDUCIARY_CUSTODY_ACCOUNT,CLOSED,5,2026-05-27,2026-05-18 09:56:30,,LOW
5024,5024,2026-05-27 13:26:05,DIRECT_INDEXING,CLOSED,5,2026-06-10,2026-06-02 13:26:05,,MEDIUM
5025,5025,2025-12-27 19:32:30,CREDIT_CARD_ISSUANCE,CLOSED,4,2026-01-10,2026-01-01 19:32:30,,LOW
5026,5026,2025-10-15 18:08:21,CORPORATE_ACCOUNT,CLOSED,2,2025-10-29,2025-10-21 18:08:21,,MEDIUM
5027,5027,2026-02-24 02:11:19,COMPLIANCE_RESTRICTED_DEPOSIT_ACCOUNT,CLOSED,3,2026-03-10,2026-02-26 02:11:19,,LOW
5028,5028,2026-04-10 21:51:28,MORTGAGE_ORIGINATION,CLOSED,2,2026-04-24,2026-04-16 21:51:28,,LOW
5029,5029,2026-03-16 01:38:48,PAYROLL_SERVICES,CLOSED,1,2026-03-30,2026-03-20 01:38:48,,MEDIUM
5030,5030,2025-09-27 21:15:50,INSTITUTIONAL_CRYPTO_CUSTODY,CLOSED,5,2025-10-11,2025-09-28 21:15:50,,LOW
5031,5031,2025-10-30 08:48:41,DISBURSEMENT_PAYROLL_SERVICES,IN_REVIEW,,2025-11-13,,,LOW
5032,5032,2026-02-12 14:29:42,CROSS_BORDER_REMITTANCE,CLOSED,5,2026-02-26,2026-02-15 14:29:42,,LOW
5033,5033,2025-11-22 16:58:50,PERSONAL_LOAN,CLOSED,5,2025-12-06,2025-11-24 16:58:50,,HIGH
5034,5034,2026-03-17 03:14:10,SHORT_TERM_LIQUIDITY_MANAGEMENT,CLOSED,5,2026-03-31,2026-03-22 03:14:10,Unverified or expired identity documents,LOW
5035,5035,2026-02-17 01:33:08,TERM_LIFE_INSURANCE,CLOSED,2,2026-03-03,2026-02-22 01:33:08,,LOW
5036,5036,2025-10-21 02:33:54,DISBURSEMENT_PAYROLL_SERVICES,IN_REVIEW,1,2025-11-04,,,LOW
5037,5037,2026-08-03 23:36:49,CROSS_BORDER_REMITTANCE,PENDING_DOCUMENTS,5,2026-08-17,,,LOW
5038,5038,2025-10-10 15:22:05,ESCROW_SERVICES,CLOSED,3,2025-10-24,2025-10-14 15:22:05,,LOW
5039,5039,2026-06-23 13:23:14,RETAIL_BANKING,CLOSED,2,2026-07-07,2026-06-27 13:23:14,,LOW
5040,5040,2026-03-13 01:34:30,PHILANTHROPY_ENDOWMENT_MANAGEMENT,CLOSED,4,2026-03-27,2026-03-15 01:34:30,,LOW
5041,5041,2026-07-28 19:17:42,SHORT_TERM_LIQUIDITY_MANAGEMENT,CLOSED,1,2026-08-11,2026-07-30 19:17:42,,LOW
5042,5042,2026-04-12 00:47:04,ESCROW_SERVICES,CLOSED,1,2026-04-26,2026-04-15 00:47:04,,LOW
5043,5043,2026-07-23 12:12:32,CRYPTO_BROKERAGE,CLOSED,1,2026-08-06,2026-07-27 12:12:32,,HIGH
5044,5044,2025-12-04 00:36:18,CORPORATE_ACCOUNT,CLOSED,3,2025-12-18,2025-12-09 00:36:18,,LOW
5045,5045,2026-06-21 15:46:24,GOVERNMENT_RELATIONS_ESCROW,CLOSED,3,2026-07-05,2026-06-24 15:46:24,Adverse media and PEP screening threshold exceeded,MEDIUM
5046,5046,2026-08-04 22:01:50,CROSS_BORDER_REMITTANCE,CLOSED,1,2026-08-18,2026-08-09 22:01:50,,MEDIUM
5047,5047,2026-02-09 14:25:07,TERM_LIFE_INSURANCE,CLOSED,4,2026-02-23,2026-02-13 14:25:07,,LOW
5048,5048,2026-04-01 12:52:21,ESCROW_SERVICES,CLOSED,1,2026-04-15,2026-04-05 12:52:21,,LOW
5049,5049,2026-06-05 18:01:41,ROBO_ADVISORY,CLOSED,2,2026-06-19,2026-06-10 18:01:41,Unverified or expired identity documents,HIGH
5050,5050,2026-08-21 01:55:50,CREDIT_CARD_ISSUANCE,CLOSED,4,2026-09-04,2026-08-27 01:55:50,,LOW
5051,5051,2026-01-18 20:58:48,TRADE_FINANCE_CREDIT_INSURANCE,CLOSED,2,2026-02-01,2026-01-24 20:58:48,Unverified or expired identity documents,MEDIUM
5052,5052,2025-11-17 17:27:47,CREDIT_CARD_ISSUANCE,CLOSED,2,2025-12-01,2025-11-23 17:27:47,,LOW
5053,5053,2026-06-12 11:05:35,DIRECT_INDEXING,CLOSED,5,2026-06-26,2026-06-17 11:05:35,,LOW
5054,5054,2025-08-27 03:29:28,DIRECT_INDEXING,CLOSED,2,2025-09-10,2025-08-29 03:29:28,,LOW
5055,5055,2026-04-18 21:05:27,RETAIL_EQUITY_BROKERAGE,CLOSED,1,2026-05-02,2026-04-19 21:05:27,,LOW
5056,5056,2026-02-01 20:33:17,AUTO_FINANCING,CLOSED,3,2026-02-15,2026-02-03 20:33:17,,LOW
5057,5057,2026-02-21 02:24:12,AUTO_FINANCING,CLOSED,2,2026-03-07,2026-02-27 02:24:12,,LOW
5058,5058,2025-10-26 11:31:42,PERSONAL_LOAN,CLOSED,4,2025-11-09,2025-10-30 11:31:42,Unverified or expired identity documents,MEDIUM
5059,5059,2026-04-04 15:16:07,BUY_NOW_PAY_LATER,CLOSED,1,2026-04-18,2026-04-07 15:16:07,,LOW
5060,5060,2026-04-07 10:27:38,HIGH_YIELD_SAVINGS,IN_REVIEW,,2026-04-21,,,LOW
5061,5061,2026-01-29 16:17:44,CRYPTO_BROKERAGE,CLOSED,3,2026-02-12,2026-01-31 16:17:44,,LOW
5062,5062,2025-10-05 12:40:39,RETAIL_BANKING,CLOSED,2,2025-10-19,2025-10-09 12:40:39,,LOW
5063,5063,2025-12-27 22:42:20,HIGH_YIELD_SAVINGS,CLOSED,3,2026-01-10,2025-12-30 22:42:20,,LOW
5064,5064,2026-02-05 20:32:53,COMMERCIAL_LENDING,CLOSED,1,2026-02-19,2026-02-10 20:32:53,,LOW
5065,5065,2026-03-29 07:04:23,MORTGAGE_ORIGINATION,CLOSED,1,2026-04-12,2026-04-04 07:04:23,,HIGH
5066,5066,2026-04-20 23:26:20,CRYPTO_BROKERAGE,CLOSED,2,2026-05-04,2026-04-26 23:26:20,,MEDIUM
5067,5067,2025-11-04 18:58:47,BUY_NOW_PAY_LATER,CLOSED,2,2025-11-18,2025-11-08 18:58:47,,LOW
5068,5068,2026-03-29 18:09:00,ESCROW_SERVICES,CLOSED,5,2026-04-12,2026-04-04 18:09:00,,LOW
5069,5069,2025-09-14 11:20:33,RETAIL_EQUITY_BROKERAGE,CLOSED,2,2025-09-28,2025-09-16 11:20:33,,MEDIUM
5070,5070,2025-12-31 22:46:02,TERM_LIFE_INSURANCE,CLOSED,1,2026-01-14,2026-01-01 22:46:02,,LOW
5071,5071,2025-10-26 20:08:17,CRYPTO_BROKERAGE,OPEN,,2025-11-09,,,LOW
5072,5072,2026-06-07 22:08:42,TERM_LIFE_INSURANCE,CLOSED,2,2026-06-21,2026-06-10 22:08:42,,MEDIUM
5073,5073,2026-02-20 10:10:44,TERM_LIFE_INSURANCE,CLOSED,4,2026-03-06,2026-02-24 10:10:44,,MEDIUM
5074,5074,2025-10-09 01:04:34,BUY_NOW_PAY_LATER,IN_REVIEW,3,2025-10-23,,,MEDIUM
5075,5075,2025-10-29 21:24:04,PHILANTHROPY_ENDOWMENT_MANAGEMENT,CLOSED,5,2025-11-12,2025-11-03 21:24:04,,LOW
5076,5076,2026-07-01 05:21:35,SECURITIES_BASED_LENDING,IN_REVIEW,2,2026-07-15,,,MEDIUM
5077,5077,2025-12-04 13:48:16,BUY_NOW_PAY_LATER,CLOSED,5,2025-12-18,2025-12-08 13:48:16,,LOW
5078,5078,2026-03-14 10:21:12,PERSONAL_LOAN,CLOSED,5,2026-03-28,2026-03-18 10:21:12,,LOW
5079,5079,2026-05-09 02:07:27,BUY_NOW_PAY_LATER,CLOSED,5,2026-05-23,2026-05-11 02:07:27,,LOW
5080,5080,2026-04-27 20:57:22,ROBO_ADVISORY,CLOSED,3,2026-05-11,2026-04-28 20:57:22,,LOW
5081,5081,2025-10-05 19:10:01,ASSET_PROTECTION_TRUSTS,CLOSED,1,2025-10-19,2025-10-10 19:10:01,,LOW
5082,5082,2025-12-10 08:48:26,LETTER_OF_CREDIT,CLOSED,5,2025-12-24,2025-12-15 08:48:26,,LOW
5083,5083,2026-07-07 16:45:14,MORTGAGE_ORIGINATION,IN_REVIEW,,2026-07-21,,,LOW
5084,5084,2025-10-21 13:36:22,PERSONAL_LOAN,CLOSED,4,2025-11-04,2025-10-25 13:36:22,,MEDIUM
5085,5085,2026-07-25 09:20:38,MORTGAGE_ORIGINATION,CLOSED,5,2026-08-08,2026-07-30 09:20:38,,LOW
5086,5086,2025-12-15 08:53:50,RETAIL_EQUITY_BROKERAGE,CLOSED,3,2025-12-29,2025-12-17 08:53:50,,LOW
5087,5087,2025-11-09 20:30:46,CROSS_BORDER_REMITTANCE,CLOSED,3,2025-11-23,2025-11-15 20:30:46,,LOW
5088,5088,2025-11-07 00:17:48,BUY_NOW_PAY_LATER,CLOSED,5,2025-11-21,2025-11-11 00:17:48,,LOW
5089,5089,2025-09-17 02:04:42,RETAIL_BANKING,IN_REVIEW,4,2025-10-01,,,LOW
5090,5090,2025-09-10 23:51:30,CRYPTO_BROKERAGE,CLOSED,1,2025-09-24,2025-09-13 23:51:30,,MEDIUM
5091,5091,2026-03-19 19:55:58,AUTO_FINANCING,CLOSED,2,2026-04-02,2026-03-24 19:55:58,Unverified or expired identity documents,LOW
5092,5092,2025-12-31 18:42:25,BUY_NOW_PAY_LATER,CLOSED,4,2026-01-14,2026-01-03 18:42:25,,LOW
5093,5093,2026-06-13 05:28:52,RETAIL_EQUITY_BROKERAGE,CLOSED,3,2026-06-27,2026-06-14 05:28:52,,MEDIUM
5094,5094,2025-09-27 06:03:54,FIDUCIARY_CUSTODY_ACCOUNT,CLOSED,1,2025-10-11,2025-10-03 06:03:54,,LOW
5095,5095,2026-03-14 14:18:27,COMPLIANCE_RESTRICTED_DEPOSIT_ACCOUNT,CLOSED,5,2026-03-28,2026-03-20 14:18:27,,MEDIUM
5096,5096,2026-01-26 03:02:44,TERM_LIFE_INSURANCE,CLOSED,3,2026-02-09,2026-01-31 03:02:44,,LOW
5097,5097,2025-09-07 07:15:36,TRADE_FINANCE_CREDIT_INSURANCE,CLOSED,3,2025-09-21,2025-09-08 07:15:36,,LOW
5098,5098,2026-06-12 08:51:39,BESPOKE_PORTFOLIO_MANAGEMENT,CLOSED,3,2026-06-26,2026-06-16 08:51:39,,LOW
5099,5099,2025-12-08 07:51:55,MERCHANT_ACQUIRING,OPEN,,2025-12-22,,,LOW
5100,5100,2026-03-08 03:18:16,COMMERCIAL_LENDING,CLOSED,3,2026-03-22,2026-03-09 03:18:16,,LOW
5101,5101,2026-08-21 15:06:16,CROSS_BORDER_REMITTANCE,CLOSED,1,2026-09-04,2026-08-25 15:06:16,,LOW
5102,5102,2026-01-01 16:11:30,ROBO_ADVISORY,OPEN,,2026-01-15,,,LOW
5103,5103,2026-01-09 16:14:36,TERM_LIFE_INSURANCE,IN_REVIEW,1,2026-01-23,,,LOW
5104,5104,2026-07-07 12:26:34,RETAIL_EQUITY_BROKERAGE,CLOSED,4,2026-07-21,2026-07-10 12:26:34,,LOW
5105,5105,2026-06-29 16:28:25,FX_HEDGING_SOLUTIONS,CLOSED,2,2026-07-13,2026-07-04 16:28:25,,LOW
5106,5106,2026-05-09 03:12:30,TERM_LIFE_INSURANCE,CLOSED,5,2026-05-23,2026-05-10 03:12:30,,MEDIUM
5107,5107,2026-04-06 06:00:25,CROSS_BORDER_REMITTANCE,CLOSED,2,2026-04-20,2026-04-07 06:00:25,,LOW
5108,5108,2025-09-11 15:27:09,CRYPTO_BROKERAGE,CLOSED,4,2025-09-25,2025-09-16 15:27:09,,LOW
5109,5109,2025-11-15 01:11:15,FX_HEDGING_SOLUTIONS,CLOSED,1,2025-11-29,2025-11-20 01:11:15,,LOW
5110,5110,2025-11-24 00:49:53,ROBO_ADVISORY,CLOSED,2,2025-12-08,2025-11-30 00:49:53,,LOW
5111,5111,2025-12-20 23:13:13,MORTGAGE_ORIGINATION,CLOSED,4,2026-01-03,2025-12-21 23:13:13,,LOW
5112,5112,2026-05-09 13:46:44,MORTGAGE_ORIGINATION,IN_REVIEW,1,2026-05-23,,,LOW
5113,5113,2026-05-23 18:35:02,TRADE_FINANCE_CREDIT_INSURANCE,CLOSED,4,2026-06-06,2026-05-25 18:35:02,,LOW
5114,5114,2026-01-23 14:35:33,BUY_NOW_PAY_LATER,CLOSED,5,2026-02-06,2026-01-26 14:35:33,,MEDIUM
5115,5115,2025-08-26 11:27:01,RETAIL_EQUITY_BROKERAGE,CLOSED,2,2025-09-09,2025-08-27 11:27:01,,HIGH
5116,5116,2025-10-05 16:08:07,SYNDICATED_LOANS,PENDING_DOCUMENTS,,2025-10-19,,,LOW
5117,5117,2025-08-28 07:05:49,BUY_NOW_PAY_LATER,CLOSED,4,2025-09-11,2025-09-03 07:05:49,,LOW
5118,5118,2026-03-14 03:34:51,MERCHANT_ACQUIRING,IN_REVIEW,1,2026-03-28,,,LOW
5119,5119,2026-01-31 14:08:21,AUTO_FINANCING,CLOSED,4,2026-02-14,2026-02-03 14:08:21,,LOW
5120,5120,2026-01-11 09:17:34,CREDIT_CARD_ISSUANCE,OPEN,,2026-01-25,,,HIGH
5121,5121,2026-06-22 08:26:44,MORTGAGE_ORIGINATION,CLOSED,2,2026-07-06,2026-06-26 08:26:44,,MEDIUM
5122,5122,2025-11-04 06:33:10,SHORT_TERM_LIQUIDITY_MANAGEMENT,PENDING_DOCUMENTS,1,2025-11-18,,,HIGH
5123,5123,2025-08-30 07:58:08,MERCHANT_ACQUIRING,CLOSED,5,2025-09-13,2025-09-04 07:58:08,,MEDIUM
5124,5124,2026-02-04 14:22:57,TERM_LIFE_INSURANCE,CLOSED,5,2026-02-18,2026-02-07 14:22:57,,LOW
5125,5125,2026-01-21 01:45:44,REGULATORY_REPORTING_INTEGRATION,OPEN,5,2026-02-04,,,MEDIUM
5126,5126,2025-11-09 09:20:03,RETAIL_BANKING,OPEN,3,2025-11-23,,,HIGH
5127,5127,2026-01-08 10:17:26,MERCHANT_ACQUIRING,CLOSED,4,2026-01-22,2026-01-13 10:17:26,,LOW
5128,5128,2026-06-05 01:09:38,BUY_NOW_PAY_LATER,CLOSED,1,2026-06-19,2026-06-09 01:09:38,,LOW
5129,5129,2025-08-27 12:19:40,PERSONAL_LOAN,CLOSED,5,2025-09-10,2025-08-31 12:19:40,,LOW
5130,5130,2025-12-06 17:13:31,MORTGAGE_ORIGINATION,CLOSED,3,2025-12-20,2025-12-10 17:13:31,,MEDIUM
5131,5131,2026-05-24 05:55:18,TERM_LIFE_INSURANCE,PENDING_DOCUMENTS,1,2026-06-07,,,LOW
5132,5132,2025-11-11 12:25:23,LETTER_OF_CREDIT,OPEN,,2025-11-25,,,LOW
5133,5133,2026-01-18 23:27:53,SYNDICATED_LOANS,CLOSED,3,2026-02-01,2026-01-21 23:27:53,,LOW
5134,5134,2025-10-21 11:19:42,PERSONAL_LOAN,CLOSED,3,2025-11-04,2025-10-23 11:19:42,,LOW
5135,5135,2025-09-02 00:32:56,ESCROW_SERVICES,CLOSED,2,2025-09-16,2025-09-06 00:32:56,,LOW
5136,5136,2026-01-23 00:50:56,RETAIL_BANKING,CLOSED,3,2026-02-06,2026-01-27 00:50:56,,HIGH
5137,5137,2026-01-26 06:27:05,AUTO_FINANCING,OPEN,2,2026-02-09,,,LOW
5138,5138,2026-05-02 12:03:08,HIGH_YIELD_SAVINGS,CLOSED,4,2026-05-16,2026-05-03 12:03:08,Unverified or expired identity documents,LOW
5139,5139,2025-10-22 16:33:07,TREASURY_MANAGEMENT,CLOSED,4,2025-11-05,2025-10-25 16:33:07,,MEDIUM
5140,5140,2025-10-24 22:40:26,BENEFICIARY_DISBURSEMENT_SERVICES,CLOSED,3,2025-11-07,2025-10-29 22:40:26,,LOW
5141,5141,2025-12-28 18:22:46,CROSS_BORDER_REMITTANCE,CLOSED,1,2026-01-11,2025-12-31 18:22:46,Unverified or expired identity documents,HIGH
5142,5142,2025-10-28 01:33:36,FIDUCIARY_CUSTODY_ACCOUNT,OPEN,4,2025-11-11,,,LOW
5143,5143,2026-01-10 08:10:16,ROBO_ADVISORY,PENDING_DOCUMENTS,5,2026-01-24,,,MEDIUM
5144,5144,2025-10-24 01:01:10,BESPOKE_PORTFOLIO_MANAGEMENT,CLOSED,5,2025-11-07,2025-10-28 01:01:10,,LOW
5145,5145,2025-10-16 05:58:29,POLITICAL_DONATION_PROCESSING,PENDING_DOCUMENTS,,2025-10-30,,,LOW
5146,5146,2025-09-06 13:14:12,CREDIT_CARD_ISSUANCE,CLOSED,3,2025-09-20,2025-09-12 13:14:12,,LOW
5147,5147,2026-03-22 05:48:58,TERM_LIFE_INSURANCE,CLOSED,1,2026-04-05,2026-03-27 05:48:58,,LOW
5148,5148,2025-10-07 07:52:13,MORTGAGE_ORIGINATION,CLOSED,2,2025-10-21,2025-10-13 07:52:13,,LOW
5149,5149,2026-01-27 19:08:01,AUTO_FINANCING,CLOSED,4,2026-02-10,2026-01-31 19:08:01,,LOW
5150,5150,2026-03-14 08:12:38,SYNDICATED_LOANS,CLOSED,4,2026-03-28,2026-03-20 08:12:38,,LOW
5151,5151,2026-08-20 05:12:14,AUTO_FINANCING,CLOSED,2,2026-09-03,2026-08-21 05:12:14,,LOW
5152,5152,2026-03-04 18:29:23,BUY_NOW_PAY_LATER,CLOSED,1,2026-03-18,2026-03-09 18:29:23,,LOW
5153,5153,2026-05-16 00:03:27,MERCHANT_ACQUIRING,CLOSED,4,2026-05-30,2026-05-19 00:03:27,,LOW
5154,5154,2026-04-10 09:21:46,CROSS_BORDER_REMITTANCE,CLOSED,3,2026-04-24,2026-04-14 09:21:46,,LOW
5155,5155,2025-09-17 16:02:53,TRADE_FINANCE_CREDIT_INSURANCE,CLOSED,3,2025-10-01,2025-09-21 16:02:53,,MEDIUM
5156,5156,2025-09-11 03:56:27,PHILANTHROPY_ENDOWMENT_MANAGEMENT,CLOSED,2,2025-09-25,2025-09-14 03:56:27,,LOW
5157,5157,2026-04-06 07:29:59,FX_HEDGING_SOLUTIONS,CLOSED,1,2026-04-20,2026-04-12 07:29:59,,HIGH
5158,5158,2026-03-13 01:29:44,FX_HEDGING_SOLUTIONS,CLOSED,5,2026-03-27,2026-03-17 01:29:44,,LOW
5159,5159,2025-08-31 15:45:46,ROBO_ADVISORY,CLOSED,4,2025-09-14,2025-09-03 15:45:46,,LOW
5160,5160,2026-03-17 23:54:59,PERSONAL_LOAN,CLOSED,1,2026-03-31,2026-03-19 23:54:59,,LOW
5161,5161,2026-03-19 10:31:00,PERSONAL_LOAN,CLOSED,1,2026-04-02,2026-03-21 10:31:00,,LOW
5162,5162,2026-02-27 00:42:37,INSTITUTIONAL_CRYPTO_CUSTODY,CLOSED,3,2026-03-13,2026-03-03 00:42:37,,LOW
5163,5163,2025-11-11 12:57:58,CRYPTO_BROKERAGE,IN_REVIEW,2,2025-11-25,,,LOW
5164,5164,2026-08-05 07:44:02,CRYPTO_BROKERAGE,CLOSED,3,2026-08-19,2026-08-10 07:44:02,Unverified or expired identity documents,LOW
5165,5165,2026-08-05 08:37:56,LIQUIDITY_MANAGEMENT,IN_REVIEW,,2026-08-19,,,MEDIUM
5166,5166,2026-08-01 03:10:19,INSTITUTIONAL_CRYPTO_CUSTODY,CLOSED,3,2026-08-15,2026-08-04 03:10:19,,LOW
5167,5167,2026-03-25 13:08:28,CREDIT_CARD_ISSUANCE,CLOSED,3,2026-04-08,2026-03-30 13:08:28,,LOW
5168,5168,2026-08-15 00:54:23,ESCROW_SERVICES,OPEN,5,2026-08-29,,,MEDIUM
5169,5169,2026-01-02 20:53:28,ESCROW_SERVICES,CLOSED,1,2026-01-16,2026-01-05 20:53:28,,LOW
5170,5170,2026-04-07 17:34:58,HIGH_YIELD_SAVINGS,CLOSED,3,2026-04-21,2026-04-09 17:34:58,,MEDIUM
5171,5171,2026-01-16 17:18:13,CRYPTO_BROKERAGE,CLOSED,2,2026-01-30,2026-01-17 17:18:13,,MEDIUM
5172,5172,2025-10-19 13:35:15,MORTGAGE_ORIGINATION,CLOSED,2,2025-11-02,2025-10-23 13:35:15,,LOW
5173,5173,2026-02-02 01:49:03,MORTGAGE_ORIGINATION,CLOSED,4,2026-02-16,2026-02-03 01:49:03,,HIGH
5174,5174,2026-07-09 14:25:24,PERSONAL_LOAN,OPEN,,2026-07-23,,,LOW
5175,5175,2026-02-08 09:20:48,MORTGAGE_ORIGINATION,CLOSED,1,2026-02-22,2026-02-11 09:20:48,,HIGH
5176,5176,2026-07-17 21:30:35,ROBO_ADVISORY,CLOSED,3,2026-07-31,2026-07-18 21:30:35,,MEDIUM
5177,5177,2025-09-17 04:55:44,PAYROLL_SERVICES,CLOSED,1,2025-10-01,2025-09-18 04:55:44,,MEDIUM
5178,5178,2025-12-06 01:36:32,ROBO_ADVISORY,CLOSED,3,2025-12-20,2025-12-09 01:36:32,,LOW
5179,5179,2025-11-11 21:26:22,BALLOT_INITIATIVE_ESCROW,CLOSED,3,2025-11-25,2025-11-14 21:26:22,,MEDIUM
5180,5180,2025-11-01 06:10:58,HIGH_YIELD_SAVINGS,CLOSED,5,2025-11-15,2025-11-06 06:10:58,,MEDIUM
5181,5181,2025-09-04 08:46:10,RETAIL_BANKING,CLOSED,3,2025-09-18,2025-09-06 08:46:10,,LOW
5182,5182,2025-08-30 04:44:10,LIQUIDITY_MANAGEMENT,CLOSED,1,2025-09-13,2025-09-04 04:44:10,Unverified or expired identity documents,HIGH
5183,5183,2025-11-11 05:35:54,BUY_NOW_PAY_LATER,CLOSED,4,2025-11-25,2025-11-17 05:35:54,,LOW
5184,5184,2026-05-16 12:19:06,INSTITUTIONAL_CRYPTO_CUSTODY,CLOSED,1,2026-05-30,2026-05-17 12:19:06,,LOW
5185,5185,2025-09-17 13:28:17,AUTO_FINANCING,CLOSED,2,2025-10-01,2025-09-23 13:28:17,,LOW
5186,5186,2026-05-11 03:33:26,CORPORATE_CREDIT_CARD,IN_REVIEW,,2026-05-25,,,LOW
5187,5187,2026-01-22 08:20:12,DISBURSEMENT_PAYROLL_SERVICES,CLOSED,1,2026-02-05,2026-01-28 08:20:12,Unverified or expired identity documents,MEDIUM
5188,5188,2025-10-31 18:07:53,GOVERNMENT_RELATIONS_ESCROW,CLOSED,4,2025-11-14,2025-11-05 18:07:53,Unverified or expired identity documents,LOW
5189,5189,2026-03-20 15:19:47,CRYPTO_BROKERAGE,CLOSED,3,2026-04-03,2026-03-24 15:19:47,,LOW
5190,5190,2026-04-21 05:08:38,CRYPTO_BROKERAGE,CLOSED,1,2026-05-05,2026-04-24 05:08:38,,LOW
5191,5191,2025-12-09 19:48:15,COMMERCIAL_LENDING,CLOSED,3,2025-12-23,2025-12-13 19:48:15,,HIGH
5192,5192,2026-02-01 13:41:30,MORTGAGE_ORIGINATION,CLOSED,1,2026-02-15,2026-02-07 13:41:30,,LOW
5193,5193,2025-10-16 08:56:45,RETAIL_EQUITY_BROKERAGE,CLOSED,4,2025-10-30,2025-10-19 08:56:45,,LOW
5194,5194,2026-05-18 11:11:37,INSTITUTIONAL_CRYPTO_CUSTODY,CLOSED,2,2026-06-01,2026-05-21 11:11:37,,LOW
5195,5195,2025-12-26 05:52:58,PERSONAL_LOAN,CLOSED,2,2026-01-09,2025-12-31 05:52:58,,LOW
5196,5196,2026-06-12 08:15:18,TERM_LIFE_INSURANCE,CLOSED,1,2026-06-26,2026-06-15 08:15:18,,HIGH
5197,5197,2026-04-08 08:38:14,RETAIL_BANKING,CLOSED,5,2026-04-22,2026-04-12 08:38:14,,LOW
5198,5198,2025-11-15 03:48:25,CORPORATE_ACCOUNT,IN_REVIEW,5,2025-11-29,,,LOW
5199,5199,2026-06-10 14:09:35,BUY_NOW_PAY_LATER,CLOSED,3,2026-06-24,2026-06-11 14:09:35,High-risk sanctions/FATF jurisdiction,HIGH
5200,5200,2025-08-27 06:43:20,INSTITUTIONAL_CRYPTO_CUSTODY,CLOSED,3,2025-09-10,2025-08-31 06:43:20,,LOW
5201,5201,2026-08-23 22:15:38,CROSS_BORDER_REMITTANCE,IN_REVIEW,1,2026-09-06,,,MEDIUM
5202,5202,2026-08-06 14:12:20,TERM_LIFE_INSURANCE,CLOSED,3,2026-08-20,2026-08-07 14:12:20,,HIGH
5203,5203,2026-08-05 00:02:59,CORPORATE_CREDIT_CARD,OPEN,,2026-08-19,,,HIGH
5204,5204,2025-10-09 14:22:31,LETTER_OF_CREDIT,CLOSED,1,2025-10-23,2025-10-13 14:22:31,,LOW
5205,5205,2025-10-15 09:36:54,RETAIL_EQUITY_BROKERAGE,CLOSED,2,2025-10-29,2025-10-20 09:36:54,Unverified or expired identity documents,HIGH
5206,5206,2026-06-24 14:14:15,LIQUIDITY_MANAGEMENT,CLOSED,5,2026-07-08,2026-06-28 14:14:15,,LOW
5207,5207,2026-07-08 09:23:14,PAYROLL_SERVICES,IN_REVIEW,5,2026-07-22,,,LOW
5208,5208,2026-06-09 14:57:27,BUY_NOW_PAY_LATER,PENDING_DOCUMENTS,,2026-06-23,,,LOW
5209,5209,2026-05-29 10:34:23,PAYROLL_SERVICES,CLOSED,2,2026-06-12,2026-05-31 10:34:23,,MEDIUM
5210,5210,2025-12-07 05:39:21,HIGH_VOLUME_MERCHANT_GATEWAY,CLOSED,2,2025-12-21,2025-12-12 05:39:21,Unverified or expired identity documents,LOW
5211,5211,2026-07-23 23:15:18,CRYPTO_BROKERAGE,CLOSED,4,2026-08-06,2026-07-24 23:15:18,,LOW
5212,5212,2025-12-24 16:49:13,PERSONAL_LOAN,IN_REVIEW,2,2026-01-07,,,MEDIUM
5213,5213,2026-07-25 08:45:46,SYNDICATED_LOANS,CLOSED,3,2026-08-08,2026-07-31 08:45:46,,LOW
5214,5214,2025-10-24 17:51:08,CRYPTO_BROKERAGE,CLOSED,3,2025-11-07,2025-10-25 17:51:08,,LOW
5215,5215,2026-04-02 23:57:42,RETAIL_BANKING,CLOSED,5,2026-04-16,2026-04-08 23:57:42,,LOW
5216,5216,2026-07-17 08:40:53,ESCROW_SERVICES,CLOSED,2,2026-07-31,2026-07-22 08:40:53,,LOW
5217,5217,2025-09-06 06:13:23,TERM_LIFE_INSURANCE,CLOSED,4,2025-09-20,2025-09-08 06:13:23,,LOW
5218,5218,2025-11-16 21:34:07,COMPLIANCE_RESTRICTED_DEPOSIT_ACCOUNT,CLOSED,2,2025-11-30,2025-11-18 21:34:07,Unverified or expired identity documents,LOW
5219,5219,2025-12-12 06:58:17,CORPORATE_CREDIT_CARD,CLOSED,5,2025-12-26,2025-12-15 06:58:17,,LOW
5220,5220,2025-11-22 01:20:19,BESPOKE_PORTFOLIO_MANAGEMENT,CLOSED,5,2025-12-06,2025-11-28 01:20:19,,LOW
5221,5221,2026-07-13 08:08:16,PERSONAL_LOAN,CLOSED,5,2026-07-27,2026-07-15 08:08:16,,MEDIUM
5222,5222,2026-03-20 15:18:31,CREDIT_CARD_ISSUANCE,CLOSED,2,2026-04-03,2026-03-25 15:18:31,,LOW
5223,5223,2026-01-09 08:34:57,SYNDICATED_LOANS,CLOSED,1,2026-01-23,2026-01-14 08:34:57,,LOW
5224,5224,2026-03-17 18:58:40,BUY_NOW_PAY_LATER,PENDING_DOCUMENTS,1,2026-03-31,,,LOW
5225,5225,2026-07-13 15:12:22,CORPORATE_ACCOUNT,CLOSED,4,2026-07-27,2026-07-18 15:12:22,,LOW
5226,5226,2026-06-08 05:21:09,ROBO_ADVISORY,CLOSED,5,2026-06-22,2026-06-10 05:21:09,,LOW
5227,5227,2026-01-31 04:54:40,PERSONAL_LOAN,CLOSED,5,2026-02-14,2026-02-04 04:54:40,,LOW
5228,5228,2026-01-07 06:13:04,ROBO_ADVISORY,CLOSED,2,2026-01-21,2026-01-08 06:13:04,,LOW
5229,5229,2026-02-06 11:21:25,INSTITUTIONAL_CRYPTO_CUSTODY,IN_REVIEW,,2026-02-20,,,LOW
5230,5230,2026-05-31 00:18:14,CRYPTO_BROKERAGE,IN_REVIEW,,2026-06-14,,,MEDIUM
5231,5231,2025-09-17 14:32:09,TERM_LIFE_INSURANCE,CLOSED,3,2025-10-01,2025-09-18 14:32:09,,MEDIUM
5232,5232,2026-05-25 12:29:06,TERM_LIFE_INSURANCE,CLOSED,5,2026-06-08,2026-05-29 12:29:06,Unverified or expired identity documents,LOW
5233,5233,2025-12-31 16:32:58,COMPLIANCE_RESTRICTED_DEPOSIT_ACCOUNT,CLOSED,1,2026-01-14,2026-01-06 16:32:58,,LOW
5234,5234,2026-03-02 07:17:39,PERSONAL_LOAN,CLOSED,4,2026-03-16,2026-03-05 07:17:39,,LOW
5235,5235,2025-11-12 14:45:44,HIGH_YIELD_SAVINGS,CLOSED,3,2025-11-26,2025-11-15 14:45:44,,LOW
5236,5236,2026-02-06 21:38:59,BUY_NOW_PAY_LATER,CLOSED,1,2026-02-20,2026-02-11 21:38:59,,LOW
5237,5237,2026-06-01 15:06:06,RETAIL_BANKING,CLOSED,2,2026-06-15,2026-06-07 15:06:06,,MEDIUM
5238,5238,2025-09-23 01:36:26,RETAIL_BANKING,CLOSED,5,2025-10-07,2025-09-25 01:36:26,,LOW
5239,5239,2026-05-30 19:04:57,INSTITUTIONAL_CRYPTO_CUSTODY,CLOSED,1,2026-06-13,2026-05-31 19:04:57,,LOW
5240,5240,2026-02-20 17:16:31,CREDIT_CARD_ISSUANCE,CLOSED,2,2026-03-06,2026-02-23 17:16:31,,LOW
5241,5241,2026-07-11 10:45:29,CRYPTO_BROKERAGE,CLOSED,3,2026-07-25,2026-07-17 10:45:29,,LOW
5242,5242,2025-10-10 04:31:04,CRYPTO_BROKERAGE,CLOSED,5,2025-10-24,2025-10-11 04:31:04,,HIGH
5243,5243,2026-04-07 09:39:41,TERM_LIFE_INSURANCE,CLOSED,1,2026-04-21,2026-04-08 09:39:41,,LOW
5244,5244,2026-05-04 00:08:57,BALLOT_INITIATIVE_ESCROW,CLOSED,2,2026-05-18,2026-05-06 00:08:57,,LOW
5245,5245,2025-12-16 04:55:19,CROSS_BORDER_REMITTANCE,CLOSED,2,2025-12-30,2025-12-20 04:55:19,Unverified or expired identity documents,MEDIUM
5246,5246,2026-05-20 06:03:31,LIQUIDITY_MANAGEMENT,CLOSED,4,2026-06-03,2026-05-24 06:03:31,,LOW
5247,5247,2025-09-04 08:16:29,BUY_NOW_PAY_LATER,CLOSED,3,2025-09-18,2025-09-07 08:16:29,,LOW
5248,5248,2026-01-27 05:23:25,RETAIL_BANKING,OPEN,4,2026-02-10,,,LOW
5249,5249,2026-05-23 17:35:26,TRUSTEE_ADMINISTRATION,CLOSED,4,2026-06-06,2026-05-27 17:35:26,,LOW
5250,5250,2025-10-21 14:21:07,ROBO_ADVISORY,PENDING_DOCUMENTS,,2025-11-04,,,LOW
5251,5251,2026-08-22 13:26:23,MORTGAGE_ORIGINATION,CLOSED,3,2026-09-05,2026-08-28 13:26:23,,MEDIUM
5252,5252,2026-08-19 21:13:02,TREASURY_MANAGEMENT,CLOSED,5,2026-09-02,2026-08-24 21:13:02,,LOW
5253,5253,2026-08-22 13:32:14,CORPORATE_CREDIT_CARD,CLOSED,2,2026-09-05,2026-08-28 13:32:14,,HIGH
5254,5254,2026-07-20 18:31:48,REGULATORY_REPORTING_INTEGRATION,CLOSED,2,2026-08-03,2026-07-25 18:31:48,,LOW
5255,5255,2026-08-18 14:10:18,TERM_LIFE_INSURANCE,CLOSED,3,2026-09-01,2026-08-24 14:10:18,Unverified or expired identity documents,LOW
5256,5256,2026-04-01 07:20:17,MERCHANT_ACQUIRING,CLOSED,1,2026-04-15,2026-04-07 07:20:17,High-risk sanctions/FATF jurisdiction,HIGH
5257,5257,2026-05-31 20:35:02,BUY_NOW_PAY_LATER,CLOSED,1,2026-06-14,2026-06-02 20:35:02,,MEDIUM
5258,5258,2025-10-28 16:49:22,ASSET_PROTECTION_TRUSTS,CLOSED,2,2025-11-11,2025-11-02 16:49:22,,LOW
5259,5259,2025-11-24 12:52:15,BUY_NOW_PAY_LATER,CLOSED,3,2025-12-08,2025-11-30 12:52:15,,HIGH
5260,5260,2025-11-11 14:11:59,HIGH_YIELD_SAVINGS,CLOSED,4,2025-11-25,2025-11-14 14:11:59,,MEDIUM
5261,5261,2026-04-19 12:14:29,PERSONAL_LOAN,CLOSED,4,2026-05-03,2026-04-23 12:14:29,,LOW
5262,5262,2026-03-06 11:41:29,AUTO_FINANCING,CLOSED,3,2026-03-20,2026-03-07 11:41:29,,LOW
5263,5263,2025-09-22 16:15:26,AUTO_FINANCING,CLOSED,1,2025-10-06,2025-09-26 16:15:26,,HIGH
5264,5264,2026-01-07 08:19:56,PERSONAL_LOAN,CLOSED,5,2026-01-21,2026-01-13 08:19:56,Unverified or expired identity documents,HIGH
5265,5265,2025-10-07 12:15:36,BUY_NOW_PAY_LATER,CLOSED,4,2025-10-21,2025-10-10 12:15:36,,HIGH
5266,5266,2026-08-14 08:46:54,PERSONAL_LOAN,CLOSED,1,2026-08-28,2026-08-17 08:46:54,,LOW
5267,5267,2026-03-10 16:17:34,INSTITUTIONAL_CRYPTO_CUSTODY,CLOSED,3,2026-03-24,2026-03-16 16:17:34,,LOW
5268,5268,2025-11-20 10:28:04,INSTITUTIONAL_CRYPTO_CUSTODY,CLOSED,3,2025-12-04,2025-11-22 10:28:04,,LOW
5269,5269,2025-09-13 20:20:56,LETTER_OF_CREDIT,CLOSED,4,2025-09-27,2025-09-14 20:20:56,Unverified or expired identity documents,LOW
5270,5270,2026-01-21 02:27:02,AUTO_FINANCING,CLOSED,1,2026-02-04,2026-01-26 02:27:02,,LOW
5271,5271,2025-12-29 22:34:44,PAC_TREASURY_MANAGEMENT,CLOSED,2,2026-01-12,2026-01-01 22:34:44,,LOW
5272,5272,2026-07-18 18:49:52,MERCHANT_ACQUIRING,CLOSED,5,2026-08-01,2026-07-22 18:49:52,,MEDIUM
5273,5273,2026-06-09 00:31:53,FIDUCIARY_CUSTODY_ACCOUNT,CLOSED,1,2026-06-23,2026-06-10 00:31:53,,LOW
5274,5274,2026-03-01 06:55:21,BENEFICIARY_DISBURSEMENT_SERVICES,CLOSED,4,2026-03-15,2026-03-05 06:55:21,,LOW
5275,5275,2026-06-19 06:17:00,FIDUCIARY_CUSTODY_ACCOUNT,CLOSED,2,2026-07-03,2026-06-25 06:17:00,,LOW
5276,5276,2025-10-27 02:10:03,PERSONAL_LOAN,CLOSED,2,2025-11-10,2025-10-29 02:10:03,,LOW
5277,5277,2026-05-09 00:57:24,HIGH_YIELD_SAVINGS,CLOSED,4,2026-05-23,2026-05-12 00:57:24,,MEDIUM
5278,5278,2026-03-07 03:28:36,PAC_TREASURY_MANAGEMENT,CLOSED,4,2026-03-21,2026-03-10 03:28:36,Unverified or expired identity documents,LOW
5279,5279,2026-03-22 02:41:09,DISBURSEMENT_PAYROLL_SERVICES,OPEN,3,2026-04-05,,,LOW
5280,5280,2026-02-09 04:57:15,LETTER_OF_CREDIT,CLOSED,2,2026-02-23,2026-02-14 04:57:15,,LOW
5281,5281,2025-08-28 18:07:55,DIRECT_INDEXING,CLOSED,1,2025-09-11,2025-09-03 18:07:55,,LOW
5282,5282,2026-01-26 00:19:07,RETAIL_EQUITY_BROKERAGE,CLOSED,4,2026-02-09,2026-01-29 00:19:07,,LOW
5283,5283,2026-07-20 10:23:53,SHORT_TERM_LIQUIDITY_MANAGEMENT,CLOSED,1,2026-08-03,2026-07-22 10:23:53,,LOW
5284,5284,2025-12-12 12:26:46,BESPOKE_PORTFOLIO_MANAGEMENT,CLOSED,1,2025-12-26,2025-12-14 12:26:46,,LOW
5285,5285,2026-07-20 04:41:48,AUTO_FINANCING,CLOSED,4,2026-08-03,2026-07-21 04:41:48,,LOW
5286,5286,2025-10-03 22:50:29,INSTITUTIONAL_CRYPTO_CUSTODY,CLOSED,3,2025-10-17,2025-10-07 22:50:29,,MEDIUM
5287,5287,2026-07-28 09:36:49,ROBO_ADVISORY,CLOSED,3,2026-08-11,2026-08-03 09:36:49,,LOW
5288,5288,2025-12-02 03:10:54,RETAIL_EQUITY_BROKERAGE,CLOSED,3,2025-12-16,2025-12-03 03:10:54,,LOW
5289,5289,2026-07-15 13:47:44,WEALTH_MANAGEMENT,CLOSED,5,2026-07-29,2026-07-18 13:47:44,,LOW
5290,5290,2026-08-16 09:40:22,LETTER_OF_CREDIT,CLOSED,4,2026-08-30,2026-08-19 09:40:22,,LOW
5291,5291,2026-08-08 18:55:00,MORTGAGE_ORIGINATION,CLOSED,4,2026-08-22,2026-08-09 18:55:00,,LOW
5292,5292,2025-10-26 07:04:38,PERSONAL_LOAN,CLOSED,1,2025-11-09,2025-10-30 07:04:38,,HIGH
5293,5293,2026-03-31 08:18:24,HIGH_YIELD_SAVINGS,OPEN,,2026-04-14,,,LOW
5294,5294,2026-08-08 06:29:09,CRYPTO_BROKERAGE,CLOSED,4,2026-08-22,2026-08-12 06:29:09,,LOW
5295,5295,2026-04-24 13:32:44,CORPORATE_ACCOUNT,OPEN,,2026-05-08,,,LOW
5296,5296,2025-12-11 14:30:32,RETAIL_EQUITY_BROKERAGE,CLOSED,5,2025-12-25,2025-12-13 14:30:32,,LOW
5297,5297,2025-11-28 11:04:47,CREDIT_CARD_ISSUANCE,CLOSED,4,2025-12-12,2025-12-04 11:04:47,,LOW
5298,5298,2026-06-23 19:23:58,BUY_NOW_PAY_LATER,CLOSED,5,2026-07-07,2026-06-28 19:23:58,,LOW
5299,5299,2026-01-08 16:51:32,BUY_NOW_PAY_LATER,CLOSED,3,2026-01-22,2026-01-10 16:51:32,,LOW
5300,5300,2026-07-28 00:35:54,BUY_NOW_PAY_LATER,CLOSED,5,2026-08-11,2026-08-02 00:35:54,Unverified or expired identity documents,MEDIUM
5301,5301,2025-11-10 16:48:05,RETAIL_EQUITY_BROKERAGE,CLOSED,2,2025-11-24,2025-11-12 16:48:05,,LOW
5302,5302,2026-07-10 11:52:44,FIDUCIARY_CUSTODY_ACCOUNT,IN_REVIEW,,2026-07-24,,,LOW
5303,5303,2026-07-22 17:28:17,HIGH_YIELD_SAVINGS,CLOSED,5,2026-08-05,2026-07-23 17:28:17,,HIGH
5304,5304,2026-08-17 18:15:12,ROBO_ADVISORY,CLOSED,3,2026-08-31,2026-08-19 18:15:12,Unverified or expired identity documents,HIGH
5305,5305,2026-06-11 22:08:01,ROBO_ADVISORY,CLOSED,2,2026-06-25,2026-06-14 22:08:01,,MEDIUM
5306,5306,2025-10-20 02:37:20,CROSS_BORDER_REMITTANCE,CLOSED,4,2025-11-03,2025-10-21 02:37:20,,LOW
5307,5307,2025-10-25 23:24:10,RETAIL_BANKING,CLOSED,1,2025-11-08,2025-10-31 23:24:10,,HIGH
5308,5308,2026-06-28 14:59:43,PERSONAL_LOAN,IN_REVIEW,,2026-07-12,,,LOW
5309,5309,2026-05-27 06:17:04,TERM_LIFE_INSURANCE,CLOSED,3,2026-06-10,2026-05-29 06:17:04,,LOW
5310,5310,2026-03-08 05:23:05,CRYPTO_BROKERAGE,IN_REVIEW,,2026-03-22,,,LOW
5311,5311,2025-09-23 23:26:31,RETAIL_EQUITY_BROKERAGE,CLOSED,2,2025-10-07,2025-09-28 23:26:31,,MEDIUM
5312,5312,2025-10-12 22:08:13,TERM_LIFE_INSURANCE,CLOSED,1,2025-10-26,2025-10-14 22:08:13,,LOW
5313,5313,2025-12-17 08:03:04,TERM_LIFE_INSURANCE,CLOSED,3,2025-12-31,2025-12-23 08:03:04,,LOW
5314,5314,2025-08-27 22:42:20,CRYPTO_BROKERAGE,CLOSED,1,2025-09-10,2025-08-28 22:42:20,,LOW
5315,5315,2026-03-16 13:57:41,CRYPTO_BROKERAGE,PENDING_DOCUMENTS,3,2026-03-30,,,LOW
5316,5316,2026-08-19 15:05:16,SECURITIES_BASED_LENDING,CLOSED,4,2026-09-02,2026-08-22 15:05:16,,MEDIUM
5317,5317,2026-03-18 17:48:26,CROSS_BORDER_REMITTANCE,CLOSED,4,2026-04-01,2026-03-21 17:48:26,,LOW
5318,5318,2025-08-26 01:15:49,TRUSTEE_ADMINISTRATION,CLOSED,3,2025-09-09,2025-08-29 01:15:49,,LOW
5319,5319,2026-05-14 18:37:00,CROSS_BORDER_REMITTANCE,CLOSED,5,2026-05-28,2026-05-20 18:37:00,,LOW
5320,5320,2026-03-21 10:43:40,SYNDICATED_LOANS,CLOSED,4,2026-04-04,2026-03-25 10:43:40,,LOW
5321,5321,2026-03-13 14:30:53,RETAIL_BANKING,OPEN,2,2026-03-27,,,LOW
5322,5322,2026-04-25 09:51:47,ROBO_ADVISORY,CLOSED,5,2026-05-09,2026-04-27 09:51:47,,LOW
5323,5323,2025-11-08 22:56:23,TAX_OPTIMIZED_INVESTING,CLOSED,3,2025-11-22,2025-11-09 22:56:23,,LOW
5324,5324,2026-06-21 02:02:17,CREDIT_CARD_ISSUANCE,CLOSED,4,2026-07-05,2026-06-27 02:02:17,,LOW
5325,5325,2025-11-11 17:40:08,PRIVATE_EQUITY_FEEDER,OPEN,3,2025-11-25,,,LOW
5326,5326,2026-05-06 23:26:24,PERSONAL_LOAN,CLOSED,2,2026-05-20,2026-05-08 23:26:24,,LOW
5327,5327,2026-02-18 10:14:43,POLITICAL_DONATION_PROCESSING,CLOSED,2,2026-03-04,2026-02-22 10:14:43,,MEDIUM
5328,5328,2026-06-29 04:28:57,RETAIL_EQUITY_BROKERAGE,CLOSED,2,2026-07-13,2026-06-30 04:28:57,,LOW
5329,5329,2025-11-10 09:52:20,WEALTH_MANAGEMENT,CLOSED,4,2025-11-24,2025-11-14 09:52:20,,LOW
5330,5330,2025-08-26 01:15:39,HIGH_YIELD_SAVINGS,CLOSED,4,2025-09-09,2025-08-30 01:15:39,Unverified or expired identity documents,HIGH
5331,5331,2026-01-27 04:01:18,CROSS_BORDER_REMITTANCE,PENDING_DOCUMENTS,2,2026-02-10,,,LOW
5332,5332,2026-03-10 19:35:02,BUY_NOW_PAY_LATER,CLOSED,1,2026-03-24,2026-03-14 19:35:02,,LOW
5333,5333,2025-12-18 23:45:03,ESCROW_SERVICES,CLOSED,1,2026-01-01,2025-12-24 23:45:03,,LOW
5334,5334,2026-07-05 17:02:04,RETAIL_EQUITY_BROKERAGE,CLOSED,1,2026-07-19,2026-07-08 17:02:04,,LOW
5335,5335,2026-04-22 06:33:01,HIGH_YIELD_SAVINGS,PENDING_DOCUMENTS,3,2026-05-06,,,LOW
5336,5336,2026-03-21 04:49:37,RETAIL_BANKING,CLOSED,5,2026-04-04,2026-03-23 04:49:37,Unverified or expired identity documents,HIGH
5337,5337,2026-01-29 07:08:47,BALLOT_INITIATIVE_ESCROW,CLOSED,3,2026-02-12,2026-02-02 07:08:47,,MEDIUM
5338,5338,2026-05-13 19:51:46,HIGH_YIELD_SAVINGS,IN_REVIEW,,2026-05-27,,,MEDIUM
5339,5339,2026-07-02 03:41:46,PERSONAL_LOAN,CLOSED,4,2026-07-16,2026-07-03 03:41:46,,LOW
5340,5340,2025-11-17 20:11:44,BALLOT_INITIATIVE_ESCROW,CLOSED,1,2025-12-01,2025-11-21 20:11:44,,LOW
5341,5341,2025-10-06 23:50:42,AUTO_FINANCING,CLOSED,1,2025-10-20,2025-10-08 23:50:42,,LOW
5342,5342,2026-02-15 18:00:21,TERM_LIFE_INSURANCE,CLOSED,5,2026-03-01,2026-02-19 18:00:21,,LOW
5343,5343,2025-09-29 08:23:43,LETTER_OF_CREDIT,CLOSED,1,2025-10-13,2025-10-05 08:23:43,,LOW
5344,5344,2026-01-07 17:08:06,BUY_NOW_PAY_LATER,IN_REVIEW,,2026-01-21,,,LOW
5345,5345,2025-09-23 10:29:48,ESCROW_SERVICES,CLOSED,2,2025-10-07,2025-09-28 10:29:48,,LOW
5346,5346,2025-11-08 09:29:13,PERSONAL_LOAN,CLOSED,2,2025-11-22,2025-11-09 09:29:13,,LOW
5347,5347,2025-12-12 05:28:28,ESCROW_SERVICES,CLOSED,2,2025-12-26,2025-12-18 05:28:28,,LOW
5348,5348,2026-07-02 14:09:09,WEALTH_MANAGEMENT,CLOSED,2,2026-07-16,2026-07-06 14:09:09,,MEDIUM
5349,5349,2026-04-26 18:18:02,RETAIL_BANKING,CLOSED,5,2026-05-10,2026-05-02 18:18:02,,LOW
5350,5350,2026-05-20 20:26:53,RETAIL_EQUITY_BROKERAGE,CLOSED,3,2026-06-03,2026-05-23 20:26:53,,LOW
5351,5351,2026-06-29 21:05:33,RETAIL_EQUITY_BROKERAGE,CLOSED,2,2026-07-13,2026-07-02 21:05:33,,MEDIUM
5352,5352,2026-08-07 15:21:45,TERM_LIFE_INSURANCE,IN_REVIEW,,2026-08-21,,,LOW
5353,5353,2026-03-18 13:39:23,PERSONAL_LOAN,CLOSED,1,2026-04-01,2026-03-22 13:39:23,,LOW
5354,5354,2026-04-16 15:53:51,TRADE_FINANCE_CREDIT_INSURANCE,CLOSED,1,2026-04-30,2026-04-20 15:53:51,,LOW
5355,5355,2026-01-29 22:15:26,INSTITUTIONAL_CRYPTO_CUSTODY,CLOSED,5,2026-02-12,2026-01-31 22:15:26,,MEDIUM
5356,5356,2025-09-16 02:29:57,RETAIL_BANKING,OPEN,,2025-09-30,,,HIGH
5357,5357,2026-07-08 17:44:18,HIGH_YIELD_SAVINGS,CLOSED,3,2026-07-22,2026-07-09 17:44:18,,MEDIUM
5358,5358,2026-06-11 07:48:47,PERSONAL_LOAN,CLOSED,1,2026-06-25,2026-06-16 07:48:47,,LOW
5359,5359,2026-02-08 12:40:19,RETAIL_BANKING,CLOSED,5,2026-02-22,2026-02-13 12:40:19,,LOW
5360,5360,2026-07-21 12:13:22,ROBO_ADVISORY,CLOSED,1,2026-08-04,2026-07-25 12:13:22,,LOW
5361,5361,2025-09-07 15:34:09,CORPORATE_ACCOUNT,CLOSED,1,2025-09-21,2025-09-09 15:34:09,,LOW
5362,5362,2025-09-06 19:22:37,CRYPTO_BROKERAGE,OPEN,1,2025-09-20,,,LOW
5363,5363,2025-11-12 04:17:22,AUTO_FINANCING,CLOSED,1,2025-11-26,2025-11-16 04:17:22,,MEDIUM
5364,5364,2026-07-04 20:20:34,LETTER_OF_CREDIT,CLOSED,5,2026-07-18,2026-07-09 20:20:34,,LOW
5365,5365,2026-03-03 10:18:58,PAC_TREASURY_MANAGEMENT,CLOSED,5,2026-03-17,2026-03-06 10:18:58,,LOW
5366,5366,2026-07-17 03:59:28,BUY_NOW_PAY_LATER,CLOSED,4,2026-07-31,2026-07-23 03:59:28,,MEDIUM
5367,5367,2025-08-28 05:53:45,TRADE_FINANCE_CREDIT_INSURANCE,CLOSED,3,2025-09-11,2025-08-30 05:53:45,,MEDIUM
5368,5368,2026-05-29 18:12:16,DIRECT_INDEXING,OPEN,5,2026-06-12,,,LOW
5369,5369,2025-09-26 09:03:18,ROBO_ADVISORY,CLOSED,1,2025-10-10,2025-10-02 09:03:18,,MEDIUM
5370,5370,2026-05-24 05:05:15,CRYPTO_BROKERAGE,CLOSED,2,2026-06-07,2026-05-27 05:05:15,,MEDIUM
5371,5371,2026-08-20 06:50:51,AUTO_FINANCING,CLOSED,3,2026-09-03,2026-08-24 06:50:51,,MEDIUM
5372,5372,2026-08-11 04:31:03,TRADE_FINANCE_CREDIT_INSURANCE,CLOSED,3,2026-08-25,2026-08-16 04:31:03,,LOW
5373,5373,2025-11-03 15:28:35,MORTGAGE_ORIGINATION,CLOSED,4,2025-11-17,2025-11-09 15:28:35,,LOW
5374,5374,2025-09-17 04:12:09,PERSONAL_LOAN,CLOSED,4,2025-10-01,2025-09-18 04:12:09,,LOW
5375,5375,2025-10-13 15:40:42,CRYPTO_BROKERAGE,CLOSED,4,2025-10-27,2025-10-18 15:40:42,,LOW
5376,5376,2026-08-17 08:50:47,HIGH_YIELD_SAVINGS,CLOSED,4,2026-08-31,2026-08-21 08:50:47,,LOW
5377,5377,2026-03-07 11:39:55,ROBO_ADVISORY,IN_REVIEW,5,2026-03-21,,,LOW
5378,5378,2026-07-21 01:40:58,ROBO_ADVISORY,CLOSED,4,2026-08-04,2026-07-24 01:40:58,,LOW
5379,5379,2026-01-12 09:29:24,ESTATE_PLANNING_SERVICES,OPEN,4,2026-01-26,,,LOW
5380,5380,2026-07-23 04:49:53,AUTO_FINANCING,CLOSED,5,2026-08-06,2026-07-25 04:49:53,,MEDIUM
5381,5381,2025-09-21 02:58:53,PAYROLL_SERVICES,CLOSED,1,2025-10-05,2025-09-23 02:58:53,Unverified or expired identity documents,HIGH
5382,5382,2026-01-03 12:07:14,CROSS_BORDER_REMITTANCE,CLOSED,5,2026-01-17,2026-01-06 12:07:14,,HIGH
5383,5383,2025-09-04 10:22:52,CRYPTO_BROKERAGE,CLOSED,5,2025-09-18,2025-09-10 10:22:52,,LOW
5384,5384,2026-01-08 22:59:40,HIGH_YIELD_SAVINGS,IN_REVIEW,,2026-01-22,,,MEDIUM
5385,5385,2026-02-09 02:13:26,PHILANTHROPY_ENDOWMENT_MANAGEMENT,CLOSED,4,2026-02-23,2026-02-10 02:13:26,,LOW
5386,5386,2025-12-29 22:33:13,LETTER_OF_CREDIT,CLOSED,4,2026-01-12,2026-01-03 22:33:13,,LOW
5387,5387,2026-02-15 09:05:20,POLITICAL_DONATION_PROCESSING,CLOSED,5,2026-03-01,2026-02-19 09:05:20,Unverified or expired identity documents,LOW
5388,5388,2025-10-28 07:49:05,GOVERNMENT_RELATIONS_ESCROW,IN_REVIEW,,2025-11-11,,,MEDIUM
5389,5389,2026-04-21 04:27:56,PRIVATE_EQUITY_FEEDER,CLOSED,4,2026-05-05,2026-04-22 04:27:56,,LOW
5390,5390,2026-01-08 14:36:58,TREASURY_MANAGEMENT,CLOSED,2,2026-01-22,2026-01-11 14:36:58,,LOW
5391,5391,2025-10-06 10:06:40,TERM_LIFE_INSURANCE,CLOSED,2,2025-10-20,2025-10-08 10:06:40,,LOW
5392,5392,2026-01-16 12:34:59,SYNDICATED_LOANS,CLOSED,2,2026-01-30,2026-01-19 12:34:59,,LOW
5393,5393,2025-08-30 23:20:17,INSTITUTIONAL_CRYPTO_CUSTODY,CLOSED,2,2025-09-13,2025-08-31 23:20:17,,LOW
5394,5394,2026-03-12 07:47:32,TRADE_FINANCE_CREDIT_INSURANCE,CLOSED,5,2026-03-26,2026-03-14 07:47:32,Unverified or expired identity documents,HIGH
5395,5395,2025-09-17 17:58:44,BUY_NOW_PAY_LATER,OPEN,1,2025-10-01,,,LOW
5396,5396,2026-01-04 21:58:49,RETAIL_BANKING,CLOSED,2,2026-01-18,2026-01-10 21:58:49,,MEDIUM
5397,5397,2026-02-06 18:03:02,ROBO_ADVISORY,CLOSED,2,2026-02-20,2026-02-09 18:03:02,,LOW
5398,5398,2026-07-08 21:18:23,HIGH_YIELD_SAVINGS,CLOSED,5,2026-07-22,2026-07-11 21:18:23,,LOW
5399,5399,2026-02-22 22:06:49,RETAIL_BANKING,CLOSED,4,2026-03-08,2026-02-28 22:06:49,,LOW
5400,5400,2026-07-14 13:18:14,TRADE_FINANCE_CREDIT_INSURANCE,PENDING_DOCUMENTS,,2026-07-28,,,LOW
5401,5401,2026-02-21 09:10:48,CRYPTO_BROKERAGE,OPEN,,2026-03-07,,,MEDIUM
5402,5402,2025-12-11 02:15:45,COMMERCIAL_LENDING,CLOSED,3,2025-12-25,2025-12-14 02:15:45,,LOW
5403,5403,2025-11-04 12:21:24,AUTO_FINANCING,CLOSED,4,2025-11-18,2025-11-08 12:21:24,,LOW
5404,5404,2026-03-18 00:48:02,BUY_NOW_PAY_LATER,CLOSED,4,2026-04-01,2026-03-23 00:48:02,,LOW
5405,5405,2026-01-28 20:37:41,RETAIL_EQUITY_BROKERAGE,OPEN,,2026-02-11,,,HIGH
5406,5406,2026-02-07 10:00:38,FX_HEDGING_SOLUTIONS,OPEN,1,2026-02-21,,,MEDIUM
5407,5407,2026-06-10 10:38:54,MORTGAGE_ORIGINATION,CLOSED,2,2026-06-24,2026-06-11 10:38:54,,MEDIUM
5408,5408,2025-11-30 12:17:26,PERSONAL_LOAN,CLOSED,5,2025-12-14,2025-12-06 12:17:26,,LOW
5409,5409,2026-01-27 20:53:34,TERM_LIFE_INSURANCE,CLOSED,5,2026-02-10,2026-02-01 20:53:34,,LOW
5410,5410,2026-03-08 03:34:02,RETAIL_EQUITY_BROKERAGE,OPEN,2,2026-03-22,,,LOW
5411,5411,2026-06-09 22:22:07,CREDIT_CARD_ISSUANCE,CLOSED,1,2026-06-23,2026-06-12 22:22:07,,LOW
5412,5412,2025-11-21 19:02:56,CRYPTO_BROKERAGE,OPEN,2,2025-12-05,,,MEDIUM
5413,5413,2025-10-11 09:47:11,PAYROLL_SERVICES,CLOSED,4,2025-10-25,2025-10-17 09:47:11,,LOW
5414,5414,2026-05-29 00:11:04,MORTGAGE_ORIGINATION,CLOSED,4,2026-06-12,2026-05-30 00:11:04,,HIGH
5415,5415,2025-10-07 05:30:13,RETAIL_BANKING,CLOSED,4,2025-10-21,2025-10-08 05:30:13,Unverified or expired identity documents,HIGH
5416,5416,2026-08-10 04:30:04,CORPORATE_ACCOUNT,PENDING_DOCUMENTS,,2026-08-24,,,LOW
5417,5417,2025-11-13 02:23:50,COMMERCIAL_LENDING,PENDING_DOCUMENTS,1,2025-11-27,,,LOW
5418,5418,2026-03-22 21:40:53,ROBO_ADVISORY,CLOSED,1,2026-04-05,2026-03-28 21:40:53,,HIGH
5419,5419,2026-07-04 09:35:17,BALLOT_INITIATIVE_ESCROW,CLOSED,1,2026-07-18,2026-07-08 09:35:17,Unverified or expired identity documents,LOW
5420,5420,2026-04-25 17:22:16,AUTO_FINANCING,CLOSED,1,2026-05-09,2026-04-26 17:22:16,,LOW
5421,5421,2026-07-30 12:24:39,CROSS_BORDER_REMITTANCE,CLOSED,3,2026-08-13,2026-08-05 12:24:39,,LOW
5422,5422,2026-03-01 23:03:03,TERM_LIFE_INSURANCE,CLOSED,4,2026-03-15,2026-03-07 23:03:03,,HIGH
5423,5423,2026-03-23 06:17:59,MORTGAGE_ORIGINATION,CLOSED,2,2026-04-06,2026-03-24 06:17:59,,LOW
5424,5424,2026-01-07 18:29:40,INSTITUTIONAL_CRYPTO_CUSTODY,CLOSED,4,2026-01-21,2026-01-12 18:29:40,,LOW
5425,5425,2025-09-02 15:59:59,CRYPTO_BROKERAGE,CLOSED,2,2025-09-16,2025-09-03 15:59:59,,LOW
5426,5426,2026-07-01 19:49:25,LIQUIDITY_MANAGEMENT,CLOSED,2,2026-07-15,2026-07-03 19:49:25,,LOW
5427,5427,2026-06-13 01:41:39,PRIVATE_EQUITY_FEEDER,CLOSED,5,2026-06-27,2026-06-19 01:41:39,,LOW
5428,5428,2025-10-02 10:13:46,ASSET_PROTECTION_TRUSTS,CLOSED,1,2025-10-16,2025-10-05 10:13:46,,LOW
5429,5429,2025-12-26 23:39:20,BESPOKE_PORTFOLIO_MANAGEMENT,CLOSED,2,2026-01-09,2025-12-28 23:39:20,,LOW
5430,5430,2026-04-21 06:14:29,CORPORATE_CREDIT_CARD,CLOSED,5,2026-05-05,2026-04-24 06:14:29,,LOW
5431,5431,2026-07-16 16:08:42,PERSONAL_LOAN,CLOSED,1,2026-07-30,2026-07-17 16:08:42,,LOW
5432,5432,2026-01-07 12:47:35,ROBO_ADVISORY,CLOSED,4,2026-01-21,2026-01-12 12:47:35,,HIGH
5433,5433,2025-11-19 17:57:11,ASSET_PROTECTION_TRUSTS,CLOSED,5,2025-12-03,2025-11-21 17:57:11,,LOW
5434,5434,2026-07-15 10:14:04,CREDIT_CARD_ISSUANCE,CLOSED,1,2026-07-29,2026-07-20 10:14:04,,LOW
5435,5435,2026-07-17 02:42:34,MORTGAGE_ORIGINATION,CLOSED,2,2026-07-31,2026-07-19 02:42:34,,LOW
5436,5436,2025-10-28 09:20:37,CRYPTO_BROKERAGE,CLOSED,1,2025-11-11,2025-10-31 09:20:37,,LOW
5437,5437,2025-12-07 00:46:05,PAYROLL_SERVICES,OPEN,,2025-12-21,,,HIGH
5438,5438,2025-11-11 05:16:25,INSTITUTIONAL_CRYPTO_CUSTODY,CLOSED,3,2025-11-25,2025-11-14 05:16:25,,LOW
5439,5439,2026-06-24 23:54:03,TERM_LIFE_INSURANCE,PENDING_DOCUMENTS,5,2026-07-08,,,LOW
5440,5440,2026-05-27 19:25:16,CROSS_BORDER_REMITTANCE,CLOSED,4,2026-06-10,2026-05-30 19:25:16,,LOW
5441,5441,2026-05-20 17:13:56,MORTGAGE_ORIGINATION,CLOSED,5,2026-06-03,2026-05-24 17:13:56,,LOW
5442,5442,2025-12-16 01:01:20,PERSONAL_LOAN,IN_REVIEW,2,2025-12-30,,,LOW
5443,5443,2026-01-06 18:43:33,PAYROLL_SERVICES,CLOSED,3,2026-01-20,2026-01-12 18:43:33,,LOW
5444,5444,2026-05-06 10:10:35,BESPOKE_PORTFOLIO_MANAGEMENT,CLOSED,2,2026-05-20,2026-05-12 10:10:35,,LOW
5445,5445,2026-03-18 21:12:15,AUTO_FINANCING,OPEN,,2026-04-01,,,HIGH
5446,5446,2025-12-23 06:32:28,CREDIT_CARD_ISSUANCE,CLOSED,5,2026-01-06,2025-12-27 06:32:28,,LOW
5447,5447,2026-05-05 22:05:13,BUY_NOW_PAY_LATER,CLOSED,1,2026-05-19,2026-05-08 22:05:13,,LOW
5448,5448,2025-10-13 14:13:18,CRYPTO_BROKERAGE,CLOSED,2,2025-10-27,2025-10-18 14:13:18,,MEDIUM
5449,5449,2025-10-08 15:53:19,COMPLIANCE_RESTRICTED_DEPOSIT_ACCOUNT,IN_REVIEW,,2025-10-22,,,MEDIUM
5450,5450,2026-03-01 01:53:02,AUTO_FINANCING,IN_REVIEW,2,2026-03-15,,,MEDIUM
5451,5451,2025-09-08 19:35:04,CORPORATE_ACCOUNT,OPEN,3,2025-09-22,,,LOW
5452,5452,2026-05-04 11:30:21,LIQUIDITY_MANAGEMENT,CLOSED,1,2026-05-18,2026-05-08 11:30:21,,LOW
5453,5453,2026-02-02 09:39:21,AUTO_FINANCING,CLOSED,4,2026-02-16,2026-02-04 09:39:21,Unverified or expired identity documents,MEDIUM
5454,5454,2026-07-10 09:35:51,AUTO_FINANCING,CLOSED,2,2026-07-24,2026-07-13 09:35:51,,MEDIUM
5455,5455,2025-10-21 12:15:52,MORTGAGE_ORIGINATION,CLOSED,4,2025-11-04,2025-10-26 12:15:52,,LOW
5456,5456,2025-12-15 10:34:30,TERM_LIFE_INSURANCE,CLOSED,1,2025-12-29,2025-12-16 10:34:30,,LOW
5457,5457,2026-01-01 06:22:05,PAC_TREASURY_MANAGEMENT,CLOSED,1,2026-01-15,2026-01-07 06:22:05,Adverse media and PEP screening threshold exceeded,MEDIUM
5458,5458,2025-09-17 11:46:29,AUTO_FINANCING,CLOSED,3,2025-10-01,2025-09-18 11:46:29,,LOW
5459,5459,2026-06-06 17:46:10,HIGH_YIELD_SAVINGS,CLOSED,1,2026-06-20,2026-06-12 17:46:10,,HIGH
5460,5460,2026-02-08 23:59:17,CRYPTO_BROKERAGE,CLOSED,2,2026-02-22,2026-02-11 23:59:17,,LOW
5461,5461,2025-12-13 00:54:37,CREDIT_CARD_ISSUANCE,IN_REVIEW,,2025-12-27,,,LOW
5462,5462,2025-09-29 07:25:17,ESCROW_SERVICES,CLOSED,4,2025-10-13,2025-10-05 07:25:17,Unverified or expired identity documents,HIGH
5463,5463,2026-06-23 04:03:43,PAYROLL_SERVICES,CLOSED,3,2026-07-07,2026-06-25 04:03:43,,LOW
5464,5464,2026-05-14 10:18:54,LIQUIDITY_MANAGEMENT,CLOSED,4,2026-05-28,2026-05-16 10:18:54,High-risk sanctions/FATF jurisdiction,HIGH
5465,5465,2026-05-09 15:31:23,BUY_NOW_PAY_LATER,IN_REVIEW,,2026-05-23,,,MEDIUM
5466,5466,2025-11-21 11:33:56,CROSS_BORDER_REMITTANCE,OPEN,1,2025-12-05,,,LOW
5467,5467,2025-09-08 08:55:54,AUTO_FINANCING,CLOSED,1,2025-09-22,2025-09-12 08:55:54,,LOW
5468,5468,2025-09-25 01:34:47,COMMERCIAL_LENDING,CLOSED,3,2025-10-09,2025-09-28 01:34:47,,LOW
5469,5469,2026-03-09 10:20:51,DIRECT_INDEXING,PENDING_DOCUMENTS,2,2026-03-23,,,LOW
5470,5470,2025-12-22 23:50:45,ESCROW_SERVICES,CLOSED,2,2026-01-05,2025-12-23 23:50:45,,MEDIUM
5471,5471,2026-05-21 09:10:37,BUY_NOW_PAY_LATER,CLOSED,1,2026-06-04,2026-05-27 09:10:37,,LOW
5472,5472,2026-08-15 01:07:08,AUTO_FINANCING,CLOSED,5,2026-08-29,2026-08-17 01:07:08,,MEDIUM
5473,5473,2026-05-02 10:13:03,AUTO_FINANCING,CLOSED,5,2026-05-16,2026-05-03 10:13:03,,LOW
5474,5474,2026-08-19 16:39:21,CROSS_BORDER_REMITTANCE,OPEN,,2026-09-02,,,LOW
5475,5475,2026-01-04 12:10:40,SYNDICATED_LOANS,CLOSED,4,2026-01-18,2026-01-06 12:10:40,,LOW
5476,5476,2026-06-28 12:11:02,MERCHANT_ACQUIRING,CLOSED,2,2026-07-12,2026-06-29 12:11:02,,MEDIUM
5477,5477,2026-04-20 04:03:58,FX_HEDGING_SOLUTIONS,CLOSED,2,2026-05-04,2026-04-26 04:03:58,,LOW
5478,5478,2025-10-13 05:52:28,HIGH_YIELD_SAVINGS,CLOSED,4,2025-10-27,2025-10-16 05:52:28,,LOW
5479,5479,2026-01-12 00:55:51,TERM_LIFE_INSURANCE,CLOSED,3,2026-01-26,2026-01-13 00:55:51,,MEDIUM
5480,5480,2026-01-03 06:41:33,CAMPAIGN_CHECKING_ACCOUNT,CLOSED,4,2026-01-17,2026-01-05 06:41:33,,LOW
5481,5481,2026-06-26 08:35:44,BUY_NOW_PAY_LATER,CLOSED,3,2026-07-10,2026-06-27 08:35:44,,LOW
5482,5482,2025-09-02 10:10:10,RETAIL_BANKING,CLOSED,3,2025-09-16,2025-09-03 10:10:10,,LOW
5483,5483,2026-06-01 19:17:59,LETTER_OF_CREDIT,IN_REVIEW,,2026-06-15,,,MEDIUM
5484,5484,2025-12-07 10:36:48,COMPLIANCE_RESTRICTED_DEPOSIT_ACCOUNT,CLOSED,2,2025-12-21,2025-12-09 10:36:48,,LOW
5485,5485,2025-11-16 14:45:31,HIGH_YIELD_SAVINGS,CLOSED,4,2025-11-30,2025-11-19 14:45:31,,LOW
5486,5486,2026-05-02 04:24:21,HIGH_YIELD_SAVINGS,CLOSED,3,2026-05-16,2026-05-05 04:24:21,Unverified or expired identity documents,HIGH
5487,5487,2026-06-06 19:15:51,ROBO_ADVISORY,OPEN,,2026-06-20,,,MEDIUM
5488,5488,2026-03-25 12:16:44,MORTGAGE_ORIGINATION,CLOSED,5,2026-04-08,2026-03-26 12:16:44,,LOW
5489,5489,2026-07-07 12:24:04,CROSS_BORDER_REMITTANCE,CLOSED,2,2026-07-21,2026-07-13 12:24:04,,LOW
5490,5490,2025-12-21 23:21:56,CRYPTO_BROKERAGE,PENDING_DOCUMENTS,,2026-01-04,,,LOW
5491,5491,2026-08-17 10:34:09,CROSS_BORDER_REMITTANCE,CLOSED,1,2026-08-31,2026-08-20 10:34:09,,LOW
5492,5492,2025-09-08 18:07:05,ESCROW_SERVICES,CLOSED,4,2025-09-22,2025-09-09 18:07:05,,LOW
5493,5493,2025-11-07 06:18:30,MORTGAGE_ORIGINATION,CLOSED,3,2025-11-21,2025-11-11 06:18:30,,LOW
5494,5494,2026-06-22 03:14:45,PAC_TREASURY_MANAGEMENT,CLOSED,4,2026-07-06,2026-06-24 03:14:45,,LOW
5495,5495,2025-12-18 03:57:10,BESPOKE_PORTFOLIO_MANAGEMENT,CLOSED,3,2026-01-01,2025-12-24 03:57:10,,HIGH
5496,5496,2026-04-28 14:25:06,MERCHANT_ACQUIRING,CLOSED,1,2026-05-12,2026-04-29 14:25:06,,MEDIUM
5497,5497,2026-04-10 17:05:47,RETAIL_BANKING,CLOSED,3,2026-04-24,2026-04-12 17:05:47,,LOW
5498,5498,2025-11-19 14:23:54,TERM_LIFE_INSURANCE,CLOSED,5,2025-12-03,2025-11-22 14:23:54,,LOW
5499,5499,2026-02-03 03:36:55,AUTO_FINANCING,CLOSED,4,2026-02-17,2026-02-04 03:36:55,,MEDIUM
5500,5500,2026-04-20 13:18:43,RETAIL_BANKING,CLOSED,1,2026-05-04,2026-04-25 13:18:43,,LOW
5501,5501,2025-09-26 01:45:53,TRADE_FINANCE_CREDIT_INSURANCE,CLOSED,1,2025-10-10,2025-09-27 01:45:53,,MEDIUM
5502,5502,2025-11-04 10:12:38,CREDIT_CARD_ISSUANCE,CLOSED,2,2025-11-18,2025-11-09 10:12:38,,LOW
5503,5503,2025-08-29 01:14:13,CAMPAIGN_CHECKING_ACCOUNT,CLOSED,5,2025-09-12,2025-08-31 01:14:13,Unverified or expired identity documents,LOW
5504,5504,2025-09-01 22:02:22,RETAIL_EQUITY_BROKERAGE,CLOSED,4,2025-09-15,2025-09-03 22:02:22,,LOW
5505,5505,2026-01-01 11:00:05,PERSONAL_LOAN,CLOSED,5,2026-01-15,2026-01-07 11:00:05,,LOW
5506,5506,2026-05-08 10:01:08,RETAIL_BANKING,CLOSED,4,2026-05-22,2026-05-13 10:01:08,,LOW
5507,5507,2026-05-21 17:45:21,ASSET_PROTECTION_TRUSTS,CLOSED,5,2026-06-04,2026-05-25 17:45:21,,LOW
5508,5508,2025-10-19 02:19:06,SHORT_TERM_LIQUIDITY_MANAGEMENT,CLOSED,4,2025-11-02,2025-10-21 02:19:06,,LOW
5509,5509,2026-02-06 13:48:43,CREDIT_CARD_ISSUANCE,OPEN,4,2026-02-20,,,LOW
5510,5510,2025-11-23 15:04:54,MORTGAGE_ORIGINATION,CLOSED,2,2025-12-07,2025-11-27 15:04:54,,LOW
5511,5511,2026-06-04 07:54:22,MORTGAGE_ORIGINATION,CLOSED,4,2026-06-18,2026-06-09 07:54:22,,LOW
5512,5512,2026-07-06 01:10:58,RETAIL_BANKING,CLOSED,5,2026-07-20,2026-07-08 01:10:58,,LOW
5513,5513,2026-06-27 14:14:25,INSTITUTIONAL_CRYPTO_CUSTODY,PENDING_DOCUMENTS,5,2026-07-11,,,HIGH
5514,5514,2026-01-06 13:02:53,ROBO_ADVISORY,IN_REVIEW,4,2026-01-20,,,LOW
5515,5515,2026-03-25 13:14:51,RETAIL_BANKING,IN_REVIEW,5,2026-04-08,,,LOW
5516,5516,2025-12-04 05:35:50,HIGH_YIELD_SAVINGS,CLOSED,4,2025-12-18,2025-12-05 05:35:50,,MEDIUM
5517,5517,2026-06-29 13:17:47,LETTER_OF_CREDIT,CLOSED,4,2026-07-13,2026-06-30 13:17:47,,LOW
5518,5518,2026-03-12 14:14:23,TRADE_FINANCE_CREDIT_INSURANCE,CLOSED,4,2026-03-26,2026-03-14 14:14:23,,MEDIUM
5519,5519,2026-08-10 10:20:32,FX_HEDGING_SOLUTIONS,CLOSED,1,2026-08-24,2026-08-16 10:20:32,,LOW
5520,5520,2026-01-06 01:55:32,RETAIL_BANKING,CLOSED,1,2026-01-20,2026-01-12 01:55:32,,LOW
5521,5521,2026-04-03 11:32:58,MORTGAGE_ORIGINATION,CLOSED,4,2026-04-17,2026-04-06 11:32:58,,LOW
5522,5522,2025-12-10 05:26:02,INSTITUTIONAL_CRYPTO_CUSTODY,CLOSED,4,2025-12-24,2025-12-14 05:26:02,,LOW
5523,5523,2026-06-01 07:33:33,ROBO_ADVISORY,CLOSED,1,2026-06-15,2026-06-05 07:33:33,,LOW
5524,5524,2026-07-13 05:51:42,TREASURY_MANAGEMENT,OPEN,,2026-07-27,,,MEDIUM
5525,5525,2026-07-15 03:50:57,REGULATORY_REPORTING_INTEGRATION,OPEN,1,2026-07-29,,,LOW
5526,5526,2026-03-21 21:24:40,FX_HEDGING_SOLUTIONS,CLOSED,5,2026-04-04,2026-03-25 21:24:40,Unverified or expired identity documents,HIGH
5527,5527,2025-12-15 08:47:55,RETAIL_BANKING,CLOSED,3,2025-12-29,2025-12-21 08:47:55,,LOW
5528,5528,2026-07-26 14:38:23,CORPORATE_ACCOUNT,CLOSED,3,2026-08-09,2026-07-29 14:38:23,,LOW
5529,5529,2026-06-09 20:03:45,GOVERNMENT_RELATIONS_ESCROW,OPEN,,2026-06-23,,,LOW
5530,5530,2026-07-16 19:17:38,RETAIL_EQUITY_BROKERAGE,CLOSED,5,2026-07-30,2026-07-21 19:17:38,,LOW
5531,5531,2026-08-08 12:16:54,BESPOKE_PORTFOLIO_MANAGEMENT,OPEN,,2026-08-22,,,HIGH
5532,5532,2026-07-17 11:21:48,MORTGAGE_ORIGINATION,IN_REVIEW,,2026-07-31,,,HIGH
5533,5533,2025-11-25 11:27:39,AUTO_FINANCING,CLOSED,1,2025-12-09,2025-11-27 11:27:39,,LOW
5534,5534,2026-03-13 22:42:05,CRYPTO_BROKERAGE,CLOSED,1,2026-03-27,2026-03-14 22:42:05,,LOW
5535,5535,2026-04-10 05:18:26,CRYPTO_BROKERAGE,OPEN,2,2026-04-24,,,HIGH
5536,5536,2025-11-14 06:04:54,CRYPTO_BROKERAGE,OPEN,,2025-11-28,,,LOW
5537,5537,2025-10-05 09:04:26,PAYROLL_SERVICES,OPEN,5,2025-10-19,,,MEDIUM
5538,5538,2026-06-24 06:34:23,PERSONAL_LOAN,CLOSED,2,2026-07-08,2026-06-26 06:34:23,,LOW
5539,5539,2026-08-02 09:53:49,CREDIT_CARD_ISSUANCE,CLOSED,1,2026-08-16,2026-08-03 09:53:49,,MEDIUM
5540,5540,2026-07-22 09:24:43,TRADE_FINANCE_CREDIT_INSURANCE,CLOSED,2,2026-08-05,2026-07-24 09:24:43,Unverified or expired identity documents,MEDIUM
5541,5541,2025-10-12 04:21:51,FIDUCIARY_CUSTODY_ACCOUNT,CLOSED,4,2025-10-26,2025-10-16 04:21:51,,MEDIUM
5542,5542,2025-10-09 01:20:55,CROSS_BORDER_REMITTANCE,CLOSED,5,2025-10-23,2025-10-14 01:20:55,,LOW
5543,5543,2025-12-04 19:12:38,COMMERCIAL_LENDING,CLOSED,5,2025-12-18,2025-12-10 19:12:38,,MEDIUM
5544,5544,2026-02-25 07:53:05,BUY_NOW_PAY_LATER,CLOSED,4,2026-03-11,2026-03-01 07:53:05,,LOW
5545,5545,2026-07-22 18:22:44,POLITICAL_DONATION_PROCESSING,CLOSED,2,2026-08-05,2026-07-27 18:22:44,Unverified or expired identity documents,LOW
5546,5546,2026-01-29 14:05:03,TERM_LIFE_INSURANCE,CLOSED,3,2026-02-12,2026-02-02 14:05:03,,LOW
5547,5547,2026-01-27 04:51:17,HIGH_YIELD_SAVINGS,CLOSED,2,2026-02-10,2026-01-31 04:51:17,,MEDIUM
5548,5548,2026-02-02 18:43:26,RETAIL_EQUITY_BROKERAGE,CLOSED,5,2026-02-16,2026-02-05 18:43:26,,LOW
5549,5549,2026-05-10 13:45:58,COMMERCIAL_LENDING,CLOSED,2,2026-05-24,2026-05-11 13:45:58,,LOW
5550,5550,2026-06-27 22:28:13,RETAIL_EQUITY_BROKERAGE,CLOSED,3,2026-07-11,2026-07-02 22:28:13,,MEDIUM
5551,5551,2026-01-11 03:00:18,SYNDICATED_LOANS,IN_REVIEW,1,2026-01-25,,,LOW
5552,5552,2026-03-07 07:02:42,TREASURY_MANAGEMENT,CLOSED,1,2026-03-21,2026-03-09 07:02:42,,LOW
5553,5553,2026-07-14 09:33:51,COMPLIANCE_RESTRICTED_DEPOSIT_ACCOUNT,CLOSED,2,2026-07-28,2026-07-18 09:33:51,,LOW
5554,5554,2026-08-03 08:56:55,FIDUCIARY_CUSTODY_ACCOUNT,IN_REVIEW,,2026-08-17,,,LOW
5555,5555,2026-01-24 05:25:55,BENEFICIARY_DISBURSEMENT_SERVICES,CLOSED,1,2026-02-07,2026-01-29 05:25:55,,LOW
5556,5556,2025-12-01 07:15:59,HIGH_VOLUME_MERCHANT_GATEWAY,OPEN,,2025-12-15,,,LOW
5557,5557,2026-08-02 02:31:22,PHILANTHROPY_ENDOWMENT_MANAGEMENT,CLOSED,1,2026-08-16,2026-08-07 02:31:22,,LOW
5558,5558,2026-06-06 15:26:59,TERM_LIFE_INSURANCE,CLOSED,3,2026-06-20,2026-06-10 15:26:59,,HIGH
5559,5559,2026-07-30 01:19:55,RETAIL_EQUITY_BROKERAGE,CLOSED,4,2026-08-13,2026-08-03 01:19:55,,LOW
5560,5560,2026-07-08 06:04:36,CORPORATE_ACCOUNT,CLOSED,3,2026-07-22,2026-07-09 06:04:36,,LOW
5561,5561,2026-04-19 01:59:38,HIGH_YIELD_SAVINGS,PENDING_DOCUMENTS,,2026-05-03,,,MEDIUM
5562,5562,2025-12-05 08:19:54,HIGH_YIELD_SAVINGS,CLOSED,5,2025-12-19,2025-12-11 08:19:54,,LOW
5563,5563,2026-02-05 22:51:19,PERSONAL_LOAN,CLOSED,2,2026-02-19,2026-02-07 22:51:19,,MEDIUM
5564,5564,2025-11-09 09:36:44,ROBO_ADVISORY,CLOSED,3,2025-11-23,2025-11-12 09:36:44,,LOW
5565,5565,2026-07-19 03:32:32,CROSS_BORDER_REMITTANCE,CLOSED,1,2026-08-02,2026-07-24 03:32:32,,LOW
5566,5566,2026-04-04 06:35:26,TERM_LIFE_INSURANCE,CLOSED,1,2026-04-18,2026-04-07 06:35:26,,LOW
5567,5567,2026-02-03 11:21:37,MORTGAGE_ORIGINATION,CLOSED,1,2026-02-17,2026-02-04 11:21:37,,LOW
5568,5568,2025-12-19 19:47:00,REGULATORY_REPORTING_INTEGRATION,OPEN,3,2026-01-02,,,LOW
5569,5569,2025-08-26 14:13:04,PERSONAL_LOAN,CLOSED,2,2025-09-09,2025-08-30 14:13:04,,LOW
5570,5570,2025-10-26 02:30:31,CROSS_BORDER_REMITTANCE,CLOSED,1,2025-11-09,2025-10-30 02:30:31,,LOW
5571,5571,2026-04-29 01:10:18,TRADE_FINANCE_CREDIT_INSURANCE,CLOSED,2,2026-05-13,2026-05-03 01:10:18,,LOW
5572,5572,2026-05-12 15:57:23,MORTGAGE_ORIGINATION,CLOSED,1,2026-05-26,2026-05-17 15:57:23,,LOW
5573,5573,2025-10-01 03:57:00,CRYPTO_BROKERAGE,CLOSED,4,2025-10-15,2025-10-07 03:57:00,Unverified or expired identity documents,HIGH
5574,5574,2025-12-06 07:00:49,HIGH_YIELD_SAVINGS,IN_REVIEW,3,2025-12-20,,,LOW
5575,5575,2026-08-08 18:39:16,PERSONAL_LOAN,CLOSED,4,2026-08-22,2026-08-12 18:39:16,,LOW
5576,5576,2026-02-13 15:39:30,LETTER_OF_CREDIT,CLOSED,5,2026-02-27,2026-02-14 15:39:30,,MEDIUM
5577,5577,2026-07-03 02:21:37,CORPORATE_ACCOUNT,CLOSED,1,2026-07-17,2026-07-09 02:21:37,,LOW
5578,5578,2025-11-09 15:19:17,TERM_LIFE_INSURANCE,IN_REVIEW,,2025-11-23,,,LOW
5579,5579,2026-02-20 23:57:46,FIDUCIARY_CUSTODY_ACCOUNT,CLOSED,3,2026-03-06,2026-02-24 23:57:46,,LOW
5580,5580,2026-05-19 10:37:40,BESPOKE_PORTFOLIO_MANAGEMENT,CLOSED,4,2026-06-02,2026-05-20 10:37:40,,LOW
5581,5581,2026-07-25 09:01:59,RETAIL_EQUITY_BROKERAGE,CLOSED,4,2026-08-08,2026-07-28 09:01:59,,MEDIUM
5582,5582,2025-12-05 04:53:00,TERM_LIFE_INSURANCE,CLOSED,5,2025-12-19,2025-12-09 04:53:00,,LOW
5583,5583,2025-10-31 14:22:09,RETAIL_EQUITY_BROKERAGE,CLOSED,5,2025-11-14,2025-11-03 14:22:09,,LOW
5584,5584,2025-09-09 22:17:53,RETAIL_BANKING,CLOSED,4,2025-09-23,2025-09-10 22:17:53,,LOW
5585,5585,2026-06-05 19:21:56,DISBURSEMENT_PAYROLL_SERVICES,CLOSED,1,2026-06-19,2026-06-09 19:21:56,High-risk sanctions/FATF jurisdiction,HIGH
5586,5586,2026-06-30 05:14:07,TRADE_FINANCE_CREDIT_INSURANCE,CLOSED,3,2026-07-14,2026-07-05 05:14:07,,LOW
5587,5587,2026-05-14 03:17:10,HIGH_YIELD_SAVINGS,CLOSED,4,2026-05-28,2026-05-19 03:17:10,,LOW
5588,5588,2026-08-22 09:00:22,BUY_NOW_PAY_LATER,CLOSED,5,2026-09-05,2026-08-28 09:00:22,,MEDIUM
5589,5589,2026-02-20 07:30:02,AUTO_FINANCING,CLOSED,2,2026-03-06,2026-02-21 07:30:02,,LOW
5590,5590,2025-12-24 05:39:15,PERSONAL_LOAN,PENDING_DOCUMENTS,,2026-01-07,,,MEDIUM
5591,5591,2026-08-20 17:31:58,ESCROW_SERVICES,CLOSED,3,2026-09-03,2026-08-22 17:31:58,,LOW
5592,5592,2026-04-22 15:21:18,BUY_NOW_PAY_LATER,CLOSED,5,2026-05-06,2026-04-28 15:21:18,,LOW
5593,5593,2025-12-19 09:29:58,PHILANTHROPY_ENDOWMENT_MANAGEMENT,CLOSED,2,2026-01-02,2025-12-21 09:29:58,,LOW
5594,5594,2025-12-31 03:18:18,MORTGAGE_ORIGINATION,CLOSED,2,2026-01-14,2026-01-06 03:18:18,,LOW
5595,5595,2026-08-10 15:57:19,CROSS_BORDER_REMITTANCE,CLOSED,3,2026-08-24,2026-08-15 15:57:19,,MEDIUM
5596,5596,2026-08-06 01:29:35,BESPOKE_PORTFOLIO_MANAGEMENT,CLOSED,4,2026-08-20,2026-08-12 01:29:35,,LOW
5597,5597,2025-10-24 18:22:01,CROSS_BORDER_REMITTANCE,IN_REVIEW,,2025-11-07,,,LOW
5598,5598,2025-12-13 09:34:27,CRYPTO_BROKERAGE,CLOSED,4,2025-12-27,2025-12-15 09:34:27,,LOW
5599,5599,2026-05-03 04:01:16,ROBO_ADVISORY,CLOSED,3,2026-05-17,2026-05-08 04:01:16,,LOW
5600,5600,2026-07-20 07:09:40,INSTITUTIONAL_CRYPTO_CUSTODY,CLOSED,2,2026-08-03,2026-07-26 07:09:40,,LOW
5601,5601,2026-01-10 21:16:25,ESCROW_SERVICES,OPEN,,2026-01-24,,,MEDIUM
5602,5602,2026-02-22 18:42:23,CROSS_BORDER_REMITTANCE,CLOSED,1,2026-03-08,2026-02-25 18:42:23,,MEDIUM
5603,5603,2026-08-15 07:11:52,CRYPTO_BROKERAGE,CLOSED,1,2026-08-29,2026-08-19 07:11:52,,LOW
5604,5604,2025-10-01 03:58:23,CORPORATE_ACCOUNT,OPEN,4,2025-10-15,,,LOW
5605,5605,2025-09-07 06:09:01,CREDIT_CARD_ISSUANCE,PENDING_DOCUMENTS,5,2025-09-21,,,MEDIUM
5606,5606,2025-09-22 23:33:31,CROSS_BORDER_REMITTANCE,CLOSED,1,2025-10-06,2025-09-26 23:33:31,,LOW
5607,5607,2026-06-11 20:48:30,BUY_NOW_PAY_LATER,CLOSED,3,2026-06-25,2026-06-14 20:48:30,,LOW
5608,5608,2026-04-04 08:43:44,GOVERNMENT_RELATIONS_ESCROW,IN_REVIEW,5,2026-04-18,,,LOW
5609,5609,2026-07-04 22:35:17,SYNDICATED_LOANS,CLOSED,4,2026-07-18,2026-07-05 22:35:17,,MEDIUM
5610,5610,2026-08-22 16:35:02,CROSS_BORDER_REMITTANCE,CLOSED,2,2026-09-05,2026-08-26 16:35:02,,LOW
5611,5611,2026-08-24 00:37:01,CRYPTO_BROKERAGE,CLOSED,4,2026-09-07,2026-08-30 00:37:01,,LOW
5612,5612,2026-02-25 11:47:13,RETAIL_BANKING,CLOSED,5,2026-03-11,2026-03-03 11:47:13,,LOW
5613,5613,2026-07-16 17:49:37,COMMERCIAL_LENDING,PENDING_DOCUMENTS,,2026-07-30,,,LOW
5614,5614,2025-09-16 19:34:25,PERSONAL_LOAN,CLOSED,1,2025-09-30,2025-09-17 19:34:25,,LOW
5615,5615,2026-01-09 01:12:07,MERCHANT_ACQUIRING,CLOSED,1,2026-01-23,2026-01-14 01:12:07,,LOW
5616,5616,2025-12-28 18:02:02,RETAIL_EQUITY_BROKERAGE,CLOSED,5,2026-01-11,2026-01-03 18:02:02,,LOW
5617,5617,2025-10-17 09:22:50,CORPORATE_ACCOUNT,CLOSED,2,2025-10-31,2025-10-18 09:22:50,,LOW
5618,5618,2025-09-02 11:41:01,BENEFICIARY_DISBURSEMENT_SERVICES,CLOSED,2,2025-09-16,2025-09-08 11:41:01,,LOW
5619,5619,2025-09-08 10:15:43,RETAIL_BANKING,CLOSED,5,2025-09-22,2025-09-13 10:15:43,,LOW
5620,5620,2026-05-27 20:36:30,MORTGAGE_ORIGINATION,CLOSED,4,2026-06-10,2026-05-29 20:36:30,,LOW
5621,5621,2025-11-06 05:39:25,AUTO_FINANCING,CLOSED,3,2025-11-20,2025-11-12 05:39:25,,LOW
5622,5622,2025-12-07 02:05:25,BUY_NOW_PAY_LATER,CLOSED,2,2025-12-21,2025-12-13 02:05:25,,LOW
5623,5623,2026-06-13 22:51:51,CREDIT_CARD_ISSUANCE,CLOSED,1,2026-06-27,2026-06-18 22:51:51,,LOW
5624,5624,2026-08-17 20:21:52,BUY_NOW_PAY_LATER,CLOSED,2,2026-08-31,2026-08-18 20:21:52,,MEDIUM
5625,5625,2025-11-16 21:37:49,ROBO_ADVISORY,CLOSED,3,2025-11-30,2025-11-17 21:37:49,,LOW
5626,5626,2025-10-24 03:28:24,MORTGAGE_ORIGINATION,CLOSED,1,2025-11-07,2025-10-26 03:28:24,,LOW
5627,5627,2026-04-23 09:37:06,SYNDICATED_LOANS,CLOSED,4,2026-05-07,2026-04-28 09:37:06,,LOW
5628,5628,2026-07-02 07:43:33,PAYROLL_SERVICES,CLOSED,3,2026-07-16,2026-07-08 07:43:33,,MEDIUM
5629,5629,2026-07-15 10:04:32,CAMPAIGN_CHECKING_ACCOUNT,IN_REVIEW,3,2026-07-29,,,MEDIUM
5630,5630,2026-03-09 21:20:24,MORTGAGE_ORIGINATION,CLOSED,5,2026-03-23,2026-03-15 21:20:24,,LOW
5631,5631,2025-09-21 22:58:11,TERM_LIFE_INSURANCE,CLOSED,5,2025-10-05,2025-09-23 22:58:11,,LOW
5632,5632,2026-08-05 00:48:36,MORTGAGE_ORIGINATION,CLOSED,4,2026-08-19,2026-08-10 00:48:36,Unverified or expired identity documents,HIGH
5633,5633,2026-05-27 06:33:01,LETTER_OF_CREDIT,CLOSED,5,2026-06-10,2026-06-01 06:33:01,,LOW
5634,5634,2026-06-06 15:49:50,AUTO_FINANCING,CLOSED,5,2026-06-20,2026-06-10 15:49:50,,HIGH
5635,5635,2026-01-07 23:12:06,TERM_LIFE_INSURANCE,CLOSED,2,2026-01-21,2026-01-13 23:12:06,,LOW
5636,5636,2025-10-12 01:51:58,HIGH_YIELD_SAVINGS,CLOSED,5,2025-10-26,2025-10-13 01:51:58,,LOW
5637,5637,2026-06-21 17:48:27,BESPOKE_PORTFOLIO_MANAGEMENT,CLOSED,2,2026-07-05,2026-06-22 17:48:27,,MEDIUM
5638,5638,2026-05-12 22:58:06,DISBURSEMENT_PAYROLL_SERVICES,CLOSED,5,2026-05-26,2026-05-16 22:58:06,,LOW
5639,5639,2025-11-15 09:17:45,COMPLIANCE_RESTRICTED_DEPOSIT_ACCOUNT,CLOSED,3,2025-11-29,2025-11-20 09:17:45,,LOW
5640,5640,2025-11-27 01:32:46,COMMERCIAL_LENDING,CLOSED,4,2025-12-11,2025-12-03 01:32:46,Unverified or expired identity documents,HIGH
5641,5641,2026-07-06 12:41:19,CRYPTO_BROKERAGE,CLOSED,2,2026-07-20,2026-07-09 12:41:19,,LOW
5642,5642,2025-12-08 12:10:59,MORTGAGE_ORIGINATION,CLOSED,3,2025-12-22,2025-12-12 12:10:59,,LOW
5643,5643,2025-12-05 11:50:53,CREDIT_CARD_ISSUANCE,IN_REVIEW,,2025-12-19,,,LOW
5644,5644,2025-11-03 06:50:26,HIGH_YIELD_SAVINGS,CLOSED,5,2025-11-17,2025-11-06 06:50:26,,LOW
5645,5645,2025-08-28 18:58:31,PERSONAL_LOAN,OPEN,,2025-09-11,,,LOW
5646,5646,2026-02-17 06:40:36,DISBURSEMENT_PAYROLL_SERVICES,CLOSED,2,2026-03-03,2026-02-23 06:40:36,Unverified or expired identity documents,MEDIUM
5647,5647,2026-06-09 01:12:06,INSTITUTIONAL_CRYPTO_CUSTODY,CLOSED,5,2026-06-23,2026-06-12 01:12:06,,HIGH
5648,5648,2026-05-30 18:47:26,CROSS_BORDER_REMITTANCE,OPEN,3,2026-06-13,,,LOW
5649,5649,2025-12-10 03:56:10,HIGH_YIELD_SAVINGS,CLOSED,1,2025-12-24,2025-12-11 03:56:10,,LOW
5650,5650,2025-09-08 16:49:51,MORTGAGE_ORIGINATION,CLOSED,4,2025-09-22,2025-09-09 16:49:51,,HIGH
5651,5651,2026-03-28 17:25:10,PERSONAL_LOAN,PENDING_DOCUMENTS,,2026-04-11,,,LOW
5652,5652,2026-08-12 18:44:50,ESCROW_SERVICES,IN_REVIEW,4,2026-08-26,,,MEDIUM
5653,5653,2026-03-06 01:08:48,MORTGAGE_ORIGINATION,OPEN,2,2026-03-20,,,LOW
5654,5654,2026-06-03 02:26:40,RETAIL_BANKING,CLOSED,1,2026-06-17,2026-06-08 02:26:40,,MEDIUM
5655,5655,2026-07-19 21:36:29,CROSS_BORDER_REMITTANCE,PENDING_DOCUMENTS,5,2026-08-02,,,HIGH
5656,5656,2025-08-25 10:17:59,FX_HEDGING_SOLUTIONS,CLOSED,5,2025-09-08,2025-08-27 10:17:59,Unverified or expired identity documents,LOW
5657,5657,2026-04-26 13:39:46,HIGH_YIELD_SAVINGS,CLOSED,2,2026-05-10,2026-04-28 13:39:46,Unverified or expired identity documents,HIGH
5658,5658,2025-11-10 18:11:18,SYNDICATED_LOANS,CLOSED,5,2025-11-24,2025-11-15 18:11:18,,LOW
5659,5659,2026-08-19 13:42:25,MORTGAGE_ORIGINATION,OPEN,,2026-09-02,,,LOW
5660,5660,2025-10-28 21:28:28,SECURITIES_BASED_LENDING,CLOSED,2,2025-11-11,2025-10-29 21:28:28,,MEDIUM
5661,5661,2026-05-04 08:07:20,AUTO_FINANCING,CLOSED,1,2026-05-18,2026-05-09 08:07:20,,MEDIUM
5662,5662,2026-06-24 13:55:24,TERM_LIFE_INSURANCE,CLOSED,1,2026-07-08,2026-06-28 13:55:24,,LOW
5663,5663,2026-01-04 06:18:10,BUY_NOW_PAY_LATER,CLOSED,2,2026-01-18,2026-01-10 06:18:10,,LOW
5664,5664,2026-08-06 15:49:33,DIRECT_INDEXING,CLOSED,5,2026-08-20,2026-08-12 15:49:33,Unverified or expired identity documents,HIGH
5665,5665,2026-02-02 18:34:53,DIRECT_INDEXING,CLOSED,1,2026-02-16,2026-02-08 18:34:53,,HIGH
5666,5666,2026-03-29 22:14:45,RETAIL_EQUITY_BROKERAGE,PENDING_DOCUMENTS,1,2026-04-12,,,LOW
5667,5667,2026-08-07 19:10:17,ESCROW_SERVICES,CLOSED,2,2026-08-21,2026-08-09 19:10:17,,LOW
5668,5668,2026-03-16 08:36:55,BUY_NOW_PAY_LATER,CLOSED,1,2026-03-30,2026-03-18 08:36:55,High-risk sanctions/FATF jurisdiction,HIGH
5669,5669,2026-01-07 19:51:51,RETAIL_BANKING,CLOSED,2,2026-01-21,2026-01-10 19:51:51,,LOW
5670,5670,2026-03-05 08:58:39,MORTGAGE_ORIGINATION,CLOSED,1,2026-03-19,2026-03-11 08:58:39,,LOW
5671,5671,2025-09-15 03:35:37,ROBO_ADVISORY,CLOSED,3,2025-09-29,2025-09-17 03:35:37,,LOW
5672,5672,2026-04-16 21:47:18,CREDIT_CARD_ISSUANCE,CLOSED,4,2026-04-30,2026-04-21 21:47:18,,LOW
5673,5673,2025-11-08 07:50:10,BUY_NOW_PAY_LATER,CLOSED,4,2025-11-22,2025-11-14 07:50:10,,LOW
5674,5674,2026-02-11 13:17:11,RETAIL_EQUITY_BROKERAGE,CLOSED,5,2026-02-25,2026-02-15 13:17:11,,LOW
5675,5675,2026-04-28 23:40:57,SYNDICATED_LOANS,CLOSED,3,2026-05-12,2026-04-29 23:40:57,,LOW
5676,5676,2026-05-16 18:19:19,HIGH_YIELD_SAVINGS,CLOSED,3,2026-05-30,2026-05-19 18:19:19,,MEDIUM
5677,5677,2026-08-14 17:56:16,BUY_NOW_PAY_LATER,OPEN,,2026-08-28,,,LOW
5678,5678,2026-06-03 19:07:36,INSTITUTIONAL_CRYPTO_CUSTODY,CLOSED,3,2026-06-17,2026-06-06 19:07:36,,LOW
5679,5679,2026-02-13 15:29:29,TERM_LIFE_INSURANCE,CLOSED,3,2026-02-27,2026-02-19 15:29:29,,LOW
5680,5680,2025-10-03 00:31:14,GOVERNMENT_RELATIONS_ESCROW,OPEN,2,2025-10-17,,,MEDIUM
5681,5681,2025-10-29 02:03:15,PERSONAL_LOAN,CLOSED,3,2025-11-12,2025-10-30 02:03:15,,LOW
5682,5682,2025-12-04 00:11:38,HIGH_VOLUME_MERCHANT_GATEWAY,CLOSED,5,2025-12-18,2025-12-10 00:11:38,,LOW
5683,5683,2026-02-14 15:20:37,CREDIT_CARD_ISSUANCE,CLOSED,1,2026-02-28,2026-02-17 15:20:37,,LOW
5684,5684,2026-06-12 20:15:45,SYNDICATED_LOANS,CLOSED,2,2026-06-26,2026-06-18 20:15:45,,LOW
5685,5685,2026-05-30 21:02:41,LETTER_OF_CREDIT,CLOSED,5,2026-06-13,2026-05-31 21:02:41,,LOW
5686,5686,2025-12-31 12:58:36,PRIVATE_EQUITY_FEEDER,OPEN,4,2026-01-14,,,HIGH
5687,5687,2026-03-25 15:29:15,AUTO_FINANCING,CLOSED,2,2026-04-08,2026-03-28 15:29:15,,LOW
5688,5688,2026-04-28 09:47:43,CREDIT_CARD_ISSUANCE,CLOSED,4,2026-05-12,2026-05-02 09:47:43,,HIGH
5689,5689,2026-05-01 01:48:30,RETAIL_BANKING,OPEN,,2026-05-15,,,LOW
5690,5690,2025-10-01 10:06:29,CREDIT_CARD_ISSUANCE,CLOSED,1,2025-10-15,2025-10-04 10:06:29,,LOW
5691,5691,2026-02-25 04:43:34,ROBO_ADVISORY,CLOSED,2,2026-03-11,2026-03-01 04:43:34,Unverified or expired identity documents,HIGH
5692,5692,2026-01-16 17:11:40,MORTGAGE_ORIGINATION,CLOSED,4,2026-01-30,2026-01-17 17:11:40,,LOW
5693,5693,2026-06-28 02:53:58,RETAIL_BANKING,OPEN,2,2026-07-12,,,LOW
5694,5694,2026-06-22 10:56:27,CREDIT_CARD_ISSUANCE,CLOSED,1,2026-07-06,2026-06-25 10:56:27,,MEDIUM
5695,5695,2026-01-12 01:46:11,AUTO_FINANCING,CLOSED,3,2026-01-26,2026-01-18 01:46:11,Unverified or expired identity documents,LOW
5696,5696,2025-10-12 07:04:38,ASSET_PROTECTION_TRUSTS,CLOSED,3,2025-10-26,2025-10-18 07:04:38,,LOW
5697,5697,2025-11-26 03:42:39,CRYPTO_BROKERAGE,CLOSED,4,2025-12-10,2025-11-30 03:42:39,,LOW
5698,5698,2026-03-21 15:22:08,RETAIL_EQUITY_BROKERAGE,CLOSED,4,2026-04-04,2026-03-26 15:22:08,,LOW
5699,5699,2026-07-15 05:49:16,BUY_NOW_PAY_LATER,CLOSED,3,2026-07-29,2026-07-19 05:49:16,Unverified or expired identity documents,MEDIUM
5700,5700,2026-06-23 23:18:35,TERM_LIFE_INSURANCE,IN_REVIEW,,2026-07-07,,,LOW
5701,5701,2026-06-03 10:05:25,RETAIL_EQUITY_BROKERAGE,CLOSED,4,2026-06-17,2026-06-04 10:05:25,Unverified or expired identity documents,LOW
5702,5702,2026-01-18 20:48:48,PERSONAL_LOAN,CLOSED,1,2026-02-01,2026-01-19 20:48:48,,LOW
5703,5703,2026-04-25 04:04:41,BUY_NOW_PAY_LATER,CLOSED,2,2026-05-09,2026-04-27 04:04:41,,LOW
5704,5704,2025-10-07 15:07:47,RETAIL_EQUITY_BROKERAGE,CLOSED,1,2025-10-21,2025-10-08 15:07:47,,LOW
5705,5705,2026-05-29 06:02:16,TERM_LIFE_INSURANCE,CLOSED,1,2026-06-12,2026-05-31 06:02:16,,LOW
5706,5706,2026-06-20 03:48:59,ROBO_ADVISORY,CLOSED,1,2026-07-04,2026-06-26 03:48:59,,HIGH
5707,5707,2026-01-06 20:45:13,CROSS_BORDER_REMITTANCE,OPEN,2,2026-01-20,,,LOW
5708,5708,2026-02-15 01:08:01,GOVERNMENT_RELATIONS_ESCROW,IN_REVIEW,,2026-03-01,,,HIGH
5709,5709,2025-09-21 10:13:52,MORTGAGE_ORIGINATION,CLOSED,4,2025-10-05,2025-09-22 10:13:52,,MEDIUM
5710,5710,2026-02-16 08:02:50,TAX_OPTIMIZED_INVESTING,CLOSED,4,2026-03-02,2026-02-22 08:02:50,,LOW
5711,5711,2026-02-14 23:14:34,LETTER_OF_CREDIT,CLOSED,2,2026-02-28,2026-02-19 23:14:34,,MEDIUM
5712,5712,2026-08-04 23:43:35,AUTO_FINANCING,OPEN,5,2026-08-18,,,LOW
5713,5713,2026-05-20 23:02:27,MORTGAGE_ORIGINATION,CLOSED,4,2026-06-03,2026-05-26 23:02:27,,LOW
5714,5714,2025-10-29 03:54:10,MORTGAGE_ORIGINATION,CLOSED,1,2025-11-12,2025-11-02 03:54:10,,LOW
5715,5715,2026-01-29 21:51:28,ROBO_ADVISORY,CLOSED,3,2026-02-12,2026-02-01 21:51:28,,LOW
5716,5716,2026-06-10 23:05:53,AUTO_FINANCING,PENDING_DOCUMENTS,,2026-06-24,,,LOW
5717,5717,2025-12-19 20:53:18,BUY_NOW_PAY_LATER,CLOSED,4,2026-01-02,2025-12-21 20:53:18,,LOW
5718,5718,2026-08-06 10:24:36,INSTITUTIONAL_CRYPTO_CUSTODY,CLOSED,2,2026-08-20,2026-08-09 10:24:36,,LOW
5719,5719,2025-10-31 15:40:41,CROSS_BORDER_REMITTANCE,CLOSED,4,2025-11-14,2025-11-01 15:40:41,,LOW
5720,5720,2026-01-24 12:23:20,CORPORATE_CREDIT_CARD,CLOSED,5,2026-02-07,2026-01-30 12:23:20,,LOW
5721,5721,2026-02-06 03:09:15,CROSS_BORDER_REMITTANCE,OPEN,5,2026-02-20,,,LOW
5722,5722,2026-06-08 14:43:41,LIQUIDITY_MANAGEMENT,CLOSED,4,2026-06-22,2026-06-13 14:43:41,,LOW
5723,5723,2026-07-25 06:12:12,MORTGAGE_ORIGINATION,CLOSED,4,2026-08-08,2026-07-30 06:12:12,,LOW
5724,5724,2025-09-07 04:25:17,BUY_NOW_PAY_LATER,CLOSED,5,2025-09-21,2025-09-08 04:25:17,,LOW
5725,5725,2026-07-06 09:01:43,RETAIL_BANKING,CLOSED,3,2026-07-20,2026-07-12 09:01:43,,LOW
5726,5726,2025-12-08 14:07:01,TERM_LIFE_INSURANCE,CLOSED,4,2025-12-22,2025-12-14 14:07:01,,MEDIUM
5727,5727,2026-02-21 04:20:18,TERM_LIFE_INSURANCE,CLOSED,4,2026-03-07,2026-02-22 04:20:18,,LOW
5728,5728,2026-08-17 04:47:02,RETAIL_EQUITY_BROKERAGE,CLOSED,1,2026-08-31,2026-08-21 04:47:02,Unverified or expired identity documents,MEDIUM
5729,5729,2026-01-03 19:27:33,MORTGAGE_ORIGINATION,CLOSED,2,2026-01-17,2026-01-05 19:27:33,,MEDIUM
5730,5730,2025-11-05 05:27:14,CORPORATE_ACCOUNT,CLOSED,3,2025-11-19,2025-11-08 05:27:14,,LOW
5731,5731,2026-04-07 18:21:42,PAYROLL_SERVICES,CLOSED,5,2026-04-21,2026-04-12 18:21:42,,LOW
5732,5732,2025-10-18 04:15:01,CROSS_BORDER_REMITTANCE,IN_REVIEW,1,2025-11-01,,,LOW
5733,5733,2026-08-09 15:25:25,TERM_LIFE_INSURANCE,CLOSED,1,2026-08-23,2026-08-11 15:25:25,,LOW
5734,5734,2025-12-18 22:16:28,PERSONAL_LOAN,CLOSED,4,2026-01-01,2025-12-20 22:16:28,,LOW
5735,5735,2026-06-17 03:59:58,TRUSTEE_ADMINISTRATION,CLOSED,3,2026-07-01,2026-06-18 03:59:58,,LOW
5736,5736,2026-06-12 02:37:56,RETAIL_BANKING,CLOSED,5,2026-06-26,2026-06-18 02:37:56,,HIGH
5737,5737,2025-12-23 01:31:22,ROBO_ADVISORY,CLOSED,3,2026-01-06,2025-12-27 01:31:22,,MEDIUM
5738,5738,2026-05-08 07:14:54,WEALTH_MANAGEMENT,CLOSED,5,2026-05-22,2026-05-11 07:14:54,,MEDIUM
5739,5739,2025-10-10 09:56:21,PERSONAL_LOAN,CLOSED,3,2025-10-24,2025-10-13 09:56:21,Unverified or expired identity documents,LOW
5740,5740,2026-08-17 19:12:41,CORPORATE_ACCOUNT,PENDING_DOCUMENTS,,2026-08-31,,,LOW
5741,5741,2026-01-31 19:41:04,SYNDICATED_LOANS,CLOSED,3,2026-02-14,2026-02-01 19:41:04,,LOW
5742,5742,2026-06-08 02:51:12,ROBO_ADVISORY,CLOSED,5,2026-06-22,2026-06-11 02:51:12,,LOW
5743,5743,2025-09-30 15:43:02,PHILANTHROPY_ENDOWMENT_MANAGEMENT,CLOSED,1,2025-10-14,2025-10-05 15:43:02,,LOW
5744,5744,2025-11-04 19:56:41,TERM_LIFE_INSURANCE,CLOSED,2,2025-11-18,2025-11-08 19:56:41,,LOW
5745,5745,2025-08-27 08:57:16,CROSS_BORDER_REMITTANCE,CLOSED,1,2025-09-10,2025-08-31 08:57:16,,LOW
5746,5746,2025-12-11 19:37:03,CREDIT_CARD_ISSUANCE,IN_REVIEW,,2025-12-25,,,LOW
5747,5747,2025-12-13 05:07:52,BUY_NOW_PAY_LATER,CLOSED,1,2025-12-27,2025-12-16 05:07:52,,MEDIUM
5748,5748,2026-05-29 21:00:45,LETTER_OF_CREDIT,CLOSED,5,2026-06-12,2026-06-04 21:00:45,,LOW
5749,5749,2025-09-07 11:45:57,PERSONAL_LOAN,CLOSED,3,2025-09-21,2025-09-10 11:45:57,,LOW
5750,5750,2025-09-02 22:58:49,MORTGAGE_ORIGINATION,CLOSED,2,2025-09-16,2025-09-06 22:58:49,,MEDIUM
5751,5751,2025-10-25 13:56:37,ROBO_ADVISORY,CLOSED,4,2025-11-08,2025-10-29 13:56:37,,MEDIUM
5752,5752,2026-04-23 13:13:58,BENEFICIARY_DISBURSEMENT_SERVICES,CLOSED,3,2026-05-07,2026-04-25 13:13:58,,LOW
5753,5753,2025-09-22 02:19:47,GOVERNMENT_RELATIONS_ESCROW,CLOSED,2,2025-10-06,2025-09-27 02:19:47,Adverse media and PEP screening threshold exceeded,MEDIUM
5754,5754,2025-09-20 01:34:33,RETAIL_BANKING,OPEN,,2025-10-04,,,LOW
5755,5755,2026-05-30 13:14:44,BUY_NOW_PAY_LATER,CLOSED,4,2026-06-13,2026-06-04 13:14:44,,LOW
5756,5756,2026-03-19 04:15:59,CREDIT_CARD_ISSUANCE,CLOSED,5,2026-04-02,2026-03-20 04:15:59,,LOW
5757,5757,2026-07-28 04:42:09,PERSONAL_LOAN,CLOSED,5,2026-08-11,2026-08-01 04:42:09,,LOW
5758,5758,2025-11-21 09:08:24,CRYPTO_BROKERAGE,CLOSED,1,2025-12-05,2025-11-25 09:08:24,,MEDIUM
5759,5759,2026-02-16 00:33:14,HIGH_YIELD_SAVINGS,CLOSED,1,2026-03-02,2026-02-22 00:33:14,,HIGH
5760,5760,2026-04-30 15:04:25,MORTGAGE_ORIGINATION,CLOSED,1,2026-05-14,2026-05-01 15:04:25,,MEDIUM
5761,5761,2025-10-04 21:51:38,ROBO_ADVISORY,CLOSED,5,2025-10-18,2025-10-05 21:51:38,,LOW
5762,5762,2026-05-02 22:14:41,CREDIT_CARD_ISSUANCE,CLOSED,1,2026-05-16,2026-05-06 22:14:41,,MEDIUM
5763,5763,2026-04-21 11:14:00,MORTGAGE_ORIGINATION,CLOSED,2,2026-05-05,2026-04-27 11:14:00,,LOW
5764,5764,2026-02-08 10:56:32,CRYPTO_BROKERAGE,OPEN,,2026-02-22,,,LOW
5765,5765,2026-08-22 07:16:24,TREASURY_MANAGEMENT,CLOSED,1,2026-09-05,2026-08-26 07:16:24,,LOW
5766,5766,2025-10-12 10:37:46,CREDIT_CARD_ISSUANCE,CLOSED,1,2025-10-26,2025-10-17 10:37:46,,LOW
5767,5767,2026-02-20 03:42:26,AUTO_FINANCING,CLOSED,4,2026-03-06,2026-02-26 03:42:26,,MEDIUM
5768,5768,2026-07-06 22:37:12,PAYROLL_SERVICES,CLOSED,3,2026-07-20,2026-07-09 22:37:12,,MEDIUM
5769,5769,2026-08-20 20:03:35,CREDIT_CARD_ISSUANCE,CLOSED,2,2026-09-03,2026-08-25 20:03:35,,LOW
5770,5770,2026-07-19 22:30:58,TERM_LIFE_INSURANCE,CLOSED,2,2026-08-02,2026-07-25 22:30:58,,LOW
5771,5771,2026-07-24 14:57:41,HIGH_YIELD_SAVINGS,IN_REVIEW,,2026-08-07,,,HIGH
5772,5772,2026-02-18 18:41:21,AUTO_FINANCING,OPEN,,2026-03-04,,,LOW
5773,5773,2025-10-21 13:55:49,BESPOKE_PORTFOLIO_MANAGEMENT,CLOSED,3,2025-11-04,2025-10-25 13:55:49,,MEDIUM
5774,5774,2026-05-04 15:51:53,ROBO_ADVISORY,CLOSED,4,2026-05-18,2026-05-07 15:51:53,,MEDIUM
5775,5775,2026-03-31 20:12:23,PERSONAL_LOAN,CLOSED,3,2026-04-14,2026-04-02 20:12:23,,LOW
5776,5776,2026-05-12 11:32:52,ROBO_ADVISORY,CLOSED,3,2026-05-26,2026-05-16 11:32:52,,MEDIUM
5777,5777,2026-02-13 17:59:31,CROSS_BORDER_REMITTANCE,CLOSED,4,2026-02-27,2026-02-14 17:59:31,,LOW
5778,5778,2025-12-17 00:52:48,ROBO_ADVISORY,CLOSED,3,2025-12-31,2025-12-21 00:52:48,,LOW
5779,5779,2026-05-15 12:37:11,PAYROLL_SERVICES,CLOSED,1,2026-05-29,2026-05-17 12:37:11,,MEDIUM
5780,5780,2026-03-06 13:18:47,TAX_OPTIMIZED_INVESTING,CLOSED,4,2026-03-20,2026-03-08 13:18:47,,MEDIUM
5781,5781,2026-02-11 15:22:45,RETAIL_EQUITY_BROKERAGE,CLOSED,5,2026-02-25,2026-02-13 15:22:45,,LOW
5782,5782,2026-03-03 07:51:12,HIGH_YIELD_SAVINGS,CLOSED,4,2026-03-17,2026-03-06 07:51:12,,MEDIUM
5783,5783,2026-08-19 13:58:37,HIGH_YIELD_SAVINGS,CLOSED,2,2026-09-02,2026-08-23 13:58:37,,LOW
5784,5784,2026-03-05 16:01:35,ESCROW_SERVICES,CLOSED,1,2026-03-19,2026-03-08 16:01:35,,LOW
5785,5785,2026-02-24 04:34:17,CROSS_BORDER_REMITTANCE,CLOSED,2,2026-03-10,2026-02-25 04:34:17,,HIGH
5786,5786,2025-12-24 15:28:31,PERSONAL_LOAN,CLOSED,4,2026-01-07,2025-12-29 15:28:31,,HIGH
5787,5787,2026-06-26 20:33:32,MORTGAGE_ORIGINATION,CLOSED,5,2026-07-10,2026-07-01 20:33:32,,LOW
5788,5788,2025-10-06 10:12:46,PERSONAL_LOAN,CLOSED,5,2025-10-20,2025-10-12 10:12:46,,LOW
5789,5789,2026-08-07 01:15:01,RETAIL_BANKING,CLOSED,1,2026-08-21,2026-08-11 01:15:01,,LOW
5790,5790,2026-04-03 02:11:52,TERM_LIFE_INSURANCE,CLOSED,5,2026-04-17,2026-04-08 02:11:52,,LOW
5791,5791,2026-03-21 18:38:53,CORPORATE_ACCOUNT,CLOSED,5,2026-04-04,2026-03-25 18:38:53,,MEDIUM
5792,5792,2025-12-12 04:33:12,CROSS_BORDER_REMITTANCE,IN_REVIEW,,2025-12-26,,,MEDIUM
5793,5793,2025-10-18 08:57:23,TREASURY_MANAGEMENT,CLOSED,4,2025-11-01,2025-10-22 08:57:23,,LOW
5794,5794,2026-01-22 16:26:41,FX_HEDGING_SOLUTIONS,CLOSED,4,2026-02-05,2026-01-26 16:26:41,,LOW
5795,5795,2026-02-19 10:56:51,AUTO_FINANCING,CLOSED,3,2026-03-05,2026-02-20 10:56:51,,LOW
5796,5796,2025-12-18 15:10:07,LETTER_OF_CREDIT,CLOSED,5,2026-01-01,2025-12-23 15:10:07,,HIGH
5797,5797,2025-10-07 07:18:57,CREDIT_CARD_ISSUANCE,CLOSED,4,2025-10-21,2025-10-13 07:18:57,,MEDIUM
5798,5798,2025-09-19 19:14:23,HIGH_YIELD_SAVINGS,CLOSED,1,2025-10-03,2025-09-22 19:14:23,Unverified or expired identity documents,HIGH
5799,5799,2026-01-17 03:04:20,ROBO_ADVISORY,CLOSED,1,2026-01-31,2026-01-23 03:04:20,,LOW
5800,5800,2026-02-09 22:41:39,LETTER_OF_CREDIT,CLOSED,5,2026-02-23,2026-02-15 22:41:39,,HIGH
5801,5801,2025-12-18 20:33:26,RETAIL_BANKING,OPEN,3,2026-01-01,,,LOW
5802,5802,2026-04-12 13:33:52,ROBO_ADVISORY,CLOSED,3,2026-04-26,2026-04-17 13:33:52,,LOW
5803,5803,2025-12-31 19:33:30,PRIVATE_EQUITY_FEEDER,CLOSED,2,2026-01-14,2026-01-06 19:33:30,,LOW
5804,5804,2025-08-27 18:41:02,CREDIT_CARD_ISSUANCE,CLOSED,1,2025-09-10,2025-09-02 18:41:02,,MEDIUM
5805,5805,2026-04-12 18:50:41,ROBO_ADVISORY,CLOSED,3,2026-04-26,2026-04-18 18:50:41,,MEDIUM
5806,5806,2026-05-21 09:20:40,PRIVATE_EQUITY_FEEDER,PENDING_DOCUMENTS,3,2026-06-04,,,LOW
5807,5807,2025-11-12 07:35:21,TRADE_FINANCE_CREDIT_INSURANCE,CLOSED,4,2025-11-26,2025-11-18 07:35:21,,MEDIUM
5808,5808,2026-05-16 06:48:19,TERM_LIFE_INSURANCE,CLOSED,4,2026-05-30,2026-05-22 06:48:19,,LOW
5809,5809,2026-08-19 20:15:53,AUTO_FINANCING,CLOSED,2,2026-09-02,2026-08-20 20:15:53,,LOW
5810,5810,2026-05-23 11:50:54,MORTGAGE_ORIGINATION,CLOSED,3,2026-06-06,2026-05-29 11:50:54,,LOW
5811,5811,2026-04-29 16:51:42,BENEFICIARY_DISBURSEMENT_SERVICES,CLOSED,3,2026-05-13,2026-04-30 16:51:42,,MEDIUM
5812,5812,2026-03-18 19:46:09,BUY_NOW_PAY_LATER,CLOSED,4,2026-04-01,2026-03-22 19:46:09,,LOW
5813,5813,2026-02-03 14:05:32,HIGH_YIELD_SAVINGS,CLOSED,4,2026-02-17,2026-02-08 14:05:32,,LOW
5814,5814,2026-01-07 09:39:10,HIGH_YIELD_SAVINGS,CLOSED,3,2026-01-21,2026-01-11 09:39:10,High-risk sanctions/FATF jurisdiction,HIGH
5815,5815,2026-02-06 23:22:43,INSTITUTIONAL_CRYPTO_CUSTODY,PENDING_DOCUMENTS,1,2026-02-20,,,LOW
5816,5816,2026-07-16 04:02:31,PAYROLL_SERVICES,CLOSED,3,2026-07-30,2026-07-19 04:02:31,,LOW
5817,5817,2025-09-05 17:40:08,CORPORATE_ACCOUNT,IN_REVIEW,,2025-09-19,,,LOW
5818,5818,2026-04-07 18:06:07,POLITICAL_DONATION_PROCESSING,CLOSED,5,2026-04-21,2026-04-11 18:06:07,,LOW
5819,5819,2026-02-03 22:30:57,AUTO_FINANCING,CLOSED,4,2026-02-17,2026-02-06 22:30:57,,LOW
5820,5820,2026-02-24 19:46:27,AUTO_FINANCING,CLOSED,2,2026-03-10,2026-02-26 19:46:27,,LOW
5821,5821,2025-09-10 02:49:36,CRYPTO_BROKERAGE,CLOSED,4,2025-09-24,2025-09-16 02:49:36,,LOW
5822,5822,2026-01-02 09:36:33,RETAIL_EQUITY_BROKERAGE,CLOSED,1,2026-01-16,2026-01-08 09:36:33,,LOW
5823,5823,2026-07-16 03:07:50,BUY_NOW_PAY_LATER,CLOSED,4,2026-07-30,2026-07-22 03:07:50,,LOW
5824,5824,2025-09-26 15:52:17,SYNDICATED_LOANS,CLOSED,3,2025-10-10,2025-10-01 15:52:17,,LOW
5825,5825,2025-11-30 18:42:14,HIGH_YIELD_SAVINGS,CLOSED,5,2025-12-14,2025-12-04 18:42:14,,MEDIUM
5826,5826,2026-07-14 22:35:42,CROSS_BORDER_REMITTANCE,CLOSED,4,2026-07-28,2026-07-20 22:35:42,,LOW
5827,5827,2025-10-07 19:30:12,CREDIT_CARD_ISSUANCE,IN_REVIEW,1,2025-10-21,,,LOW
5828,5828,2026-03-03 00:29:25,PERSONAL_LOAN,CLOSED,3,2026-03-17,2026-03-05 00:29:25,,LOW
5829,5829,2026-06-05 16:30:13,PERSONAL_LOAN,CLOSED,1,2026-06-19,2026-06-08 16:30:13,Unverified or expired identity documents,MEDIUM
5830,5830,2025-09-18 13:03:04,CROSS_BORDER_REMITTANCE,CLOSED,5,2025-10-02,2025-09-19 13:03:04,Unverified or expired identity documents,HIGH
5831,5831,2026-03-16 06:43:04,CRYPTO_BROKERAGE,OPEN,3,2026-03-30,,,LOW
5832,5832,2026-03-05 15:44:20,BENEFICIARY_DISBURSEMENT_SERVICES,CLOSED,2,2026-03-19,2026-03-10 15:44:20,,MEDIUM
5833,5833,2026-01-05 10:08:27,HIGH_YIELD_SAVINGS,CLOSED,4,2026-01-19,2026-01-07 10:08:27,,LOW
5834,5834,2025-08-31 21:27:08,PERSONAL_LOAN,CLOSED,2,2025-09-14,2025-09-04 21:27:08,,LOW
5835,5835,2026-06-19 14:04:10,CREDIT_CARD_ISSUANCE,CLOSED,2,2026-07-03,2026-06-24 14:04:10,,LOW
5836,5836,2025-12-02 15:09:13,RETAIL_EQUITY_BROKERAGE,CLOSED,5,2025-12-16,2025-12-07 15:09:13,Unverified or expired identity documents,LOW
5837,5837,2026-07-14 13:02:02,LETTER_OF_CREDIT,CLOSED,3,2026-07-28,2026-07-17 13:02:02,,LOW
5838,5838,2025-10-13 01:49:40,AUTO_FINANCING,CLOSED,1,2025-10-27,2025-10-15 01:49:40,,LOW
5839,5839,2026-02-09 20:01:07,PHILANTHROPY_ENDOWMENT_MANAGEMENT,CLOSED,2,2026-02-23,2026-02-15 20:01:07,,MEDIUM
5840,5840,2025-11-07 05:59:51,BUY_NOW_PAY_LATER,CLOSED,3,2025-11-21,2025-11-12 05:59:51,,LOW
5841,5841,2025-12-25 05:12:41,CRYPTO_BROKERAGE,CLOSED,1,2026-01-08,2025-12-31 05:12:41,,LOW
5842,5842,2025-09-23 06:10:45,RETAIL_BANKING,CLOSED,5,2025-10-07,2025-09-28 06:10:45,,MEDIUM
5843,5843,2026-02-02 18:26:12,DISBURSEMENT_PAYROLL_SERVICES,CLOSED,3,2026-02-16,2026-02-05 18:26:12,Adverse media and PEP screening threshold exceeded,MEDIUM
5844,5844,2025-10-28 03:05:56,HIGH_YIELD_SAVINGS,OPEN,4,2025-11-11,,,LOW
5845,5845,2026-06-14 04:25:19,BUY_NOW_PAY_LATER,CLOSED,4,2026-06-28,2026-06-19 04:25:19,,LOW
5846,5846,2025-12-15 06:12:18,RETAIL_BANKING,CLOSED,1,2025-12-29,2025-12-19 06:12:18,Unverified or expired identity documents,LOW
5847,5847,2026-03-16 22:32:07,PERSONAL_LOAN,CLOSED,5,2026-03-30,2026-03-17 22:32:07,Unverified or expired identity documents,HIGH
5848,5848,2025-10-11 03:23:52,CROSS_BORDER_REMITTANCE,OPEN,2,2025-10-25,,,LOW
5849,5849,2026-07-09 07:02:00,MORTGAGE_ORIGINATION,CLOSED,3,2026-07-23,2026-07-11 07:02:00,,LOW
5850,5850,2026-01-30 05:54:32,RETAIL_EQUITY_BROKERAGE,CLOSED,4,2026-02-13,2026-01-31 05:54:32,,LOW
5851,5851,2025-08-27 05:36:48,PERSONAL_LOAN,CLOSED,3,2025-09-10,2025-08-31 05:36:48,,LOW
5852,5852,2025-10-03 08:23:57,PAC_TREASURY_MANAGEMENT,CLOSED,2,2025-10-17,2025-10-09 08:23:57,,LOW
5853,5853,2025-12-18 09:30:00,CREDIT_CARD_ISSUANCE,CLOSED,4,2026-01-01,2025-12-23 09:30:00,,LOW
5854,5854,2026-05-11 04:55:09,HIGH_YIELD_SAVINGS,CLOSED,4,2026-05-25,2026-05-15 04:55:09,,LOW
5855,5855,2026-03-08 21:01:40,REGULATORY_REPORTING_INTEGRATION,CLOSED,5,2026-03-22,2026-03-13 21:01:40,Adverse media and PEP screening threshold exceeded,LOW
5856,5856,2025-12-29 12:39:44,PERSONAL_LOAN,CLOSED,3,2026-01-12,2026-01-02 12:39:44,Unverified or expired identity documents,HIGH
5857,5857,2025-11-14 07:10:24,RETAIL_EQUITY_BROKERAGE,CLOSED,2,2025-11-28,2025-11-20 07:10:24,,LOW
5858,5858,2025-10-19 09:50:23,CREDIT_CARD_ISSUANCE,CLOSED,2,2025-11-02,2025-10-20 09:50:23,Unverified or expired identity documents,HIGH
5859,5859,2026-04-06 00:07:28,PHILANTHROPY_ENDOWMENT_MANAGEMENT,OPEN,4,2026-04-20,,,LOW
5860,5860,2026-02-11 14:51:23,PAYROLL_SERVICES,IN_REVIEW,,2026-02-25,,,HIGH
5861,5861,2025-12-01 13:12:59,RETAIL_BANKING,CLOSED,3,2025-12-15,2025-12-03 13:12:59,,LOW
5862,5862,2025-10-19 06:59:56,SHORT_TERM_LIQUIDITY_MANAGEMENT,CLOSED,2,2025-11-02,2025-10-24 06:59:56,,LOW
5863,5863,2025-11-18 09:55:20,LIQUIDITY_MANAGEMENT,CLOSED,2,2025-12-02,2025-11-20 09:55:20,,LOW
5864,5864,2026-06-23 20:27:29,BUY_NOW_PAY_LATER,CLOSED,4,2026-07-07,2026-06-28 20:27:29,,LOW
5865,5865,2026-02-17 21:44:40,CREDIT_CARD_ISSUANCE,CLOSED,5,2026-03-03,2026-02-21 21:44:40,,LOW
5866,5866,2025-11-15 05:54:51,FX_HEDGING_SOLUTIONS,IN_REVIEW,,2025-11-29,,,LOW
5867,5867,2026-01-25 11:46:38,ESCROW_SERVICES,CLOSED,4,2026-02-08,2026-01-26 11:46:38,,MEDIUM
5868,5868,2026-07-03 07:39:07,MORTGAGE_ORIGINATION,CLOSED,4,2026-07-17,2026-07-08 07:39:07,,MEDIUM
5869,5869,2026-03-12 05:30:06,COMMERCIAL_LENDING,CLOSED,1,2026-03-26,2026-03-16 05:30:06,,LOW
5870,5870,2026-01-28 02:45:31,TERM_LIFE_INSURANCE,CLOSED,3,2026-02-11,2026-02-03 02:45:31,,LOW
5871,5871,2026-07-21 05:31:58,MORTGAGE_ORIGINATION,OPEN,4,2026-08-04,,,LOW
5872,5872,2025-10-15 11:32:05,SYNDICATED_LOANS,CLOSED,4,2025-10-29,2025-10-17 11:32:05,,LOW
5873,5873,2026-03-31 04:45:49,LIQUIDITY_MANAGEMENT,CLOSED,4,2026-04-14,2026-04-06 04:45:49,,MEDIUM
5874,5874,2026-03-28 11:04:50,RETAIL_EQUITY_BROKERAGE,CLOSED,2,2026-04-11,2026-03-31 11:04:50,,LOW
5875,5875,2026-03-01 21:49:31,MORTGAGE_ORIGINATION,PENDING_DOCUMENTS,,2026-03-15,,,LOW
5876,5876,2026-07-28 18:40:28,CROSS_BORDER_REMITTANCE,CLOSED,4,2026-08-11,2026-07-30 18:40:28,Unverified or expired identity documents,LOW
5877,5877,2025-08-25 21:40:25,POLITICAL_DONATION_PROCESSING,CLOSED,1,2025-09-08,2025-08-28 21:40:25,,LOW
5878,5878,2026-06-21 22:31:59,LETTER_OF_CREDIT,CLOSED,2,2026-07-05,2026-06-24 22:31:59,,LOW
5879,5879,2025-09-26 19:47:48,ROBO_ADVISORY,CLOSED,5,2025-10-10,2025-09-30 19:47:48,,LOW
5880,5880,2026-06-03 01:54:02,ROBO_ADVISORY,CLOSED,1,2026-06-17,2026-06-07 01:54:02,,LOW
5881,5881,2025-10-26 00:25:46,TERM_LIFE_INSURANCE,CLOSED,5,2025-11-09,2025-10-30 00:25:46,,LOW
5882,5882,2025-11-26 04:09:58,SHORT_TERM_LIQUIDITY_MANAGEMENT,PENDING_DOCUMENTS,,2025-12-10,,,LOW
5883,5883,2026-02-02 06:51:40,TRUSTEE_ADMINISTRATION,CLOSED,5,2026-02-16,2026-02-08 06:51:40,,LOW
5884,5884,2025-09-10 15:02:12,CROSS_BORDER_REMITTANCE,CLOSED,2,2025-09-24,2025-09-12 15:02:12,,LOW
5885,5885,2025-10-26 15:51:52,AUTO_FINANCING,OPEN,,2025-11-09,,,LOW
5886,5886,2026-07-04 14:11:40,TERM_LIFE_INSURANCE,CLOSED,2,2026-07-18,2026-07-06 14:11:40,,LOW
5887,5887,2026-04-10 10:26:28,CREDIT_CARD_ISSUANCE,OPEN,,2026-04-24,,,LOW
5888,5888,2025-10-14 04:31:58,HIGH_YIELD_SAVINGS,CLOSED,2,2025-10-28,2025-10-15 04:31:58,Unverified or expired identity documents,HIGH
5889,5889,2025-11-12 17:45:39,RETAIL_BANKING,CLOSED,5,2025-11-26,2025-11-17 17:45:39,,LOW
5890,5890,2025-10-17 17:24:46,CREDIT_CARD_ISSUANCE,CLOSED,1,2025-10-31,2025-10-21 17:24:46,,LOW
5891,5891,2025-11-08 20:07:16,CRYPTO_BROKERAGE,CLOSED,4,2025-11-22,2025-11-13 20:07:16,,LOW
5892,5892,2025-10-30 07:03:34,WEALTH_MANAGEMENT,OPEN,1,2025-11-13,,,LOW
5893,5893,2026-02-21 08:09:06,MORTGAGE_ORIGINATION,CLOSED,1,2026-03-07,2026-02-24 08:09:06,,LOW
5894,5894,2026-04-12 11:24:00,ROBO_ADVISORY,CLOSED,3,2026-04-26,2026-04-16 11:24:00,,LOW
5895,5895,2026-08-09 11:15:30,CREDIT_CARD_ISSUANCE,IN_REVIEW,4,2026-08-23,,,LOW
5896,5896,2025-09-09 04:53:10,LETTER_OF_CREDIT,CLOSED,4,2025-09-23,2025-09-10 04:53:10,,LOW
5897,5897,2026-03-29 06:19:16,ROBO_ADVISORY,CLOSED,5,2026-04-12,2026-04-01 06:19:16,,LOW
5898,5898,2025-09-19 12:59:00,PERSONAL_LOAN,CLOSED,3,2025-10-03,2025-09-23 12:59:00,,LOW
5899,5899,2025-12-19 09:46:24,PERSONAL_LOAN,CLOSED,3,2026-01-02,2025-12-20 09:46:24,,LOW
5900,5900,2026-06-10 06:44:45,CROSS_BORDER_REMITTANCE,CLOSED,2,2026-06-24,2026-06-15 06:44:45,Unverified or expired identity documents,HIGH
5901,5901,2026-07-10 20:30:33,AUTO_FINANCING,CLOSED,5,2026-07-24,2026-07-13 20:30:33,,LOW
5902,5902,2026-08-24 01:56:36,ESTATE_PLANNING_SERVICES,CLOSED,5,2026-09-07,2026-08-27 01:56:36,,LOW
5903,5903,2026-02-25 01:43:21,ROBO_ADVISORY,CLOSED,2,2026-03-11,2026-02-26 01:43:21,,LOW
5904,5904,2025-09-05 18:54:46,TERM_LIFE_INSURANCE,CLOSED,1,2025-09-19,2025-09-09 18:54:46,,LOW
5905,5905,2026-05-12 21:06:50,PERSONAL_LOAN,CLOSED,1,2026-05-26,2026-05-15 21:06:50,,MEDIUM
5906,5906,2026-04-20 08:52:05,RETAIL_BANKING,CLOSED,3,2026-05-04,2026-04-22 08:52:05,,MEDIUM
5907,5907,2025-09-12 12:01:30,FX_HEDGING_SOLUTIONS,CLOSED,2,2025-09-26,2025-09-16 12:01:30,,MEDIUM
5908,5908,2026-07-07 17:07:18,ESCROW_SERVICES,IN_REVIEW,,2026-07-21,,,MEDIUM
5909,5909,2025-10-29 04:26:06,REGULATORY_REPORTING_INTEGRATION,IN_REVIEW,,2025-11-12,,,MEDIUM
5910,5910,2026-02-23 12:44:40,BALLOT_INITIATIVE_ESCROW,IN_REVIEW,,2026-03-09,,,LOW
5911,5911,2026-03-21 10:11:24,BALLOT_INITIATIVE_ESCROW,CLOSED,1,2026-04-04,2026-03-26 10:11:24,Unverified or expired identity documents,MEDIUM
5912,5912,2026-06-19 16:36:00,RETAIL_BANKING,OPEN,5,2026-07-03,,,LOW
5913,5913,2026-01-30 07:13:52,ROBO_ADVISORY,CLOSED,1,2026-02-13,2026-02-02 07:13:52,,MEDIUM
5914,5914,2026-01-26 00:23:29,PERSONAL_LOAN,CLOSED,2,2026-02-09,2026-01-28 00:23:29,Unverified or expired identity documents,LOW
5915,5915,2025-12-16 23:11:54,CRYPTO_BROKERAGE,PENDING_DOCUMENTS,5,2025-12-30,,,LOW
5916,5916,2026-04-23 00:07:00,AUTO_FINANCING,OPEN,2,2026-05-07,,,LOW
5917,5917,2026-02-18 09:12:53,MORTGAGE_ORIGINATION,CLOSED,1,2026-03-04,2026-02-20 09:12:53,,LOW
5918,5918,2025-12-16 18:46:39,HIGH_VOLUME_MERCHANT_GATEWAY,CLOSED,2,2025-12-30,2025-12-20 18:46:39,Unverified or expired identity documents,LOW
5919,5919,2025-09-21 11:10:43,BENEFICIARY_DISBURSEMENT_SERVICES,CLOSED,2,2025-10-05,2025-09-25 11:10:43,,MEDIUM
5920,5920,2025-11-08 15:24:14,CREDIT_CARD_ISSUANCE,CLOSED,2,2025-11-22,2025-11-09 15:24:14,,MEDIUM
5921,5921,2025-11-23 03:08:57,RETAIL_EQUITY_BROKERAGE,IN_REVIEW,,2025-12-07,,,LOW
5922,5922,2025-11-08 07:33:29,RETAIL_EQUITY_BROKERAGE,CLOSED,5,2025-11-22,2025-11-11 07:33:29,,LOW
5923,5923,2025-09-12 10:27:16,TERM_LIFE_INSURANCE,CLOSED,5,2025-09-26,2025-09-17 10:27:16,,MEDIUM
5924,5924,2026-03-05 22:23:20,PERSONAL_LOAN,CLOSED,4,2026-03-19,2026-03-08 22:23:20,,MEDIUM
5925,5925,2025-09-05 23:45:08,RETAIL_BANKING,CLOSED,5,2025-09-19,2025-09-10 23:45:08,,LOW
5926,5926,2026-04-04 02:06:56,LETTER_OF_CREDIT,CLOSED,2,2026-04-18,2026-04-06 02:06:56,,MEDIUM
5927,5927,2026-04-18 15:47:44,ESCROW_SERVICES,CLOSED,4,2026-05-02,2026-04-20 15:47:44,,LOW
5928,5928,2025-11-14 03:27:19,RETAIL_BANKING,OPEN,,2025-11-28,,,LOW
5929,5929,2025-11-24 20:19:24,RETAIL_BANKING,CLOSED,4,2025-12-08,2025-11-25 20:19:24,,LOW
5930,5930,2025-10-13 03:59:33,RETAIL_EQUITY_BROKERAGE,CLOSED,5,2025-10-27,2025-10-14 03:59:33,,MEDIUM
5931,5931,2025-12-19 12:04:32,TREASURY_MANAGEMENT,CLOSED,3,2026-01-02,2025-12-20 12:04:32,Unverified or expired identity documents,LOW
5932,5932,2026-05-28 16:25:23,AUTO_FINANCING,CLOSED,2,2026-06-11,2026-05-31 16:25:23,Unverified or expired identity documents,HIGH
5933,5933,2026-03-07 19:43:57,RETAIL_EQUITY_BROKERAGE,CLOSED,1,2026-03-21,2026-03-10 19:43:57,,MEDIUM
5934,5934,2026-01-06 17:24:53,PERSONAL_LOAN,CLOSED,4,2026-01-20,2026-01-10 17:24:53,,LOW
5935,5935,2026-04-16 05:00:29,HIGH_YIELD_SAVINGS,CLOSED,2,2026-04-30,2026-04-18 05:00:29,,LOW
5936,5936,2026-07-06 13:43:54,SYNDICATED_LOANS,CLOSED,4,2026-07-20,2026-07-07 13:43:54,,LOW
5937,5937,2025-10-30 16:06:50,DISBURSEMENT_PAYROLL_SERVICES,CLOSED,1,2025-11-13,2025-11-02 16:06:50,,LOW
5938,5938,2025-08-27 12:42:33,BUY_NOW_PAY_LATER,CLOSED,2,2025-09-10,2025-08-28 12:42:33,Unverified or expired identity documents,HIGH
5939,5939,2025-12-06 11:58:36,CRYPTO_BROKERAGE,CLOSED,3,2025-12-20,2025-12-11 11:58:36,,LOW
5940,5940,2026-05-30 06:03:24,CRYPTO_BROKERAGE,CLOSED,4,2026-06-13,2026-06-05 06:03:24,,LOW
5941,5941,2025-10-20 23:17:47,LIQUIDITY_MANAGEMENT,CLOSED,2,2025-11-03,2025-10-22 23:17:47,,LOW
5942,5942,2026-05-15 17:29:51,TERM_LIFE_INSURANCE,CLOSED,1,2026-05-29,2026-05-21 17:29:51,,LOW
5943,5943,2026-01-19 06:00:27,HIGH_YIELD_SAVINGS,CLOSED,5,2026-02-02,2026-01-23 06:00:27,,HIGH
5944,5944,2026-05-31 15:12:43,BENEFICIARY_DISBURSEMENT_SERVICES,CLOSED,5,2026-06-14,2026-06-04 15:12:43,,LOW
5945,5945,2026-04-09 15:43:53,BUY_NOW_PAY_LATER,CLOSED,2,2026-04-23,2026-04-10 15:43:53,,LOW
5946,5946,2025-09-30 15:53:47,CROSS_BORDER_REMITTANCE,OPEN,3,2025-10-14,,,LOW
5947,5947,2025-12-09 20:05:33,RETAIL_BANKING,CLOSED,5,2025-12-23,2025-12-15 20:05:33,,MEDIUM
5948,5948,2026-03-31 07:12:08,RETAIL_EQUITY_BROKERAGE,CLOSED,5,2026-04-14,2026-04-03 07:12:08,,LOW
5949,5949,2026-01-07 04:37:09,CROSS_BORDER_REMITTANCE,CLOSED,5,2026-01-21,2026-01-10 04:37:09,,LOW
5950,5950,2025-09-17 09:03:20,HIGH_YIELD_SAVINGS,CLOSED,2,2025-10-01,2025-09-22 09:03:20,,LOW
5951,5951,2026-07-04 03:20:27,RETAIL_EQUITY_BROKERAGE,PENDING_DOCUMENTS,3,2026-07-18,,,HIGH
5952,5952,2025-12-07 23:02:51,SYNDICATED_LOANS,CLOSED,5,2025-12-21,2025-12-12 23:02:51,,LOW
5953,5953,2026-07-13 22:02:46,TERM_LIFE_INSURANCE,CLOSED,4,2026-07-27,2026-07-18 22:02:46,,LOW
5954,5954,2025-12-15 08:52:47,CROSS_BORDER_REMITTANCE,CLOSED,1,2025-12-29,2025-12-18 08:52:47,,LOW
5955,5955,2025-09-21 07:00:18,RETAIL_EQUITY_BROKERAGE,IN_REVIEW,3,2025-10-05,,,LOW
5956,5956,2026-04-22 22:48:48,DIRECT_INDEXING,OPEN,,2026-05-06,,,MEDIUM
5957,5957,2026-02-06 17:44:48,BUY_NOW_PAY_LATER,CLOSED,2,2026-02-20,2026-02-07 17:44:48,,LOW
5958,5958,2026-01-09 12:13:08,CRYPTO_BROKERAGE,CLOSED,3,2026-01-23,2026-01-11 12:13:08,Unverified or expired identity documents,HIGH
5959,5959,2026-07-24 01:15:30,PERSONAL_LOAN,CLOSED,1,2026-08-07,2026-07-27 01:15:30,,LOW
5960,5960,2026-07-19 06:03:42,TREASURY_MANAGEMENT,CLOSED,5,2026-08-02,2026-07-20 06:03:42,,MEDIUM
5961,5961,2025-12-24 08:39:42,ESTATE_PLANNING_SERVICES,CLOSED,3,2026-01-07,2025-12-28 08:39:42,,LOW
5962,5962,2026-01-11 11:03:39,BUY_NOW_PAY_LATER,CLOSED,2,2026-01-25,2026-01-17 11:03:39,,LOW
5963,5963,2026-03-14 12:52:35,AUTO_FINANCING,CLOSED,1,2026-03-28,2026-03-15 12:52:35,,MEDIUM
5964,5964,2025-08-25 16:56:57,RETAIL_EQUITY_BROKERAGE,CLOSED,1,2025-09-08,2025-08-26 16:56:57,,MEDIUM
5965,5965,2026-05-27 19:35:21,LETTER_OF_CREDIT,CLOSED,1,2026-06-10,2026-05-30 19:35:21,,LOW
5966,5966,2025-09-24 12:22:34,AUTO_FINANCING,CLOSED,4,2025-10-08,2025-09-27 12:22:34,,LOW
5967,5967,2026-03-19 08:46:11,TAX_OPTIMIZED_INVESTING,CLOSED,2,2026-04-02,2026-03-23 08:46:11,,MEDIUM
5968,5968,2025-09-16 10:01:46,RETAIL_BANKING,CLOSED,1,2025-09-30,2025-09-19 10:01:46,,MEDIUM
5969,5969,2025-11-04 22:34:47,PERSONAL_LOAN,CLOSED,3,2025-11-18,2025-11-07 22:34:47,,LOW
5970,5970,2026-08-02 09:39:41,BUY_NOW_PAY_LATER,OPEN,,2026-08-16,,,LOW
5971,5971,2026-02-12 16:25:40,HIGH_VOLUME_MERCHANT_GATEWAY,CLOSED,1,2026-02-26,2026-02-17 16:25:40,Unverified or expired identity documents,HIGH
5972,5972,2025-10-08 00:51:28,BUY_NOW_PAY_LATER,CLOSED,2,2025-10-22,2025-10-13 00:51:28,,LOW
5973,5973,2025-12-04 04:08:33,CROSS_BORDER_REMITTANCE,CLOSED,1,2025-12-18,2025-12-10 04:08:33,,LOW
5974,5974,2026-03-11 15:44:37,TERM_LIFE_INSURANCE,CLOSED,5,2026-03-25,2026-03-14 15:44:37,,LOW
5975,5975,2026-07-20 00:00:59,INSTITUTIONAL_CRYPTO_CUSTODY,CLOSED,4,2026-08-03,2026-07-21 00:00:59,,LOW
5976,5976,2026-05-04 11:35:48,PAYROLL_SERVICES,CLOSED,1,2026-05-18,2026-05-10 11:35:48,,HIGH
5977,5977,2025-09-30 15:42:21,HIGH_YIELD_SAVINGS,CLOSED,1,2025-10-14,2025-10-05 15:42:21,Unverified or expired identity documents,LOW
5978,5978,2026-04-11 11:22:13,SYNDICATED_LOANS,CLOSED,3,2026-04-25,2026-04-12 11:22:13,,LOW
5979,5979,2025-09-04 20:44:17,AUTO_FINANCING,IN_REVIEW,5,2025-09-18,,,HIGH
5980,5980,2026-06-06 23:16:24,CREDIT_CARD_ISSUANCE,OPEN,4,2026-06-20,,,LOW
5981,5981,2026-06-10 15:44:39,LETTER_OF_CREDIT,OPEN,5,2026-06-24,,,LOW
5982,5982,2026-07-14 09:56:14,BUY_NOW_PAY_LATER,CLOSED,5,2026-07-28,2026-07-20 09:56:14,,MEDIUM
5983,5983,2026-06-12 21:22:58,CROSS_BORDER_REMITTANCE,CLOSED,2,2026-06-26,2026-06-13 21:22:58,,LOW
5984,5984,2025-11-13 13:32:20,ROBO_ADVISORY,CLOSED,4,2025-11-27,2025-11-15 13:32:20,,LOW
5985,5985,2026-02-16 04:46:31,TREASURY_MANAGEMENT,CLOSED,1,2026-03-02,2026-02-17 04:46:31,,LOW
5986,5986,2026-01-03 20:49:25,AUTO_FINANCING,CLOSED,2,2026-01-17,2026-01-06 20:49:25,,HIGH
5987,5987,2026-07-09 11:08:23,CREDIT_CARD_ISSUANCE,CLOSED,3,2026-07-23,2026-07-14 11:08:23,,LOW
5988,5988,2026-03-04 20:22:08,ESCROW_SERVICES,CLOSED,2,2026-03-18,2026-03-09 20:22:08,,MEDIUM
5989,5989,2026-01-31 06:37:19,DISBURSEMENT_PAYROLL_SERVICES,CLOSED,5,2026-02-14,2026-02-05 06:37:19,Unverified or expired identity documents,MEDIUM
5990,5990,2026-03-07 21:18:31,ROBO_ADVISORY,CLOSED,4,2026-03-21,2026-03-08 21:18:31,,LOW
5991,5991,2026-03-08 11:15:34,BUY_NOW_PAY_LATER,CLOSED,3,2026-03-22,2026-03-12 11:15:34,,LOW
5992,5992,2025-10-12 06:51:43,RETAIL_EQUITY_BROKERAGE,CLOSED,5,2025-10-26,2025-10-15 06:51:43,,LOW
5993,5993,2026-02-26 02:14:08,REGULATORY_REPORTING_INTEGRATION,OPEN,2,2026-03-12,,,LOW
5994,5994,2025-12-21 03:46:11,TERM_LIFE_INSURANCE,CLOSED,3,2026-01-04,2025-12-25 03:46:11,,MEDIUM
5995,5995,2026-07-29 12:00:25,CREDIT_CARD_ISSUANCE,CLOSED,2,2026-08-12,2026-07-30 12:00:25,,LOW
5996,5996,2026-05-09 16:43:09,ROBO_ADVISORY,CLOSED,4,2026-05-23,2026-05-15 16:43:09,,LOW
5997,5997,2025-11-28 17:17:26,ROBO_ADVISORY,CLOSED,1,2025-12-12,2025-12-03 17:17:26,,MEDIUM
5998,5998,2025-12-11 09:42:58,FIDUCIARY_CUSTODY_ACCOUNT,CLOSED,5,2025-12-25,2025-12-14 09:42:58,,LOW
5999,5999,2026-07-19 14:38:38,HIGH_YIELD_SAVINGS,CLOSED,1,2026-08-02,2026-07-23 14:38:38,,LOW
6000,6000,2025-09-08 17:05:15,CROSS_BORDER_REMITTANCE,CLOSED,3,2025-09-22,2025-09-12 17:05:15,,LOW
6001,6001,2025-10-26 13:34:21,SYNDICATED_LOANS,CLOSED,5,2025-11-09,2025-10-31 13:34:21,,LOW
6002,6002,2026-06-25 10:39:26,CROSS_BORDER_REMITTANCE,CLOSED,3,2026-07-09,2026-06-27 10:39:26,,LOW
6003,6003,2025-11-15 09:20:21,COMPLIANCE_RESTRICTED_DEPOSIT_ACCOUNT,CLOSED,5,2025-11-29,2025-11-20 09:20:21,,LOW
6004,6004,2026-03-02 03:10:31,LIQUIDITY_MANAGEMENT,CLOSED,2,2026-03-16,2026-03-06 03:10:31,,LOW
6005,6005,2025-09-01 23:59:59,RETAIL_BANKING,CLOSED,4,2025-09-15,2025-09-02 23:59:59,Unverified or expired identity documents,MEDIUM
6006,6006,2025-11-09 20:50:22,MORTGAGE_ORIGINATION,CLOSED,2,2025-11-23,2025-11-12 20:50:22,,LOW
6007,6007,2025-09-23 16:39:35,CROSS_BORDER_REMITTANCE,CLOSED,1,2025-10-07,2025-09-29 16:39:35,,LOW
6008,6008,2025-11-26 16:35:46,ESCROW_SERVICES,CLOSED,2,2025-12-10,2025-11-28 16:35:46,,LOW
6009,6009,2026-03-28 18:41:01,TERM_LIFE_INSURANCE,CLOSED,5,2026-04-11,2026-04-01 18:41:01,,LOW
6010,6010,2026-05-19 16:18:58,BUY_NOW_PAY_LATER,CLOSED,2,2026-06-02,2026-05-24 16:18:58,,LOW
6011,6011,2026-07-07 05:38:31,PERSONAL_LOAN,CLOSED,5,2026-07-21,2026-07-13 05:38:31,,LOW
6012,6012,2026-01-14 16:24:56,RETAIL_EQUITY_BROKERAGE,CLOSED,4,2026-01-28,2026-01-20 16:24:56,,LOW
6013,6013,2026-02-17 08:26:23,BENEFICIARY_DISBURSEMENT_SERVICES,CLOSED,1,2026-03-03,2026-02-18 08:26:23,,LOW
6014,6014,2026-03-26 05:14:56,MERCHANT_ACQUIRING,CLOSED,5,2026-04-09,2026-03-27 05:14:56,Unverified or expired identity documents,HIGH
6015,6015,2026-06-10 14:18:58,RETAIL_EQUITY_BROKERAGE,CLOSED,5,2026-06-24,2026-06-16 14:18:58,,LOW
6016,6016,2025-12-11 06:03:59,BENEFICIARY_DISBURSEMENT_SERVICES,CLOSED,4,2025-12-25,2025-12-16 06:03:59,Unverified or expired identity documents,HIGH
6017,6017,2025-09-15 22:33:04,GOVERNMENT_RELATIONS_ESCROW,OPEN,1,2025-09-29,,,LOW
6018,6018,2025-10-23 15:32:02,FX_HEDGING_SOLUTIONS,CLOSED,5,2025-11-06,2025-10-25 15:32:02,,LOW
6019,6019,2026-07-03 12:31:12,TRADE_FINANCE_CREDIT_INSURANCE,CLOSED,4,2026-07-17,2026-07-09 12:31:12,,LOW
6020,6020,2026-06-07 07:07:01,PERSONAL_LOAN,CLOSED,5,2026-06-21,2026-06-11 07:07:01,,LOW
6021,6021,2026-05-08 02:30:28,PERSONAL_LOAN,CLOSED,3,2026-05-22,2026-05-12 02:30:28,,LOW
6022,6022,2026-06-16 21:14:07,COMPLIANCE_RESTRICTED_DEPOSIT_ACCOUNT,CLOSED,4,2026-06-30,2026-06-19 21:14:07,,LOW
6023,6023,2025-08-28 01:27:32,RETAIL_EQUITY_BROKERAGE,OPEN,,2025-09-11,,,LOW
6024,6024,2025-12-14 20:27:10,RETAIL_BANKING,CLOSED,5,2025-12-28,2025-12-17 20:27:10,,LOW
6025,6025,2026-03-16 23:13:49,RETAIL_BANKING,CLOSED,2,2026-03-30,2026-03-18 23:13:49,,LOW
6026,6026,2026-07-27 05:26:11,MORTGAGE_ORIGINATION,PENDING_DOCUMENTS,5,2026-08-10,,,MEDIUM
6027,6027,2025-10-19 18:09:13,CREDIT_CARD_ISSUANCE,CLOSED,3,2025-11-02,2025-10-22 18:09:13,Adverse media and PEP screening threshold exceeded,MEDIUM
6028,6028,2026-08-13 10:51:39,PAYROLL_SERVICES,CLOSED,2,2026-08-27,2026-08-14 10:51:39,,LOW
6029,6029,2025-12-11 15:30:47,BUY_NOW_PAY_LATER,CLOSED,1,2025-12-25,2025-12-17 15:30:47,,LOW
6030,6030,2026-01-29 18:22:49,CREDIT_CARD_ISSUANCE,CLOSED,5,2026-02-12,2026-02-01 18:22:49,,LOW
6031,6031,2026-06-18 13:35:21,LIQUIDITY_MANAGEMENT,CLOSED,4,2026-07-02,2026-06-22 13:35:21,,LOW
6032,6032,2025-10-25 00:49:23,RETAIL_EQUITY_BROKERAGE,CLOSED,3,2025-11-08,2025-10-31 00:49:23,,LOW
6033,6033,2025-12-24 13:28:17,PERSONAL_LOAN,CLOSED,1,2026-01-07,2025-12-30 13:28:17,,MEDIUM
6034,6034,2025-11-05 03:40:01,MORTGAGE_ORIGINATION,PENDING_DOCUMENTS,5,2025-11-19,,,LOW
6035,6035,2026-06-26 10:51:49,AUTO_FINANCING,IN_REVIEW,2,2026-07-10,,,LOW
6036,6036,2025-12-20 10:21:48,PERSONAL_LOAN,OPEN,5,2026-01-03,,,LOW
6037,6037,2026-01-07 10:36:01,BESPOKE_PORTFOLIO_MANAGEMENT,IN_REVIEW,,2026-01-21,,,HIGH
6038,6038,2026-08-09 02:48:11,MORTGAGE_ORIGINATION,CLOSED,4,2026-08-23,2026-08-11 02:48:11,,LOW
6039,6039,2026-01-05 18:04:54,MORTGAGE_ORIGINATION,CLOSED,3,2026-01-19,2026-01-10 18:04:54,Unverified or expired identity documents,MEDIUM
6040,6040,2026-08-10 12:46:31,LIQUIDITY_MANAGEMENT,PENDING_DOCUMENTS,2,2026-08-24,,,LOW
6041,6041,2026-05-02 06:59:45,CROSS_BORDER_REMITTANCE,CLOSED,1,2026-05-16,2026-05-07 06:59:45,,LOW
6042,6042,2026-06-23 15:41:16,MORTGAGE_ORIGINATION,CLOSED,3,2026-07-07,2026-06-24 15:41:16,,LOW
6043,6043,2025-12-02 01:53:15,MORTGAGE_ORIGINATION,CLOSED,2,2025-12-16,2025-12-04 01:53:15,,LOW
6044,6044,2026-08-22 16:13:18,SYNDICATED_LOANS,CLOSED,5,2026-09-05,2026-08-27 16:13:18,,LOW
6045,6045,2025-10-19 02:21:07,TERM_LIFE_INSURANCE,OPEN,,2025-11-02,,,LOW
6046,6046,2025-10-22 19:01:22,ROBO_ADVISORY,CLOSED,3,2025-11-05,2025-10-28 19:01:22,,LOW
6047,6047,2025-11-21 14:56:59,ROBO_ADVISORY,CLOSED,4,2025-12-05,2025-11-23 14:56:59,,HIGH
6048,6048,2026-08-08 11:29:04,ROBO_ADVISORY,OPEN,1,2026-08-22,,,LOW
6049,6049,2026-08-12 08:37:40,CROSS_BORDER_REMITTANCE,CLOSED,3,2026-08-26,2026-08-15 08:37:40,Adverse media and PEP screening threshold exceeded,MEDIUM
6050,6050,2026-03-17 11:57:06,CROSS_BORDER_REMITTANCE,CLOSED,4,2026-03-31,2026-03-23 11:57:06,,LOW
6051,6051,2025-12-06 18:32:15,RETAIL_BANKING,CLOSED,4,2025-12-20,2025-12-09 18:32:15,,LOW
6052,6052,2026-07-17 08:03:22,MORTGAGE_ORIGINATION,PENDING_DOCUMENTS,4,2026-07-31,,,MEDIUM
6053,6053,2025-09-17 22:02:30,CORPORATE_CREDIT_CARD,CLOSED,5,2025-10-01,2025-09-21 22:02:30,,LOW
6054,6054,2026-05-20 06:22:17,CREDIT_CARD_ISSUANCE,CLOSED,3,2026-06-03,2026-05-26 06:22:17,,LOW
6055,6055,2026-01-29 08:49:59,ROBO_ADVISORY,CLOSED,2,2026-02-12,2026-02-03 08:49:59,,LOW
6056,6056,2026-06-22 04:03:22,SYNDICATED_LOANS,IN_REVIEW,5,2026-07-06,,,LOW
6057,6057,2026-08-19 14:48:08,CRYPTO_BROKERAGE,CLOSED,2,2026-09-02,2026-08-20 14:48:08,,LOW
6058,6058,2026-07-09 10:41:17,INSTITUTIONAL_CRYPTO_CUSTODY,CLOSED,4,2026-07-23,2026-07-12 10:41:17,,LOW
6059,6059,2025-10-07 00:19:52,RETAIL_BANKING,CLOSED,2,2025-10-21,2025-10-10 00:19:52,,LOW
6060,6060,2025-09-07 17:57:56,TERM_LIFE_INSURANCE,CLOSED,1,2025-09-21,2025-09-11 17:57:56,,LOW
6061,6061,2026-08-01 21:05:58,HIGH_YIELD_SAVINGS,CLOSED,4,2026-08-15,2026-08-05 21:05:58,,LOW
6062,6062,2026-08-14 07:27:30,SYNDICATED_LOANS,CLOSED,5,2026-08-28,2026-08-18 07:27:30,,LOW
6063,6063,2026-01-16 06:25:07,CAMPAIGN_CHECKING_ACCOUNT,CLOSED,5,2026-01-30,2026-01-17 06:25:07,,MEDIUM
6064,6064,2026-03-28 12:44:53,ROBO_ADVISORY,CLOSED,3,2026-04-11,2026-03-30 12:44:53,,LOW
6065,6065,2026-01-11 07:24:48,CRYPTO_BROKERAGE,CLOSED,3,2026-01-25,2026-01-14 07:24:48,,LOW
6066,6066,2026-02-20 00:51:43,CRYPTO_BROKERAGE,CLOSED,3,2026-03-06,2026-02-22 00:51:43,,LOW
6067,6067,2026-06-02 11:10:43,PERSONAL_LOAN,OPEN,5,2026-06-16,,,LOW
6068,6068,2026-03-06 02:50:21,RETAIL_EQUITY_BROKERAGE,CLOSED,1,2026-03-20,2026-03-08 02:50:21,Unverified or expired identity documents,HIGH
6069,6069,2025-12-22 01:30:08,BUY_NOW_PAY_LATER,CLOSED,4,2026-01-05,2025-12-25 01:30:08,,LOW
6070,6070,2026-06-11 06:19:29,RETAIL_BANKING,CLOSED,1,2026-06-25,2026-06-15 06:19:29,,LOW
6071,6071,2026-03-23 07:40:43,ESTATE_PLANNING_SERVICES,CLOSED,1,2026-04-06,2026-03-24 07:40:43,,LOW
6072,6072,2025-11-20 01:21:11,INSTITUTIONAL_CRYPTO_CUSTODY,CLOSED,2,2025-12-04,2025-11-26 01:21:11,,LOW
6073,6073,2025-12-15 02:09:48,BENEFICIARY_DISBURSEMENT_SERVICES,IN_REVIEW,4,2025-12-29,,,LOW
6074,6074,2026-06-02 07:24:15,INSTITUTIONAL_CRYPTO_CUSTODY,OPEN,,2026-06-16,,,LOW
6075,6075,2025-10-23 00:18:46,CROSS_BORDER_REMITTANCE,CLOSED,2,2025-11-06,2025-10-25 00:18:46,,MEDIUM
6076,6076,2026-05-02 21:20:19,MORTGAGE_ORIGINATION,CLOSED,3,2026-05-16,2026-05-07 21:20:19,,MEDIUM
6077,6077,2026-08-25 07:25:40,INSTITUTIONAL_CRYPTO_CUSTODY,CLOSED,4,2026-09-08,2026-08-26 07:25:40,,MEDIUM
6078,6078,2026-05-27 05:14:20,CORPORATE_ACCOUNT,CLOSED,1,2026-06-10,2026-06-01 05:14:20,,MEDIUM
6079,6079,2026-08-06 05:21:20,CROSS_BORDER_REMITTANCE,OPEN,4,2026-08-20,,,LOW
6080,6080,2026-02-27 12:39:29,MORTGAGE_ORIGINATION,IN_REVIEW,,2026-03-13,,,LOW
6081,6081,2025-10-21 08:28:58,COMPLIANCE_RESTRICTED_DEPOSIT_ACCOUNT,CLOSED,5,2025-11-04,2025-10-26 08:28:58,,MEDIUM
6082,6082,2025-12-27 01:45:27,CRYPTO_BROKERAGE,CLOSED,5,2026-01-10,2025-12-30 01:45:27,,LOW
6083,6083,2026-07-04 20:36:04,RETAIL_BANKING,CLOSED,4,2026-07-18,2026-07-08 20:36:04,,LOW
6084,6084,2026-01-07 15:54:31,BUY_NOW_PAY_LATER,CLOSED,4,2026-01-21,2026-01-08 15:54:31,Unverified or expired identity documents,HIGH
6085,6085,2026-07-04 12:52:54,PERSONAL_LOAN,CLOSED,1,2026-07-18,2026-07-07 12:52:54,Unverified or expired identity documents,HIGH
6086,6086,2026-04-19 09:44:00,ESCROW_SERVICES,CLOSED,3,2026-05-03,2026-04-23 09:44:00,,LOW
6087,6087,2026-05-30 17:15:02,MORTGAGE_ORIGINATION,CLOSED,2,2026-06-13,2026-06-05 17:15:02,,LOW
6088,6088,2026-07-03 20:49:17,RETAIL_EQUITY_BROKERAGE,CLOSED,3,2026-07-17,2026-07-05 20:49:17,,LOW
6089,6089,2026-03-17 17:32:04,PERSONAL_LOAN,CLOSED,4,2026-03-31,2026-03-21 17:32:04,,LOW
6090,6090,2025-10-12 21:32:41,INSTITUTIONAL_CRYPTO_CUSTODY,CLOSED,4,2025-10-26,2025-10-17 21:32:41,,MEDIUM
6091,6091,2026-03-04 14:20:33,RETAIL_EQUITY_BROKERAGE,CLOSED,5,2026-03-18,2026-03-09 14:20:33,,LOW
6092,6092,2025-12-04 14:59:39,PERSONAL_LOAN,CLOSED,2,2025-12-18,2025-12-07 14:59:39,,MEDIUM
6093,6093,2026-03-21 04:08:04,RETAIL_EQUITY_BROKERAGE,CLOSED,5,2026-04-04,2026-03-23 04:08:04,,LOW
6094,6094,2026-05-30 04:18:05,MORTGAGE_ORIGINATION,CLOSED,1,2026-06-13,2026-06-01 04:18:05,,LOW
6095,6095,2026-01-16 12:00:14,CRYPTO_BROKERAGE,CLOSED,3,2026-01-30,2026-01-20 12:00:14,,LOW
6096,6096,2025-11-17 06:52:01,PERSONAL_LOAN,CLOSED,3,2025-12-01,2025-11-19 06:52:01,,LOW
6097,6097,2026-04-11 08:27:01,CREDIT_CARD_ISSUANCE,CLOSED,2,2026-04-25,2026-04-12 08:27:01,,LOW
6098,6098,2025-12-01 17:46:45,RETAIL_EQUITY_BROKERAGE,CLOSED,1,2025-12-15,2025-12-03 17:46:45,,LOW
6099,6099,2025-12-11 08:13:25,CAMPAIGN_CHECKING_ACCOUNT,IN_REVIEW,5,2025-12-25,,,LOW
6100,6100,2026-04-17 15:11:55,GOVERNMENT_RELATIONS_ESCROW,CLOSED,3,2026-05-01,2026-04-21 15:11:55,,MEDIUM
6101,6101,2025-09-25 04:43:52,RETAIL_BANKING,CLOSED,3,2025-10-09,2025-09-30 04:43:52,,LOW
6102,6102,2026-07-17 20:28:15,TRADE_FINANCE_CREDIT_INSURANCE,CLOSED,3,2026-07-31,2026-07-21 20:28:15,,LOW
6103,6103,2026-06-22 16:02:12,TREASURY_MANAGEMENT,PENDING_DOCUMENTS,5,2026-07-06,,,MEDIUM
6104,6104,2026-04-11 07:23:38,CREDIT_CARD_ISSUANCE,CLOSED,4,2026-04-25,2026-04-12 07:23:38,,LOW
6105,6105,2026-01-26 03:21:28,DIRECT_INDEXING,CLOSED,1,2026-02-09,2026-01-28 03:21:28,,LOW
6106,6106,2026-05-25 08:49:04,RETAIL_EQUITY_BROKERAGE,OPEN,3,2026-06-08,,,LOW
6107,6107,2026-08-05 02:22:53,MORTGAGE_ORIGINATION,CLOSED,5,2026-08-19,2026-08-10 02:22:53,,HIGH
6108,6108,2026-03-05 19:06:24,ESCROW_SERVICES,CLOSED,2,2026-03-19,2026-03-10 19:06:24,,LOW
6109,6109,2026-06-20 08:32:41,FIDUCIARY_CUSTODY_ACCOUNT,CLOSED,4,2026-07-04,2026-06-21 08:32:41,,LOW
6110,6110,2026-05-15 22:42:46,CORPORATE_ACCOUNT,CLOSED,3,2026-05-29,2026-05-21 22:42:46,,MEDIUM
6111,6111,2026-05-16 14:19:58,BENEFICIARY_DISBURSEMENT_SERVICES,CLOSED,3,2026-05-30,2026-05-20 14:19:58,,MEDIUM
6112,6112,2025-09-07 18:32:13,AUTO_FINANCING,CLOSED,1,2025-09-21,2025-09-09 18:32:13,,LOW
6113,6113,2025-11-04 08:06:54,RETAIL_BANKING,CLOSED,3,2025-11-18,2025-11-09 08:06:54,Unverified or expired identity documents,HIGH
6114,6114,2026-01-03 13:19:34,PAYROLL_SERVICES,IN_REVIEW,3,2026-01-17,,,LOW
6115,6115,2025-10-17 23:42:03,CORPORATE_ACCOUNT,OPEN,3,2025-10-31,,,LOW
6116,6116,2026-04-30 16:16:03,CORPORATE_CREDIT_CARD,IN_REVIEW,4,2026-05-14,,,LOW
6117,6117,2026-01-09 13:19:43,TERM_LIFE_INSURANCE,CLOSED,5,2026-01-23,2026-01-10 13:19:43,,MEDIUM
6118,6118,2025-09-15 13:58:27,CROSS_BORDER_REMITTANCE,CLOSED,2,2025-09-29,2025-09-20 13:58:27,,LOW
6119,6119,2025-12-01 22:52:11,HIGH_YIELD_SAVINGS,CLOSED,5,2025-12-15,2025-12-05 22:52:11,Unverified or expired identity documents,HIGH
6120,6120,2026-04-27 13:42:16,AUTO_FINANCING,CLOSED,1,2026-05-11,2026-04-29 13:42:16,,LOW
6121,6121,2026-05-10 22:04:04,AUTO_FINANCING,CLOSED,1,2026-05-24,2026-05-15 22:04:04,,LOW
6122,6122,2026-02-05 00:02:43,FX_HEDGING_SOLUTIONS,CLOSED,2,2026-02-19,2026-02-09 00:02:43,,LOW
6123,6123,2026-04-18 00:54:23,CORPORATE_CREDIT_CARD,IN_REVIEW,3,2026-05-02,,,LOW
6124,6124,2026-01-08 01:59:02,HIGH_YIELD_SAVINGS,CLOSED,4,2026-01-22,2026-01-12 01:59:02,High-risk sanctions/FATF jurisdiction,HIGH
6125,6125,2026-03-07 20:23:24,RETAIL_BANKING,CLOSED,2,2026-03-21,2026-03-13 20:23:24,Unverified or expired identity documents,HIGH
6126,6126,2025-10-15 17:42:23,PERSONAL_LOAN,CLOSED,1,2025-10-29,2025-10-19 17:42:23,,LOW
6127,6127,2026-02-04 05:16:19,SHORT_TERM_LIQUIDITY_MANAGEMENT,CLOSED,1,2026-02-18,2026-02-05 05:16:19,,MEDIUM
6128,6128,2025-12-22 20:19:41,HIGH_YIELD_SAVINGS,CLOSED,5,2026-01-05,2025-12-23 20:19:41,,MEDIUM
6129,6129,2026-08-16 15:33:36,PAYROLL_SERVICES,CLOSED,2,2026-08-30,2026-08-22 15:33:36,,LOW
6130,6130,2026-08-21 13:30:23,PERSONAL_LOAN,CLOSED,2,2026-09-04,2026-08-24 13:30:23,,LOW
6131,6131,2026-07-04 07:26:46,CREDIT_CARD_ISSUANCE,CLOSED,1,2026-07-18,2026-07-08 07:26:46,,LOW
6132,6132,2026-02-09 04:28:35,BUY_NOW_PAY_LATER,PENDING_DOCUMENTS,5,2026-02-23,,,LOW
6133,6133,2026-08-15 20:25:39,BUY_NOW_PAY_LATER,IN_REVIEW,5,2026-08-29,,,MEDIUM
6134,6134,2025-12-15 05:20:31,LETTER_OF_CREDIT,CLOSED,1,2025-12-29,2025-12-18 05:20:31,,MEDIUM
6135,6135,2025-12-28 00:56:53,CAMPAIGN_CHECKING_ACCOUNT,CLOSED,1,2026-01-11,2025-12-30 00:56:53,,LOW
6136,6136,2025-12-06 01:36:58,HIGH_YIELD_SAVINGS,CLOSED,4,2025-12-20,2025-12-09 01:36:58,,LOW
6137,6137,2026-01-19 22:44:26,LIQUIDITY_MANAGEMENT,CLOSED,3,2026-02-02,2026-01-22 22:44:26,,LOW
6138,6138,2026-04-07 02:56:20,HIGH_YIELD_SAVINGS,CLOSED,5,2026-04-21,2026-04-11 02:56:20,,LOW
6139,6139,2025-09-14 17:25:10,BUY_NOW_PAY_LATER,OPEN,3,2025-09-28,,,LOW
6140,6140,2025-12-12 11:23:30,CRYPTO_BROKERAGE,CLOSED,3,2025-12-26,2025-12-15 11:23:30,,LOW
6141,6141,2025-09-12 19:01:39,REGULATORY_REPORTING_INTEGRATION,CLOSED,5,2025-09-26,2025-09-18 19:01:39,Unverified or expired identity documents,MEDIUM
6142,6142,2026-04-30 19:09:22,MERCHANT_ACQUIRING,CLOSED,2,2026-05-14,2026-05-06 19:09:22,,LOW
6143,6143,2026-07-24 17:16:31,MORTGAGE_ORIGINATION,CLOSED,5,2026-08-07,2026-07-29 17:16:31,,HIGH
6144,6144,2025-12-28 11:08:16,BALLOT_INITIATIVE_ESCROW,CLOSED,1,2026-01-11,2026-01-01 11:08:16,,LOW
6145,6145,2025-12-25 16:44:24,TERM_LIFE_INSURANCE,CLOSED,3,2026-01-08,2025-12-27 16:44:24,,LOW
6146,6146,2025-11-29 10:07:50,PERSONAL_LOAN,IN_REVIEW,5,2025-12-13,,,LOW
6147,6147,2026-08-06 18:27:53,PERSONAL_LOAN,CLOSED,4,2026-08-20,2026-08-08 18:27:53,,MEDIUM
6148,6148,2025-11-12 06:26:03,CORPORATE_CREDIT_CARD,IN_REVIEW,,2025-11-26,,,LOW
6149,6149,2026-02-03 02:36:49,HIGH_YIELD_SAVINGS,CLOSED,2,2026-02-17,2026-02-04 02:36:49,,MEDIUM
6150,6150,2026-02-03 18:37:27,HIGH_VOLUME_MERCHANT_GATEWAY,CLOSED,5,2026-02-17,2026-02-09 18:37:27,,MEDIUM
6151,6151,2025-12-30 05:45:16,FX_HEDGING_SOLUTIONS,PENDING_DOCUMENTS,,2026-01-13,,,LOW
6152,6152,2026-02-06 18:08:16,HIGH_YIELD_SAVINGS,CLOSED,4,2026-02-20,2026-02-07 18:08:16,Unverified or expired identity documents,LOW
6153,6153,2025-12-26 03:23:30,ESCROW_SERVICES,CLOSED,5,2026-01-09,2025-12-30 03:23:30,,MEDIUM
6154,6154,2026-08-09 14:17:13,RETAIL_EQUITY_BROKERAGE,CLOSED,3,2026-08-23,2026-08-13 14:17:13,,LOW
6155,6155,2026-04-07 20:48:14,ROBO_ADVISORY,OPEN,,2026-04-21,,,MEDIUM
6156,6156,2026-04-25 12:02:20,CROSS_BORDER_REMITTANCE,CLOSED,2,2026-05-09,2026-04-29 12:02:20,,LOW
6157,6157,2026-03-16 04:41:18,ASSET_PROTECTION_TRUSTS,CLOSED,2,2026-03-30,2026-03-17 04:41:18,,LOW
6158,6158,2025-12-12 20:24:12,CREDIT_CARD_ISSUANCE,CLOSED,2,2025-12-26,2025-12-15 20:24:12,,LOW
6159,6159,2025-08-26 09:35:17,LETTER_OF_CREDIT,CLOSED,3,2025-09-09,2025-08-28 09:35:17,,HIGH
6160,6160,2026-01-02 18:11:49,TAX_OPTIMIZED_INVESTING,IN_REVIEW,,2026-01-16,,,LOW
6161,6161,2025-10-31 00:36:58,RETAIL_BANKING,IN_REVIEW,3,2025-11-14,,,MEDIUM
6162,6162,2026-01-01 06:02:38,RETAIL_BANKING,PENDING_DOCUMENTS,,2026-01-15,,,LOW
6163,6163,2026-06-02 19:39:50,PERSONAL_LOAN,CLOSED,5,2026-06-16,2026-06-05 19:39:50,,LOW
6164,6164,2026-04-30 16:26:33,CREDIT_CARD_ISSUANCE,CLOSED,3,2026-05-14,2026-05-06 16:26:33,,LOW
6165,6165,2025-09-04 14:57:09,HIGH_YIELD_SAVINGS,CLOSED,1,2025-09-18,2025-09-09 14:57:09,,LOW
6166,6166,2025-11-03 00:19:19,HIGH_YIELD_SAVINGS,CLOSED,2,2025-11-17,2025-11-09 00:19:19,,LOW
6167,6167,2025-11-28 11:07:05,AUTO_FINANCING,PENDING_DOCUMENTS,,2025-12-12,,,MEDIUM
6168,6168,2026-05-09 02:52:07,TERM_LIFE_INSURANCE,IN_REVIEW,2,2026-05-23,,,LOW
6169,6169,2026-08-09 06:33:16,TREASURY_MANAGEMENT,OPEN,,2026-08-23,,,LOW
6170,6170,2025-09-02 06:44:24,ROBO_ADVISORY,CLOSED,1,2025-09-16,2025-09-04 06:44:24,,LOW
6171,6171,2026-03-25 01:33:53,CORPORATE_CREDIT_CARD,CLOSED,5,2026-04-08,2026-03-26 01:33:53,,LOW
6172,6172,2025-09-22 00:11:23,PHILANTHROPY_ENDOWMENT_MANAGEMENT,CLOSED,1,2025-10-06,2025-09-28 00:11:23,,HIGH
6173,6173,2026-05-03 01:09:36,LETTER_OF_CREDIT,CLOSED,2,2026-05-17,2026-05-07 01:09:36,,LOW
6174,6174,2026-06-08 17:59:45,PERSONAL_LOAN,CLOSED,2,2026-06-22,2026-06-14 17:59:45,,MEDIUM
6175,6175,2026-02-17 20:46:31,CREDIT_CARD_ISSUANCE,CLOSED,3,2026-03-03,2026-02-20 20:46:31,,LOW
6176,6176,2025-12-09 15:39:59,RETAIL_EQUITY_BROKERAGE,CLOSED,5,2025-12-23,2025-12-14 15:39:59,,LOW
6177,6177,2026-06-12 14:12:10,AUTO_FINANCING,CLOSED,2,2026-06-26,2026-06-15 14:12:10,,MEDIUM
6178,6178,2026-03-24 16:17:34,REGULATORY_REPORTING_INTEGRATION,CLOSED,3,2026-04-07,2026-03-26 16:17:34,,LOW
6179,6179,2026-05-11 04:47:23,RETAIL_EQUITY_BROKERAGE,PENDING_DOCUMENTS,,2026-05-25,,,MEDIUM
6180,6180,2026-05-16 13:15:38,AUTO_FINANCING,CLOSED,1,2026-05-30,2026-05-18 13:15:38,,MEDIUM
6181,6181,2026-06-12 15:20:30,CREDIT_CARD_ISSUANCE,CLOSED,5,2026-06-26,2026-06-16 15:20:30,,LOW
6182,6182,2025-12-05 00:08:14,BUY_NOW_PAY_LATER,CLOSED,4,2025-12-19,2025-12-09 00:08:14,,LOW
6183,6183,2026-06-04 12:28:46,ROBO_ADVISORY,CLOSED,5,2026-06-18,2026-06-09 12:28:46,,LOW
6184,6184,2026-05-09 13:56:59,TERM_LIFE_INSURANCE,CLOSED,1,2026-05-23,2026-05-15 13:56:59,,LOW
6185,6185,2026-01-07 05:50:02,SYNDICATED_LOANS,CLOSED,4,2026-01-21,2026-01-10 05:50:02,,MEDIUM
6186,6186,2026-05-23 02:40:44,CRYPTO_BROKERAGE,CLOSED,5,2026-06-06,2026-05-26 02:40:44,,LOW
6187,6187,2026-07-26 18:29:49,HIGH_YIELD_SAVINGS,CLOSED,4,2026-08-09,2026-07-28 18:29:49,,LOW
6188,6188,2026-04-11 11:14:01,HIGH_YIELD_SAVINGS,CLOSED,3,2026-04-25,2026-04-17 11:14:01,,MEDIUM
6189,6189,2026-01-24 18:33:31,BUY_NOW_PAY_LATER,CLOSED,1,2026-02-07,2026-01-25 18:33:31,,LOW
6190,6190,2026-06-07 20:28:09,CRYPTO_BROKERAGE,CLOSED,2,2026-06-21,2026-06-12 20:28:09,,LOW
6191,6191,2025-12-16 11:02:29,MORTGAGE_ORIGINATION,CLOSED,3,2025-12-30,2025-12-19 11:02:29,,LOW
6192,6192,2025-10-23 07:34:01,HIGH_YIELD_SAVINGS,OPEN,1,2025-11-06,,,LOW
6193,6193,2026-08-05 16:29:41,BUY_NOW_PAY_LATER,CLOSED,2,2026-08-19,2026-08-10 16:29:41,,LOW
6194,6194,2026-06-06 19:03:29,CORPORATE_ACCOUNT,PENDING_DOCUMENTS,1,2026-06-20,,,LOW
6195,6195,2026-06-11 06:11:29,AUTO_FINANCING,CLOSED,3,2026-06-25,2026-06-13 06:11:29,,MEDIUM
6196,6196,2025-10-19 02:43:10,CROSS_BORDER_REMITTANCE,IN_REVIEW,3,2025-11-02,,,LOW
6197,6197,2026-01-02 07:36:08,BUY_NOW_PAY_LATER,CLOSED,5,2026-01-16,2026-01-08 07:36:08,,LOW
6198,6198,2025-10-20 16:34:24,BUY_NOW_PAY_LATER,CLOSED,4,2025-11-03,2025-10-25 16:34:24,,HIGH
6199,6199,2025-10-21 07:27:28,GOVERNMENT_RELATIONS_ESCROW,CLOSED,3,2025-11-04,2025-10-26 07:27:28,Unverified or expired identity documents,MEDIUM
6200,6200,2025-12-22 23:54:06,ESCROW_SERVICES,CLOSED,4,2026-01-05,2025-12-26 23:54:06,Unverified or expired identity documents,MEDIUM
6201,6201,2026-03-13 18:56:19,MORTGAGE_ORIGINATION,CLOSED,5,2026-03-27,2026-03-14 18:56:19,,LOW
6202,6202,2025-12-01 09:09:19,COMMERCIAL_LENDING,IN_REVIEW,2,2025-12-15,,,LOW
6203,6203,2026-02-12 15:16:07,AUTO_FINANCING,CLOSED,4,2026-02-26,2026-02-13 15:16:07,,LOW
6204,6204,2026-07-21 15:56:13,HIGH_VOLUME_MERCHANT_GATEWAY,CLOSED,5,2026-08-04,2026-07-23 15:56:13,Unverified or expired identity documents,LOW
6205,6205,2025-10-06 04:52:59,DIRECT_INDEXING,CLOSED,4,2025-10-20,2025-10-10 04:52:59,,LOW
6206,6206,2026-08-20 16:07:07,BUY_NOW_PAY_LATER,CLOSED,1,2026-09-03,2026-08-22 16:07:07,,LOW
6207,6207,2026-03-24 07:47:15,RETAIL_BANKING,OPEN,1,2026-04-07,,,MEDIUM
6208,6208,2026-08-22 03:32:23,COMMERCIAL_LENDING,OPEN,1,2026-09-05,,,LOW
6209,6209,2025-09-25 07:22:18,MORTGAGE_ORIGINATION,CLOSED,1,2025-10-09,2025-09-30 07:22:18,,LOW
6210,6210,2026-05-20 10:46:22,AUTO_FINANCING,CLOSED,4,2026-06-03,2026-05-25 10:46:22,,LOW
6211,6211,2025-08-31 01:35:28,CROSS_BORDER_REMITTANCE,OPEN,,2025-09-14,,,HIGH
6212,6212,2026-08-13 11:04:11,CAMPAIGN_CHECKING_ACCOUNT,CLOSED,2,2026-08-27,2026-08-15 11:04:11,Unverified or expired identity documents,MEDIUM
6213,6213,2025-10-28 23:22:34,TERM_LIFE_INSURANCE,CLOSED,5,2025-11-11,2025-10-30 23:22:34,,LOW
6214,6214,2026-06-27 06:59:24,RETAIL_BANKING,IN_REVIEW,,2026-07-11,,,LOW
6215,6215,2026-08-06 21:17:25,SYNDICATED_LOANS,CLOSED,5,2026-08-20,2026-08-09 21:17:25,,MEDIUM
6216,6216,2026-05-09 02:49:37,PERSONAL_LOAN,CLOSED,3,2026-05-23,2026-05-11 02:49:37,Unverified or expired identity documents,MEDIUM
6217,6217,2026-08-02 09:10:25,FIDUCIARY_CUSTODY_ACCOUNT,CLOSED,5,2026-08-16,2026-08-03 09:10:25,,HIGH
6218,6218,2026-01-17 02:23:22,CREDIT_CARD_ISSUANCE,CLOSED,3,2026-01-31,2026-01-18 02:23:22,Unverified or expired identity documents,LOW
6219,6219,2025-09-06 05:40:40,BUY_NOW_PAY_LATER,IN_REVIEW,,2025-09-20,,,HIGH
6220,6220,2026-06-03 19:51:11,RETAIL_BANKING,CLOSED,4,2026-06-17,2026-06-09 19:51:11,,LOW
6221,6221,2026-02-26 22:25:32,TERM_LIFE_INSURANCE,CLOSED,4,2026-03-12,2026-03-01 22:25:32,,MEDIUM
6222,6222,2025-12-03 01:51:49,PERSONAL_LOAN,CLOSED,3,2025-12-17,2025-12-08 01:51:49,,LOW
6223,6223,2026-03-04 08:24:45,CREDIT_CARD_ISSUANCE,CLOSED,5,2026-03-18,2026-03-07 08:24:45,,LOW
6224,6224,2025-12-10 06:46:14,HIGH_YIELD_SAVINGS,CLOSED,5,2025-12-24,2025-12-12 06:46:14,,LOW
6225,6225,2025-11-22 17:53:06,CRYPTO_BROKERAGE,IN_REVIEW,3,2025-12-06,,,LOW
6226,6226,2026-01-24 21:40:51,PERSONAL_LOAN,CLOSED,4,2026-02-07,2026-01-28 21:40:51,,LOW
6227,6227,2025-09-24 19:51:37,HIGH_YIELD_SAVINGS,IN_REVIEW,,2025-10-08,,,LOW
6228,6228,2025-09-13 21:05:27,AUTO_FINANCING,CLOSED,1,2025-09-27,2025-09-17 21:05:27,,HIGH
6229,6229,2026-01-11 06:56:16,RETAIL_BANKING,CLOSED,2,2026-01-25,2026-01-16 06:56:16,Unverified or expired identity documents,MEDIUM
6230,6230,2026-06-18 23:31:35,ROBO_ADVISORY,OPEN,4,2026-07-02,,,LOW
6231,6231,2026-06-24 18:23:14,CRYPTO_BROKERAGE,CLOSED,2,2026-07-08,2026-06-29 18:23:14,,MEDIUM
6232,6232,2026-01-20 02:50:05,RETAIL_BANKING,CLOSED,1,2026-02-03,2026-01-23 02:50:05,,LOW
6233,6233,2025-08-30 07:20:41,HIGH_YIELD_SAVINGS,CLOSED,2,2025-09-13,2025-09-04 07:20:41,,LOW
6234,6234,2025-12-17 16:40:31,ESCROW_SERVICES,CLOSED,3,2025-12-31,2025-12-19 16:40:31,,LOW
6235,6235,2026-08-09 05:30:40,CRYPTO_BROKERAGE,CLOSED,1,2026-08-23,2026-08-12 05:30:40,,LOW
6236,6236,2026-03-09 12:05:36,HIGH_YIELD_SAVINGS,CLOSED,5,2026-03-23,2026-03-13 12:05:36,,LOW
6237,6237,2025-12-05 03:13:30,TRADE_FINANCE_CREDIT_INSURANCE,CLOSED,5,2025-12-19,2025-12-06 03:13:30,,LOW
6238,6238,2026-01-27 21:50:52,SHORT_TERM_LIQUIDITY_MANAGEMENT,CLOSED,4,2026-02-10,2026-01-29 21:50:52,Unverified or expired identity documents,LOW
6239,6239,2026-06-08 14:45:40,BESPOKE_PORTFOLIO_MANAGEMENT,CLOSED,5,2026-06-22,2026-06-13 14:45:40,,LOW
6240,6240,2026-02-24 01:29:27,ESTATE_PLANNING_SERVICES,CLOSED,4,2026-03-10,2026-02-28 01:29:27,Unverified or expired identity documents,HIGH
6241,6241,2026-02-01 16:44:39,ROBO_ADVISORY,CLOSED,2,2026-02-15,2026-02-03 16:44:39,,LOW
6242,6242,2025-12-06 08:34:50,PERSONAL_LOAN,CLOSED,2,2025-12-20,2025-12-07 08:34:50,,MEDIUM
6243,6243,2025-11-21 10:51:00,ESTATE_PLANNING_SERVICES,CLOSED,5,2025-12-05,2025-11-25 10:51:00,,LOW
6244,6244,2026-01-14 09:25:49,TERM_LIFE_INSURANCE,CLOSED,1,2026-01-28,2026-01-20 09:25:49,,LOW
6245,6245,2025-09-21 17:55:23,CREDIT_CARD_ISSUANCE,CLOSED,5,2025-10-05,2025-09-23 17:55:23,,HIGH
6246,6246,2026-04-06 19:29:36,PERSONAL_LOAN,CLOSED,1,2026-04-20,2026-04-12 19:29:36,,MEDIUM
6247,6247,2026-02-21 17:29:46,ROBO_ADVISORY,CLOSED,4,2026-03-07,2026-02-27 17:29:46,,LOW
6248,6248,2026-07-29 12:24:17,RETAIL_BANKING,PENDING_DOCUMENTS,,2026-08-12,,,MEDIUM
6249,6249,2026-04-11 18:41:03,FX_HEDGING_SOLUTIONS,CLOSED,5,2026-04-25,2026-04-17 18:41:03,,LOW
6250,6250,2026-02-26 14:29:16,LETTER_OF_CREDIT,CLOSED,1,2026-03-12,2026-03-03 14:29:16,,LOW
6251,6251,2026-04-16 17:27:54,HIGH_VOLUME_MERCHANT_GATEWAY,CLOSED,3,2026-04-30,2026-04-21 17:27:54,Unverified or expired identity documents,LOW
6252,6252,2026-04-12 12:40:10,TRADE_FINANCE_CREDIT_INSURANCE,CLOSED,2,2026-04-26,2026-04-16 12:40:10,,LOW
6253,6253,2026-04-12 05:48:18,POLITICAL_DONATION_PROCESSING,CLOSED,4,2026-04-26,2026-04-14 05:48:18,,MEDIUM
6254,6254,2026-01-23 01:16:21,CRYPTO_BROKERAGE,OPEN,3,2026-02-06,,,MEDIUM
6255,6255,2026-01-21 09:06:18,ROBO_ADVISORY,CLOSED,3,2026-02-04,2026-01-26 09:06:18,,LOW
6256,6256,2026-06-15 18:38:25,PHILANTHROPY_ENDOWMENT_MANAGEMENT,OPEN,,2026-06-29,,,HIGH
6257,6257,2026-06-25 20:08:29,MERCHANT_ACQUIRING,CLOSED,2,2026-07-09,2026-06-28 20:08:29,,MEDIUM
6258,6258,2025-11-08 22:46:18,FX_HEDGING_SOLUTIONS,CLOSED,1,2025-11-22,2025-11-14 22:46:18,,LOW
6259,6259,2025-11-07 20:45:40,ROBO_ADVISORY,CLOSED,2,2025-11-21,2025-11-11 20:45:40,,MEDIUM
6260,6260,2026-05-14 02:35:10,CROSS_BORDER_REMITTANCE,PENDING_DOCUMENTS,5,2026-05-28,,,LOW
6261,6261,2026-04-10 12:02:47,PERSONAL_LOAN,CLOSED,2,2026-04-24,2026-04-14 12:02:47,,LOW
6262,6262,2026-07-12 01:18:37,RETAIL_EQUITY_BROKERAGE,IN_REVIEW,,2026-07-26,,,MEDIUM
6263,6263,2026-07-07 11:25:25,SYNDICATED_LOANS,IN_REVIEW,,2026-07-21,,,MEDIUM
6264,6264,2026-05-09 05:54:58,MORTGAGE_ORIGINATION,CLOSED,4,2026-05-23,2026-05-14 05:54:58,,LOW
6265,6265,2026-05-25 05:03:09,CRYPTO_BROKERAGE,CLOSED,2,2026-06-08,2026-05-29 05:03:09,,MEDIUM
6266,6266,2026-02-14 17:03:30,ROBO_ADVISORY,CLOSED,3,2026-02-28,2026-02-15 17:03:30,,MEDIUM
6267,6267,2025-12-25 00:03:50,PERSONAL_LOAN,CLOSED,3,2026-01-08,2025-12-26 00:03:50,,LOW
6268,6268,2025-10-08 04:30:44,BALLOT_INITIATIVE_ESCROW,OPEN,2,2025-10-22,,,MEDIUM
6269,6269,2026-05-31 20:41:43,CROSS_BORDER_REMITTANCE,CLOSED,1,2026-06-14,2026-06-01 20:41:43,,LOW
6270,6270,2026-06-10 06:52:07,TAX_OPTIMIZED_INVESTING,CLOSED,5,2026-06-24,2026-06-12 06:52:07,,LOW
6271,6271,2026-04-28 20:22:07,AUTO_FINANCING,CLOSED,2,2026-05-12,2026-04-30 20:22:07,Unverified or expired identity documents,MEDIUM
6272,6272,2026-08-07 10:19:58,BUY_NOW_PAY_LATER,CLOSED,3,2026-08-21,2026-08-13 10:19:58,,LOW
6273,6273,2026-07-25 15:12:02,MORTGAGE_ORIGINATION,CLOSED,2,2026-08-08,2026-07-29 15:12:02,,LOW
6274,6274,2025-09-17 22:31:02,TREASURY_MANAGEMENT,OPEN,3,2025-10-01,,,LOW
6275,6275,2026-05-28 02:32:23,TERM_LIFE_INSURANCE,CLOSED,1,2026-06-11,2026-05-30 02:32:23,,LOW
6276,6276,2026-07-30 07:20:42,TERM_LIFE_INSURANCE,CLOSED,5,2026-08-13,2026-07-31 07:20:42,,LOW
6277,6277,2026-05-01 14:29:41,ESCROW_SERVICES,IN_REVIEW,,2026-05-15,,,LOW
6278,6278,2025-11-02 12:58:41,ROBO_ADVISORY,CLOSED,5,2025-11-16,2025-11-06 12:58:41,,LOW
6279,6279,2025-12-30 18:46:31,ESCROW_SERVICES,CLOSED,5,2026-01-13,2026-01-01 18:46:31,,LOW
6280,6280,2026-06-22 22:10:37,REGULATORY_REPORTING_INTEGRATION,CLOSED,3,2026-07-06,2026-06-24 22:10:37,,MEDIUM
6281,6281,2026-03-09 10:06:24,MERCHANT_ACQUIRING,CLOSED,3,2026-03-23,2026-03-15 10:06:24,,MEDIUM
6282,6282,2025-08-26 19:44:57,ASSET_PROTECTION_TRUSTS,CLOSED,3,2025-09-09,2025-08-27 19:44:57,,LOW
6283,6283,2025-11-26 14:57:28,ESTATE_PLANNING_SERVICES,PENDING_DOCUMENTS,,2025-12-10,,,MEDIUM
6284,6284,2026-05-08 19:35:41,RETAIL_BANKING,CLOSED,2,2026-05-22,2026-05-12 19:35:41,,MEDIUM
6285,6285,2026-03-02 23:34:32,ROBO_ADVISORY,CLOSED,3,2026-03-16,2026-03-06 23:34:32,,LOW
6286,6286,2026-05-02 17:24:52,PRIVATE_EQUITY_FEEDER,IN_REVIEW,5,2026-05-16,,,LOW
6287,6287,2026-04-18 00:29:44,ESCROW_SERVICES,CLOSED,4,2026-05-02,2026-04-19 00:29:44,,LOW
6288,6288,2026-03-29 12:18:29,AUTO_FINANCING,CLOSED,4,2026-04-12,2026-04-02 12:18:29,,LOW
6289,6289,2025-12-12 02:31:37,CROSS_BORDER_REMITTANCE,CLOSED,1,2025-12-26,2025-12-18 02:31:37,,LOW
6290,6290,2025-12-15 08:29:12,SECURITIES_BASED_LENDING,CLOSED,4,2025-12-29,2025-12-20 08:29:12,,LOW
6291,6291,2026-05-19 21:29:27,HIGH_YIELD_SAVINGS,CLOSED,4,2026-06-02,2026-05-24 21:29:27,Unverified or expired identity documents,MEDIUM
6292,6292,2026-01-01 16:00:10,BUY_NOW_PAY_LATER,CLOSED,1,2026-01-15,2026-01-02 16:00:10,,LOW
6293,6293,2026-06-02 07:00:20,CORPORATE_CREDIT_CARD,CLOSED,1,2026-06-16,2026-06-06 07:00:20,,LOW
6294,6294,2026-07-22 07:59:02,CROSS_BORDER_REMITTANCE,CLOSED,4,2026-08-05,2026-07-27 07:59:02,,LOW
6295,6295,2025-11-10 08:56:15,TRADE_FINANCE_CREDIT_INSURANCE,CLOSED,1,2025-11-24,2025-11-12 08:56:15,,LOW
6296,6296,2025-12-11 13:43:24,LETTER_OF_CREDIT,CLOSED,2,2025-12-25,2025-12-15 13:43:24,Unverified or expired identity documents,HIGH
6297,6297,2026-03-20 01:33:41,COMMERCIAL_LENDING,CLOSED,3,2026-04-03,2026-03-25 01:33:41,,LOW
6298,6298,2025-12-10 19:07:54,MORTGAGE_ORIGINATION,CLOSED,5,2025-12-24,2025-12-11 19:07:54,Unverified or expired identity documents,HIGH
6299,6299,2025-09-27 19:44:49,SYNDICATED_LOANS,OPEN,5,2025-10-11,,,LOW
6300,6300,2026-02-05 22:44:06,DIRECT_INDEXING,PENDING_DOCUMENTS,,2026-02-19,,,LOW
6301,6301,2026-02-15 22:05:33,AUTO_FINANCING,CLOSED,5,2026-03-01,2026-02-20 22:05:33,,LOW
6302,6302,2025-09-15 03:44:25,RETAIL_BANKING,CLOSED,5,2025-09-29,2025-09-17 03:44:25,,LOW
6303,6303,2025-09-18 11:24:15,FX_HEDGING_SOLUTIONS,CLOSED,1,2025-10-02,2025-09-22 11:24:15,,LOW
6304,6304,2026-08-12 12:40:55,CRYPTO_BROKERAGE,CLOSED,2,2026-08-26,2026-08-16 12:40:55,,LOW
6305,6305,2026-05-07 23:50:34,SYNDICATED_LOANS,CLOSED,3,2026-05-21,2026-05-09 23:50:34,,LOW
6306,6306,2026-08-01 21:28:50,PRIVATE_EQUITY_FEEDER,CLOSED,5,2026-08-15,2026-08-06 21:28:50,,LOW
6307,6307,2025-11-17 13:25:14,CRYPTO_BROKERAGE,CLOSED,2,2025-12-01,2025-11-18 13:25:14,,LOW
6308,6308,2026-04-28 16:56:16,TRADE_FINANCE_CREDIT_INSURANCE,CLOSED,4,2026-05-12,2026-05-01 16:56:16,,LOW
6309,6309,2026-01-15 08:13:53,FX_HEDGING_SOLUTIONS,CLOSED,4,2026-01-29,2026-01-20 08:13:53,,LOW
6310,6310,2026-04-25 05:04:35,TERM_LIFE_INSURANCE,CLOSED,1,2026-05-09,2026-04-27 05:04:35,,LOW
6311,6311,2026-06-24 23:41:32,TERM_LIFE_INSURANCE,CLOSED,1,2026-07-08,2026-06-26 23:41:32,,MEDIUM
6312,6312,2025-12-14 18:36:01,PERSONAL_LOAN,OPEN,5,2025-12-28,,,MEDIUM
6313,6313,2026-07-18 21:19:49,RETAIL_EQUITY_BROKERAGE,CLOSED,1,2026-08-01,2026-07-24 21:19:49,,MEDIUM
6314,6314,2025-12-12 19:04:32,RETAIL_BANKING,CLOSED,5,2025-12-26,2025-12-14 19:04:32,Unverified or expired identity documents,HIGH
6315,6315,2026-08-07 09:59:52,SYNDICATED_LOANS,CLOSED,1,2026-08-21,2026-08-12 09:59:52,,LOW
6316,6316,2026-06-17 21:35:39,RETAIL_EQUITY_BROKERAGE,CLOSED,4,2026-07-01,2026-06-19 21:35:39,,LOW
6317,6317,2025-08-28 01:42:45,SYNDICATED_LOANS,CLOSED,5,2025-09-11,2025-09-01 01:42:45,,LOW
6318,6318,2026-02-10 13:49:07,PERSONAL_LOAN,CLOSED,3,2026-02-24,2026-02-16 13:49:07,,LOW
6319,6319,2026-06-05 00:24:52,TAX_OPTIMIZED_INVESTING,PENDING_DOCUMENTS,2,2026-06-19,,,LOW
6320,6320,2026-04-23 06:19:13,TERM_LIFE_INSURANCE,CLOSED,4,2026-05-07,2026-04-25 06:19:13,,LOW
6321,6321,2026-05-26 21:25:47,CRYPTO_BROKERAGE,CLOSED,3,2026-06-09,2026-05-28 21:25:47,,LOW
6322,6322,2026-05-02 19:31:49,LETTER_OF_CREDIT,CLOSED,3,2026-05-16,2026-05-04 19:31:49,,MEDIUM
6323,6323,2026-07-18 01:15:19,TAX_OPTIMIZED_INVESTING,CLOSED,4,2026-08-01,2026-07-23 01:15:19,,LOW
6324,6324,2026-01-18 23:39:25,RETAIL_BANKING,CLOSED,3,2026-02-01,2026-01-23 23:39:25,Unverified or expired identity documents,HIGH
6325,6325,2026-05-11 10:10:02,CROSS_BORDER_REMITTANCE,CLOSED,5,2026-05-25,2026-05-15 10:10:02,,HIGH
6326,6326,2025-11-17 03:11:13,DIRECT_INDEXING,CLOSED,3,2025-12-01,2025-11-20 03:11:13,,LOW
6327,6327,2026-03-02 01:04:23,CROSS_BORDER_REMITTANCE,CLOSED,3,2026-03-16,2026-03-03 01:04:23,Unverified or expired identity documents,MEDIUM
6328,6328,2026-07-29 17:54:22,CRYPTO_BROKERAGE,OPEN,,2026-08-12,,,MEDIUM
6329,6329,2026-07-16 14:50:35,RETAIL_BANKING,CLOSED,3,2026-07-30,2026-07-22 14:50:35,,LOW
6330,6330,2026-07-02 18:14:34,CROSS_BORDER_REMITTANCE,CLOSED,3,2026-07-16,2026-07-06 18:14:34,,MEDIUM
6331,6331,2026-03-26 06:14:00,SECURITIES_BASED_LENDING,CLOSED,3,2026-04-09,2026-03-27 06:14:00,,MEDIUM
6332,6332,2025-09-21 12:54:14,CROSS_BORDER_REMITTANCE,CLOSED,3,2025-10-05,2025-09-26 12:54:14,,LOW
6333,6333,2026-02-07 08:35:37,CROSS_BORDER_REMITTANCE,CLOSED,1,2026-02-21,2026-02-12 08:35:37,,LOW
6334,6334,2026-05-04 00:35:19,INSTITUTIONAL_CRYPTO_CUSTODY,CLOSED,4,2026-05-18,2026-05-08 00:35:19,,LOW
6335,6335,2026-07-30 13:18:47,AUTO_FINANCING,CLOSED,4,2026-08-13,2026-08-03 13:18:47,,MEDIUM
6336,6336,2026-03-09 02:30:58,CROSS_BORDER_REMITTANCE,IN_REVIEW,3,2026-03-23,,,LOW
6337,6337,2026-03-22 10:35:46,CROSS_BORDER_REMITTANCE,CLOSED,2,2026-04-05,2026-03-25 10:35:46,,LOW
6338,6338,2026-01-06 00:06:03,PAYROLL_SERVICES,CLOSED,5,2026-01-20,2026-01-10 00:06:03,,MEDIUM
6339,6339,2026-03-30 06:47:42,PERSONAL_LOAN,IN_REVIEW,3,2026-04-13,,,LOW
6340,6340,2026-08-21 12:35:38,BUY_NOW_PAY_LATER,PENDING_DOCUMENTS,,2026-09-04,,,LOW
6341,6341,2026-02-11 05:41:32,CRYPTO_BROKERAGE,CLOSED,2,2026-02-25,2026-02-17 05:41:32,,MEDIUM
6342,6342,2026-03-13 05:17:28,PERSONAL_LOAN,CLOSED,1,2026-03-27,2026-03-15 05:17:28,,LOW
6343,6343,2026-06-02 06:00:35,ESTATE_PLANNING_SERVICES,CLOSED,3,2026-06-16,2026-06-03 06:00:35,,LOW
6344,6344,2026-06-25 20:33:02,LIQUIDITY_MANAGEMENT,CLOSED,3,2026-07-09,2026-06-30 20:33:02,,LOW
6345,6345,2026-07-04 14:07:57,TREASURY_MANAGEMENT,IN_REVIEW,,2026-07-18,,,LOW
6346,6346,2026-06-30 09:52:18,ASSET_PROTECTION_TRUSTS,CLOSED,4,2026-07-14,2026-07-04 09:52:18,,LOW
6347,6347,2026-01-10 02:16:33,TERM_LIFE_INSURANCE,CLOSED,1,2026-01-24,2026-01-16 02:16:33,,MEDIUM
6348,6348,2025-12-30 20:44:28,PERSONAL_LOAN,CLOSED,1,2026-01-13,2025-12-31 20:44:28,,LOW
6349,6349,2025-11-13 16:20:44,CORPORATE_CREDIT_CARD,PENDING_DOCUMENTS,,2025-11-27,,,LOW
6350,6350,2025-12-14 06:48:53,PERSONAL_LOAN,IN_REVIEW,3,2025-12-28,,,LOW
6351,6351,2026-02-23 05:09:02,FX_HEDGING_SOLUTIONS,PENDING_DOCUMENTS,5,2026-03-09,,,LOW
6352,6352,2026-01-13 18:01:18,INSTITUTIONAL_CRYPTO_CUSTODY,CLOSED,2,2026-01-27,2026-01-16 18:01:18,,LOW
6353,6353,2025-09-01 18:53:52,SHORT_TERM_LIQUIDITY_MANAGEMENT,CLOSED,5,2025-09-15,2025-09-02 18:53:52,Unverified or expired identity documents,MEDIUM
6354,6354,2026-05-01 00:13:17,CORPORATE_ACCOUNT,CLOSED,5,2026-05-15,2026-05-02 00:13:17,,LOW
6355,6355,2026-03-09 04:44:34,HIGH_YIELD_SAVINGS,CLOSED,3,2026-03-23,2026-03-11 04:44:34,,LOW
6356,6356,2026-03-30 23:06:58,RETAIL_EQUITY_BROKERAGE,IN_REVIEW,4,2026-04-13,,,MEDIUM
6357,6357,2026-02-15 09:41:36,PRIVATE_EQUITY_FEEDER,CLOSED,2,2026-03-01,2026-02-16 09:41:36,,MEDIUM
6358,6358,2026-07-10 01:27:26,RETAIL_EQUITY_BROKERAGE,CLOSED,2,2026-07-24,2026-07-14 01:27:26,,LOW
6359,6359,2025-11-30 11:59:00,HIGH_YIELD_SAVINGS,OPEN,,2025-12-14,,,MEDIUM
6360,6360,2025-10-21 19:10:06,MORTGAGE_ORIGINATION,CLOSED,3,2025-11-04,2025-10-26 19:10:06,,LOW
6361,6361,2025-11-19 23:55:19,POLITICAL_DONATION_PROCESSING,CLOSED,3,2025-12-03,2025-11-21 23:55:19,Unverified or expired identity documents,MEDIUM
6362,6362,2026-04-27 20:30:16,CRYPTO_BROKERAGE,CLOSED,1,2026-05-11,2026-04-28 20:30:16,,LOW
6363,6363,2026-07-01 15:25:09,LIQUIDITY_MANAGEMENT,OPEN,2,2026-07-15,,,LOW
6364,6364,2026-02-03 02:36:34,CRYPTO_BROKERAGE,CLOSED,2,2026-02-17,2026-02-07 02:36:34,,MEDIUM
6365,6365,2026-07-12 09:15:55,TERM_LIFE_INSURANCE,CLOSED,5,2026-07-26,2026-07-17 09:15:55,Unverified or expired identity documents,HIGH
6366,6366,2026-06-01 05:16:34,CRYPTO_BROKERAGE,CLOSED,5,2026-06-15,2026-06-06 05:16:34,,MEDIUM
6367,6367,2026-05-22 00:57:44,HIGH_YIELD_SAVINGS,CLOSED,4,2026-06-05,2026-05-27 00:57:44,,LOW
6368,6368,2026-08-24 16:33:06,AUTO_FINANCING,CLOSED,2,2026-09-07,2026-08-30 16:33:06,,LOW
6369,6369,2025-11-05 16:27:46,CROSS_BORDER_REMITTANCE,CLOSED,3,2025-11-19,2025-11-10 16:27:46,,LOW
6370,6370,2025-10-02 13:12:13,AUTO_FINANCING,CLOSED,4,2025-10-16,2025-10-06 13:12:13,,LOW
6371,6371,2025-09-21 22:36:28,TRUSTEE_ADMINISTRATION,CLOSED,4,2025-10-05,2025-09-24 22:36:28,,MEDIUM
6372,6372,2026-06-19 22:45:34,COMPLIANCE_RESTRICTED_DEPOSIT_ACCOUNT,CLOSED,5,2026-07-03,2026-06-21 22:45:34,,LOW
6373,6373,2026-05-12 06:19:50,ROBO_ADVISORY,CLOSED,4,2026-05-26,2026-05-14 06:19:50,,LOW
6374,6374,2026-01-02 06:11:08,ROBO_ADVISORY,IN_REVIEW,5,2026-01-16,,,HIGH
6375,6375,2026-08-06 12:58:36,CRYPTO_BROKERAGE,PENDING_DOCUMENTS,3,2026-08-20,,,LOW
6376,6376,2026-04-20 14:53:04,AUTO_FINANCING,CLOSED,1,2026-05-04,2026-04-23 14:53:04,,LOW
6377,6377,2026-07-07 14:45:29,MORTGAGE_ORIGINATION,IN_REVIEW,,2026-07-21,,,MEDIUM
6378,6378,2026-07-12 23:02:50,CREDIT_CARD_ISSUANCE,CLOSED,3,2026-07-26,2026-07-18 23:02:50,,LOW
6379,6379,2025-12-13 21:08:42,FX_HEDGING_SOLUTIONS,CLOSED,1,2025-12-27,2025-12-15 21:08:42,Unverified or expired identity documents,HIGH
6380,6380,2025-10-30 05:38:46,BUY_NOW_PAY_LATER,CLOSED,3,2025-11-13,2025-11-04 05:38:46,,LOW
6381,6381,2026-07-07 16:19:36,HIGH_YIELD_SAVINGS,PENDING_DOCUMENTS,,2026-07-21,,,LOW
6382,6382,2026-03-17 22:55:12,CREDIT_CARD_ISSUANCE,CLOSED,2,2026-03-31,2026-03-22 22:55:12,,LOW
6383,6383,2026-03-09 17:54:00,AUTO_FINANCING,OPEN,,2026-03-23,,,LOW
6384,6384,2026-02-11 16:23:37,ROBO_ADVISORY,CLOSED,2,2026-02-25,2026-02-13 16:23:37,,LOW
6385,6385,2026-02-22 18:47:05,CROSS_BORDER_REMITTANCE,CLOSED,4,2026-03-08,2026-02-28 18:47:05,,MEDIUM
6386,6386,2026-07-02 03:49:07,AUTO_FINANCING,IN_REVIEW,4,2026-07-16,,,LOW
6387,6387,2026-03-08 06:29:21,MERCHANT_ACQUIRING,CLOSED,5,2026-03-22,2026-03-11 06:29:21,,HIGH
6388,6388,2026-03-30 21:49:42,GOVERNMENT_RELATIONS_ESCROW,CLOSED,3,2026-04-13,2026-04-02 21:49:42,Unverified or expired identity documents,LOW
6389,6389,2026-01-03 15:14:10,TERM_LIFE_INSURANCE,OPEN,,2026-01-17,,,LOW
6390,6390,2025-10-30 08:57:14,PERSONAL_LOAN,CLOSED,1,2025-11-13,2025-11-02 08:57:14,,MEDIUM
6391,6391,2025-12-26 23:25:11,TERM_LIFE_INSURANCE,PENDING_DOCUMENTS,,2026-01-09,,,LOW
6392,6392,2026-07-23 12:53:57,TRUSTEE_ADMINISTRATION,CLOSED,3,2026-08-06,2026-07-29 12:53:57,,HIGH
6393,6393,2026-06-30 06:16:12,ROBO_ADVISORY,CLOSED,2,2026-07-14,2026-07-02 06:16:12,,LOW
6394,6394,2025-11-13 16:26:15,FIDUCIARY_CUSTODY_ACCOUNT,OPEN,,2025-11-27,,,MEDIUM
6395,6395,2026-02-11 22:04:46,CORPORATE_ACCOUNT,CLOSED,2,2026-02-25,2026-02-12 22:04:46,,LOW
6396,6396,2026-07-01 11:57:07,ESCROW_SERVICES,OPEN,5,2026-07-15,,,LOW
6397,6397,2025-10-10 06:51:59,HIGH_YIELD_SAVINGS,CLOSED,4,2025-10-24,2025-10-16 06:51:59,,LOW
6398,6398,2026-02-16 11:28:14,TERM_LIFE_INSURANCE,CLOSED,3,2026-03-02,2026-02-17 11:28:14,,LOW
6399,6399,2026-01-29 03:06:49,PERSONAL_LOAN,IN_REVIEW,1,2026-02-12,,,LOW
6400,6400,2025-09-26 14:16:04,MORTGAGE_ORIGINATION,CLOSED,1,2025-10-10,2025-09-28 14:16:04,,MEDIUM
6401,6401,2026-04-30 03:32:25,SHORT_TERM_LIQUIDITY_MANAGEMENT,OPEN,,2026-05-14,,,LOW
6402,6402,2026-03-25 19:02:57,ROBO_ADVISORY,CLOSED,5,2026-04-08,2026-03-30 19:02:57,,LOW
6403,6403,2025-10-30 21:19:15,TERM_LIFE_INSURANCE,CLOSED,2,2025-11-13,2025-11-03 21:19:15,,MEDIUM
6404,6404,2026-07-14 07:41:44,ESCROW_SERVICES,CLOSED,2,2026-07-28,2026-07-16 07:41:44,,LOW
6405,6405,2025-11-04 11:07:30,LIQUIDITY_MANAGEMENT,CLOSED,4,2025-11-18,2025-11-05 11:07:30,,HIGH
6406,6406,2025-10-09 20:51:34,PERSONAL_LOAN,CLOSED,1,2025-10-23,2025-10-10 20:51:34,,LOW
6407,6407,2026-01-08 18:37:28,PERSONAL_LOAN,CLOSED,5,2026-01-22,2026-01-11 18:37:28,,LOW
6408,6408,2026-06-28 04:49:11,PERSONAL_LOAN,OPEN,,2026-07-12,,,LOW
6409,6409,2026-07-29 07:01:45,CRYPTO_BROKERAGE,CLOSED,2,2026-08-12,2026-08-01 07:01:45,,LOW
6410,6410,2025-11-21 17:13:30,BENEFICIARY_DISBURSEMENT_SERVICES,CLOSED,1,2025-12-05,2025-11-24 17:13:30,,LOW
6411,6411,2025-09-12 13:33:58,CORPORATE_ACCOUNT,CLOSED,1,2025-09-26,2025-09-15 13:33:58,,LOW
6412,6412,2026-08-04 18:21:40,RETAIL_BANKING,CLOSED,1,2026-08-18,2026-08-06 18:21:40,,LOW
6413,6413,2026-07-07 00:52:00,BUY_NOW_PAY_LATER,CLOSED,2,2026-07-21,2026-07-08 00:52:00,,LOW
6414,6414,2026-01-26 04:43:05,ROBO_ADVISORY,CLOSED,3,2026-02-09,2026-01-28 04:43:05,,LOW
6415,6415,2026-08-24 23:17:53,AUTO_FINANCING,CLOSED,2,2026-09-07,2026-08-25 23:17:53,,LOW
6416,6416,2026-08-14 10:49:21,MORTGAGE_ORIGINATION,CLOSED,4,2026-08-28,2026-08-17 10:49:21,,LOW
6417,6417,2026-06-04 17:40:14,HIGH_VOLUME_MERCHANT_GATEWAY,CLOSED,4,2026-06-18,2026-06-07 17:40:14,Unverified or expired identity documents,HIGH
6418,6418,2025-12-03 18:40:26,BUY_NOW_PAY_LATER,CLOSED,4,2025-12-17,2025-12-04 18:40:26,,LOW
6419,6419,2026-01-13 15:11:58,AUTO_FINANCING,CLOSED,4,2026-01-27,2026-01-15 15:11:58,,LOW
6420,6420,2025-12-21 05:45:51,ESCROW_SERVICES,CLOSED,3,2026-01-04,2025-12-23 05:45:51,,MEDIUM
6421,6421,2026-01-29 01:27:40,ROBO_ADVISORY,CLOSED,4,2026-02-12,2026-02-04 01:27:40,,LOW
6422,6422,2025-12-07 13:00:27,RETAIL_BANKING,IN_REVIEW,1,2025-12-21,,,LOW
6423,6423,2025-12-24 15:24:51,CRYPTO_BROKERAGE,CLOSED,1,2026-01-07,2025-12-28 15:24:51,,LOW
6424,6424,2026-08-22 10:02:41,HIGH_YIELD_SAVINGS,CLOSED,1,2026-09-05,2026-08-24 10:02:41,,LOW
6425,6425,2026-08-19 12:02:51,CRYPTO_BROKERAGE,CLOSED,4,2026-09-02,2026-08-25 12:02:51,,MEDIUM
6426,6426,2025-12-12 16:37:47,MORTGAGE_ORIGINATION,CLOSED,2,2025-12-26,2025-12-17 16:37:47,,LOW
6427,6427,2025-12-01 10:54:47,AUTO_FINANCING,CLOSED,3,2025-12-15,2025-12-06 10:54:47,,LOW
6428,6428,2026-04-09 20:52:59,ROBO_ADVISORY,CLOSED,4,2026-04-23,2026-04-12 20:52:59,Unverified or expired identity documents,HIGH
6429,6429,2026-01-15 17:27:03,HIGH_YIELD_SAVINGS,CLOSED,2,2026-01-29,2026-01-17 17:27:03,,LOW
6430,6430,2026-07-29 12:52:36,CREDIT_CARD_ISSUANCE,CLOSED,2,2026-08-12,2026-08-01 12:52:36,,LOW
6431,6431,2026-01-12 08:29:23,CORPORATE_CREDIT_CARD,CLOSED,4,2026-01-26,2026-01-18 08:29:23,,LOW
6432,6432,2026-08-12 04:59:18,FIDUCIARY_CUSTODY_ACCOUNT,CLOSED,3,2026-08-26,2026-08-18 04:59:18,,HIGH
6433,6433,2026-03-23 19:38:20,TERM_LIFE_INSURANCE,CLOSED,3,2026-04-06,2026-03-24 19:38:20,,LOW
6434,6434,2026-02-19 06:54:37,CORPORATE_CREDIT_CARD,CLOSED,3,2026-03-05,2026-02-24 06:54:37,,LOW
6435,6435,2025-09-01 04:59:20,MORTGAGE_ORIGINATION,CLOSED,5,2025-09-15,2025-09-03 04:59:20,Unverified or expired identity documents,HIGH
6436,6436,2026-02-01 14:28:17,ESCROW_SERVICES,CLOSED,2,2026-02-15,2026-02-03 14:28:17,,MEDIUM
6437,6437,2026-01-25 09:41:12,LETTER_OF_CREDIT,OPEN,,2026-02-08,,,LOW
6438,6438,2026-06-05 04:38:18,TRADE_FINANCE_CREDIT_INSURANCE,CLOSED,3,2026-06-19,2026-06-11 04:38:18,,LOW
6439,6439,2025-12-19 03:34:22,WEALTH_MANAGEMENT,IN_REVIEW,,2026-01-02,,,HIGH
6440,6440,2026-01-11 21:31:18,TRADE_FINANCE_CREDIT_INSURANCE,CLOSED,5,2026-01-25,2026-01-16 21:31:18,,LOW
6441,6441,2026-05-27 07:23:39,RETAIL_BANKING,CLOSED,4,2026-06-10,2026-05-31 07:23:39,,LOW
6442,6442,2026-07-09 14:23:25,CROSS_BORDER_REMITTANCE,CLOSED,4,2026-07-23,2026-07-10 14:23:25,,MEDIUM
6443,6443,2026-04-14 11:18:00,LETTER_OF_CREDIT,CLOSED,1,2026-04-28,2026-04-16 11:18:00,,LOW
6444,6444,2025-10-23 00:17:24,MORTGAGE_ORIGINATION,CLOSED,5,2025-11-06,2025-10-29 00:17:24,,LOW
6445,6445,2025-12-27 21:41:02,TERM_LIFE_INSURANCE,CLOSED,1,2026-01-10,2025-12-31 21:41:02,Unverified or expired identity documents,HIGH
6446,6446,2025-08-26 16:47:00,ROBO_ADVISORY,OPEN,,2025-09-09,,,LOW
6447,6447,2025-10-19 20:27:54,CAMPAIGN_CHECKING_ACCOUNT,CLOSED,4,2025-11-02,2025-10-22 20:27:54,,LOW
6448,6448,2026-07-12 21:25:18,CRYPTO_BROKERAGE,CLOSED,2,2026-07-26,2026-07-18 21:25:18,,LOW
6449,6449,2025-09-12 07:39:06,PERSONAL_LOAN,CLOSED,1,2025-09-26,2025-09-18 07:39:06,,MEDIUM
6450,6450,2026-03-23 08:55:35,RETAIL_EQUITY_BROKERAGE,CLOSED,4,2026-04-06,2026-03-28 08:55:35,,LOW
6451,6451,2026-07-29 09:22:29,PAYROLL_SERVICES,CLOSED,1,2026-08-12,2026-08-02 09:22:29,,LOW
6452,6452,2026-05-21 23:48:34,CORPORATE_CREDIT_CARD,CLOSED,4,2026-06-04,2026-05-22 23:48:34,High-risk sanctions/FATF jurisdiction,HIGH
6453,6453,2026-08-14 08:51:10,BESPOKE_PORTFOLIO_MANAGEMENT,CLOSED,3,2026-08-28,2026-08-15 08:51:10,,LOW
6454,6454,2025-09-18 09:55:04,CROSS_BORDER_REMITTANCE,CLOSED,3,2025-10-02,2025-09-20 09:55:04,,LOW
6455,6455,2025-12-07 14:51:23,COMPLIANCE_RESTRICTED_DEPOSIT_ACCOUNT,CLOSED,4,2025-12-21,2025-12-08 14:51:23,,LOW
6456,6456,2025-11-19 08:12:36,BUY_NOW_PAY_LATER,CLOSED,5,2025-12-03,2025-11-22 08:12:36,,LOW
6457,6457,2025-12-15 23:20:06,TERM_LIFE_INSURANCE,CLOSED,4,2025-12-29,2025-12-17 23:20:06,,HIGH
6458,6458,2026-03-11 18:08:50,FIDUCIARY_CUSTODY_ACCOUNT,OPEN,,2026-03-25,,,HIGH
6459,6459,2026-08-01 07:51:37,RETAIL_EQUITY_BROKERAGE,CLOSED,1,2026-08-15,2026-08-02 07:51:37,Unverified or expired identity documents,LOW
6460,6460,2026-01-12 19:59:01,MORTGAGE_ORIGINATION,CLOSED,1,2026-01-26,2026-01-17 19:59:01,,MEDIUM
6461,6461,2025-09-06 15:42:03,CRYPTO_BROKERAGE,CLOSED,5,2025-09-20,2025-09-09 15:42:03,,MEDIUM
6462,6462,2026-01-05 14:01:31,RETAIL_BANKING,IN_REVIEW,1,2026-01-19,,,HIGH
6463,6463,2026-03-14 22:09:15,FX_HEDGING_SOLUTIONS,IN_REVIEW,4,2026-03-28,,,LOW
6464,6464,2025-10-09 16:38:42,TERM_LIFE_INSURANCE,CLOSED,3,2025-10-23,2025-10-15 16:38:42,,LOW
6465,6465,2026-03-05 16:49:33,RETAIL_BANKING,CLOSED,4,2026-03-19,2026-03-09 16:49:33,,LOW
6466,6466,2026-05-04 23:05:22,PAYROLL_SERVICES,PENDING_DOCUMENTS,,2026-05-18,,,MEDIUM
6467,6467,2026-01-20 15:17:08,BUY_NOW_PAY_LATER,CLOSED,5,2026-02-03,2026-01-23 15:17:08,,LOW
6468,6468,2026-07-18 05:36:38,RETAIL_BANKING,CLOSED,3,2026-08-01,2026-07-22 05:36:38,,LOW
6469,6469,2025-12-30 02:20:40,CRYPTO_BROKERAGE,OPEN,,2026-01-13,,,LOW
6470,6470,2025-09-06 02:23:43,BENEFICIARY_DISBURSEMENT_SERVICES,CLOSED,3,2025-09-20,2025-09-07 02:23:43,,LOW
6471,6471,2026-06-30 16:30:17,RETAIL_EQUITY_BROKERAGE,CLOSED,3,2026-07-14,2026-07-06 16:30:17,,LOW
6472,6472,2025-09-10 16:46:27,CORPORATE_ACCOUNT,CLOSED,3,2025-09-24,2025-09-11 16:46:27,,LOW
6473,6473,2026-01-07 01:07:16,CROSS_BORDER_REMITTANCE,OPEN,4,2026-01-21,,,LOW
6474,6474,2026-07-12 14:11:42,PERSONAL_LOAN,CLOSED,4,2026-07-26,2026-07-14 14:11:42,,HIGH
6475,6475,2026-06-13 18:21:52,CROSS_BORDER_REMITTANCE,CLOSED,1,2026-06-27,2026-06-17 18:21:52,,LOW
6476,6476,2026-06-02 09:59:55,ROBO_ADVISORY,PENDING_DOCUMENTS,3,2026-06-16,,,HIGH
6477,6477,2026-02-16 05:36:06,CRYPTO_BROKERAGE,CLOSED,3,2026-03-02,2026-02-21 05:36:06,,MEDIUM
6478,6478,2026-04-10 18:41:03,SYNDICATED_LOANS,CLOSED,5,2026-04-24,2026-04-13 18:41:03,Unverified or expired identity documents,HIGH
6479,6479,2026-05-19 04:53:33,CRYPTO_BROKERAGE,CLOSED,5,2026-06-02,2026-05-24 04:53:33,,LOW
6480,6480,2025-12-11 16:06:47,RETAIL_BANKING,IN_REVIEW,2,2025-12-25,,,LOW
6481,6481,2025-09-29 18:58:53,ESCROW_SERVICES,IN_REVIEW,,2025-10-13,,,HIGH
6482,6482,2025-10-04 17:29:40,POLITICAL_DONATION_PROCESSING,CLOSED,5,2025-10-18,2025-10-05 17:29:40,,LOW
6483,6483,2025-11-19 00:44:35,CRYPTO_BROKERAGE,CLOSED,5,2025-12-03,2025-11-23 00:44:35,,LOW
6484,6484,2025-09-25 11:06:11,RETAIL_BANKING,CLOSED,2,2025-10-09,2025-10-01 11:06:11,Unverified or expired identity documents,LOW
6485,6485,2026-07-08 08:57:25,TAX_OPTIMIZED_INVESTING,CLOSED,5,2026-07-22,2026-07-12 08:57:25,,LOW
6486,6486,2025-10-04 08:29:50,RETAIL_EQUITY_BROKERAGE,CLOSED,5,2025-10-18,2025-10-06 08:29:50,,MEDIUM
6487,6487,2026-03-27 03:57:25,PERSONAL_LOAN,IN_REVIEW,2,2026-04-10,,,LOW
6488,6488,2026-07-04 11:05:45,AUTO_FINANCING,CLOSED,5,2026-07-18,2026-07-08 11:05:45,,LOW
6489,6489,2026-07-21 03:01:12,CREDIT_CARD_ISSUANCE,CLOSED,2,2026-08-04,2026-07-26 03:01:12,,LOW
6490,6490,2025-12-22 21:59:39,CROSS_BORDER_REMITTANCE,IN_REVIEW,3,2026-01-05,,,HIGH
6491,6491,2025-09-07 21:32:45,HIGH_YIELD_SAVINGS,CLOSED,5,2025-09-21,2025-09-09 21:32:45,,LOW
6492,6492,2025-09-17 17:38:58,MORTGAGE_ORIGINATION,CLOSED,3,2025-10-01,2025-09-18 17:38:58,,LOW
6493,6493,2025-11-24 14:38:59,TERM_LIFE_INSURANCE,PENDING_DOCUMENTS,3,2025-12-08,,,LOW
6494,6494,2025-12-13 15:23:26,HIGH_YIELD_SAVINGS,CLOSED,4,2025-12-27,2025-12-18 15:23:26,,LOW
6495,6495,2026-06-22 17:19:50,AUTO_FINANCING,CLOSED,2,2026-07-06,2026-06-28 17:19:50,,MEDIUM
6496,6496,2026-07-24 07:42:56,MORTGAGE_ORIGINATION,CLOSED,2,2026-08-07,2026-07-27 07:42:56,,HIGH
6497,6497,2026-04-20 23:45:43,REGULATORY_REPORTING_INTEGRATION,CLOSED,3,2026-05-04,2026-04-24 23:45:43,,LOW
6498,6498,2026-02-19 13:56:09,CREDIT_CARD_ISSUANCE,IN_REVIEW,,2026-03-05,,,LOW
6499,6499,2025-11-19 17:00:11,CORPORATE_CREDIT_CARD,CLOSED,5,2025-12-03,2025-11-22 17:00:11,,LOW
6500,6500,2026-07-23 06:57:56,PAYROLL_SERVICES,OPEN,,2026-08-06,,,LOW
6501,6501,2026-02-02 05:57:01,CRYPTO_BROKERAGE,CLOSED,2,2026-02-16,2026-02-04 05:57:01,,LOW
6502,6502,2026-01-19 21:05:28,CORPORATE_ACCOUNT,CLOSED,4,2026-02-02,2026-01-23 21:05:28,,MEDIUM
6503,6503,2026-07-05 09:40:11,CRYPTO_BROKERAGE,CLOSED,1,2026-07-19,2026-07-09 09:40:11,,LOW
6504,6504,2026-04-20 00:33:00,RETAIL_BANKING,CLOSED,3,2026-05-04,2026-04-21 00:33:00,,LOW
6505,6505,2025-09-08 01:14:27,CROSS_BORDER_REMITTANCE,CLOSED,2,2025-09-22,2025-09-12 01:14:27,,MEDIUM
6506,6506,2026-07-03 20:20:55,ASSET_PROTECTION_TRUSTS,CLOSED,5,2026-07-17,2026-07-05 20:20:55,,LOW
6507,6507,2026-05-14 06:45:32,RETAIL_EQUITY_BROKERAGE,CLOSED,1,2026-05-28,2026-05-15 06:45:32,,LOW
6508,6508,2026-04-19 21:16:01,TERM_LIFE_INSURANCE,CLOSED,5,2026-05-03,2026-04-24 21:16:01,,LOW
6509,6509,2025-09-04 04:06:55,PERSONAL_LOAN,CLOSED,3,2025-09-18,2025-09-08 04:06:55,,LOW
6510,6510,2026-03-05 22:34:37,FIDUCIARY_CUSTODY_ACCOUNT,CLOSED,5,2026-03-19,2026-03-11 22:34:37,,LOW
6511,6511,2025-12-07 17:20:39,AUTO_FINANCING,CLOSED,1,2025-12-21,2025-12-09 17:20:39,,LOW
6512,6512,2026-05-14 02:33:24,FX_HEDGING_SOLUTIONS,OPEN,1,2026-05-28,,,LOW
6513,6513,2025-10-06 23:30:10,CREDIT_CARD_ISSUANCE,CLOSED,3,2025-10-20,2025-10-12 23:30:10,,LOW
6514,6514,2026-06-11 03:03:27,TRADE_FINANCE_CREDIT_INSURANCE,CLOSED,3,2026-06-25,2026-06-14 03:03:27,,LOW
6515,6515,2026-01-20 14:09:05,PERSONAL_LOAN,CLOSED,1,2026-02-03,2026-01-22 14:09:05,,LOW
6516,6516,2026-02-07 07:24:58,MORTGAGE_ORIGINATION,CLOSED,2,2026-02-21,2026-02-13 07:24:58,,LOW
6517,6517,2026-05-10 07:49:44,INSTITUTIONAL_CRYPTO_CUSTODY,CLOSED,4,2026-05-24,2026-05-11 07:49:44,,LOW
6518,6518,2025-09-21 03:21:39,BUY_NOW_PAY_LATER,CLOSED,2,2025-10-05,2025-09-24 03:21:39,,MEDIUM
6519,6519,2026-02-26 01:24:37,MERCHANT_ACQUIRING,CLOSED,3,2026-03-12,2026-03-01 01:24:37,,MEDIUM
6520,6520,2026-08-19 19:22:50,FX_HEDGING_SOLUTIONS,OPEN,,2026-09-02,,,LOW
6521,6521,2026-01-01 07:23:15,CRYPTO_BROKERAGE,CLOSED,1,2026-01-15,2026-01-03 07:23:15,,MEDIUM
6522,6522,2026-04-16 15:17:09,HIGH_YIELD_SAVINGS,CLOSED,5,2026-04-30,2026-04-19 15:17:09,,LOW
6523,6523,2025-12-23 18:22:42,TRADE_FINANCE_CREDIT_INSURANCE,CLOSED,2,2026-01-06,2025-12-24 18:22:42,,LOW
6524,6524,2026-03-12 10:01:02,CREDIT_CARD_ISSUANCE,CLOSED,1,2026-03-26,2026-03-14 10:01:02,Unverified or expired identity documents,MEDIUM
6525,6525,2025-12-10 08:48:57,BUY_NOW_PAY_LATER,CLOSED,4,2025-12-24,2025-12-11 08:48:57,,LOW
6526,6526,2025-11-21 07:20:59,TRADE_FINANCE_CREDIT_INSURANCE,CLOSED,3,2025-12-05,2025-11-25 07:20:59,,LOW
6527,6527,2026-07-28 02:32:29,MORTGAGE_ORIGINATION,CLOSED,3,2026-08-11,2026-07-29 02:32:29,,LOW
6528,6528,2026-03-13 16:02:05,PERSONAL_LOAN,PENDING_DOCUMENTS,4,2026-03-27,,,LOW
6529,6529,2025-10-20 03:58:25,PERSONAL_LOAN,CLOSED,2,2025-11-03,2025-10-25 03:58:25,,LOW
6530,6530,2026-01-25 17:12:47,HIGH_YIELD_SAVINGS,CLOSED,3,2026-02-08,2026-01-30 17:12:47,Unverified or expired identity documents,MEDIUM
6531,6531,2025-10-11 13:10:33,RETAIL_EQUITY_BROKERAGE,IN_REVIEW,4,2025-10-25,,,MEDIUM
6532,6532,2026-06-13 10:13:26,REGULATORY_REPORTING_INTEGRATION,CLOSED,1,2026-06-27,2026-06-19 10:13:26,,LOW
6533,6533,2025-09-11 17:06:41,TREASURY_MANAGEMENT,CLOSED,2,2025-09-25,2025-09-13 17:06:41,,LOW
6534,6534,2025-11-23 08:52:41,CRYPTO_BROKERAGE,CLOSED,3,2025-12-07,2025-11-25 08:52:41,,LOW
6535,6535,2026-06-02 14:37:47,TRADE_FINANCE_CREDIT_INSURANCE,CLOSED,5,2026-06-16,2026-06-03 14:37:47,,LOW
6536,6536,2026-08-18 12:00:51,PERSONAL_LOAN,CLOSED,2,2026-09-01,2026-08-23 12:00:51,,LOW
6537,6537,2025-09-24 07:50:17,AUTO_FINANCING,CLOSED,5,2025-10-08,2025-09-25 07:50:17,,LOW
6538,6538,2026-04-07 18:34:44,CREDIT_CARD_ISSUANCE,CLOSED,1,2026-04-21,2026-04-08 18:34:44,,LOW
6539,6539,2026-06-12 01:02:16,POLITICAL_DONATION_PROCESSING,CLOSED,3,2026-06-26,2026-06-13 01:02:16,Unverified or expired identity documents,LOW
6540,6540,2025-11-30 07:19:09,CRYPTO_BROKERAGE,CLOSED,3,2025-12-14,2025-12-04 07:19:09,,LOW
6541,6541,2026-03-08 23:55:36,CRYPTO_BROKERAGE,CLOSED,4,2026-03-22,2026-03-11 23:55:36,,LOW
6542,6542,2026-08-24 22:05:14,CRYPTO_BROKERAGE,CLOSED,4,2026-09-07,2026-08-26 22:05:14,,LOW
6543,6543,2025-11-08 06:03:34,PERSONAL_LOAN,CLOSED,4,2025-11-22,2025-11-14 06:03:34,,LOW
6544,6544,2025-09-12 04:06:18,TERM_LIFE_INSURANCE,CLOSED,3,2025-09-26,2025-09-18 04:06:18,,LOW
6545,6545,2026-04-16 08:34:01,CROSS_BORDER_REMITTANCE,PENDING_DOCUMENTS,2,2026-04-30,,,LOW
6546,6546,2026-03-13 18:33:40,PERSONAL_LOAN,CLOSED,1,2026-03-27,2026-03-18 18:33:40,,LOW
6547,6547,2026-05-25 01:35:29,CREDIT_CARD_ISSUANCE,CLOSED,4,2026-06-08,2026-05-30 01:35:29,,MEDIUM
6548,6548,2026-05-26 13:14:54,CREDIT_CARD_ISSUANCE,CLOSED,1,2026-06-09,2026-06-01 13:14:54,,LOW
6549,6549,2026-02-25 22:55:39,BUY_NOW_PAY_LATER,CLOSED,4,2026-03-11,2026-02-27 22:55:39,,MEDIUM
6550,6550,2026-05-21 21:23:48,BENEFICIARY_DISBURSEMENT_SERVICES,OPEN,,2026-06-04,,,LOW
6551,6551,2026-01-05 17:23:05,MORTGAGE_ORIGINATION,CLOSED,2,2026-01-19,2026-01-08 17:23:05,,LOW
6552,6552,2026-04-01 19:15:58,ROBO_ADVISORY,CLOSED,4,2026-04-15,2026-04-02 19:15:58,,LOW
6553,6553,2025-11-05 03:56:37,PAYROLL_SERVICES,CLOSED,3,2025-11-19,2025-11-07 03:56:37,,LOW
6554,6554,2025-09-23 12:19:55,BUY_NOW_PAY_LATER,CLOSED,4,2025-10-07,2025-09-29 12:19:55,,MEDIUM
6555,6555,2026-05-21 13:13:48,HIGH_YIELD_SAVINGS,CLOSED,4,2026-06-04,2026-05-23 13:13:48,,LOW
6556,6556,2026-06-27 17:09:18,ASSET_PROTECTION_TRUSTS,IN_REVIEW,,2026-07-11,,,LOW
6557,6557,2026-01-06 17:59:20,DIRECT_INDEXING,CLOSED,2,2026-01-20,2026-01-08 17:59:20,,LOW
6558,6558,2026-01-28 10:05:03,PRIVATE_EQUITY_FEEDER,CLOSED,1,2026-02-11,2026-02-03 10:05:03,,LOW
6559,6559,2026-08-11 17:21:13,CREDIT_CARD_ISSUANCE,CLOSED,3,2026-08-25,2026-08-15 17:21:13,,LOW
6560,6560,2026-06-26 15:42:32,HIGH_YIELD_SAVINGS,CLOSED,3,2026-07-10,2026-06-29 15:42:32,,LOW
6561,6561,2026-05-14 03:41:42,ROBO_ADVISORY,CLOSED,5,2026-05-28,2026-05-16 03:41:42,Unverified or expired identity documents,LOW
6562,6562,2026-08-11 07:32:36,RETAIL_EQUITY_BROKERAGE,CLOSED,2,2026-08-25,2026-08-13 07:32:36,Unverified or expired identity documents,HIGH
6563,6563,2026-04-13 22:48:25,MORTGAGE_ORIGINATION,CLOSED,4,2026-04-27,2026-04-19 22:48:25,,LOW
6564,6564,2026-01-19 01:11:58,BUY_NOW_PAY_LATER,CLOSED,5,2026-02-02,2026-01-25 01:11:58,,MEDIUM
6565,6565,2026-05-16 05:30:36,TERM_LIFE_INSURANCE,CLOSED,3,2026-05-30,2026-05-18 05:30:36,,LOW
6566,6566,2026-08-09 16:22:37,CORPORATE_CREDIT_CARD,CLOSED,2,2026-08-23,2026-08-10 16:22:37,,LOW
6567,6567,2026-01-12 21:05:23,CROSS_BORDER_REMITTANCE,CLOSED,1,2026-01-26,2026-01-13 21:05:23,,MEDIUM
6568,6568,2025-10-04 07:39:31,BENEFICIARY_DISBURSEMENT_SERVICES,CLOSED,1,2025-10-18,2025-10-10 07:39:31,,LOW
6569,6569,2026-08-04 12:30:13,PERSONAL_LOAN,IN_REVIEW,1,2026-08-18,,,LOW
6570,6570,2025-12-14 16:58:06,CROSS_BORDER_REMITTANCE,CLOSED,3,2025-12-28,2025-12-15 16:58:06,,MEDIUM
6571,6571,2026-04-27 15:04:58,CRYPTO_BROKERAGE,IN_REVIEW,5,2026-05-11,,,LOW
6572,6572,2026-02-26 01:15:14,ROBO_ADVISORY,CLOSED,2,2026-03-12,2026-03-01 01:15:14,,LOW
6573,6573,2025-09-21 14:49:07,MORTGAGE_ORIGINATION,CLOSED,2,2025-10-05,2025-09-22 14:49:07,,MEDIUM
6574,6574,2026-05-09 10:01:11,AUTO_FINANCING,CLOSED,1,2026-05-23,2026-05-14 10:01:11,,LOW
6575,6575,2026-05-25 08:14:38,LIQUIDITY_MANAGEMENT,CLOSED,3,2026-06-08,2026-05-28 08:14:38,Unverified or expired identity documents,HIGH
6576,6576,2026-06-03 22:59:33,MORTGAGE_ORIGINATION,CLOSED,3,2026-06-17,2026-06-04 22:59:33,,LOW
6577,6577,2026-02-13 08:03:30,HIGH_YIELD_SAVINGS,OPEN,5,2026-02-27,,,LOW
6578,6578,2025-09-16 19:15:10,BUY_NOW_PAY_LATER,CLOSED,1,2025-09-30,2025-09-21 19:15:10,,LOW
6579,6579,2025-11-20 02:29:13,CROSS_BORDER_REMITTANCE,CLOSED,1,2025-12-04,2025-11-26 02:29:13,,LOW
6580,6580,2025-12-17 19:29:07,PERSONAL_LOAN,CLOSED,4,2025-12-31,2025-12-20 19:29:07,,LOW
6581,6581,2025-10-11 18:33:01,PERSONAL_LOAN,CLOSED,2,2025-10-25,2025-10-15 18:33:01,,LOW
6582,6582,2026-02-19 06:28:54,FIDUCIARY_CUSTODY_ACCOUNT,CLOSED,1,2026-03-05,2026-02-22 06:28:54,,LOW
6583,6583,2025-10-20 07:10:17,AUTO_FINANCING,CLOSED,2,2025-11-03,2025-10-22 07:10:17,,LOW
6584,6584,2026-07-10 10:29:46,ESCROW_SERVICES,CLOSED,4,2026-07-24,2026-07-11 10:29:46,,LOW
6585,6585,2026-05-14 06:50:16,HIGH_YIELD_SAVINGS,CLOSED,2,2026-05-28,2026-05-19 06:50:16,,MEDIUM
6586,6586,2025-09-29 00:12:48,DIRECT_INDEXING,CLOSED,5,2025-10-13,2025-10-05 00:12:48,,LOW
6587,6587,2025-11-22 03:19:25,TERM_LIFE_INSURANCE,CLOSED,4,2025-12-06,2025-11-28 03:19:25,,LOW
6588,6588,2025-11-07 17:19:28,CROSS_BORDER_REMITTANCE,CLOSED,2,2025-11-21,2025-11-11 17:19:28,,LOW
6589,6589,2026-06-20 03:48:05,PAC_TREASURY_MANAGEMENT,CLOSED,4,2026-07-04,2026-06-22 03:48:05,,LOW
6590,6590,2026-08-09 10:20:55,RETAIL_BANKING,CLOSED,2,2026-08-23,2026-08-10 10:20:55,,LOW
6591,6591,2026-05-06 21:27:29,BUY_NOW_PAY_LATER,CLOSED,2,2026-05-20,2026-05-07 21:27:29,,LOW
6592,6592,2026-07-28 19:38:22,CAMPAIGN_CHECKING_ACCOUNT,OPEN,,2026-08-11,,,LOW
6593,6593,2026-03-24 07:52:55,BUY_NOW_PAY_LATER,CLOSED,2,2026-04-07,2026-03-30 07:52:55,,MEDIUM
6594,6594,2026-07-25 07:15:26,CREDIT_CARD_ISSUANCE,CLOSED,1,2026-08-08,2026-07-26 07:15:26,,LOW
6595,6595,2026-05-25 04:03:34,TRADE_FINANCE_CREDIT_INSURANCE,IN_REVIEW,,2026-06-08,,,LOW
6596,6596,2025-11-29 02:33:27,CREDIT_CARD_ISSUANCE,CLOSED,4,2025-12-13,2025-11-30 02:33:27,,LOW
6597,6597,2026-07-24 19:14:45,RETAIL_EQUITY_BROKERAGE,CLOSED,4,2026-08-07,2026-07-30 19:14:45,Unverified or expired identity documents,HIGH
6598,6598,2026-04-24 04:00:19,FIDUCIARY_CUSTODY_ACCOUNT,CLOSED,2,2026-05-08,2026-04-26 04:00:19,,LOW
6599,6599,2026-02-02 14:29:17,TERM_LIFE_INSURANCE,CLOSED,1,2026-02-16,2026-02-04 14:29:17,,LOW
6600,6600,2026-05-12 06:36:08,ROBO_ADVISORY,CLOSED,3,2026-05-26,2026-05-18 06:36:08,,LOW
6601,6601,2026-08-16 20:02:33,SYNDICATED_LOANS,IN_REVIEW,,2026-08-30,,,MEDIUM
6602,6602,2025-08-29 14:20:08,RETAIL_BANKING,CLOSED,2,2025-09-12,2025-08-30 14:20:08,,MEDIUM
6603,6603,2025-09-02 12:19:26,BUY_NOW_PAY_LATER,CLOSED,1,2025-09-16,2025-09-05 12:19:26,,MEDIUM
6604,6604,2026-01-07 20:47:13,HIGH_YIELD_SAVINGS,OPEN,,2026-01-21,,,MEDIUM
6605,6605,2025-11-11 05:00:28,ROBO_ADVISORY,CLOSED,3,2025-11-25,2025-11-17 05:00:28,,LOW
6606,6606,2026-04-15 16:32:21,TERM_LIFE_INSURANCE,CLOSED,4,2026-04-29,2026-04-17 16:32:21,,LOW
6607,6607,2025-09-14 01:27:54,BUY_NOW_PAY_LATER,CLOSED,5,2025-09-28,2025-09-17 01:27:54,,MEDIUM
6608,6608,2025-11-12 12:29:54,HIGH_YIELD_SAVINGS,CLOSED,4,2025-11-26,2025-11-16 12:29:54,,LOW
6609,6609,2026-08-24 04:33:05,ROBO_ADVISORY,CLOSED,5,2026-09-07,2026-08-28 04:33:05,High-risk sanctions/FATF jurisdiction,HIGH
6610,6610,2026-07-18 23:09:10,MORTGAGE_ORIGINATION,CLOSED,3,2026-08-01,2026-07-19 23:09:10,,MEDIUM
6611,6611,2025-12-28 17:08:03,MORTGAGE_ORIGINATION,OPEN,2,2026-01-11,,,LOW
6612,6612,2026-01-09 02:15:37,GOVERNMENT_RELATIONS_ESCROW,CLOSED,5,2026-01-23,2026-01-11 02:15:37,,LOW
6613,6613,2025-10-03 11:41:58,INSTITUTIONAL_CRYPTO_CUSTODY,OPEN,,2025-10-17,,,MEDIUM
6614,6614,2026-04-07 19:43:02,ROBO_ADVISORY,CLOSED,3,2026-04-21,2026-04-12 19:43:02,,LOW
6615,6615,2025-09-25 22:02:43,HIGH_YIELD_SAVINGS,OPEN,,2025-10-09,,,LOW
6616,6616,2026-07-08 11:57:42,ESCROW_SERVICES,CLOSED,4,2026-07-22,2026-07-14 11:57:42,,LOW
6617,6617,2026-04-25 18:24:36,CRYPTO_BROKERAGE,IN_REVIEW,4,2026-05-09,,,LOW
6618,6618,2026-02-27 18:17:17,TERM_LIFE_INSURANCE,CLOSED,3,2026-03-13,2026-03-05 18:17:17,,LOW
6619,6619,2025-09-24 08:48:33,MERCHANT_ACQUIRING,CLOSED,1,2025-10-08,2025-09-27 08:48:33,,LOW
6620,6620,2026-06-24 06:04:36,RETAIL_EQUITY_BROKERAGE,CLOSED,5,2026-07-08,2026-06-25 06:04:36,,LOW
6621,6621,2026-04-20 06:42:31,ESTATE_PLANNING_SERVICES,CLOSED,4,2026-05-04,2026-04-26 06:42:31,,MEDIUM
6622,6622,2026-03-26 09:06:15,MORTGAGE_ORIGINATION,CLOSED,5,2026-04-09,2026-03-28 09:06:15,,LOW
6623,6623,2025-10-30 12:34:47,AUTO_FINANCING,CLOSED,5,2025-11-13,2025-11-02 12:34:47,,MEDIUM
6624,6624,2026-01-06 05:47:51,RETAIL_BANKING,CLOSED,4,2026-01-20,2026-01-10 05:47:51,,LOW
6625,6625,2026-01-02 00:03:53,ROBO_ADVISORY,CLOSED,3,2026-01-16,2026-01-04 00:03:53,,LOW
6626,6626,2026-02-07 12:13:10,FX_HEDGING_SOLUTIONS,CLOSED,2,2026-02-21,2026-02-08 12:13:10,,HIGH
6627,6627,2026-04-07 06:34:36,LETTER_OF_CREDIT,CLOSED,3,2026-04-21,2026-04-13 06:34:36,,LOW
6628,6628,2026-01-01 11:31:13,INSTITUTIONAL_CRYPTO_CUSTODY,CLOSED,3,2026-01-15,2026-01-04 11:31:13,,LOW
6629,6629,2026-05-23 08:14:45,FX_HEDGING_SOLUTIONS,OPEN,5,2026-06-06,,,LOW
6630,6630,2026-01-11 15:53:44,HIGH_YIELD_SAVINGS,OPEN,2,2026-01-25,,,HIGH
6631,6631,2025-11-01 22:21:18,TERM_LIFE_INSURANCE,CLOSED,4,2025-11-15,2025-11-03 22:21:18,,MEDIUM
6632,6632,2026-08-08 19:26:59,AUTO_FINANCING,IN_REVIEW,5,2026-08-22,,,LOW
6633,6633,2025-12-24 06:11:37,AUTO_FINANCING,CLOSED,1,2026-01-07,2025-12-26 06:11:37,,LOW
6634,6634,2026-04-10 12:35:49,FX_HEDGING_SOLUTIONS,CLOSED,4,2026-04-24,2026-04-13 12:35:49,,LOW
6635,6635,2026-01-18 11:25:31,RETAIL_BANKING,CLOSED,3,2026-02-01,2026-01-19 11:25:31,Unverified or expired identity documents,LOW
6636,6636,2025-11-15 08:21:01,RETAIL_EQUITY_BROKERAGE,CLOSED,4,2025-11-29,2025-11-16 08:21:01,Unverified or expired identity documents,MEDIUM
6637,6637,2025-10-23 07:21:39,AUTO_FINANCING,CLOSED,4,2025-11-06,2025-10-25 07:21:39,,LOW
6638,6638,2026-03-02 05:02:21,BUY_NOW_PAY_LATER,CLOSED,5,2026-03-16,2026-03-07 05:02:21,,LOW
6639,6639,2026-08-03 22:31:22,ROBO_ADVISORY,CLOSED,1,2026-08-17,2026-08-08 22:31:22,,LOW
6640,6640,2026-03-15 15:24:58,ROBO_ADVISORY,CLOSED,2,2026-03-29,2026-03-18 15:24:58,,LOW
6641,6641,2025-09-11 04:46:31,ROBO_ADVISORY,CLOSED,2,2025-09-25,2025-09-12 04:46:31,,MEDIUM
6642,6642,2026-02-19 13:27:00,ESCROW_SERVICES,CLOSED,4,2026-03-05,2026-02-25 13:27:00,,LOW
6643,6643,2026-06-19 14:16:43,TERM_LIFE_INSURANCE,CLOSED,3,2026-07-03,2026-06-24 14:16:43,,MEDIUM
6644,6644,2026-03-05 19:19:02,INSTITUTIONAL_CRYPTO_CUSTODY,CLOSED,1,2026-03-19,2026-03-08 19:19:02,,LOW
6645,6645,2025-08-27 10:02:15,PAYROLL_SERVICES,CLOSED,4,2025-09-10,2025-08-31 10:02:15,,LOW
6646,6646,2026-03-04 02:55:41,TRADE_FINANCE_CREDIT_INSURANCE,CLOSED,5,2026-03-18,2026-03-06 02:55:41,,LOW
6647,6647,2025-09-12 03:59:36,CORPORATE_ACCOUNT,CLOSED,3,2025-09-26,2025-09-16 03:59:36,,LOW
6648,6648,2025-12-15 17:04:33,BENEFICIARY_DISBURSEMENT_SERVICES,CLOSED,1,2025-12-29,2025-12-21 17:04:33,,MEDIUM
6649,6649,2026-08-12 23:55:05,CREDIT_CARD_ISSUANCE,CLOSED,3,2026-08-26,2026-08-14 23:55:05,,LOW
6650,6650,2026-04-08 17:15:46,REGULATORY_REPORTING_INTEGRATION,OPEN,4,2026-04-22,,,MEDIUM
6651,6651,2025-10-31 17:39:11,COMMERCIAL_LENDING,CLOSED,5,2025-11-14,2025-11-01 17:39:11,,LOW
6652,6652,2026-05-14 12:08:01,RETAIL_BANKING,CLOSED,4,2026-05-28,2026-05-15 12:08:01,,LOW
6653,6653,2026-07-23 05:24:47,CROSS_BORDER_REMITTANCE,CLOSED,3,2026-08-06,2026-07-25 05:24:47,,LOW
6654,6654,2026-02-01 22:32:26,CAMPAIGN_CHECKING_ACCOUNT,CLOSED,4,2026-02-15,2026-02-04 22:32:26,Adverse media and PEP screening threshold exceeded,LOW
6655,6655,2025-11-05 03:38:19,HIGH_YIELD_SAVINGS,CLOSED,2,2025-11-19,2025-11-08 03:38:19,,LOW
6656,6656,2026-02-08 08:40:55,PERSONAL_LOAN,CLOSED,1,2026-02-22,2026-02-09 08:40:55,Unverified or expired identity documents,MEDIUM
6657,6657,2025-11-27 07:10:39,COMPLIANCE_RESTRICTED_DEPOSIT_ACCOUNT,CLOSED,5,2025-12-11,2025-11-28 07:10:39,,LOW
6658,6658,2026-04-13 11:23:56,TREASURY_MANAGEMENT,CLOSED,1,2026-04-27,2026-04-17 11:23:56,,LOW
6659,6659,2026-06-24 00:53:48,PERSONAL_LOAN,CLOSED,1,2026-07-08,2026-06-25 00:53:48,,LOW
6660,6660,2026-04-04 22:19:31,COMMERCIAL_LENDING,CLOSED,3,2026-04-18,2026-04-07 22:19:31,,LOW
6661,6661,2026-07-26 03:10:18,RETAIL_EQUITY_BROKERAGE,CLOSED,3,2026-08-09,2026-07-28 03:10:18,,LOW
6662,6662,2025-11-21 11:43:31,HIGH_YIELD_SAVINGS,CLOSED,4,2025-12-05,2025-11-22 11:43:31,,LOW
6663,6663,2025-09-01 03:26:17,INSTITUTIONAL_CRYPTO_CUSTODY,CLOSED,3,2025-09-15,2025-09-07 03:26:17,,MEDIUM
6664,6664,2026-08-10 17:38:10,HIGH_YIELD_SAVINGS,CLOSED,4,2026-08-24,2026-08-16 17:38:10,,LOW
6665,6665,2026-03-05 17:36:28,SECURITIES_BASED_LENDING,CLOSED,3,2026-03-19,2026-03-07 17:36:28,,LOW
6666,6666,2026-05-11 02:28:52,COMMERCIAL_LENDING,CLOSED,4,2026-05-25,2026-05-16 02:28:52,,LOW
6667,6667,2026-03-24 05:00:20,HIGH_YIELD_SAVINGS,CLOSED,1,2026-04-07,2026-03-29 05:00:20,,LOW
6668,6668,2025-11-02 03:05:30,MORTGAGE_ORIGINATION,CLOSED,1,2025-11-16,2025-11-04 03:05:30,,MEDIUM
6669,6669,2026-07-23 04:08:52,PAYROLL_SERVICES,CLOSED,5,2026-08-06,2026-07-26 04:08:52,,LOW
6670,6670,2026-02-28 23:44:18,CROSS_BORDER_REMITTANCE,CLOSED,2,2026-03-14,2026-03-06 23:44:18,,MEDIUM
6671,6671,2025-11-02 08:27:32,RETAIL_BANKING,CLOSED,5,2025-11-16,2025-11-07 08:27:32,,LOW
6672,6672,2026-02-26 06:06:24,CROSS_BORDER_REMITTANCE,CLOSED,1,2026-03-12,2026-03-02 06:06:24,,MEDIUM
6673,6673,2025-10-24 12:46:12,AUTO_FINANCING,CLOSED,2,2025-11-07,2025-10-27 12:46:12,Unverified or expired identity documents,LOW
6674,6674,2025-12-08 18:56:04,CROSS_BORDER_REMITTANCE,CLOSED,3,2025-12-22,2025-12-14 18:56:04,,LOW
6675,6675,2026-02-19 16:55:34,BALLOT_INITIATIVE_ESCROW,CLOSED,3,2026-03-05,2026-02-22 16:55:34,Unverified or expired identity documents,LOW
6676,6676,2026-02-08 02:37:27,WEALTH_MANAGEMENT,CLOSED,5,2026-02-22,2026-02-10 02:37:27,,LOW
6677,6677,2026-06-10 21:04:22,RETAIL_BANKING,CLOSED,1,2026-06-24,2026-06-14 21:04:22,,MEDIUM
6678,6678,2025-10-12 07:50:03,ESCROW_SERVICES,CLOSED,5,2025-10-26,2025-10-14 07:50:03,,MEDIUM
6679,6679,2026-07-24 16:11:12,PERSONAL_LOAN,CLOSED,4,2026-08-07,2026-07-27 16:11:12,,LOW
6680,6680,2026-06-04 02:42:23,REGULATORY_REPORTING_INTEGRATION,CLOSED,2,2026-06-18,2026-06-09 02:42:23,,LOW
6681,6681,2026-07-10 05:50:55,HIGH_YIELD_SAVINGS,CLOSED,1,2026-07-24,2026-07-15 05:50:55,Unverified or expired identity documents,HIGH
6682,6682,2025-11-20 16:32:06,SECURITIES_BASED_LENDING,CLOSED,3,2025-12-04,2025-11-21 16:32:06,,LOW
6683,6683,2026-06-26 05:26:08,BUY_NOW_PAY_LATER,CLOSED,2,2026-07-10,2026-07-01 05:26:08,,LOW
6684,6684,2025-11-23 21:51:26,PHILANTHROPY_ENDOWMENT_MANAGEMENT,CLOSED,1,2025-12-07,2025-11-28 21:51:26,,LOW
6685,6685,2026-07-13 20:42:05,ROBO_ADVISORY,CLOSED,4,2026-07-27,2026-07-14 20:42:05,Unverified or expired identity documents,LOW
6686,6686,2025-09-16 18:26:01,HIGH_YIELD_SAVINGS,CLOSED,3,2025-09-30,2025-09-22 18:26:01,,LOW
6687,6687,2026-08-07 19:05:27,PRIVATE_EQUITY_FEEDER,CLOSED,2,2026-08-21,2026-08-08 19:05:27,,LOW
6688,6688,2026-02-21 03:42:18,TERM_LIFE_INSURANCE,CLOSED,3,2026-03-07,2026-02-22 03:42:18,,LOW
6689,6689,2025-09-29 23:52:48,SHORT_TERM_LIQUIDITY_MANAGEMENT,CLOSED,5,2025-10-13,2025-10-04 23:52:48,,LOW
6690,6690,2026-04-27 08:04:29,PERSONAL_LOAN,CLOSED,5,2026-05-11,2026-05-02 08:04:29,,LOW
6691,6691,2025-10-15 12:11:16,ROBO_ADVISORY,OPEN,1,2025-10-29,,,MEDIUM
6692,6692,2026-07-09 16:37:27,ESCROW_SERVICES,CLOSED,3,2026-07-23,2026-07-14 16:37:27,,LOW
6693,6693,2025-12-09 08:02:56,CROSS_BORDER_REMITTANCE,CLOSED,5,2025-12-23,2025-12-15 08:02:56,,LOW
6694,6694,2026-01-21 07:08:13,RETAIL_EQUITY_BROKERAGE,CLOSED,4,2026-02-04,2026-01-27 07:08:13,,LOW
6695,6695,2025-10-24 06:03:59,FIDUCIARY_CUSTODY_ACCOUNT,CLOSED,2,2025-11-07,2025-10-30 06:03:59,,LOW
6696,6696,2025-10-15 04:38:14,HIGH_YIELD_SAVINGS,CLOSED,4,2025-10-29,2025-10-21 04:38:14,,MEDIUM
6697,6697,2025-10-20 01:05:06,CREDIT_CARD_ISSUANCE,CLOSED,3,2025-11-03,2025-10-21 01:05:06,,LOW
6698,6698,2025-12-23 06:25:04,COMMERCIAL_LENDING,CLOSED,4,2026-01-06,2025-12-29 06:25:04,,LOW
6699,6699,2025-11-02 16:50:28,TRUSTEE_ADMINISTRATION,CLOSED,4,2025-11-16,2025-11-06 16:50:28,,MEDIUM
6700,6700,2026-03-03 02:35:26,CROSS_BORDER_REMITTANCE,CLOSED,1,2026-03-17,2026-03-06 02:35:26,,LOW
6701,6701,2026-06-23 13:24:37,CREDIT_CARD_ISSUANCE,CLOSED,1,2026-07-07,2026-06-24 13:24:37,,LOW
6702,6702,2026-06-11 06:42:05,PERSONAL_LOAN,CLOSED,1,2026-06-25,2026-06-12 06:42:05,,HIGH
6703,6703,2026-03-24 01:29:59,CRYPTO_BROKERAGE,CLOSED,5,2026-04-07,2026-03-30 01:29:59,,HIGH
6704,6704,2025-12-01 10:25:38,PERSONAL_LOAN,CLOSED,3,2025-12-15,2025-12-06 10:25:38,,LOW
6705,6705,2026-04-06 00:10:06,ROBO_ADVISORY,CLOSED,4,2026-04-20,2026-04-10 00:10:06,,LOW
6706,6706,2026-03-30 20:03:04,BENEFICIARY_DISBURSEMENT_SERVICES,CLOSED,2,2026-04-13,2026-04-04 20:03:04,,LOW
6707,6707,2026-02-07 07:26:56,FX_HEDGING_SOLUTIONS,CLOSED,2,2026-02-21,2026-02-09 07:26:56,,MEDIUM
6708,6708,2026-03-11 11:25:14,MORTGAGE_ORIGINATION,CLOSED,4,2026-03-25,2026-03-16 11:25:14,,LOW
6709,6709,2026-01-08 16:05:18,CAMPAIGN_CHECKING_ACCOUNT,CLOSED,3,2026-01-22,2026-01-09 16:05:18,,MEDIUM
6710,6710,2026-02-11 02:02:23,CREDIT_CARD_ISSUANCE,CLOSED,4,2026-02-25,2026-02-15 02:02:23,,LOW
6711,6711,2026-06-27 03:50:43,CORPORATE_CREDIT_CARD,CLOSED,3,2026-07-11,2026-07-03 03:50:43,,LOW
6712,6712,2025-10-27 08:54:08,HIGH_YIELD_SAVINGS,CLOSED,2,2025-11-10,2025-10-31 08:54:08,,LOW
6713,6713,2026-08-04 04:16:45,HIGH_YIELD_SAVINGS,PENDING_DOCUMENTS,,2026-08-18,,,LOW
6714,6714,2026-06-04 08:40:41,CORPORATE_ACCOUNT,CLOSED,3,2026-06-18,2026-06-06 08:40:41,,LOW
6715,6715,2025-10-01 17:58:41,ESCROW_SERVICES,CLOSED,5,2025-10-15,2025-10-05 17:58:41,,LOW
6716,6716,2025-11-18 13:35:29,ROBO_ADVISORY,OPEN,1,2025-12-02,,,MEDIUM
6717,6717,2026-02-07 22:18:48,ROBO_ADVISORY,CLOSED,2,2026-02-21,2026-02-11 22:18:48,,LOW
6718,6718,2026-03-12 14:43:27,HIGH_YIELD_SAVINGS,CLOSED,2,2026-03-26,2026-03-15 14:43:27,Unverified or expired identity documents,HIGH
6719,6719,2026-01-10 20:02:57,FX_HEDGING_SOLUTIONS,CLOSED,1,2026-01-24,2026-01-12 20:02:57,,LOW
6720,6720,2025-10-30 13:02:39,CROSS_BORDER_REMITTANCE,CLOSED,5,2025-11-13,2025-11-05 13:02:39,,MEDIUM
6721,6721,2025-12-09 07:58:41,CAMPAIGN_CHECKING_ACCOUNT,CLOSED,5,2025-12-23,2025-12-15 07:58:41,High-risk sanctions/FATF jurisdiction,HIGH
6722,6722,2026-05-30 19:08:15,SECURITIES_BASED_LENDING,IN_REVIEW,,2026-06-13,,,MEDIUM
6723,6723,2026-03-08 20:58:44,TERM_LIFE_INSURANCE,CLOSED,1,2026-03-22,2026-03-13 20:58:44,,LOW
6724,6724,2026-08-15 21:43:38,CORPORATE_CREDIT_CARD,CLOSED,2,2026-08-29,2026-08-16 21:43:38,Unverified or expired identity documents,HIGH
6725,6725,2025-10-31 00:15:11,CROSS_BORDER_REMITTANCE,CLOSED,5,2025-11-14,2025-11-06 00:15:11,,MEDIUM
6726,6726,2026-03-09 12:33:03,MORTGAGE_ORIGINATION,IN_REVIEW,2,2026-03-23,,,LOW
6727,6727,2026-03-03 13:23:08,PHILANTHROPY_ENDOWMENT_MANAGEMENT,CLOSED,1,2026-03-17,2026-03-06 13:23:08,,MEDIUM
6728,6728,2025-09-14 19:46:07,ROBO_ADVISORY,CLOSED,3,2025-09-28,2025-09-15 19:46:07,,LOW
6729,6729,2025-09-16 05:10:02,MORTGAGE_ORIGINATION,CLOSED,2,2025-09-30,2025-09-18 05:10:02,,MEDIUM
6730,6730,2025-10-27 10:49:23,CRYPTO_BROKERAGE,CLOSED,4,2025-11-10,2025-10-28 10:49:23,,LOW
6731,6731,2026-08-23 19:22:52,CROSS_BORDER_REMITTANCE,CLOSED,1,2026-09-06,2026-08-25 19:22:52,High-risk sanctions/FATF jurisdiction,HIGH
6732,6732,2026-02-08 01:07:30,RETAIL_EQUITY_BROKERAGE,CLOSED,1,2026-02-22,2026-02-12 01:07:30,,LOW
6733,6733,2025-09-03 20:13:26,CROSS_BORDER_REMITTANCE,CLOSED,3,2025-09-17,2025-09-08 20:13:26,,LOW
6734,6734,2026-07-22 15:40:53,PERSONAL_LOAN,CLOSED,1,2026-08-05,2026-07-27 15:40:53,,LOW
6735,6735,2026-02-26 08:20:11,ROBO_ADVISORY,CLOSED,3,2026-03-12,2026-03-03 08:20:11,Unverified or expired identity documents,HIGH
6736,6736,2026-02-07 22:33:09,TERM_LIFE_INSURANCE,CLOSED,5,2026-02-21,2026-02-10 22:33:09,,LOW
6737,6737,2026-08-06 06:34:28,PERSONAL_LOAN,CLOSED,5,2026-08-20,2026-08-10 06:34:28,,MEDIUM
6738,6738,2025-11-29 21:57:24,BALLOT_INITIATIVE_ESCROW,CLOSED,2,2025-12-13,2025-11-30 21:57:24,Unverified or expired identity documents,LOW
6739,6739,2025-09-16 19:06:15,CROSS_BORDER_REMITTANCE,CLOSED,1,2025-09-30,2025-09-22 19:06:15,,HIGH
6740,6740,2025-11-25 09:41:01,ROBO_ADVISORY,IN_REVIEW,,2025-12-09,,,LOW
6741,6741,2025-11-26 03:54:49,AUTO_FINANCING,IN_REVIEW,2,2025-12-10,,,LOW
6742,6742,2026-06-04 17:35:52,ROBO_ADVISORY,PENDING_DOCUMENTS,,2026-06-18,,,LOW
6743,6743,2025-12-23 18:13:30,CROSS_BORDER_REMITTANCE,CLOSED,5,2026-01-06,2025-12-28 18:13:30,,LOW
6744,6744,2025-09-21 20:05:16,CRYPTO_BROKERAGE,CLOSED,4,2025-10-05,2025-09-24 20:05:16,,LOW
6745,6745,2025-11-15 18:10:38,TERM_LIFE_INSURANCE,CLOSED,4,2025-11-29,2025-11-19 18:10:38,,MEDIUM
6746,6746,2026-03-07 14:58:25,ROBO_ADVISORY,OPEN,5,2026-03-21,,,LOW
6747,6747,2025-10-03 19:26:02,ROBO_ADVISORY,CLOSED,2,2025-10-17,2025-10-07 19:26:02,,LOW
6748,6748,2025-11-27 16:48:41,BENEFICIARY_DISBURSEMENT_SERVICES,CLOSED,3,2025-12-11,2025-12-02 16:48:41,,LOW
6749,6749,2026-08-11 20:41:57,TERM_LIFE_INSURANCE,CLOSED,3,2026-08-25,2026-08-17 20:41:57,,MEDIUM
6750,6750,2026-06-11 03:18:31,ROBO_ADVISORY,PENDING_DOCUMENTS,2,2026-06-25,,,LOW
6751,6751,2025-09-25 08:28:26,TERM_LIFE_INSURANCE,CLOSED,1,2025-10-09,2025-09-29 08:28:26,,LOW
6752,6752,2026-06-06 11:31:49,ROBO_ADVISORY,CLOSED,1,2026-06-20,2026-06-11 11:31:49,,MEDIUM
6753,6753,2026-01-24 06:33:21,CRYPTO_BROKERAGE,CLOSED,4,2026-02-07,2026-01-30 06:33:21,,LOW
6754,6754,2026-06-09 21:21:33,SYNDICATED_LOANS,CLOSED,2,2026-06-23,2026-06-13 21:21:33,,LOW
6755,6755,2026-03-29 03:18:58,BESPOKE_PORTFOLIO_MANAGEMENT,CLOSED,2,2026-04-12,2026-04-01 03:18:58,,MEDIUM
6756,6756,2025-12-08 07:14:13,RETAIL_BANKING,CLOSED,2,2025-12-22,2025-12-09 07:14:13,,LOW
6757,6757,2025-12-19 07:34:06,ASSET_PROTECTION_TRUSTS,CLOSED,5,2026-01-02,2025-12-24 07:34:06,,MEDIUM
6758,6758,2025-10-15 18:59:19,CREDIT_CARD_ISSUANCE,IN_REVIEW,,2025-10-29,,,LOW
6759,6759,2026-02-19 20:12:49,ASSET_PROTECTION_TRUSTS,CLOSED,3,2026-03-05,2026-02-21 20:12:49,,LOW
6760,6760,2025-11-12 23:21:27,PAYROLL_SERVICES,OPEN,1,2025-11-26,,,HIGH
6761,6761,2025-11-16 09:55:25,LETTER_OF_CREDIT,OPEN,1,2025-11-30,,,LOW
6762,6762,2026-04-30 10:05:12,HIGH_YIELD_SAVINGS,OPEN,3,2026-05-14,,,MEDIUM
6763,6763,2026-03-08 01:01:00,MORTGAGE_ORIGINATION,CLOSED,3,2026-03-22,2026-03-14 01:01:00,Unverified or expired identity documents,MEDIUM
6764,6764,2025-10-04 09:05:42,CROSS_BORDER_REMITTANCE,OPEN,,2025-10-18,,,LOW
6765,6765,2025-09-02 13:16:23,CRYPTO_BROKERAGE,CLOSED,5,2025-09-16,2025-09-08 13:16:23,,MEDIUM
6766,6766,2025-12-07 18:48:18,HIGH_VOLUME_MERCHANT_GATEWAY,CLOSED,4,2025-12-21,2025-12-08 18:48:18,Unverified or expired identity documents,LOW
6767,6767,2025-08-29 03:19:55,HIGH_YIELD_SAVINGS,IN_REVIEW,4,2025-09-12,,,LOW
6768,6768,2025-10-06 11:50:22,RETAIL_BANKING,CLOSED,2,2025-10-20,2025-10-10 11:50:22,,HIGH
6769,6769,2026-06-12 20:51:10,AUTO_FINANCING,CLOSED,4,2026-06-26,2026-06-15 20:51:10,,LOW
6770,6770,2026-07-22 01:21:04,CROSS_BORDER_REMITTANCE,CLOSED,1,2026-08-05,2026-07-28 01:21:04,,HIGH
6771,6771,2025-09-11 21:51:44,SECURITIES_BASED_LENDING,CLOSED,5,2025-09-25,2025-09-17 21:51:44,,LOW
6772,6772,2025-09-27 00:27:11,DIRECT_INDEXING,CLOSED,3,2025-10-11,2025-10-01 00:27:11,,LOW
6773,6773,2025-11-18 18:29:49,LETTER_OF_CREDIT,CLOSED,3,2025-12-02,2025-11-21 18:29:49,,MEDIUM
6774,6774,2026-02-23 13:49:08,BALLOT_INITIATIVE_ESCROW,CLOSED,5,2026-03-09,2026-02-25 13:49:08,Unverified or expired identity documents,MEDIUM
6775,6775,2026-07-24 17:56:45,TRADE_FINANCE_CREDIT_INSURANCE,IN_REVIEW,1,2026-08-07,,,MEDIUM
6776,6776,2026-04-22 15:45:04,MORTGAGE_ORIGINATION,CLOSED,5,2026-05-06,2026-04-25 15:45:04,,LOW
6777,6777,2026-05-09 20:16:09,SHORT_TERM_LIQUIDITY_MANAGEMENT,CLOSED,5,2026-05-23,2026-05-14 20:16:09,,LOW
6778,6778,2026-05-30 16:35:04,CRYPTO_BROKERAGE,CLOSED,3,2026-06-13,2026-06-05 16:35:04,,LOW
6779,6779,2026-02-04 22:17:13,CROSS_BORDER_REMITTANCE,CLOSED,2,2026-02-18,2026-02-06 22:17:13,,LOW
6780,6780,2026-06-06 12:25:14,HIGH_YIELD_SAVINGS,OPEN,,2026-06-20,,,LOW
6781,6781,2026-05-24 04:45:48,BALLOT_INITIATIVE_ESCROW,CLOSED,1,2026-06-07,2026-05-27 04:45:48,,LOW
6782,6782,2026-03-07 09:15:27,PAC_TREASURY_MANAGEMENT,CLOSED,4,2026-03-21,2026-03-11 09:15:27,Unverified or expired identity documents,LOW
6783,6783,2025-11-19 13:09:41,BUY_NOW_PAY_LATER,PENDING_DOCUMENTS,4,2025-12-03,,,LOW
6784,6784,2026-02-11 15:46:31,SYNDICATED_LOANS,CLOSED,5,2026-02-25,2026-02-16 15:46:31,,MEDIUM
6785,6785,2026-05-16 16:45:35,TERM_LIFE_INSURANCE,CLOSED,3,2026-05-30,2026-05-20 16:45:35,,LOW
6786,6786,2026-01-08 10:13:02,ROBO_ADVISORY,CLOSED,4,2026-01-22,2026-01-11 10:13:02,,LOW
6787,6787,2026-01-24 21:47:41,ROBO_ADVISORY,IN_REVIEW,3,2026-02-07,,,HIGH
6788,6788,2026-04-22 19:04:40,CRYPTO_BROKERAGE,OPEN,2,2026-05-06,,,HIGH
6789,6789,2025-10-31 13:54:51,ASSET_PROTECTION_TRUSTS,CLOSED,3,2025-11-14,2025-11-03 13:54:51,Unverified or expired identity documents,LOW
6790,6790,2026-04-28 22:25:11,CRYPTO_BROKERAGE,CLOSED,1,2026-05-12,2026-05-01 22:25:11,,LOW
6791,6791,2025-11-17 04:05:12,SHORT_TERM_LIQUIDITY_MANAGEMENT,CLOSED,2,2025-12-01,2025-11-22 04:05:12,,MEDIUM
6792,6792,2025-12-13 06:49:48,CROSS_BORDER_REMITTANCE,CLOSED,3,2025-12-27,2025-12-16 06:49:48,,LOW
6793,6793,2026-03-05 19:28:58,TREASURY_MANAGEMENT,CLOSED,1,2026-03-19,2026-03-09 19:28:58,,LOW
6794,6794,2026-08-06 06:36:46,CRYPTO_BROKERAGE,CLOSED,1,2026-08-20,2026-08-10 06:36:46,Unverified or expired identity documents,HIGH
6795,6795,2026-01-06 18:11:20,TERM_LIFE_INSURANCE,CLOSED,5,2026-01-20,2026-01-10 18:11:20,,LOW
6796,6796,2025-10-27 10:10:09,BALLOT_INITIATIVE_ESCROW,CLOSED,4,2025-11-10,2025-10-29 10:10:09,Adverse media and PEP screening threshold exceeded,LOW
6797,6797,2025-11-13 20:18:48,CREDIT_CARD_ISSUANCE,OPEN,2,2025-11-27,,,LOW
6798,6798,2026-08-02 13:45:51,MORTGAGE_ORIGINATION,CLOSED,2,2026-08-16,2026-08-03 13:45:51,,MEDIUM
6799,6799,2025-12-30 19:17:21,MORTGAGE_ORIGINATION,IN_REVIEW,5,2026-01-13,,,LOW
6800,6800,2026-08-01 04:13:51,HIGH_YIELD_SAVINGS,OPEN,,2026-08-15,,,LOW
6801,6801,2026-07-21 09:22:19,AUTO_FINANCING,CLOSED,4,2026-08-04,2026-07-24 09:22:19,,MEDIUM
6802,6802,2026-05-25 03:19:03,SECURITIES_BASED_LENDING,CLOSED,3,2026-06-08,2026-05-30 03:19:03,,LOW
6803,6803,2026-01-06 02:43:18,ASSET_PROTECTION_TRUSTS,OPEN,3,2026-01-20,,,MEDIUM
6804,6804,2026-08-05 03:00:55,BUY_NOW_PAY_LATER,CLOSED,3,2026-08-19,2026-08-07 03:00:55,,LOW
6805,6805,2025-11-10 00:35:00,RETAIL_EQUITY_BROKERAGE,CLOSED,4,2025-11-24,2025-11-16 00:35:00,,MEDIUM
6806,6806,2026-05-22 09:18:45,MORTGAGE_ORIGINATION,CLOSED,5,2026-06-05,2026-05-27 09:18:45,Unverified or expired identity documents,HIGH
6807,6807,2026-05-01 13:47:27,PERSONAL_LOAN,CLOSED,2,2026-05-15,2026-05-04 13:47:27,,LOW
6808,6808,2025-09-22 16:10:08,MORTGAGE_ORIGINATION,CLOSED,2,2025-10-06,2025-09-28 16:10:08,Unverified or expired identity documents,HIGH
6809,6809,2026-04-27 19:13:53,ROBO_ADVISORY,CLOSED,3,2026-05-11,2026-04-28 19:13:53,,LOW
6810,6810,2025-09-04 11:57:12,CROSS_BORDER_REMITTANCE,CLOSED,4,2025-09-18,2025-09-05 11:57:12,,MEDIUM
6811,6811,2026-03-17 13:14:07,TRUSTEE_ADMINISTRATION,CLOSED,4,2026-03-31,2026-03-19 13:14:07,,MEDIUM
6812,6812,2026-08-24 22:08:13,CREDIT_CARD_ISSUANCE,CLOSED,4,2026-09-07,2026-08-30 22:08:13,Unverified or expired identity documents,HIGH
6813,6813,2025-09-18 16:20:38,BUY_NOW_PAY_LATER,OPEN,2,2025-10-02,,,LOW
6814,6814,2025-12-05 10:10:53,MERCHANT_ACQUIRING,CLOSED,3,2025-12-19,2025-12-06 10:10:53,,HIGH
6815,6815,2026-07-02 10:37:00,PAYROLL_SERVICES,CLOSED,4,2026-07-16,2026-07-06 10:37:00,,LOW
6816,6816,2025-11-21 02:20:00,TERM_LIFE_INSURANCE,CLOSED,1,2025-12-05,2025-11-23 02:20:00,,MEDIUM
6817,6817,2025-08-28 16:19:12,CROSS_BORDER_REMITTANCE,CLOSED,5,2025-09-11,2025-08-31 16:19:12,,LOW
6818,6818,2025-10-19 12:58:47,RETAIL_EQUITY_BROKERAGE,OPEN,,2025-11-02,,,LOW
6819,6819,2026-01-28 04:19:50,CREDIT_CARD_ISSUANCE,PENDING_DOCUMENTS,,2026-02-11,,,MEDIUM
6820,6820,2026-04-19 10:34:45,TERM_LIFE_INSURANCE,CLOSED,5,2026-05-03,2026-04-20 10:34:45,,LOW
6821,6821,2026-05-08 19:41:06,BALLOT_INITIATIVE_ESCROW,CLOSED,3,2026-05-22,2026-05-14 19:41:06,,MEDIUM
6822,6822,2026-03-27 23:50:05,BUY_NOW_PAY_LATER,CLOSED,1,2026-04-10,2026-03-28 23:50:05,,MEDIUM
6823,6823,2026-02-28 03:25:26,MORTGAGE_ORIGINATION,CLOSED,2,2026-03-14,2026-03-05 03:25:26,,LOW
6824,6824,2026-01-29 14:52:43,CROSS_BORDER_REMITTANCE,CLOSED,3,2026-02-12,2026-01-31 14:52:43,,MEDIUM
6825,6825,2025-10-29 11:23:49,RETAIL_EQUITY_BROKERAGE,CLOSED,2,2025-11-12,2025-11-04 11:23:49,,LOW
6826,6826,2026-04-03 01:29:59,TERM_LIFE_INSURANCE,IN_REVIEW,1,2026-04-17,,,MEDIUM
6827,6827,2026-05-04 22:56:40,CAMPAIGN_CHECKING_ACCOUNT,CLOSED,3,2026-05-18,2026-05-06 22:56:40,,LOW
6828,6828,2025-09-17 17:38:02,RETAIL_BANKING,CLOSED,2,2025-10-01,2025-09-20 17:38:02,,LOW
6829,6829,2026-02-21 02:48:11,CROSS_BORDER_REMITTANCE,CLOSED,5,2026-03-07,2026-02-23 02:48:11,,MEDIUM
6830,6830,2025-09-18 03:02:05,CRYPTO_BROKERAGE,CLOSED,5,2025-10-02,2025-09-24 03:02:05,,LOW
6831,6831,2025-10-30 03:24:28,TRADE_FINANCE_CREDIT_INSURANCE,CLOSED,2,2025-11-13,2025-11-02 03:24:28,,LOW
6832,6832,2026-06-20 22:33:58,PAYROLL_SERVICES,CLOSED,1,2026-07-04,2026-06-21 22:33:58,,LOW
6833,6833,2026-07-25 22:32:56,MORTGAGE_ORIGINATION,CLOSED,5,2026-08-08,2026-07-27 22:32:56,,LOW
6834,6834,2026-08-05 17:57:46,ROBO_ADVISORY,CLOSED,2,2026-08-19,2026-08-09 17:57:46,,LOW
6835,6835,2025-11-17 03:18:11,PERSONAL_LOAN,CLOSED,4,2025-12-01,2025-11-20 03:18:11,,LOW
6836,6836,2026-03-27 05:59:50,ROBO_ADVISORY,CLOSED,4,2026-04-10,2026-03-29 05:59:50,,LOW
6837,6837,2026-08-08 23:52:24,RETAIL_EQUITY_BROKERAGE,CLOSED,3,2026-08-22,2026-08-11 23:52:24,,LOW
6838,6838,2025-10-27 21:45:29,CREDIT_CARD_ISSUANCE,IN_REVIEW,,2025-11-10,,,HIGH
6839,6839,2025-11-01 12:45:00,PAC_TREASURY_MANAGEMENT,IN_REVIEW,4,2025-11-15,,,LOW
6840,6840,2025-10-08 08:41:51,HIGH_YIELD_SAVINGS,CLOSED,1,2025-10-22,2025-10-10 08:41:51,,MEDIUM
6841,6841,2025-09-14 03:52:19,MORTGAGE_ORIGINATION,CLOSED,2,2025-09-28,2025-09-17 03:52:19,Unverified or expired identity documents,LOW
6842,6842,2026-06-08 23:19:56,PHILANTHROPY_ENDOWMENT_MANAGEMENT,CLOSED,2,2026-06-22,2026-06-12 23:19:56,,MEDIUM
6843,6843,2026-01-09 11:24:51,AUTO_FINANCING,CLOSED,5,2026-01-23,2026-01-11 11:24:51,,LOW
6844,6844,2025-09-04 00:12:20,CROSS_BORDER_REMITTANCE,IN_REVIEW,,2025-09-18,,,LOW
6845,6845,2025-08-30 04:17:16,HIGH_YIELD_SAVINGS,CLOSED,2,2025-09-13,2025-09-03 04:17:16,,MEDIUM
6846,6846,2025-11-15 06:53:59,CRYPTO_BROKERAGE,CLOSED,4,2025-11-29,2025-11-18 06:53:59,,LOW
6847,6847,2026-02-05 11:34:53,SECURITIES_BASED_LENDING,CLOSED,3,2026-02-19,2026-02-08 11:34:53,,LOW
6848,6848,2026-02-17 21:02:28,CROSS_BORDER_REMITTANCE,OPEN,1,2026-03-03,,,LOW
6849,6849,2026-01-01 06:21:58,CROSS_BORDER_REMITTANCE,CLOSED,4,2026-01-15,2026-01-07 06:21:58,Unverified or expired identity documents,LOW
6850,6850,2026-07-13 08:39:12,TRADE_FINANCE_CREDIT_INSURANCE,CLOSED,1,2026-07-27,2026-07-19 08:39:12,,LOW
6851,6851,2026-05-02 15:49:13,BESPOKE_PORTFOLIO_MANAGEMENT,CLOSED,3,2026-05-16,2026-05-04 15:49:13,,LOW
6852,6852,2026-03-22 16:19:32,CREDIT_CARD_ISSUANCE,OPEN,,2026-04-05,,,LOW
6853,6853,2026-03-09 06:26:35,AUTO_FINANCING,CLOSED,5,2026-03-23,2026-03-10 06:26:35,,MEDIUM
6854,6854,2025-10-28 17:08:33,CORPORATE_ACCOUNT,CLOSED,1,2025-11-11,2025-11-03 17:08:33,,LOW
6855,6855,2026-05-16 02:35:39,SHORT_TERM_LIQUIDITY_MANAGEMENT,CLOSED,4,2026-05-30,2026-05-20 02:35:39,Unverified or expired identity documents,LOW
6856,6856,2026-01-27 17:24:34,CORPORATE_ACCOUNT,CLOSED,4,2026-02-10,2026-02-01 17:24:34,,LOW
6857,6857,2025-10-21 04:26:50,CORPORATE_CREDIT_CARD,OPEN,,2025-11-04,,,MEDIUM
6858,6858,2026-06-24 11:49:01,CRYPTO_BROKERAGE,CLOSED,1,2026-07-08,2026-06-25 11:49:01,,MEDIUM
6859,6859,2025-09-01 01:36:32,WEALTH_MANAGEMENT,CLOSED,3,2025-09-15,2025-09-03 01:36:32,,LOW
6860,6860,2026-02-26 16:43:43,BUY_NOW_PAY_LATER,CLOSED,1,2026-03-12,2026-03-04 16:43:43,Unverified or expired identity documents,HIGH
6861,6861,2026-06-20 20:34:46,PERSONAL_LOAN,CLOSED,4,2026-07-04,2026-06-24 20:34:46,,LOW
6862,6862,2025-12-31 15:25:55,CREDIT_CARD_ISSUANCE,CLOSED,1,2026-01-14,2026-01-04 15:25:55,,HIGH
6863,6863,2026-01-06 20:31:14,CORPORATE_ACCOUNT,CLOSED,4,2026-01-20,2026-01-12 20:31:14,,LOW
6864,6864,2026-01-17 13:18:36,MORTGAGE_ORIGINATION,IN_REVIEW,2,2026-01-31,,,LOW
6865,6865,2025-09-28 02:38:07,BUY_NOW_PAY_LATER,IN_REVIEW,,2025-10-12,,,HIGH
6866,6866,2026-01-29 20:34:52,PERSONAL_LOAN,OPEN,2,2026-02-12,,,LOW
6867,6867,2026-06-03 14:13:49,HIGH_YIELD_SAVINGS,IN_REVIEW,3,2026-06-17,,,LOW
6868,6868,2025-10-14 17:59:30,HIGH_YIELD_SAVINGS,OPEN,,2025-10-28,,,HIGH
6869,6869,2026-08-06 12:58:40,PERSONAL_LOAN,CLOSED,5,2026-08-20,2026-08-10 12:58:40,,LOW
6870,6870,2026-05-02 19:47:19,CROSS_BORDER_REMITTANCE,CLOSED,2,2026-05-16,2026-05-06 19:47:19,,MEDIUM
6871,6871,2026-06-15 12:57:45,DIRECT_INDEXING,CLOSED,5,2026-06-29,2026-06-19 12:57:45,,LOW
6872,6872,2026-06-19 22:20:28,CRYPTO_BROKERAGE,CLOSED,1,2026-07-03,2026-06-20 22:20:28,,LOW
6873,6873,2026-02-27 06:38:31,AUTO_FINANCING,CLOSED,1,2026-03-13,2026-03-05 06:38:31,,LOW
6874,6874,2026-05-26 21:27:59,LETTER_OF_CREDIT,CLOSED,5,2026-06-09,2026-06-01 21:27:59,,LOW
6875,6875,2026-05-08 05:23:22,SECURITIES_BASED_LENDING,CLOSED,2,2026-05-22,2026-05-10 05:23:22,,HIGH
6876,6876,2025-09-18 17:26:23,TRADE_FINANCE_CREDIT_INSURANCE,CLOSED,3,2025-10-02,2025-09-19 17:26:23,Adverse media and PEP screening threshold exceeded,MEDIUM
6877,6877,2026-05-13 09:08:40,CRYPTO_BROKERAGE,CLOSED,1,2026-05-27,2026-05-15 09:08:40,Unverified or expired identity documents,HIGH
6878,6878,2025-10-31 05:59:21,POLITICAL_DONATION_PROCESSING,CLOSED,4,2025-11-14,2025-11-02 05:59:21,,LOW
6879,6879,2026-02-05 13:58:00,CRYPTO_BROKERAGE,OPEN,1,2026-02-19,,,LOW
6880,6880,2026-04-17 04:59:02,CREDIT_CARD_ISSUANCE,CLOSED,5,2026-05-01,2026-04-19 04:59:02,,HIGH
6881,6881,2026-01-08 21:48:20,LIQUIDITY_MANAGEMENT,CLOSED,1,2026-01-22,2026-01-09 21:48:20,,HIGH
6882,6882,2026-05-17 09:28:09,AUTO_FINANCING,CLOSED,2,2026-05-31,2026-05-22 09:28:09,,LOW
6883,6883,2026-04-05 01:19:15,SYNDICATED_LOANS,CLOSED,5,2026-04-19,2026-04-08 01:19:15,Unverified or expired identity documents,LOW
6884,6884,2026-07-30 02:41:25,BUY_NOW_PAY_LATER,CLOSED,3,2026-08-13,2026-08-03 02:41:25,,LOW
6885,6885,2026-03-29 09:01:13,MERCHANT_ACQUIRING,CLOSED,1,2026-04-12,2026-03-30 09:01:13,,LOW
6886,6886,2026-03-09 11:57:49,BESPOKE_PORTFOLIO_MANAGEMENT,CLOSED,3,2026-03-23,2026-03-13 11:57:49,,LOW
6887,6887,2025-09-20 16:56:20,BUY_NOW_PAY_LATER,CLOSED,5,2025-10-04,2025-09-22 16:56:20,,LOW
6888,6888,2026-03-22 04:07:07,FX_HEDGING_SOLUTIONS,PENDING_DOCUMENTS,5,2026-04-05,,,LOW
6889,6889,2026-06-29 17:07:10,PERSONAL_LOAN,CLOSED,1,2026-07-13,2026-07-04 17:07:10,,HIGH
6890,6890,2026-03-29 05:54:41,CRYPTO_BROKERAGE,CLOSED,4,2026-04-12,2026-03-31 05:54:41,,LOW
6891,6891,2025-10-15 12:00:12,INSTITUTIONAL_CRYPTO_CUSTODY,CLOSED,4,2025-10-29,2025-10-20 12:00:12,,HIGH
6892,6892,2026-07-21 13:02:50,CREDIT_CARD_ISSUANCE,CLOSED,4,2026-08-04,2026-07-27 13:02:50,,LOW
6893,6893,2026-01-02 12:05:25,CROSS_BORDER_REMITTANCE,CLOSED,4,2026-01-16,2026-01-07 12:05:25,,MEDIUM
6894,6894,2025-10-13 08:12:51,TERM_LIFE_INSURANCE,CLOSED,1,2025-10-27,2025-10-19 08:12:51,Unverified or expired identity documents,LOW
6895,6895,2026-08-13 11:48:59,TERM_LIFE_INSURANCE,CLOSED,2,2026-08-27,2026-08-16 11:48:59,Unverified or expired identity documents,LOW
6896,6896,2026-07-03 04:40:51,PERSONAL_LOAN,CLOSED,1,2026-07-17,2026-07-04 04:40:51,,LOW
6897,6897,2026-05-26 15:57:06,HIGH_VOLUME_MERCHANT_GATEWAY,CLOSED,5,2026-06-09,2026-05-27 15:57:06,,LOW
6898,6898,2026-02-08 15:20:08,CROSS_BORDER_REMITTANCE,IN_REVIEW,,2026-02-22,,,MEDIUM
6899,6899,2025-12-16 01:35:54,AUTO_FINANCING,CLOSED,5,2025-12-30,2025-12-18 01:35:54,,LOW
6900,6900,2026-02-28 02:27:20,TERM_LIFE_INSURANCE,OPEN,2,2026-03-14,,,LOW
6901,6901,2026-07-19 02:20:19,RETAIL_BANKING,CLOSED,3,2026-08-02,2026-07-22 02:20:19,,LOW
6902,6902,2026-06-05 22:51:41,MORTGAGE_ORIGINATION,CLOSED,1,2026-06-19,2026-06-10 22:51:41,,MEDIUM
6903,6903,2026-04-13 03:14:51,CROSS_BORDER_REMITTANCE,OPEN,5,2026-04-27,,,LOW
6904,6904,2026-03-26 15:47:50,MERCHANT_ACQUIRING,IN_REVIEW,3,2026-04-09,,,MEDIUM
6905,6905,2026-07-22 00:25:33,PRIVATE_EQUITY_FEEDER,CLOSED,5,2026-08-05,2026-07-24 00:25:33,,LOW
6906,6906,2026-07-07 09:18:35,RETAIL_BANKING,CLOSED,2,2026-07-21,2026-07-09 09:18:35,,LOW
6907,6907,2025-11-18 03:51:12,CREDIT_CARD_ISSUANCE,CLOSED,5,2025-12-02,2025-11-21 03:51:12,,MEDIUM
6908,6908,2026-04-14 00:23:29,PERSONAL_LOAN,CLOSED,5,2026-04-28,2026-04-15 00:23:29,,LOW
6909,6909,2025-11-02 00:47:40,TERM_LIFE_INSURANCE,CLOSED,2,2025-11-16,2025-11-06 00:47:40,,LOW
6910,6910,2026-02-04 07:21:38,INSTITUTIONAL_CRYPTO_CUSTODY,CLOSED,1,2026-02-18,2026-02-07 07:21:38,,MEDIUM
6911,6911,2026-06-18 22:49:16,ROBO_ADVISORY,CLOSED,1,2026-07-02,2026-06-20 22:49:16,,LOW
6912,6912,2026-05-01 08:13:46,BUY_NOW_PAY_LATER,CLOSED,5,2026-05-15,2026-05-06 08:13:46,,MEDIUM
6913,6913,2025-11-04 19:36:49,PAYROLL_SERVICES,CLOSED,1,2025-11-18,2025-11-06 19:36:49,,LOW
6914,6914,2026-07-29 09:36:48,TERM_LIFE_INSURANCE,OPEN,1,2026-08-12,,,LOW
6915,6915,2026-07-14 18:32:35,CRYPTO_BROKERAGE,CLOSED,3,2026-07-28,2026-07-18 18:32:35,Unverified or expired identity documents,LOW
6916,6916,2025-09-03 00:27:46,CRYPTO_BROKERAGE,CLOSED,1,2025-09-17,2025-09-09 00:27:46,,LOW
6917,6917,2026-08-11 22:59:14,PERSONAL_LOAN,OPEN,,2026-08-25,,,MEDIUM
6918,6918,2026-06-24 18:03:01,INSTITUTIONAL_CRYPTO_CUSTODY,OPEN,,2026-07-08,,,LOW
6919,6919,2025-12-23 14:16:06,RETAIL_EQUITY_BROKERAGE,CLOSED,3,2026-01-06,2025-12-25 14:16:06,,LOW
6920,6920,2025-12-25 04:44:04,CROSS_BORDER_REMITTANCE,CLOSED,3,2026-01-08,2025-12-28 04:44:04,,LOW
6921,6921,2025-12-28 00:04:34,TERM_LIFE_INSURANCE,CLOSED,1,2026-01-11,2026-01-01 00:04:34,,LOW
6922,6922,2026-06-21 01:39:33,ROBO_ADVISORY,CLOSED,1,2026-07-05,2026-06-23 01:39:33,Unverified or expired identity documents,HIGH
6923,6923,2026-08-19 02:13:12,CORPORATE_ACCOUNT,CLOSED,1,2026-09-02,2026-08-22 02:13:12,,LOW
6924,6924,2026-07-12 18:30:43,TAX_OPTIMIZED_INVESTING,CLOSED,5,2026-07-26,2026-07-13 18:30:43,,MEDIUM
6925,6925,2026-07-13 16:13:54,CREDIT_CARD_ISSUANCE,CLOSED,2,2026-07-27,2026-07-15 16:13:54,,MEDIUM
6926,6926,2025-09-14 02:53:59,CRYPTO_BROKERAGE,CLOSED,1,2025-09-28,2025-09-17 02:53:59,,MEDIUM
6927,6927,2026-07-02 22:05:04,MORTGAGE_ORIGINATION,CLOSED,1,2026-07-16,2026-07-07 22:05:04,,MEDIUM
6928,6928,2026-05-25 21:39:17,ROBO_ADVISORY,CLOSED,2,2026-06-08,2026-05-31 21:39:17,Unverified or expired identity documents,HIGH
6929,6929,2026-08-22 12:34:03,TERM_LIFE_INSURANCE,PENDING_DOCUMENTS,,2026-09-05,,,MEDIUM
6930,6930,2026-02-20 10:13:48,ESCROW_SERVICES,CLOSED,1,2026-03-06,2026-02-21 10:13:48,,LOW
6931,6931,2026-01-28 20:33:50,CORPORATE_CREDIT_CARD,CLOSED,3,2026-02-11,2026-01-30 20:33:50,Unverified or expired identity documents,LOW
6932,6932,2026-08-22 23:10:24,CROSS_BORDER_REMITTANCE,CLOSED,1,2026-09-05,2026-08-23 23:10:24,,LOW
6933,6933,2025-10-03 07:04:52,ROBO_ADVISORY,CLOSED,1,2025-10-17,2025-10-07 07:04:52,,LOW
6934,6934,2026-06-07 04:01:58,CREDIT_CARD_ISSUANCE,CLOSED,5,2026-06-21,2026-06-08 04:01:58,,MEDIUM
6935,6935,2026-04-17 13:36:57,AUTO_FINANCING,CLOSED,5,2026-05-01,2026-04-21 13:36:57,,LOW
6936,6936,2026-06-28 16:11:50,CREDIT_CARD_ISSUANCE,CLOSED,1,2026-07-12,2026-06-30 16:11:50,Unverified or expired identity documents,HIGH
6937,6937,2026-05-18 05:10:40,FX_HEDGING_SOLUTIONS,OPEN,4,2026-06-01,,,LOW
6938,6938,2026-02-07 01:45:15,TERM_LIFE_INSURANCE,CLOSED,1,2026-02-21,2026-02-10 01:45:15,,MEDIUM
6939,6939,2026-06-27 19:53:46,RETAIL_EQUITY_BROKERAGE,OPEN,5,2026-07-11,,,LOW
6940,6940,2025-09-23 06:34:29,RETAIL_EQUITY_BROKERAGE,CLOSED,3,2025-10-07,2025-09-24 06:34:29,,LOW
6941,6941,2025-09-16 23:04:58,TRUSTEE_ADMINISTRATION,CLOSED,2,2025-09-30,2025-09-21 23:04:58,,LOW
6942,6942,2026-07-26 00:07:52,RETAIL_EQUITY_BROKERAGE,CLOSED,2,2026-08-09,2026-07-30 00:07:52,Unverified or expired identity documents,MEDIUM
6943,6943,2025-12-30 13:07:47,CORPORATE_ACCOUNT,CLOSED,5,2026-01-13,2026-01-03 13:07:47,,LOW
6944,6944,2025-09-30 13:19:39,BALLOT_INITIATIVE_ESCROW,CLOSED,4,2025-10-14,2025-10-04 13:19:39,Unverified or expired identity documents,MEDIUM
6945,6945,2026-08-01 13:57:28,CROSS_BORDER_REMITTANCE,CLOSED,3,2026-08-15,2026-08-04 13:57:28,,LOW
6946,6946,2026-06-03 14:41:36,DISBURSEMENT_PAYROLL_SERVICES,CLOSED,4,2026-06-17,2026-06-05 14:41:36,Unverified or expired identity documents,HIGH
6947,6947,2026-07-07 15:14:33,CRYPTO_BROKERAGE,CLOSED,5,2026-07-21,2026-07-09 15:14:33,,LOW
6948,6948,2026-03-12 15:42:58,COMMERCIAL_LENDING,CLOSED,5,2026-03-26,2026-03-14 15:42:58,,LOW
6949,6949,2026-02-16 22:18:25,MORTGAGE_ORIGINATION,CLOSED,2,2026-03-02,2026-02-17 22:18:25,,LOW
6950,6950,2025-09-04 21:22:12,RETAIL_BANKING,CLOSED,4,2025-09-18,2025-09-09 21:22:12,,MEDIUM
6951,6951,2025-10-04 02:35:02,CORPORATE_ACCOUNT,CLOSED,1,2025-10-18,2025-10-07 02:35:02,,LOW
6952,6952,2026-05-16 19:18:51,HIGH_YIELD_SAVINGS,CLOSED,3,2026-05-30,2026-05-17 19:18:51,,HIGH
6953,6953,2026-06-14 14:50:19,CROSS_BORDER_REMITTANCE,CLOSED,4,2026-06-28,2026-06-15 14:50:19,,MEDIUM
6954,6954,2026-07-22 00:22:50,RETAIL_EQUITY_BROKERAGE,IN_REVIEW,3,2026-08-05,,,LOW
6955,6955,2026-06-18 09:46:39,RETAIL_EQUITY_BROKERAGE,CLOSED,5,2026-07-02,2026-06-22 09:46:39,,MEDIUM
6956,6956,2025-09-25 23:55:46,RETAIL_BANKING,CLOSED,2,2025-10-09,2025-09-28 23:55:46,,LOW
6957,6957,2026-02-25 18:37:08,PRIVATE_EQUITY_FEEDER,CLOSED,1,2026-03-11,2026-02-28 18:37:08,,LOW
6958,6958,2025-11-09 02:37:15,TERM_LIFE_INSURANCE,CLOSED,2,2025-11-23,2025-11-14 02:37:15,,HIGH
6959,6959,2026-02-02 15:54:54,HIGH_YIELD_SAVINGS,IN_REVIEW,,2026-02-16,,,LOW
6960,6960,2026-03-31 10:59:30,ROBO_ADVISORY,IN_REVIEW,,2026-04-14,,,LOW
6961,6961,2026-03-05 22:37:12,CRYPTO_BROKERAGE,CLOSED,2,2026-03-19,2026-03-08 22:37:12,,LOW
6962,6962,2025-11-21 03:08:18,PAYROLL_SERVICES,CLOSED,4,2025-12-05,2025-11-22 03:08:18,,LOW
6963,6963,2026-06-17 00:09:01,HIGH_YIELD_SAVINGS,CLOSED,3,2026-07-01,2026-06-20 00:09:01,,LOW
6964,6964,2025-10-18 23:48:36,ESCROW_SERVICES,CLOSED,2,2025-11-01,2025-10-24 23:48:36,Unverified or expired identity documents,HIGH
6965,6965,2025-12-09 03:15:00,MORTGAGE_ORIGINATION,OPEN,,2025-12-23,,,LOW
6966,6966,2026-01-24 00:52:56,CROSS_BORDER_REMITTANCE,CLOSED,3,2026-02-07,2026-01-26 00:52:56,,LOW
6967,6967,2026-07-09 17:52:47,CROSS_BORDER_REMITTANCE,CLOSED,5,2026-07-23,2026-07-15 17:52:47,,MEDIUM
6968,6968,2026-05-25 00:13:48,CROSS_BORDER_REMITTANCE,CLOSED,2,2026-06-08,2026-05-28 00:13:48,,LOW
6969,6969,2026-08-19 21:26:17,CRYPTO_BROKERAGE,CLOSED,2,2026-09-02,2026-08-24 21:26:17,,LOW
6970,6970,2025-12-22 21:19:14,MERCHANT_ACQUIRING,CLOSED,3,2026-01-05,2025-12-28 21:19:14,,LOW
6971,6971,2026-05-10 10:19:33,TRADE_FINANCE_CREDIT_INSURANCE,CLOSED,2,2026-05-24,2026-05-16 10:19:33,,LOW
6972,6972,2025-10-29 08:54:54,CROSS_BORDER_REMITTANCE,CLOSED,4,2025-11-12,2025-10-31 08:54:54,,LOW
6973,6973,2025-10-30 22:47:38,AUTO_FINANCING,CLOSED,3,2025-11-13,2025-11-04 22:47:38,,LOW
6974,6974,2025-10-31 08:03:21,RETAIL_EQUITY_BROKERAGE,CLOSED,2,2025-11-14,2025-11-05 08:03:21,,MEDIUM
6975,6975,2025-10-10 13:57:44,CREDIT_CARD_ISSUANCE,OPEN,3,2025-10-24,,,LOW
6976,6976,2026-05-25 08:29:21,TAX_OPTIMIZED_INVESTING,PENDING_DOCUMENTS,,2026-06-08,,,LOW
6977,6977,2025-10-19 10:14:01,MORTGAGE_ORIGINATION,CLOSED,3,2025-11-02,2025-10-21 10:14:01,,LOW
6978,6978,2026-02-07 08:58:32,BUY_NOW_PAY_LATER,CLOSED,1,2026-02-21,2026-02-08 08:58:32,,LOW
6979,6979,2026-01-12 10:39:42,AUTO_FINANCING,CLOSED,1,2026-01-26,2026-01-13 10:39:42,,LOW
6980,6980,2025-12-27 23:16:32,ESCROW_SERVICES,CLOSED,4,2026-01-10,2026-01-02 23:16:32,,LOW
6981,6981,2025-09-02 21:39:18,CREDIT_CARD_ISSUANCE,CLOSED,2,2025-09-16,2025-09-06 21:39:18,,LOW
6982,6982,2026-02-28 23:01:56,SYNDICATED_LOANS,CLOSED,2,2026-03-14,2026-03-02 23:01:56,,LOW
6983,6983,2025-08-30 05:09:52,PERSONAL_LOAN,CLOSED,3,2025-09-13,2025-09-02 05:09:52,Unverified or expired identity documents,HIGH
6984,6984,2026-02-25 08:25:40,AUTO_FINANCING,PENDING_DOCUMENTS,2,2026-03-11,,,LOW
6985,6985,2026-05-31 12:40:13,BALLOT_INITIATIVE_ESCROW,CLOSED,3,2026-06-14,2026-06-05 12:40:13,,LOW
6986,6986,2026-04-21 03:31:13,TRUSTEE_ADMINISTRATION,CLOSED,4,2026-05-05,2026-04-27 03:31:13,,LOW
6987,6987,2026-05-17 19:42:38,AUTO_FINANCING,CLOSED,2,2026-05-31,2026-05-23 19:42:38,,LOW
6988,6988,2025-08-25 15:56:36,PERSONAL_LOAN,PENDING_DOCUMENTS,,2025-09-08,,,LOW
6989,6989,2025-11-07 03:22:12,TERM_LIFE_INSURANCE,CLOSED,3,2025-11-21,2025-11-11 03:22:12,,LOW
6990,6990,2026-02-05 20:02:22,CRYPTO_BROKERAGE,CLOSED,3,2026-02-19,2026-02-07 20:02:22,,LOW
6991,6991,2025-10-17 05:27:40,CROSS_BORDER_REMITTANCE,CLOSED,3,2025-10-31,2025-10-21 05:27:40,,HIGH
6992,6992,2026-03-10 16:42:29,CRYPTO_BROKERAGE,CLOSED,3,2026-03-24,2026-03-16 16:42:29,,LOW
6993,6993,2025-11-17 00:35:08,PERSONAL_LOAN,CLOSED,1,2025-12-01,2025-11-21 00:35:08,,LOW
6994,6994,2026-01-28 00:03:46,SYNDICATED_LOANS,CLOSED,1,2026-02-11,2026-02-02 00:03:46,,LOW
6995,6995,2026-08-21 08:51:21,PERSONAL_LOAN,CLOSED,2,2026-09-04,2026-08-22 08:51:21,,LOW
6996,6996,2025-08-31 08:23:22,MORTGAGE_ORIGINATION,CLOSED,3,2025-09-14,2025-09-06 08:23:22,,LOW
6997,6997,2026-02-23 05:32:53,BUY_NOW_PAY_LATER,CLOSED,2,2026-03-09,2026-02-26 05:32:53,Unverified or expired identity documents,MEDIUM
6998,6998,2025-09-11 19:44:13,TERM_LIFE_INSURANCE,CLOSED,5,2025-09-25,2025-09-17 19:44:13,,LOW
6999,6999,2026-04-11 15:39:22,HIGH_YIELD_SAVINGS,CLOSED,1,2026-04-25,2026-04-17 15:39:22,,LOW
7000,7000,2026-02-07 05:59:49,BESPOKE_PORTFOLIO_MANAGEMENT,CLOSED,1,2026-02-21,2026-02-11 05:59:49,,MEDIUM
7001,7001,2025-12-21 11:01:09,PHILANTHROPY_ENDOWMENT_MANAGEMENT,CLOSED,1,2026-01-04,2025-12-25 11:01:09,,MEDIUM
7002,7002,2026-04-03 20:46:16,PAYROLL_SERVICES,CLOSED,4,2026-04-17,2026-04-06 20:46:16,,LOW
7003,7003,2025-11-17 04:08:03,TERM_LIFE_INSURANCE,CLOSED,5,2025-12-01,2025-11-23 04:08:03,Unverified or expired identity documents,MEDIUM
7004,7004,2026-05-11 23:23:25,AUTO_FINANCING,CLOSED,4,2026-05-25,2026-05-12 23:23:25,,MEDIUM
7005,7005,2026-03-07 02:06:42,HIGH_YIELD_SAVINGS,PENDING_DOCUMENTS,1,2026-03-21,,,LOW
7006,7006,2025-12-14 23:36:18,RETAIL_BANKING,CLOSED,1,2025-12-28,2025-12-18 23:36:18,,LOW
7007,7007,2026-01-06 23:08:48,RETAIL_EQUITY_BROKERAGE,CLOSED,4,2026-01-20,2026-01-08 23:08:48,,MEDIUM
7008,7008,2026-06-03 04:47:28,CREDIT_CARD_ISSUANCE,CLOSED,2,2026-06-17,2026-06-04 04:47:28,High-risk sanctions/FATF jurisdiction,HIGH
7009,7009,2026-01-05 11:12:17,CROSS_BORDER_REMITTANCE,CLOSED,3,2026-01-19,2026-01-11 11:12:17,,LOW
7010,7010,2026-05-09 16:07:52,ROBO_ADVISORY,CLOSED,3,2026-05-23,2026-05-10 16:07:52,,LOW
7011,7011,2026-03-02 20:37:04,CREDIT_CARD_ISSUANCE,CLOSED,5,2026-03-16,2026-03-05 20:37:04,,LOW
7012,7012,2026-01-23 16:37:49,AUTO_FINANCING,CLOSED,3,2026-02-06,2026-01-24 16:37:49,,LOW
7013,7013,2025-11-11 10:39:33,TERM_LIFE_INSURANCE,IN_REVIEW,1,2025-11-25,,,HIGH
7014,7014,2026-04-07 02:06:39,PERSONAL_LOAN,CLOSED,1,2026-04-21,2026-04-13 02:06:39,,LOW
7015,7015,2025-11-18 01:38:37,CRYPTO_BROKERAGE,CLOSED,5,2025-12-02,2025-11-24 01:38:37,Unverified or expired identity documents,LOW
7016,7016,2026-08-12 01:52:16,ESCROW_SERVICES,CLOSED,4,2026-08-26,2026-08-18 01:52:16,,LOW
7017,7017,2026-01-25 20:56:30,RETAIL_BANKING,CLOSED,5,2026-02-08,2026-01-27 20:56:30,,LOW
7018,7018,2025-12-16 03:10:30,TERM_LIFE_INSURANCE,CLOSED,5,2025-12-30,2025-12-20 03:10:30,,MEDIUM
7019,7019,2026-06-11 02:09:24,BUY_NOW_PAY_LATER,CLOSED,4,2026-06-25,2026-06-15 02:09:24,,LOW
7020,7020,2025-09-18 14:24:15,CRYPTO_BROKERAGE,CLOSED,1,2025-10-02,2025-09-21 14:24:15,,LOW
7021,7021,2026-06-04 10:40:10,REGULATORY_REPORTING_INTEGRATION,CLOSED,5,2026-06-18,2026-06-05 10:40:10,Unverified or expired identity documents,MEDIUM
7022,7022,2025-12-11 19:32:33,CORPORATE_ACCOUNT,IN_REVIEW,5,2025-12-25,,,LOW
7023,7023,2026-02-21 08:39:05,RETAIL_BANKING,CLOSED,4,2026-03-07,2026-02-27 08:39:05,Unverified or expired identity documents,HIGH
7024,7024,2026-05-21 14:38:42,BUY_NOW_PAY_LATER,CLOSED,5,2026-06-04,2026-05-27 14:38:42,,LOW
7025,7025,2025-10-06 05:51:05,PERSONAL_LOAN,OPEN,2,2025-10-20,,,MEDIUM
7026,7026,2026-02-14 04:10:30,TREASURY_MANAGEMENT,CLOSED,1,2026-02-28,2026-02-16 04:10:30,,LOW
7027,7027,2026-04-27 11:51:01,CREDIT_CARD_ISSUANCE,CLOSED,2,2026-05-11,2026-05-01 11:51:01,,LOW
7028,7028,2026-03-12 22:24:10,RETAIL_EQUITY_BROKERAGE,CLOSED,3,2026-03-26,2026-03-13 22:24:10,,MEDIUM
7029,7029,2025-08-29 04:42:24,RETAIL_BANKING,CLOSED,5,2025-09-12,2025-09-01 04:42:24,,LOW
7030,7030,2026-08-14 20:24:59,PERSONAL_LOAN,CLOSED,3,2026-08-28,2026-08-18 20:24:59,,LOW
7031,7031,2026-02-05 13:31:44,ROBO_ADVISORY,CLOSED,2,2026-02-19,2026-02-09 13:31:44,Unverified or expired identity documents,LOW
7032,7032,2026-03-11 14:22:07,ROBO_ADVISORY,CLOSED,3,2026-03-25,2026-03-14 14:22:07,,LOW
7033,7033,2026-07-04 05:13:44,CROSS_BORDER_REMITTANCE,IN_REVIEW,,2026-07-18,,,LOW
7034,7034,2026-03-02 14:23:12,RETAIL_EQUITY_BROKERAGE,CLOSED,3,2026-03-16,2026-03-08 14:23:12,,LOW
7035,7035,2026-01-08 14:02:49,ROBO_ADVISORY,CLOSED,1,2026-01-22,2026-01-14 14:02:49,,LOW
7036,7036,2026-03-17 12:35:07,PRIVATE_EQUITY_FEEDER,CLOSED,4,2026-03-31,2026-03-22 12:35:07,,LOW
7037,7037,2025-12-15 21:16:15,MORTGAGE_ORIGINATION,CLOSED,3,2025-12-29,2025-12-17 21:16:15,Unverified or expired identity documents,MEDIUM
7038,7038,2026-08-19 10:22:50,MORTGAGE_ORIGINATION,CLOSED,2,2026-09-02,2026-08-20 10:22:50,,LOW
7039,7039,2025-11-23 04:59:54,MERCHANT_ACQUIRING,CLOSED,3,2025-12-07,2025-11-24 04:59:54,,HIGH
7040,7040,2026-03-27 06:31:54,LETTER_OF_CREDIT,CLOSED,3,2026-04-10,2026-03-28 06:31:54,,LOW
7041,7041,2026-07-02 12:15:35,BUY_NOW_PAY_LATER,CLOSED,3,2026-07-16,2026-07-04 12:15:35,,LOW
7042,7042,2026-05-29 17:08:39,LIQUIDITY_MANAGEMENT,CLOSED,3,2026-06-12,2026-05-31 17:08:39,,MEDIUM
7043,7043,2025-10-09 17:06:19,BUY_NOW_PAY_LATER,CLOSED,5,2025-10-23,2025-10-13 17:06:19,,LOW
7044,7044,2026-04-21 07:19:50,BUY_NOW_PAY_LATER,CLOSED,5,2026-05-05,2026-04-24 07:19:50,,MEDIUM
7045,7045,2025-12-06 08:08:21,AUTO_FINANCING,CLOSED,2,2025-12-20,2025-12-07 08:08:21,,LOW
7046,7046,2025-09-20 04:04:28,BUY_NOW_PAY_LATER,OPEN,1,2025-10-04,,,LOW
7047,7047,2025-09-23 09:12:57,PAC_TREASURY_MANAGEMENT,CLOSED,3,2025-10-07,2025-09-27 09:12:57,Unverified or expired identity documents,MEDIUM
7048,7048,2026-06-13 16:11:31,MORTGAGE_ORIGINATION,CLOSED,5,2026-06-27,2026-06-17 16:11:31,,LOW
7049,7049,2025-10-05 14:27:12,ESCROW_SERVICES,CLOSED,2,2025-10-19,2025-10-11 14:27:12,,MEDIUM
7050,7050,2025-09-09 22:29:25,AUTO_FINANCING,CLOSED,5,2025-09-23,2025-09-10 22:29:25,High-risk sanctions/FATF jurisdiction,HIGH
7051,7051,2026-05-11 21:31:56,ROBO_ADVISORY,IN_REVIEW,,2026-05-25,,,MEDIUM
7052,7052,2026-02-12 00:20:43,RETAIL_BANKING,PENDING_DOCUMENTS,2,2026-02-26,,,MEDIUM
7053,7053,2025-11-20 18:05:23,BESPOKE_PORTFOLIO_MANAGEMENT,CLOSED,3,2025-12-04,2025-11-22 18:05:23,,LOW
7054,7054,2026-07-20 05:30:06,CRYPTO_BROKERAGE,CLOSED,1,2026-08-03,2026-07-26 05:30:06,,MEDIUM
7055,7055,2026-05-11 00:01:08,RETAIL_BANKING,CLOSED,5,2026-05-25,2026-05-16 00:01:08,,MEDIUM
7056,7056,2025-11-09 18:36:02,MORTGAGE_ORIGINATION,CLOSED,1,2025-11-23,2025-11-14 18:36:02,,LOW
7057,7057,2026-04-01 06:45:48,MERCHANT_ACQUIRING,CLOSED,4,2026-04-15,2026-04-05 06:45:48,High-risk sanctions/FATF jurisdiction,HIGH
7058,7058,2026-01-27 19:06:28,ROBO_ADVISORY,OPEN,3,2026-02-10,,,LOW
7059,7059,2025-12-18 03:48:05,AUTO_FINANCING,CLOSED,3,2026-01-01,2025-12-21 03:48:05,,LOW
7060,7060,2026-03-07 16:22:15,HIGH_YIELD_SAVINGS,CLOSED,3,2026-03-21,2026-03-12 16:22:15,,HIGH
7061,7061,2026-07-17 21:46:58,ASSET_PROTECTION_TRUSTS,CLOSED,3,2026-07-31,2026-07-19 21:46:58,,LOW
7062,7062,2025-11-19 05:58:33,CRYPTO_BROKERAGE,CLOSED,2,2025-12-03,2025-11-23 05:58:33,,LOW
7063,7063,2026-05-02 10:33:50,RETAIL_BANKING,CLOSED,2,2026-05-16,2026-05-04 10:33:50,,LOW
7064,7064,2026-03-14 10:58:06,COMPLIANCE_RESTRICTED_DEPOSIT_ACCOUNT,CLOSED,2,2026-03-28,2026-03-16 10:58:06,,LOW
7065,7065,2026-07-05 11:05:44,RETAIL_EQUITY_BROKERAGE,CLOSED,3,2026-07-19,2026-07-11 11:05:44,,LOW
7066,7066,2025-12-23 20:08:30,CREDIT_CARD_ISSUANCE,CLOSED,4,2026-01-06,2025-12-24 20:08:30,,LOW
7067,7067,2025-11-04 01:12:53,BUY_NOW_PAY_LATER,OPEN,2,2025-11-18,,,LOW
7068,7068,2025-09-10 22:24:58,LETTER_OF_CREDIT,OPEN,1,2025-09-24,,,HIGH
7069,7069,2026-03-21 14:47:01,RETAIL_EQUITY_BROKERAGE,CLOSED,3,2026-04-04,2026-03-24 14:47:01,,LOW
7070,7070,2025-09-01 18:29:37,RETAIL_EQUITY_BROKERAGE,CLOSED,4,2025-09-15,2025-09-04 18:29:37,,LOW
7071,7071,2025-10-13 01:07:39,CRYPTO_BROKERAGE,CLOSED,4,2025-10-27,2025-10-19 01:07:39,,LOW
7072,7072,2025-11-23 23:00:31,TRADE_FINANCE_CREDIT_INSURANCE,CLOSED,2,2025-12-07,2025-11-28 23:00:31,Unverified or expired identity documents,HIGH
7073,7073,2026-03-10 06:16:04,PERSONAL_LOAN,CLOSED,4,2026-03-24,2026-03-12 06:16:04,,LOW
7074,7074,2025-11-26 10:46:12,LIQUIDITY_MANAGEMENT,CLOSED,2,2025-12-10,2025-11-28 10:46:12,,LOW
7075,7075,2025-09-28 06:43:28,HIGH_YIELD_SAVINGS,CLOSED,4,2025-10-12,2025-10-02 06:43:28,,MEDIUM
7076,7076,2026-08-13 14:03:57,TRUSTEE_ADMINISTRATION,CLOSED,2,2026-08-27,2026-08-18 14:03:57,Unverified or expired identity documents,HIGH
7077,7077,2026-02-11 20:25:09,CROSS_BORDER_REMITTANCE,CLOSED,5,2026-02-25,2026-02-17 20:25:09,,LOW
7078,7078,2025-09-08 14:07:11,TERM_LIFE_INSURANCE,CLOSED,1,2025-09-22,2025-09-12 14:07:11,,LOW
7079,7079,2025-11-04 18:31:47,PERSONAL_LOAN,CLOSED,5,2025-11-18,2025-11-07 18:31:47,,MEDIUM
7080,7080,2026-01-21 15:41:36,CREDIT_CARD_ISSUANCE,CLOSED,3,2026-02-04,2026-01-24 15:41:36,,LOW
7081,7081,2026-01-07 00:51:18,PERSONAL_LOAN,CLOSED,3,2026-01-21,2026-01-08 00:51:18,,MEDIUM
7082,7082,2026-03-15 17:37:42,MERCHANT_ACQUIRING,CLOSED,5,2026-03-29,2026-03-19 17:37:42,Unverified or expired identity documents,HIGH
7083,7083,2026-08-09 22:53:04,CORPORATE_ACCOUNT,CLOSED,3,2026-08-23,2026-08-13 22:53:04,,LOW
7084,7084,2026-01-06 08:36:09,TERM_LIFE_INSURANCE,CLOSED,4,2026-01-20,2026-01-11 08:36:09,Unverified or expired identity documents,HIGH
7085,7085,2026-04-05 17:38:53,RETAIL_BANKING,CLOSED,4,2026-04-19,2026-04-09 17:38:53,,LOW
7086,7086,2026-03-18 16:52:15,COMMERCIAL_LENDING,CLOSED,4,2026-04-01,2026-03-22 16:52:15,,LOW
7087,7087,2025-09-13 20:26:14,RETAIL_BANKING,CLOSED,5,2025-09-27,2025-09-19 20:26:14,,LOW
7088,7088,2026-07-21 10:38:21,CROSS_BORDER_REMITTANCE,CLOSED,4,2026-08-04,2026-07-25 10:38:21,,LOW
7089,7089,2025-10-11 07:32:58,BUY_NOW_PAY_LATER,CLOSED,3,2025-10-25,2025-10-17 07:32:58,,LOW
7090,7090,2026-03-31 11:15:17,MORTGAGE_ORIGINATION,CLOSED,4,2026-04-14,2026-04-01 11:15:17,,LOW
7091,7091,2026-01-14 06:04:34,CRYPTO_BROKERAGE,PENDING_DOCUMENTS,5,2026-01-28,,,MEDIUM
7092,7092,2026-04-14 11:50:39,PERSONAL_LOAN,CLOSED,4,2026-04-28,2026-04-17 11:50:39,,LOW
7093,7093,2026-06-26 06:32:59,TRADE_FINANCE_CREDIT_INSURANCE,CLOSED,4,2026-07-10,2026-06-29 06:32:59,,LOW
7094,7094,2025-12-27 03:05:48,FX_HEDGING_SOLUTIONS,CLOSED,5,2026-01-10,2026-01-02 03:05:48,,LOW
7095,7095,2026-02-05 01:52:51,RETAIL_EQUITY_BROKERAGE,CLOSED,4,2026-02-19,2026-02-11 01:52:51,,LOW
7096,7096,2026-03-05 18:57:24,ESCROW_SERVICES,CLOSED,1,2026-03-19,2026-03-09 18:57:24,,LOW
7097,7097,2026-04-04 04:43:00,CROSS_BORDER_REMITTANCE,OPEN,3,2026-04-18,,,LOW
7098,7098,2025-09-07 20:42:37,BUY_NOW_PAY_LATER,CLOSED,1,2025-09-21,2025-09-11 20:42:37,,MEDIUM
7099,7099,2026-03-22 17:46:21,BUY_NOW_PAY_LATER,CLOSED,5,2026-04-05,2026-03-24 17:46:21,,MEDIUM
7100,7100,2025-11-20 18:35:54,CORPORATE_ACCOUNT,CLOSED,4,2025-12-04,2025-11-26 18:35:54,,LOW
7101,7101,2025-10-26 07:21:44,LIQUIDITY_MANAGEMENT,CLOSED,3,2025-11-09,2025-10-27 07:21:44,,HIGH
7102,7102,2025-12-29 01:20:46,PAYROLL_SERVICES,CLOSED,2,2026-01-12,2025-12-31 01:20:46,Unverified or expired identity documents,HIGH
7103,7103,2025-08-29 10:54:01,PERSONAL_LOAN,CLOSED,2,2025-09-12,2025-09-01 10:54:01,,LOW
7104,7104,2026-06-19 12:54:10,BUY_NOW_PAY_LATER,CLOSED,4,2026-07-03,2026-06-24 12:54:10,,LOW
7105,7105,2025-09-26 13:32:43,CROSS_BORDER_REMITTANCE,CLOSED,2,2025-10-10,2025-10-02 13:32:43,,MEDIUM
7106,7106,2026-06-22 12:24:16,BUY_NOW_PAY_LATER,CLOSED,5,2026-07-06,2026-06-28 12:24:16,,MEDIUM
7107,7107,2025-12-01 09:46:09,SHORT_TERM_LIQUIDITY_MANAGEMENT,CLOSED,4,2025-12-15,2025-12-06 09:46:09,High-risk sanctions/FATF jurisdiction,HIGH
7108,7108,2025-10-12 03:20:39,PHILANTHROPY_ENDOWMENT_MANAGEMENT,CLOSED,2,2025-10-26,2025-10-13 03:20:39,,LOW
7109,7109,2025-12-23 11:09:36,TERM_LIFE_INSURANCE,CLOSED,2,2026-01-06,2025-12-27 11:09:36,,LOW
7110,7110,2026-01-13 18:57:52,CREDIT_CARD_ISSUANCE,CLOSED,4,2026-01-27,2026-01-18 18:57:52,Unverified or expired identity documents,HIGH
7111,7111,2025-10-10 08:23:35,ESCROW_SERVICES,OPEN,1,2025-10-24,,,MEDIUM
7112,7112,2026-01-14 16:56:17,HIGH_YIELD_SAVINGS,CLOSED,2,2026-01-28,2026-01-15 16:56:17,,LOW
7113,7113,2025-10-10 01:14:33,RETAIL_BANKING,CLOSED,5,2025-10-24,2025-10-16 01:14:33,,LOW
7114,7114,2025-10-23 00:08:14,PAC_TREASURY_MANAGEMENT,CLOSED,1,2025-11-06,2025-10-28 00:08:14,Unverified or expired identity documents,MEDIUM
7115,7115,2026-08-17 17:30:23,RETAIL_EQUITY_BROKERAGE,IN_REVIEW,1,2026-08-31,,,MEDIUM
7116,7116,2025-10-28 09:43:14,RETAIL_BANKING,CLOSED,2,2025-11-11,2025-10-30 09:43:14,,LOW
7117,7117,2026-02-01 11:33:30,TERM_LIFE_INSURANCE,CLOSED,4,2026-02-15,2026-02-03 11:33:30,,LOW
7118,7118,2026-04-15 14:21:52,BESPOKE_PORTFOLIO_MANAGEMENT,IN_REVIEW,3,2026-04-29,,,MEDIUM
7119,7119,2026-04-12 22:31:51,CROSS_BORDER_REMITTANCE,CLOSED,1,2026-04-26,2026-04-14 22:31:51,,LOW
7120,7120,2026-01-10 14:49:12,AUTO_FINANCING,CLOSED,2,2026-01-24,2026-01-12 14:49:12,,LOW
7121,7121,2025-10-30 21:04:06,BUY_NOW_PAY_LATER,CLOSED,3,2025-11-13,2025-11-05 21:04:06,,LOW
7122,7122,2026-03-03 05:45:10,BESPOKE_PORTFOLIO_MANAGEMENT,CLOSED,2,2026-03-17,2026-03-06 05:45:10,,MEDIUM
7123,7123,2026-01-25 07:18:27,CAMPAIGN_CHECKING_ACCOUNT,CLOSED,2,2026-02-08,2026-01-30 07:18:27,Unverified or expired identity documents,LOW
7124,7124,2026-07-29 15:21:40,HIGH_YIELD_SAVINGS,CLOSED,2,2026-08-12,2026-08-04 15:21:40,,LOW
7125,7125,2026-04-05 23:38:03,TERM_LIFE_INSURANCE,CLOSED,1,2026-04-19,2026-04-06 23:38:03,,MEDIUM
7126,7126,2025-10-21 22:57:11,INSTITUTIONAL_CRYPTO_CUSTODY,CLOSED,4,2025-11-04,2025-10-25 22:57:11,,LOW
7127,7127,2026-02-09 14:07:32,ESCROW_SERVICES,IN_REVIEW,4,2026-02-23,,,MEDIUM
7128,7128,2025-12-21 10:55:03,TREASURY_MANAGEMENT,CLOSED,2,2026-01-04,2025-12-26 10:55:03,,LOW
7129,7129,2026-02-10 04:51:22,RETAIL_EQUITY_BROKERAGE,CLOSED,3,2026-02-24,2026-02-15 04:51:22,,MEDIUM
7130,7130,2026-07-22 22:11:30,ROBO_ADVISORY,CLOSED,2,2026-08-05,2026-07-28 22:11:30,,LOW
7131,7131,2025-09-11 02:48:33,FX_HEDGING_SOLUTIONS,CLOSED,2,2025-09-25,2025-09-17 02:48:33,,MEDIUM
7132,7132,2025-12-10 15:38:40,PERSONAL_LOAN,OPEN,4,2025-12-24,,,MEDIUM
7133,7133,2025-10-04 14:47:10,CROSS_BORDER_REMITTANCE,CLOSED,2,2025-10-18,2025-10-10 14:47:10,,LOW
7134,7134,2025-12-15 06:21:16,REGULATORY_REPORTING_INTEGRATION,CLOSED,3,2025-12-29,2025-12-21 06:21:16,,LOW
7135,7135,2026-08-24 15:21:27,MERCHANT_ACQUIRING,CLOSED,3,2026-09-07,2026-08-28 15:21:27,,LOW
7136,7136,2026-07-12 03:44:23,RETAIL_BANKING,OPEN,,2026-07-26,,,LOW
7137,7137,2026-04-14 03:01:38,BUY_NOW_PAY_LATER,CLOSED,1,2026-04-28,2026-04-17 03:01:38,,LOW
7138,7138,2026-07-06 17:01:27,FIDUCIARY_CUSTODY_ACCOUNT,CLOSED,1,2026-07-20,2026-07-10 17:01:27,,LOW
7139,7139,2026-04-17 08:25:38,CRYPTO_BROKERAGE,CLOSED,2,2026-05-01,2026-04-20 08:25:38,,LOW
7140,7140,2025-12-10 01:32:14,ASSET_PROTECTION_TRUSTS,CLOSED,1,2025-12-24,2025-12-15 01:32:14,,MEDIUM
7141,7141,2026-04-05 18:45:10,RETAIL_BANKING,IN_REVIEW,,2026-04-19,,,LOW
7142,7142,2026-02-17 19:05:01,GOVERNMENT_RELATIONS_ESCROW,CLOSED,1,2026-03-03,2026-02-20 19:05:01,,LOW
7143,7143,2025-09-12 05:26:21,PAYROLL_SERVICES,CLOSED,4,2025-09-26,2025-09-15 05:26:21,,LOW
7144,7144,2026-02-26 23:59:02,ROBO_ADVISORY,CLOSED,4,2026-03-12,2026-03-01 23:59:02,,LOW
7145,7145,2026-05-21 21:22:31,CROSS_BORDER_REMITTANCE,IN_REVIEW,2,2026-06-04,,,LOW
7146,7146,2025-09-23 04:55:22,AUTO_FINANCING,CLOSED,2,2025-10-07,2025-09-28 04:55:22,,LOW
7147,7147,2026-06-21 11:59:02,CROSS_BORDER_REMITTANCE,CLOSED,2,2026-07-05,2026-06-27 11:59:02,,LOW
7148,7148,2026-05-09 08:24:19,HIGH_YIELD_SAVINGS,CLOSED,4,2026-05-23,2026-05-13 08:24:19,,LOW
7149,7149,2026-07-13 13:03:25,TERM_LIFE_INSURANCE,OPEN,3,2026-07-27,,,LOW
7150,7150,2026-05-02 21:11:50,ROBO_ADVISORY,CLOSED,4,2026-05-16,2026-05-08 21:11:50,,LOW
7151,7151,2025-11-05 01:22:36,LIQUIDITY_MANAGEMENT,CLOSED,2,2025-11-19,2025-11-10 01:22:36,,HIGH
7152,7152,2026-07-20 23:44:48,HIGH_YIELD_SAVINGS,CLOSED,4,2026-08-03,2026-07-21 23:44:48,,LOW
7153,7153,2025-12-22 17:54:58,BUY_NOW_PAY_LATER,CLOSED,4,2026-01-05,2025-12-23 17:54:58,,MEDIUM
7154,7154,2026-02-25 09:44:25,RETAIL_BANKING,CLOSED,2,2026-03-11,2026-03-01 09:44:25,,MEDIUM
7155,7155,2026-01-02 01:37:59,RETAIL_BANKING,CLOSED,4,2026-01-16,2026-01-04 01:37:59,,LOW
7156,7156,2026-07-07 17:00:32,RETAIL_EQUITY_BROKERAGE,IN_REVIEW,2,2026-07-21,,,LOW
7157,7157,2025-10-19 01:58:14,BUY_NOW_PAY_LATER,CLOSED,4,2025-11-02,2025-10-23 01:58:14,,LOW
7158,7158,2025-11-07 04:38:00,MORTGAGE_ORIGINATION,OPEN,,2025-11-21,,,LOW
7159,7159,2025-10-14 06:12:52,LETTER_OF_CREDIT,OPEN,4,2025-10-28,,,LOW
7160,7160,2026-08-08 02:11:03,ESCROW_SERVICES,CLOSED,1,2026-08-22,2026-08-11 02:11:03,,LOW
7161,7161,2026-01-03 01:01:18,INSTITUTIONAL_CRYPTO_CUSTODY,OPEN,,2026-01-17,,,LOW
7162,7162,2025-11-28 11:13:55,ROBO_ADVISORY,CLOSED,5,2025-12-12,2025-12-02 11:13:55,,MEDIUM
7163,7163,2026-08-01 02:25:46,ROBO_ADVISORY,PENDING_DOCUMENTS,4,2026-08-15,,,LOW
7164,7164,2026-06-04 14:00:12,CRYPTO_BROKERAGE,CLOSED,5,2026-06-18,2026-06-05 14:00:12,,LOW
7165,7165,2026-05-30 06:47:25,CORPORATE_CREDIT_CARD,CLOSED,5,2026-06-13,2026-06-05 06:47:25,,LOW
7166,7166,2026-01-11 02:30:28,RETAIL_EQUITY_BROKERAGE,CLOSED,3,2026-01-25,2026-01-16 02:30:28,,MEDIUM
7167,7167,2026-01-28 11:36:09,PERSONAL_LOAN,OPEN,2,2026-02-11,,,LOW
7168,7168,2025-11-08 07:51:15,BUY_NOW_PAY_LATER,OPEN,4,2025-11-22,,,LOW
7169,7169,2025-10-19 17:23:37,RETAIL_EQUITY_BROKERAGE,CLOSED,3,2025-11-02,2025-10-23 17:23:37,Unverified or expired identity documents,HIGH
7170,7170,2025-10-06 15:39:30,WEALTH_MANAGEMENT,CLOSED,3,2025-10-20,2025-10-11 15:39:30,,HIGH
7171,7171,2025-10-23 17:49:59,ESCROW_SERVICES,IN_REVIEW,3,2025-11-06,,,LOW
7172,7172,2026-05-23 01:15:33,CROSS_BORDER_REMITTANCE,CLOSED,5,2026-06-06,2026-05-27 01:15:33,,LOW
7173,7173,2026-07-27 23:30:35,RETAIL_BANKING,CLOSED,5,2026-08-10,2026-08-02 23:30:35,,LOW
7174,7174,2025-12-03 03:48:12,ROBO_ADVISORY,CLOSED,3,2025-12-17,2025-12-07 03:48:12,,MEDIUM
7175,7175,2025-10-28 03:40:00,ESCROW_SERVICES,CLOSED,4,2025-11-11,2025-10-31 03:40:00,,LOW
7176,7176,2025-10-31 01:29:49,AUTO_FINANCING,CLOSED,5,2025-11-14,2025-11-05 01:29:49,,MEDIUM
7177,7177,2026-05-09 23:43:39,ROBO_ADVISORY,CLOSED,5,2026-05-23,2026-05-13 23:43:39,Unverified or expired identity documents,HIGH
7178,7178,2026-02-19 10:22:18,MORTGAGE_ORIGINATION,PENDING_DOCUMENTS,1,2026-03-05,,,LOW
7179,7179,2026-02-14 01:58:31,TERM_LIFE_INSURANCE,CLOSED,3,2026-02-28,2026-02-16 01:58:31,Unverified or expired identity documents,HIGH
7180,7180,2025-12-03 09:57:19,HIGH_YIELD_SAVINGS,CLOSED,3,2025-12-17,2025-12-09 09:57:19,,LOW
7181,7181,2026-04-14 12:44:04,INSTITUTIONAL_CRYPTO_CUSTODY,CLOSED,1,2026-04-28,2026-04-16 12:44:04,,LOW
7182,7182,2026-05-17 02:55:54,TRUSTEE_ADMINISTRATION,CLOSED,1,2026-05-31,2026-05-22 02:55:54,,LOW
7183,7183,2026-02-24 23:32:15,PERSONAL_LOAN,CLOSED,1,2026-03-10,2026-02-26 23:32:15,,MEDIUM
7184,7184,2026-01-25 08:00:33,MORTGAGE_ORIGINATION,CLOSED,2,2026-02-08,2026-01-27 08:00:33,,MEDIUM
7185,7185,2026-06-02 00:24:19,ESCROW_SERVICES,CLOSED,4,2026-06-16,2026-06-08 00:24:19,,LOW
7186,7186,2026-08-14 14:19:24,BESPOKE_PORTFOLIO_MANAGEMENT,CLOSED,1,2026-08-28,2026-08-20 14:19:24,,LOW
7187,7187,2026-04-08 20:56:19,AUTO_FINANCING,CLOSED,1,2026-04-22,2026-04-10 20:56:19,,MEDIUM
7188,7188,2026-02-14 14:00:27,RETAIL_EQUITY_BROKERAGE,CLOSED,5,2026-02-28,2026-02-16 14:00:27,,LOW
7189,7189,2025-12-26 18:15:07,HIGH_YIELD_SAVINGS,CLOSED,1,2026-01-09,2025-12-31 18:15:07,,MEDIUM
7190,7190,2026-03-27 10:10:23,BENEFICIARY_DISBURSEMENT_SERVICES,IN_REVIEW,,2026-04-10,,,LOW
7191,7191,2025-12-02 04:46:46,SYNDICATED_LOANS,CLOSED,5,2025-12-16,2025-12-08 04:46:46,,LOW
7192,7192,2025-09-02 06:28:18,WEALTH_MANAGEMENT,CLOSED,4,2025-09-16,2025-09-08 06:28:18,,LOW
7193,7193,2026-02-15 20:57:05,RETAIL_BANKING,CLOSED,5,2026-03-01,2026-02-17 20:57:05,,LOW
7194,7194,2026-08-07 08:32:15,RETAIL_EQUITY_BROKERAGE,OPEN,,2026-08-21,,,LOW
7195,7195,2025-12-26 18:13:37,MORTGAGE_ORIGINATION,CLOSED,1,2026-01-09,2025-12-28 18:13:37,,LOW
7196,7196,2026-01-19 17:51:23,ROBO_ADVISORY,CLOSED,1,2026-02-02,2026-01-22 17:51:23,,LOW
7197,7197,2026-05-17 06:47:52,CRYPTO_BROKERAGE,IN_REVIEW,1,2026-05-31,,,MEDIUM
7198,7198,2025-11-26 07:18:18,ROBO_ADVISORY,CLOSED,2,2025-12-10,2025-12-01 07:18:18,,LOW
7199,7199,2026-03-07 04:24:23,CRYPTO_BROKERAGE,CLOSED,3,2026-03-21,2026-03-12 04:24:23,,LOW
7200,7200,2026-03-15 13:28:37,BESPOKE_PORTFOLIO_MANAGEMENT,CLOSED,1,2026-03-29,2026-03-17 13:28:37,,LOW
7201,7201,2025-11-18 00:03:20,CORPORATE_CREDIT_CARD,OPEN,4,2025-12-02,,,HIGH
7202,7202,2025-11-04 11:47:10,PERSONAL_LOAN,CLOSED,4,2025-11-18,2025-11-07 11:47:10,,MEDIUM
7203,7203,2026-05-14 06:44:21,BUY_NOW_PAY_LATER,CLOSED,3,2026-05-28,2026-05-19 06:44:21,,LOW
7204,7204,2026-07-07 19:44:08,CROSS_BORDER_REMITTANCE,CLOSED,1,2026-07-21,2026-07-13 19:44:08,,LOW
7205,7205,2025-11-22 16:51:40,PERSONAL_LOAN,CLOSED,3,2025-12-06,2025-11-24 16:51:40,,LOW
7206,7206,2026-08-20 01:32:11,INSTITUTIONAL_CRYPTO_CUSTODY,PENDING_DOCUMENTS,,2026-09-03,,,LOW
7207,7207,2026-02-12 22:16:28,CROSS_BORDER_REMITTANCE,CLOSED,3,2026-02-26,2026-02-14 22:16:28,,LOW
7208,7208,2026-01-20 19:03:36,LIQUIDITY_MANAGEMENT,CLOSED,5,2026-02-03,2026-01-21 19:03:36,,LOW
7209,7209,2026-05-15 05:59:16,PERSONAL_LOAN,CLOSED,1,2026-05-29,2026-05-16 05:59:16,,LOW
7210,7210,2025-11-10 14:48:12,LETTER_OF_CREDIT,CLOSED,2,2025-11-24,2025-11-15 14:48:12,,LOW
7211,7211,2025-11-26 16:08:38,AUTO_FINANCING,IN_REVIEW,,2025-12-10,,,HIGH
7212,7212,2025-08-28 14:36:47,WEALTH_MANAGEMENT,CLOSED,4,2025-09-11,2025-09-02 14:36:47,,LOW
7213,7213,2026-04-17 15:11:21,PAC_TREASURY_MANAGEMENT,PENDING_DOCUMENTS,2,2026-05-01,,,LOW
7214,7214,2026-01-17 03:02:58,PERSONAL_LOAN,CLOSED,2,2026-01-31,2026-01-21 03:02:58,Unverified or expired identity documents,LOW
7215,7215,2026-06-25 00:39:57,REGULATORY_REPORTING_INTEGRATION,CLOSED,3,2026-07-09,2026-07-01 00:39:57,High-risk sanctions/FATF jurisdiction,HIGH
7216,7216,2026-05-30 13:37:11,CRYPTO_BROKERAGE,CLOSED,2,2026-06-13,2026-06-04 13:37:11,Unverified or expired identity documents,MEDIUM
7217,7217,2026-07-12 21:21:23,BALLOT_INITIATIVE_ESCROW,CLOSED,3,2026-07-26,2026-07-14 21:21:23,,LOW
7218,7218,2025-12-17 11:47:42,PERSONAL_LOAN,CLOSED,1,2025-12-31,2025-12-20 11:47:42,,MEDIUM
7219,7219,2026-07-07 06:20:17,RETAIL_EQUITY_BROKERAGE,CLOSED,4,2026-07-21,2026-07-09 06:20:17,,LOW
7220,7220,2026-07-13 11:48:42,TERM_LIFE_INSURANCE,CLOSED,2,2026-07-27,2026-07-16 11:48:42,,MEDIUM
7221,7221,2026-07-30 10:17:44,RETAIL_EQUITY_BROKERAGE,CLOSED,1,2026-08-13,2026-08-05 10:17:44,,LOW
7222,7222,2026-01-06 10:44:09,CROSS_BORDER_REMITTANCE,CLOSED,5,2026-01-20,2026-01-10 10:44:09,,LOW
7223,7223,2025-09-07 02:10:01,COMPLIANCE_RESTRICTED_DEPOSIT_ACCOUNT,CLOSED,2,2025-09-21,2025-09-09 02:10:01,Unverified or expired identity documents,LOW
7224,7224,2025-10-04 00:52:52,RETAIL_EQUITY_BROKERAGE,CLOSED,3,2025-10-18,2025-10-08 00:52:52,Unverified or expired identity documents,LOW
7225,7225,2026-03-21 01:12:25,TREASURY_MANAGEMENT,IN_REVIEW,5,2026-04-04,,,MEDIUM
7226,7226,2026-08-07 13:20:39,CREDIT_CARD_ISSUANCE,CLOSED,1,2026-08-21,2026-08-13 13:20:39,,MEDIUM
7227,7227,2025-11-12 04:35:20,WEALTH_MANAGEMENT,CLOSED,5,2025-11-26,2025-11-18 04:35:20,,MEDIUM
7228,7228,2026-01-12 07:43:36,CROSS_BORDER_REMITTANCE,CLOSED,5,2026-01-26,2026-01-15 07:43:36,,LOW
7229,7229,2025-12-24 04:51:57,AUTO_FINANCING,CLOSED,3,2026-01-07,2025-12-27 04:51:57,Unverified or expired identity documents,MEDIUM
7230,7230,2026-08-19 04:51:51,RETAIL_EQUITY_BROKERAGE,CLOSED,3,2026-09-02,2026-08-24 04:51:51,Unverified or expired identity documents,HIGH
7231,7231,2025-11-30 19:06:00,PERSONAL_LOAN,CLOSED,1,2025-12-14,2025-12-02 19:06:00,,LOW
7232,7232,2026-02-08 03:24:01,CREDIT_CARD_ISSUANCE,CLOSED,2,2026-02-22,2026-02-13 03:24:01,,LOW
7233,7233,2026-05-21 12:50:42,RETAIL_BANKING,CLOSED,3,2026-06-04,2026-05-26 12:50:42,,LOW
7234,7234,2025-10-07 18:08:08,ASSET_PROTECTION_TRUSTS,CLOSED,5,2025-10-21,2025-10-11 18:08:08,,LOW
7235,7235,2025-09-07 19:04:40,LIQUIDITY_MANAGEMENT,CLOSED,5,2025-09-21,2025-09-12 19:04:40,,LOW
7236,7236,2026-06-16 22:29:37,CROSS_BORDER_REMITTANCE,CLOSED,2,2026-06-30,2026-06-18 22:29:37,,LOW
7237,7237,2025-09-14 22:36:37,BUY_NOW_PAY_LATER,CLOSED,2,2025-09-28,2025-09-19 22:36:37,,LOW
7238,7238,2026-06-27 07:26:06,DISBURSEMENT_PAYROLL_SERVICES,CLOSED,2,2026-07-11,2026-06-30 07:26:06,,MEDIUM
7239,7239,2025-09-13 05:20:25,FX_HEDGING_SOLUTIONS,IN_REVIEW,,2025-09-27,,,LOW
7240,7240,2025-10-15 07:40:45,ROBO_ADVISORY,CLOSED,3,2025-10-29,2025-10-20 07:40:45,,LOW
7241,7241,2025-10-17 18:38:13,TERM_LIFE_INSURANCE,CLOSED,4,2025-10-31,2025-10-21 18:38:13,,LOW
7242,7242,2025-10-21 03:40:08,ESCROW_SERVICES,CLOSED,4,2025-11-04,2025-10-23 03:40:08,,MEDIUM
7243,7243,2026-03-04 05:26:06,RETAIL_BANKING,IN_REVIEW,,2026-03-18,,,LOW
7244,7244,2025-09-05 08:24:18,BUY_NOW_PAY_LATER,CLOSED,2,2025-09-19,2025-09-11 08:24:18,,LOW
7245,7245,2026-01-31 16:04:45,MORTGAGE_ORIGINATION,IN_REVIEW,,2026-02-14,,,LOW
7246,7246,2025-09-10 01:34:38,RETAIL_BANKING,CLOSED,3,2025-09-24,2025-09-15 01:34:38,,MEDIUM
7247,7247,2025-11-10 18:38:13,HIGH_YIELD_SAVINGS,CLOSED,3,2025-11-24,2025-11-15 18:38:13,,LOW
7248,7248,2026-07-26 07:24:54,CROSS_BORDER_REMITTANCE,CLOSED,3,2026-08-09,2026-08-01 07:24:54,,LOW
7249,7249,2025-12-13 03:07:11,RETAIL_BANKING,OPEN,1,2025-12-27,,,LOW
7250,7250,2026-03-28 17:55:54,CREDIT_CARD_ISSUANCE,PENDING_DOCUMENTS,4,2026-04-11,,,HIGH
7251,7251,2025-12-18 15:18:32,LETTER_OF_CREDIT,CLOSED,5,2026-01-01,2025-12-21 15:18:32,,LOW
7252,7252,2026-01-10 03:51:04,COMPLIANCE_RESTRICTED_DEPOSIT_ACCOUNT,CLOSED,1,2026-01-24,2026-01-15 03:51:04,,LOW
7253,7253,2026-06-21 11:10:44,CRYPTO_BROKERAGE,CLOSED,2,2026-07-05,2026-06-23 11:10:44,,LOW
7254,7254,2025-10-26 09:48:31,RETAIL_EQUITY_BROKERAGE,CLOSED,5,2025-11-09,2025-10-29 09:48:31,,LOW
7255,7255,2026-02-18 17:12:05,BESPOKE_PORTFOLIO_MANAGEMENT,CLOSED,4,2026-03-04,2026-02-24 17:12:05,,LOW
7256,7256,2026-05-08 02:41:03,BUY_NOW_PAY_LATER,PENDING_DOCUMENTS,,2026-05-22,,,LOW
7257,7257,2026-04-02 08:21:32,PRIVATE_EQUITY_FEEDER,IN_REVIEW,1,2026-04-16,,,LOW
7258,7258,2026-07-28 22:13:25,TERM_LIFE_INSURANCE,CLOSED,2,2026-08-11,2026-08-02 22:13:25,,LOW
7259,7259,2026-05-07 02:03:28,AUTO_FINANCING,IN_REVIEW,2,2026-05-21,,,LOW
7260,7260,2026-08-22 07:46:02,TAX_OPTIMIZED_INVESTING,CLOSED,4,2026-09-05,2026-08-27 07:46:02,Unverified or expired identity documents,HIGH
7261,7261,2026-07-01 03:42:34,TREASURY_MANAGEMENT,CLOSED,2,2026-07-15,2026-07-03 03:42:34,,LOW
7262,7262,2026-08-16 21:03:55,MORTGAGE_ORIGINATION,CLOSED,3,2026-08-30,2026-08-18 21:03:55,,LOW
7263,7263,2026-02-13 14:20:42,AUTO_FINANCING,CLOSED,3,2026-02-27,2026-02-19 14:20:42,,LOW
7264,7264,2026-03-17 22:11:23,ROBO_ADVISORY,CLOSED,1,2026-03-31,2026-03-23 22:11:23,,HIGH
7265,7265,2025-12-02 05:43:12,MORTGAGE_ORIGINATION,CLOSED,1,2025-12-16,2025-12-04 05:43:12,,LOW
7266,7266,2026-05-28 04:53:28,BUY_NOW_PAY_LATER,CLOSED,1,2026-06-11,2026-06-01 04:53:28,,MEDIUM
7267,7267,2026-04-20 05:09:08,MORTGAGE_ORIGINATION,IN_REVIEW,,2026-05-04,,,LOW
7268,7268,2025-10-24 10:55:56,MERCHANT_ACQUIRING,CLOSED,2,2025-11-07,2025-10-25 10:55:56,,LOW
7269,7269,2026-05-19 13:54:55,CROSS_BORDER_REMITTANCE,CLOSED,3,2026-06-02,2026-05-22 13:54:55,,LOW
7270,7270,2026-05-25 06:07:22,CREDIT_CARD_ISSUANCE,CLOSED,3,2026-06-08,2026-05-30 06:07:22,,LOW
7271,7271,2026-08-25 12:12:36,CREDIT_CARD_ISSUANCE,CLOSED,3,2026-09-08,2026-08-31 12:12:36,,MEDIUM
7272,7272,2026-07-02 19:15:55,ROBO_ADVISORY,CLOSED,2,2026-07-16,2026-07-03 19:15:55,,MEDIUM
7273,7273,2026-05-20 09:07:27,CRYPTO_BROKERAGE,CLOSED,2,2026-06-03,2026-05-24 09:07:27,,LOW
7274,7274,2026-05-14 20:44:57,ROBO_ADVISORY,CLOSED,3,2026-05-28,2026-05-15 20:44:57,,LOW
7275,7275,2025-11-05 21:37:09,MORTGAGE_ORIGINATION,CLOSED,5,2025-11-19,2025-11-06 21:37:09,,LOW
7276,7276,2026-03-04 08:13:28,POLITICAL_DONATION_PROCESSING,CLOSED,2,2026-03-18,2026-03-10 08:13:28,,LOW
7277,7277,2025-10-10 04:51:50,CRYPTO_BROKERAGE,CLOSED,4,2025-10-24,2025-10-13 04:51:50,,MEDIUM
7278,7278,2025-12-28 01:20:44,AUTO_FINANCING,CLOSED,5,2026-01-11,2025-12-31 01:20:44,,LOW
7279,7279,2026-08-01 01:49:36,BESPOKE_PORTFOLIO_MANAGEMENT,CLOSED,4,2026-08-15,2026-08-07 01:49:36,,MEDIUM
7280,7280,2026-01-25 20:57:10,PHILANTHROPY_ENDOWMENT_MANAGEMENT,CLOSED,5,2026-02-08,2026-01-30 20:57:10,,MEDIUM
7281,7281,2026-03-24 02:23:42,MORTGAGE_ORIGINATION,CLOSED,5,2026-04-07,2026-03-25 02:23:42,,MEDIUM
7282,7282,2025-09-25 21:50:03,AUTO_FINANCING,CLOSED,3,2025-10-09,2025-09-26 21:50:03,,LOW
7283,7283,2025-12-06 12:44:01,PAYROLL_SERVICES,CLOSED,2,2025-12-20,2025-12-08 12:44:01,Unverified or expired identity documents,MEDIUM
7284,7284,2025-10-05 00:55:23,CORPORATE_ACCOUNT,CLOSED,1,2025-10-19,2025-10-08 00:55:23,,HIGH
7285,7285,2026-07-18 01:12:29,CRYPTO_BROKERAGE,CLOSED,1,2026-08-01,2026-07-21 01:12:29,,MEDIUM
7286,7286,2025-09-06 00:10:24,ROBO_ADVISORY,CLOSED,2,2025-09-20,2025-09-10 00:10:24,,LOW
7287,7287,2026-06-29 05:48:10,AUTO_FINANCING,CLOSED,4,2026-07-13,2026-07-02 05:48:10,,LOW
7288,7288,2026-05-16 22:55:21,CROSS_BORDER_REMITTANCE,CLOSED,5,2026-05-30,2026-05-17 22:55:21,,HIGH
7289,7289,2026-08-22 18:33:26,LIQUIDITY_MANAGEMENT,CLOSED,4,2026-09-05,2026-08-25 18:33:26,,LOW
7290,7290,2026-05-09 01:01:57,LETTER_OF_CREDIT,PENDING_DOCUMENTS,3,2026-05-23,,,LOW
7291,7291,2026-01-08 12:33:57,CRYPTO_BROKERAGE,CLOSED,3,2026-01-22,2026-01-11 12:33:57,,HIGH
7292,7292,2025-09-15 06:47:57,ROBO_ADVISORY,OPEN,,2025-09-29,,,LOW
7293,7293,2025-08-25 23:31:54,ROBO_ADVISORY,IN_REVIEW,3,2025-09-08,,,HIGH
7294,7294,2026-03-19 14:30:52,RETAIL_EQUITY_BROKERAGE,CLOSED,2,2026-04-02,2026-03-23 14:30:52,,LOW
7295,7295,2026-05-20 09:35:49,RETAIL_EQUITY_BROKERAGE,CLOSED,3,2026-06-03,2026-05-22 09:35:49,,MEDIUM
7296,7296,2025-11-09 00:50:14,CRYPTO_BROKERAGE,CLOSED,3,2025-11-23,2025-11-11 00:50:14,Unverified or expired identity documents,HIGH
7297,7297,2025-12-20 21:42:00,RETAIL_BANKING,IN_REVIEW,,2026-01-03,,,LOW
7298,7298,2026-01-26 21:59:12,CROSS_BORDER_REMITTANCE,CLOSED,3,2026-02-09,2026-01-28 21:59:12,Unverified or expired identity documents,MEDIUM
7299,7299,2025-11-12 19:16:58,MORTGAGE_ORIGINATION,CLOSED,5,2025-11-26,2025-11-13 19:16:58,,LOW
7300,7300,2026-01-12 16:22:54,RETAIL_EQUITY_BROKERAGE,CLOSED,4,2026-01-26,2026-01-16 16:22:54,,LOW
7301,7301,2026-03-13 18:09:28,RETAIL_EQUITY_BROKERAGE,CLOSED,3,2026-03-27,2026-03-19 18:09:28,,LOW
7302,7302,2026-02-25 14:36:24,AUTO_FINANCING,CLOSED,4,2026-03-11,2026-03-01 14:36:24,Unverified or expired identity documents,LOW
7303,7303,2026-03-09 01:36:42,CRYPTO_BROKERAGE,CLOSED,1,2026-03-23,2026-03-11 01:36:42,,LOW
7304,7304,2026-05-13 15:20:41,CROSS_BORDER_REMITTANCE,CLOSED,2,2026-05-27,2026-05-19 15:20:41,,LOW
7305,7305,2026-02-22 11:55:15,CRYPTO_BROKERAGE,CLOSED,2,2026-03-08,2026-02-24 11:55:15,,MEDIUM
7306,7306,2025-12-10 11:21:24,CORPORATE_ACCOUNT,CLOSED,3,2025-12-24,2025-12-16 11:21:24,,MEDIUM
7307,7307,2026-08-09 20:31:16,GOVERNMENT_RELATIONS_ESCROW,IN_REVIEW,,2026-08-23,,,LOW
7308,7308,2026-01-08 02:31:10,TERM_LIFE_INSURANCE,CLOSED,2,2026-01-22,2026-01-14 02:31:10,,LOW
7309,7309,2026-04-08 02:41:55,RETAIL_BANKING,CLOSED,5,2026-04-22,2026-04-13 02:41:55,,LOW
7310,7310,2025-08-26 23:13:35,PERSONAL_LOAN,CLOSED,5,2025-09-09,2025-08-29 23:13:35,,LOW
7311,7311,2026-03-11 19:05:48,CRYPTO_BROKERAGE,CLOSED,4,2026-03-25,2026-03-13 19:05:48,,LOW
7312,7312,2025-12-18 14:48:15,RETAIL_BANKING,IN_REVIEW,3,2026-01-01,,,MEDIUM
7313,7313,2026-06-19 14:59:30,CAMPAIGN_CHECKING_ACCOUNT,CLOSED,5,2026-07-03,2026-06-25 14:59:30,,LOW
7314,7314,2025-09-13 01:59:19,COMPLIANCE_RESTRICTED_DEPOSIT_ACCOUNT,CLOSED,4,2025-09-27,2025-09-18 01:59:19,,LOW
7315,7315,2026-01-29 14:05:04,ESTATE_PLANNING_SERVICES,CLOSED,4,2026-02-12,2026-02-04 14:05:04,,LOW
7316,7316,2026-08-19 17:25:50,TERM_LIFE_INSURANCE,IN_REVIEW,,2026-09-02,,,LOW
7317,7317,2026-07-27 18:04:46,BUY_NOW_PAY_LATER,CLOSED,2,2026-08-10,2026-07-29 18:04:46,,LOW
7318,7318,2026-05-30 20:28:54,RETAIL_EQUITY_BROKERAGE,CLOSED,1,2026-06-13,2026-06-02 20:28:54,,MEDIUM
7319,7319,2026-01-14 03:38:46,TREASURY_MANAGEMENT,CLOSED,4,2026-01-28,2026-01-18 03:38:46,Unverified or expired identity documents,HIGH
7320,7320,2026-06-05 20:31:10,RETAIL_EQUITY_BROKERAGE,PENDING_DOCUMENTS,2,2026-06-19,,,MEDIUM
7321,7321,2026-04-26 09:37:47,CRYPTO_BROKERAGE,IN_REVIEW,5,2026-05-10,,,LOW
7322,7322,2026-01-11 10:44:51,CORPORATE_CREDIT_CARD,IN_REVIEW,5,2026-01-25,,,LOW
7323,7323,2025-11-06 00:34:40,PAYROLL_SERVICES,CLOSED,2,2025-11-20,2025-11-09 00:34:40,,LOW
7324,7324,2025-10-29 15:19:04,ESCROW_SERVICES,OPEN,5,2025-11-12,,,MEDIUM
7325,7325,2026-07-25 07:15:39,PERSONAL_LOAN,CLOSED,5,2026-08-08,2026-07-28 07:15:39,,LOW
7326,7326,2026-02-26 16:16:10,CROSS_BORDER_REMITTANCE,OPEN,1,2026-03-12,,,LOW
7327,7327,2025-12-26 23:33:06,LETTER_OF_CREDIT,CLOSED,5,2026-01-09,2025-12-29 23:33:06,,LOW
7328,7328,2026-02-26 05:28:11,BUY_NOW_PAY_LATER,CLOSED,4,2026-03-12,2026-02-27 05:28:11,,HIGH
7329,7329,2026-05-16 22:07:51,AUTO_FINANCING,CLOSED,3,2026-05-30,2026-05-22 22:07:51,,LOW
7330,7330,2026-07-07 05:46:27,ROBO_ADVISORY,IN_REVIEW,1,2026-07-21,,,LOW
7331,7331,2026-04-06 22:01:05,RETAIL_BANKING,CLOSED,4,2026-04-20,2026-04-09 22:01:05,,HIGH
7332,7332,2025-08-28 18:14:11,BUY_NOW_PAY_LATER,PENDING_DOCUMENTS,5,2025-09-11,,,LOW
7333,7333,2026-07-29 12:11:28,RETAIL_EQUITY_BROKERAGE,CLOSED,2,2026-08-12,2026-08-04 12:11:28,,HIGH
7334,7334,2026-03-15 12:54:26,MORTGAGE_ORIGINATION,CLOSED,2,2026-03-29,2026-03-19 12:54:26,,LOW
7335,7335,2026-03-14 09:09:41,CROSS_BORDER_REMITTANCE,IN_REVIEW,5,2026-03-28,,,LOW
7336,7336,2026-07-22 18:47:43,TREASURY_MANAGEMENT,CLOSED,2,2026-08-05,2026-07-25 18:47:43,,LOW
7337,7337,2025-10-06 19:54:01,ESCROW_SERVICES,CLOSED,2,2025-10-20,2025-10-10 19:54:01,,MEDIUM
7338,7338,2026-08-06 23:19:14,ROBO_ADVISORY,CLOSED,3,2026-08-20,2026-08-11 23:19:14,,LOW
7339,7339,2026-08-04 05:44:18,RETAIL_BANKING,CLOSED,4,2026-08-18,2026-08-05 05:44:18,,LOW
7340,7340,2026-06-24 06:24:36,CROSS_BORDER_REMITTANCE,CLOSED,3,2026-07-08,2026-06-30 06:24:36,,LOW
7341,7341,2025-10-13 19:34:43,ROBO_ADVISORY,OPEN,,2025-10-27,,,MEDIUM
7342,7342,2026-06-21 16:22:23,INSTITUTIONAL_CRYPTO_CUSTODY,CLOSED,4,2026-07-05,2026-06-22 16:22:23,,LOW
7343,7343,2026-07-27 13:49:13,LIQUIDITY_MANAGEMENT,CLOSED,3,2026-08-10,2026-07-29 13:49:13,,LOW
7344,7344,2025-10-30 11:14:53,RETAIL_BANKING,CLOSED,3,2025-11-13,2025-11-03 11:14:53,,LOW
7345,7345,2026-04-01 15:07:28,TERM_LIFE_INSURANCE,CLOSED,1,2026-04-15,2026-04-05 15:07:28,,LOW
7346,7346,2026-08-02 03:54:53,CREDIT_CARD_ISSUANCE,OPEN,,2026-08-16,,,LOW
7347,7347,2026-04-28 06:22:32,CREDIT_CARD_ISSUANCE,CLOSED,4,2026-05-12,2026-04-29 06:22:32,,LOW
7348,7348,2026-06-27 12:46:31,BUY_NOW_PAY_LATER,CLOSED,1,2026-07-11,2026-07-01 12:46:31,,LOW
7349,7349,2025-12-16 10:04:49,ESTATE_PLANNING_SERVICES,CLOSED,4,2025-12-30,2025-12-19 10:04:49,,LOW
7350,7350,2025-09-08 13:43:33,PAYROLL_SERVICES,CLOSED,5,2025-09-22,2025-09-14 13:43:33,,LOW
7351,7351,2026-03-27 04:55:00,TERM_LIFE_INSURANCE,CLOSED,5,2026-04-10,2026-04-01 04:55:00,,LOW
7352,7352,2026-05-11 12:37:51,CREDIT_CARD_ISSUANCE,CLOSED,4,2026-05-25,2026-05-15 12:37:51,,LOW
7353,7353,2026-04-15 00:20:50,MORTGAGE_ORIGINATION,CLOSED,3,2026-04-29,2026-04-18 00:20:50,,LOW
7354,7354,2025-11-06 01:24:10,BENEFICIARY_DISBURSEMENT_SERVICES,OPEN,,2025-11-20,,,LOW
7355,7355,2026-01-25 03:59:46,MERCHANT_ACQUIRING,CLOSED,4,2026-02-08,2026-01-28 03:59:46,,MEDIUM
7356,7356,2025-12-06 09:31:24,ESCROW_SERVICES,CLOSED,1,2025-12-20,2025-12-09 09:31:24,,LOW
7357,7357,2026-07-30 21:59:19,SYNDICATED_LOANS,CLOSED,1,2026-08-13,2026-08-05 21:59:19,,MEDIUM
7358,7358,2026-07-05 19:45:39,CROSS_BORDER_REMITTANCE,IN_REVIEW,3,2026-07-19,,,HIGH
7359,7359,2025-12-20 21:26:20,CREDIT_CARD_ISSUANCE,CLOSED,1,2026-01-03,2025-12-26 21:26:20,,LOW
7360,7360,2026-02-07 05:36:35,CRYPTO_BROKERAGE,CLOSED,1,2026-02-21,2026-02-13 05:36:35,,HIGH
7361,7361,2026-03-14 02:52:47,RETAIL_BANKING,CLOSED,2,2026-03-28,2026-03-20 02:52:47,,LOW
7362,7362,2026-04-10 18:32:52,BUY_NOW_PAY_LATER,IN_REVIEW,,2026-04-24,,,LOW
7363,7363,2025-12-10 01:26:42,RETAIL_BANKING,CLOSED,3,2025-12-24,2025-12-16 01:26:42,,MEDIUM
7364,7364,2026-02-28 11:54:37,TERM_LIFE_INSURANCE,CLOSED,3,2026-03-14,2026-03-02 11:54:37,,LOW
7365,7365,2026-05-30 16:55:41,MORTGAGE_ORIGINATION,CLOSED,5,2026-06-13,2026-06-02 16:55:41,,LOW
7366,7366,2026-04-09 01:26:43,LIQUIDITY_MANAGEMENT,CLOSED,2,2026-04-23,2026-04-14 01:26:43,,LOW
7367,7367,2025-11-26 13:12:17,HIGH_YIELD_SAVINGS,CLOSED,3,2025-12-10,2025-12-01 13:12:17,,LOW
7368,7368,2026-03-18 00:45:43,CREDIT_CARD_ISSUANCE,CLOSED,4,2026-04-01,2026-03-20 00:45:43,,LOW
7369,7369,2025-11-29 22:04:27,SHORT_TERM_LIQUIDITY_MANAGEMENT,CLOSED,5,2025-12-13,2025-12-05 22:04:27,Unverified or expired identity documents,LOW
7370,7370,2026-03-01 19:16:41,ESTATE_PLANNING_SERVICES,CLOSED,3,2026-03-15,2026-03-04 19:16:41,,LOW
7371,7371,2026-02-13 02:48:54,RETAIL_BANKING,CLOSED,1,2026-02-27,2026-02-17 02:48:54,,LOW
7372,7372,2025-09-30 03:27:48,CREDIT_CARD_ISSUANCE,CLOSED,1,2025-10-14,2025-10-03 03:27:48,,MEDIUM
7373,7373,2026-03-30 08:54:13,CORPORATE_CREDIT_CARD,CLOSED,5,2026-04-13,2026-04-03 08:54:13,,LOW
7374,7374,2026-08-22 07:52:10,PERSONAL_LOAN,CLOSED,2,2026-09-05,2026-08-24 07:52:10,,LOW
7375,7375,2025-11-01 02:47:39,RETAIL_EQUITY_BROKERAGE,CLOSED,2,2025-11-15,2025-11-04 02:47:39,,MEDIUM
7376,7376,2026-06-11 01:54:55,BUY_NOW_PAY_LATER,CLOSED,2,2026-06-25,2026-06-14 01:54:55,,LOW
7377,7377,2026-07-06 17:59:46,LETTER_OF_CREDIT,PENDING_DOCUMENTS,2,2026-07-20,,,MEDIUM
7378,7378,2026-07-01 11:40:41,ASSET_PROTECTION_TRUSTS,CLOSED,3,2026-07-15,2026-07-02 11:40:41,,LOW
7379,7379,2026-01-26 06:20:37,ASSET_PROTECTION_TRUSTS,CLOSED,4,2026-02-09,2026-02-01 06:20:37,Unverified or expired identity documents,HIGH
7380,7380,2026-06-05 00:05:10,MORTGAGE_ORIGINATION,CLOSED,5,2026-06-19,2026-06-08 00:05:10,,LOW
7381,7381,2026-03-01 15:17:07,PERSONAL_LOAN,CLOSED,3,2026-03-15,2026-03-04 15:17:07,Unverified or expired identity documents,MEDIUM
7382,7382,2026-08-15 01:54:59,MERCHANT_ACQUIRING,CLOSED,1,2026-08-29,2026-08-20 01:54:59,,LOW
7383,7383,2025-10-16 11:51:36,ESCROW_SERVICES,OPEN,,2025-10-30,,,LOW
7384,7384,2025-11-03 20:08:56,AUTO_FINANCING,CLOSED,1,2025-11-17,2025-11-07 20:08:56,,HIGH
7385,7385,2026-01-01 07:24:01,LIQUIDITY_MANAGEMENT,CLOSED,3,2026-01-15,2026-01-03 07:24:01,,LOW
7386,7386,2025-12-03 13:41:32,COMMERCIAL_LENDING,CLOSED,2,2025-12-17,2025-12-05 13:41:32,,LOW
7387,7387,2026-02-09 17:41:21,RETAIL_BANKING,CLOSED,5,2026-02-23,2026-02-10 17:41:21,,MEDIUM
7388,7388,2026-07-17 01:40:44,CROSS_BORDER_REMITTANCE,CLOSED,2,2026-07-31,2026-07-22 01:40:44,,LOW
7389,7389,2026-05-14 13:16:03,TRADE_FINANCE_CREDIT_INSURANCE,CLOSED,5,2026-05-28,2026-05-19 13:16:03,,MEDIUM
7390,7390,2025-09-05 07:44:52,MERCHANT_ACQUIRING,CLOSED,3,2025-09-19,2025-09-07 07:44:52,,MEDIUM
7391,7391,2026-06-13 22:39:24,INSTITUTIONAL_CRYPTO_CUSTODY,PENDING_DOCUMENTS,,2026-06-27,,,LOW
7392,7392,2026-06-03 21:06:14,RETAIL_EQUITY_BROKERAGE,CLOSED,2,2026-06-17,2026-06-07 21:06:14,,LOW
7393,7393,2026-02-01 17:16:36,CROSS_BORDER_REMITTANCE,OPEN,1,2026-02-15,,,LOW
7394,7394,2025-12-31 10:43:39,LETTER_OF_CREDIT,CLOSED,5,2026-01-14,2026-01-01 10:43:39,,MEDIUM
7395,7395,2026-02-03 04:18:20,RETAIL_EQUITY_BROKERAGE,CLOSED,3,2026-02-17,2026-02-09 04:18:20,,MEDIUM
7396,7396,2025-10-28 03:38:01,RETAIL_BANKING,IN_REVIEW,,2025-11-11,,,LOW
7397,7397,2025-12-25 03:09:48,CORPORATE_ACCOUNT,CLOSED,1,2026-01-08,2025-12-28 03:09:48,,MEDIUM
7398,7398,2025-08-28 20:44:10,CROSS_BORDER_REMITTANCE,CLOSED,3,2025-09-11,2025-09-01 20:44:10,,LOW
7399,7399,2026-02-28 22:18:21,FX_HEDGING_SOLUTIONS,CLOSED,5,2026-03-14,2026-03-06 22:18:21,,LOW
7400,7400,2026-01-13 15:06:31,MORTGAGE_ORIGINATION,CLOSED,2,2026-01-27,2026-01-14 15:06:31,,LOW
7401,7401,2025-10-02 12:34:27,BUY_NOW_PAY_LATER,CLOSED,5,2025-10-16,2025-10-05 12:34:27,,LOW
7402,7402,2025-12-08 06:40:56,TRADE_FINANCE_CREDIT_INSURANCE,CLOSED,1,2025-12-22,2025-12-10 06:40:56,,LOW
7403,7403,2026-03-14 14:12:46,TAX_OPTIMIZED_INVESTING,CLOSED,3,2026-03-28,2026-03-16 14:12:46,,LOW
7404,7404,2026-04-16 18:27:25,CORPORATE_CREDIT_CARD,CLOSED,3,2026-04-30,2026-04-21 18:27:25,,LOW
7405,7405,2025-12-15 13:54:59,INSTITUTIONAL_CRYPTO_CUSTODY,CLOSED,1,2025-12-29,2025-12-19 13:54:59,,MEDIUM
7406,7406,2026-05-12 19:37:24,PAYROLL_SERVICES,CLOSED,5,2026-05-26,2026-05-15 19:37:24,,LOW
7407,7407,2025-11-27 17:01:40,COMMERCIAL_LENDING,CLOSED,5,2025-12-11,2025-11-28 17:01:40,Unverified or expired identity documents,MEDIUM
7408,7408,2026-02-02 15:10:54,MORTGAGE_ORIGINATION,CLOSED,1,2026-02-16,2026-02-04 15:10:54,,MEDIUM
7409,7409,2025-11-27 06:40:13,LETTER_OF_CREDIT,IN_REVIEW,4,2025-12-11,,,LOW
7410,7410,2025-10-10 11:54:24,TERM_LIFE_INSURANCE,CLOSED,4,2025-10-24,2025-10-15 11:54:24,,LOW
7411,7411,2026-03-12 23:32:46,PHILANTHROPY_ENDOWMENT_MANAGEMENT,CLOSED,3,2026-03-26,2026-03-17 23:32:46,,LOW
7412,7412,2026-03-20 09:53:24,TERM_LIFE_INSURANCE,CLOSED,5,2026-04-03,2026-03-25 09:53:24,,LOW
7413,7413,2026-01-19 03:47:44,BUY_NOW_PAY_LATER,PENDING_DOCUMENTS,,2026-02-02,,,LOW
7414,7414,2025-10-01 20:13:54,CREDIT_CARD_ISSUANCE,CLOSED,2,2025-10-15,2025-10-03 20:13:54,,LOW
7415,7415,2025-11-09 01:37:47,RETAIL_EQUITY_BROKERAGE,CLOSED,3,2025-11-23,2025-11-15 01:37:47,,LOW
7416,7416,2026-05-01 16:05:54,HIGH_YIELD_SAVINGS,CLOSED,2,2026-05-15,2026-05-05 16:05:54,,LOW
7417,7417,2026-03-27 14:15:59,SECURITIES_BASED_LENDING,CLOSED,3,2026-04-10,2026-03-30 14:15:59,,LOW
7418,7418,2026-06-22 14:39:56,CORPORATE_CREDIT_CARD,CLOSED,4,2026-07-06,2026-06-23 14:39:56,,LOW
7419,7419,2025-09-14 16:07:09,AUTO_FINANCING,CLOSED,5,2025-09-28,2025-09-16 16:07:09,,MEDIUM
7420,7420,2025-11-22 19:02:41,AUTO_FINANCING,CLOSED,3,2025-12-06,2025-11-28 19:02:41,,LOW
7421,7421,2025-12-23 06:30:42,CORPORATE_CREDIT_CARD,CLOSED,4,2026-01-06,2025-12-28 06:30:42,,LOW
7422,7422,2026-06-19 00:29:08,CRYPTO_BROKERAGE,PENDING_DOCUMENTS,,2026-07-03,,,HIGH
7423,7423,2026-01-08 10:46:00,CRYPTO_BROKERAGE,PENDING_DOCUMENTS,4,2026-01-22,,,LOW
7424,7424,2026-06-22 12:20:01,ESTATE_PLANNING_SERVICES,CLOSED,5,2026-07-06,2026-06-26 12:20:01,Unverified or expired identity documents,LOW
7425,7425,2026-06-02 06:29:16,BUY_NOW_PAY_LATER,CLOSED,2,2026-06-16,2026-06-04 06:29:16,,LOW
7426,7426,2026-03-24 02:16:33,MORTGAGE_ORIGINATION,CLOSED,4,2026-04-07,2026-03-27 02:16:33,,LOW
7427,7427,2025-10-02 01:47:03,CRYPTO_BROKERAGE,CLOSED,5,2025-10-16,2025-10-08 01:47:03,Unverified or expired identity documents,LOW
7428,7428,2026-06-11 17:04:12,LIQUIDITY_MANAGEMENT,CLOSED,4,2026-06-25,2026-06-16 17:04:12,,LOW
7429,7429,2025-10-13 05:36:49,ROBO_ADVISORY,CLOSED,1,2025-10-27,2025-10-17 05:36:49,,MEDIUM
7430,7430,2026-04-02 07:36:24,AUTO_FINANCING,CLOSED,2,2026-04-16,2026-04-07 07:36:24,,MEDIUM
7431,7431,2026-05-09 20:38:21,AUTO_FINANCING,CLOSED,5,2026-05-23,2026-05-12 20:38:21,,HIGH
7432,7432,2026-02-11 02:26:10,TERM_LIFE_INSURANCE,CLOSED,3,2026-02-25,2026-02-12 02:26:10,,LOW
7433,7433,2026-05-02 14:55:40,PAYROLL_SERVICES,IN_REVIEW,,2026-05-16,,,LOW
7434,7434,2026-06-24 02:26:26,BUY_NOW_PAY_LATER,CLOSED,1,2026-07-08,2026-06-29 02:26:26,,HIGH
7435,7435,2025-09-25 13:57:04,TERM_LIFE_INSURANCE,CLOSED,4,2025-10-09,2025-09-29 13:57:04,,LOW
7436,7436,2026-01-12 19:44:43,CROSS_BORDER_REMITTANCE,CLOSED,2,2026-01-26,2026-01-13 19:44:43,,LOW
7437,7437,2025-09-13 18:06:36,RETAIL_BANKING,PENDING_DOCUMENTS,3,2025-09-27,,,LOW
7438,7438,2025-09-09 07:06:01,BUY_NOW_PAY_LATER,CLOSED,5,2025-09-23,2025-09-11 07:06:01,,LOW
7439,7439,2026-02-23 18:33:22,CORPORATE_CREDIT_CARD,IN_REVIEW,,2026-03-09,,,LOW
7440,7440,2025-12-29 19:40:43,PERSONAL_LOAN,CLOSED,2,2026-01-12,2025-12-31 19:40:43,,HIGH
7441,7441,2025-10-19 17:49:26,CREDIT_CARD_ISSUANCE,CLOSED,2,2025-11-02,2025-10-22 17:49:26,,MEDIUM
7442,7442,2025-09-30 12:18:45,ROBO_ADVISORY,CLOSED,2,2025-10-14,2025-10-04 12:18:45,,LOW
7443,7443,2026-05-06 19:22:39,HIGH_YIELD_SAVINGS,CLOSED,1,2026-05-20,2026-05-08 19:22:39,,LOW
7444,7444,2026-01-23 22:20:47,TREASURY_MANAGEMENT,CLOSED,3,2026-02-06,2026-01-25 22:20:47,High-risk sanctions/FATF jurisdiction,HIGH
7445,7445,2026-08-12 11:57:32,MORTGAGE_ORIGINATION,CLOSED,4,2026-08-26,2026-08-13 11:57:32,,LOW
7446,7446,2026-05-14 21:55:12,CRYPTO_BROKERAGE,IN_REVIEW,,2026-05-28,,,LOW
7447,7447,2025-09-29 17:02:02,COMPLIANCE_RESTRICTED_DEPOSIT_ACCOUNT,CLOSED,3,2025-10-13,2025-10-05 17:02:02,,LOW
7448,7448,2026-01-02 22:18:05,RETAIL_EQUITY_BROKERAGE,CLOSED,3,2026-01-16,2026-01-08 22:18:05,,LOW
7449,7449,2026-02-28 08:21:39,BUY_NOW_PAY_LATER,OPEN,1,2026-03-14,,,HIGH
7450,7450,2025-10-19 15:05:42,TERM_LIFE_INSURANCE,PENDING_DOCUMENTS,,2025-11-02,,,LOW
7451,7451,2026-03-13 03:55:07,PERSONAL_LOAN,OPEN,5,2026-03-27,,,LOW
7452,7452,2025-11-20 12:46:42,TERM_LIFE_INSURANCE,PENDING_DOCUMENTS,,2025-12-04,,,LOW
7453,7453,2025-10-17 15:37:40,CROSS_BORDER_REMITTANCE,CLOSED,1,2025-10-31,2025-10-21 15:37:40,,MEDIUM
7454,7454,2025-10-04 20:48:53,TRUSTEE_ADMINISTRATION,CLOSED,4,2025-10-18,2025-10-09 20:48:53,,LOW
7455,7455,2025-11-28 11:52:48,GOVERNMENT_RELATIONS_ESCROW,CLOSED,1,2025-12-12,2025-12-03 11:52:48,Unverified or expired identity documents,LOW
7456,7456,2026-04-03 04:54:53,CROSS_BORDER_REMITTANCE,IN_REVIEW,,2026-04-17,,,LOW
7457,7457,2026-03-04 04:06:51,LETTER_OF_CREDIT,CLOSED,2,2026-03-18,2026-03-09 04:06:51,,LOW
7458,7458,2026-06-01 07:16:38,CREDIT_CARD_ISSUANCE,IN_REVIEW,5,2026-06-15,,,LOW
7459,7459,2026-01-31 08:24:47,RETAIL_EQUITY_BROKERAGE,CLOSED,1,2026-02-14,2026-02-06 08:24:47,,MEDIUM
7460,7460,2025-11-05 23:00:59,RETAIL_BANKING,CLOSED,3,2025-11-19,2025-11-11 23:00:59,,MEDIUM
7461,7461,2026-04-14 04:59:36,MERCHANT_ACQUIRING,CLOSED,2,2026-04-28,2026-04-18 04:59:36,,LOW
7462,7462,2025-09-29 09:46:08,CRYPTO_BROKERAGE,CLOSED,2,2025-10-13,2025-10-04 09:46:08,,LOW
7463,7463,2026-06-06 15:22:45,HIGH_YIELD_SAVINGS,CLOSED,4,2026-06-20,2026-06-11 15:22:45,,MEDIUM
7464,7464,2025-11-25 11:15:17,CAMPAIGN_CHECKING_ACCOUNT,PENDING_DOCUMENTS,1,2025-12-09,,,LOW
7465,7465,2025-09-10 20:11:45,HIGH_YIELD_SAVINGS,CLOSED,1,2025-09-24,2025-09-11 20:11:45,,MEDIUM
7466,7466,2026-02-23 16:42:50,ESCROW_SERVICES,CLOSED,4,2026-03-09,2026-03-01 16:42:50,,LOW
7467,7467,2026-01-19 03:54:44,PERSONAL_LOAN,CLOSED,3,2026-02-02,2026-01-20 03:54:44,,MEDIUM
7468,7468,2026-05-07 14:37:16,TRUSTEE_ADMINISTRATION,CLOSED,3,2026-05-21,2026-05-08 14:37:16,,LOW
7469,7469,2025-12-13 23:09:11,TREASURY_MANAGEMENT,CLOSED,4,2025-12-27,2025-12-17 23:09:11,,MEDIUM
7470,7470,2025-09-19 00:32:42,RETAIL_BANKING,CLOSED,5,2025-10-03,2025-09-20 00:32:42,,LOW
7471,7471,2025-09-27 19:18:15,ROBO_ADVISORY,CLOSED,5,2025-10-11,2025-10-03 19:18:15,,LOW
7472,7472,2026-03-19 03:48:52,PRIVATE_EQUITY_FEEDER,CLOSED,2,2026-04-02,2026-03-23 03:48:52,,LOW
7473,7473,2025-10-08 13:07:12,BESPOKE_PORTFOLIO_MANAGEMENT,CLOSED,5,2025-10-22,2025-10-12 13:07:12,Unverified or expired identity documents,HIGH
7474,7474,2026-06-26 03:30:12,SYNDICATED_LOANS,CLOSED,3,2026-07-10,2026-07-01 03:30:12,Unverified or expired identity documents,HIGH
7475,7475,2026-01-06 23:38:42,ROBO_ADVISORY,CLOSED,1,2026-01-20,2026-01-11 23:38:42,,MEDIUM
7476,7476,2026-04-26 00:06:29,MORTGAGE_ORIGINATION,CLOSED,2,2026-05-10,2026-04-29 00:06:29,High-risk sanctions/FATF jurisdiction,HIGH
7477,7477,2026-05-22 17:01:46,TERM_LIFE_INSURANCE,CLOSED,4,2026-06-05,2026-05-25 17:01:46,Unverified or expired identity documents,MEDIUM
7478,7478,2026-04-10 12:53:07,CROSS_BORDER_REMITTANCE,CLOSED,2,2026-04-24,2026-04-13 12:53:07,Unverified or expired identity documents,LOW
7479,7479,2026-06-27 22:30:25,MORTGAGE_ORIGINATION,CLOSED,3,2026-07-11,2026-06-28 22:30:25,,MEDIUM
7480,7480,2026-04-24 03:54:15,FX_HEDGING_SOLUTIONS,CLOSED,3,2026-05-08,2026-04-30 03:54:15,,LOW
7481,7481,2025-12-15 19:51:06,WEALTH_MANAGEMENT,CLOSED,1,2025-12-29,2025-12-18 19:51:06,,LOW
7482,7482,2026-01-11 19:53:54,CORPORATE_ACCOUNT,CLOSED,2,2026-01-25,2026-01-16 19:53:54,Unverified or expired identity documents,HIGH
7483,7483,2026-07-26 23:03:00,BUY_NOW_PAY_LATER,CLOSED,4,2026-08-09,2026-07-29 23:03:00,,LOW
7484,7484,2026-01-15 23:28:36,FX_HEDGING_SOLUTIONS,CLOSED,5,2026-01-29,2026-01-19 23:28:36,,HIGH
7485,7485,2025-12-23 05:40:42,CREDIT_CARD_ISSUANCE,CLOSED,4,2026-01-06,2025-12-24 05:40:42,,HIGH
7486,7486,2026-02-08 14:51:32,TERM_LIFE_INSURANCE,CLOSED,4,2026-02-22,2026-02-13 14:51:32,Unverified or expired identity documents,MEDIUM
7487,7487,2026-07-02 13:54:55,HIGH_VOLUME_MERCHANT_GATEWAY,CLOSED,3,2026-07-16,2026-07-04 13:54:55,,LOW
7488,7488,2026-01-20 19:10:52,RETAIL_EQUITY_BROKERAGE,CLOSED,3,2026-02-03,2026-01-23 19:10:52,,MEDIUM
7489,7489,2026-02-10 20:22:46,PERSONAL_LOAN,CLOSED,4,2026-02-24,2026-02-12 20:22:46,,LOW
7490,7490,2026-06-29 12:27:49,CAMPAIGN_CHECKING_ACCOUNT,CLOSED,1,2026-07-13,2026-07-05 12:27:49,,LOW
7491,7491,2025-09-04 04:07:15,ROBO_ADVISORY,CLOSED,5,2025-09-18,2025-09-07 04:07:15,,LOW
7492,7492,2026-05-17 07:13:04,CROSS_BORDER_REMITTANCE,IN_REVIEW,,2026-05-31,,,LOW
7493,7493,2026-05-05 15:58:07,TERM_LIFE_INSURANCE,CLOSED,5,2026-05-19,2026-05-11 15:58:07,Unverified or expired identity documents,LOW
7494,7494,2026-02-14 13:54:40,BUY_NOW_PAY_LATER,CLOSED,1,2026-02-28,2026-02-19 13:54:40,,LOW
7495,7495,2026-05-11 02:33:22,MORTGAGE_ORIGINATION,CLOSED,3,2026-05-25,2026-05-14 02:33:22,,LOW
7496,7496,2026-06-03 14:11:28,CRYPTO_BROKERAGE,CLOSED,1,2026-06-17,2026-06-09 14:11:28,,LOW
7497,7497,2026-04-19 21:05:11,CORPORATE_ACCOUNT,CLOSED,2,2026-05-03,2026-04-20 21:05:11,,LOW
7498,7498,2026-06-20 10:09:14,HIGH_YIELD_SAVINGS,CLOSED,2,2026-07-04,2026-06-26 10:09:14,,MEDIUM
7499,7499,2026-04-14 01:32:53,AUTO_FINANCING,IN_REVIEW,4,2026-04-28,,,LOW
7500,7500,2025-10-20 17:06:55,HIGH_YIELD_SAVINGS,CLOSED,3,2025-11-03,2025-10-25 17:06:55,,LOW
7501,7501,2025-09-04 10:15:34,CROSS_BORDER_REMITTANCE,CLOSED,2,2025-09-18,2025-09-10 10:15:34,,HIGH
7502,7502,2025-10-09 11:20:20,PERSONAL_LOAN,CLOSED,5,2025-10-23,2025-10-13 11:20:20,,LOW
7503,7503,2026-04-12 14:25:13,ASSET_PROTECTION_TRUSTS,CLOSED,2,2026-04-26,2026-04-17 14:25:13,,LOW
7504,7504,2026-02-02 07:54:04,CROSS_BORDER_REMITTANCE,CLOSED,4,2026-02-16,2026-02-06 07:54:04,,LOW
7505,7505,2026-08-01 12:40:48,RETAIL_EQUITY_BROKERAGE,OPEN,,2026-08-15,,,LOW
7506,7506,2026-07-23 10:26:32,HIGH_YIELD_SAVINGS,CLOSED,5,2026-08-06,2026-07-28 10:26:32,,LOW
7507,7507,2025-09-29 12:51:26,RETAIL_BANKING,CLOSED,4,2025-10-13,2025-09-30 12:51:26,,LOW
7508,7508,2026-02-03 18:37:25,HIGH_YIELD_SAVINGS,CLOSED,2,2026-02-17,2026-02-09 18:37:25,,LOW
7509,7509,2026-06-20 14:06:15,BUY_NOW_PAY_LATER,CLOSED,4,2026-07-04,2026-06-23 14:06:15,,LOW
7510,7510,2025-11-13 09:16:55,INSTITUTIONAL_CRYPTO_CUSTODY,CLOSED,2,2025-11-27,2025-11-17 09:16:55,,LOW
7511,7511,2026-08-10 06:48:43,PERSONAL_LOAN,PENDING_DOCUMENTS,,2026-08-24,,,LOW
7512,7512,2026-01-01 10:52:28,CREDIT_CARD_ISSUANCE,CLOSED,1,2026-01-15,2026-01-07 10:52:28,,LOW
7513,7513,2026-05-04 15:32:20,TERM_LIFE_INSURANCE,CLOSED,2,2026-05-18,2026-05-10 15:32:20,,LOW
7514,7514,2026-06-05 18:26:18,BUY_NOW_PAY_LATER,IN_REVIEW,,2026-06-19,,,LOW
7515,7515,2025-12-31 23:58:41,PERSONAL_LOAN,CLOSED,4,2026-01-14,2026-01-06 23:58:41,Unverified or expired identity documents,MEDIUM
7516,7516,2026-01-03 04:41:42,MORTGAGE_ORIGINATION,OPEN,2,2026-01-17,,,LOW
7517,7517,2026-06-07 22:52:07,CROSS_BORDER_REMITTANCE,CLOSED,3,2026-06-21,2026-06-09 22:52:07,,LOW
7518,7518,2025-09-02 09:20:57,MORTGAGE_ORIGINATION,CLOSED,1,2025-09-16,2025-09-06 09:20:57,,LOW
7519,7519,2026-04-11 07:12:47,CROSS_BORDER_REMITTANCE,IN_REVIEW,5,2026-04-25,,,LOW
7520,7520,2026-04-08 15:39:47,CREDIT_CARD_ISSUANCE,CLOSED,2,2026-04-22,2026-04-11 15:39:47,,LOW
7521,7521,2026-06-20 16:40:37,CROSS_BORDER_REMITTANCE,CLOSED,1,2026-07-04,2026-06-23 16:40:37,,LOW
7522,7522,2026-04-12 02:30:12,SECURITIES_BASED_LENDING,CLOSED,4,2026-04-26,2026-04-15 02:30:12,,LOW
7523,7523,2026-02-16 15:33:38,SECURITIES_BASED_LENDING,CLOSED,3,2026-03-02,2026-02-22 15:33:38,,LOW
7524,7524,2026-08-13 17:00:49,CORPORATE_ACCOUNT,CLOSED,3,2026-08-27,2026-08-16 17:00:49,,LOW
7525,7525,2026-01-05 13:51:32,FIDUCIARY_CUSTODY_ACCOUNT,CLOSED,5,2026-01-19,2026-01-07 13:51:32,,LOW
7526,7526,2025-10-22 04:46:10,SHORT_TERM_LIQUIDITY_MANAGEMENT,CLOSED,1,2025-11-05,2025-10-27 04:46:10,,LOW
7527,7527,2026-04-28 20:16:05,BUY_NOW_PAY_LATER,OPEN,,2026-05-12,,,LOW
7528,7528,2025-09-22 18:00:06,CORPORATE_CREDIT_CARD,CLOSED,1,2025-10-06,2025-09-25 18:00:06,,LOW
7529,7529,2026-07-19 07:20:53,ROBO_ADVISORY,CLOSED,4,2026-08-02,2026-07-24 07:20:53,,LOW
7530,7530,2025-09-09 22:24:27,PHILANTHROPY_ENDOWMENT_MANAGEMENT,CLOSED,4,2025-09-23,2025-09-10 22:24:27,,LOW
7531,7531,2026-02-05 04:25:47,ESCROW_SERVICES,PENDING_DOCUMENTS,5,2026-02-19,,,MEDIUM
7532,7532,2026-04-16 21:07:25,AUTO_FINANCING,CLOSED,4,2026-04-30,2026-04-22 21:07:25,,MEDIUM
7533,7533,2026-03-23 05:55:21,ROBO_ADVISORY,CLOSED,2,2026-04-06,2026-03-26 05:55:21,,MEDIUM
7534,7534,2025-10-01 21:19:00,ESCROW_SERVICES,OPEN,5,2025-10-15,,,LOW
7535,7535,2026-07-07 18:20:35,BUY_NOW_PAY_LATER,CLOSED,2,2026-07-21,2026-07-13 18:20:35,,LOW
7536,7536,2025-11-21 21:10:31,CAMPAIGN_CHECKING_ACCOUNT,CLOSED,1,2025-12-05,2025-11-24 21:10:31,Unverified or expired identity documents,MEDIUM
7537,7537,2026-06-15 17:14:37,CORPORATE_CREDIT_CARD,CLOSED,3,2026-06-29,2026-06-17 17:14:37,,LOW
7538,7538,2025-10-14 23:32:24,PERSONAL_LOAN,CLOSED,3,2025-10-28,2025-10-15 23:32:24,,LOW
7539,7539,2026-01-19 18:00:25,TERM_LIFE_INSURANCE,CLOSED,1,2026-02-02,2026-01-22 18:00:25,,LOW
7540,7540,2026-08-16 04:59:41,CRYPTO_BROKERAGE,CLOSED,4,2026-08-30,2026-08-17 04:59:41,,LOW
7541,7541,2025-09-24 20:29:39,PAYROLL_SERVICES,CLOSED,4,2025-10-08,2025-09-26 20:29:39,,LOW
7542,7542,2026-08-02 09:17:49,BUY_NOW_PAY_LATER,CLOSED,4,2026-08-16,2026-08-04 09:17:49,,HIGH
7543,7543,2025-10-09 08:57:03,CRYPTO_BROKERAGE,CLOSED,5,2025-10-23,2025-10-10 08:57:03,,MEDIUM
7544,7544,2026-02-24 10:08:34,MORTGAGE_ORIGINATION,CLOSED,4,2026-03-10,2026-03-02 10:08:34,,LOW
7545,7545,2025-12-31 00:56:44,TERM_LIFE_INSURANCE,CLOSED,5,2026-01-14,2026-01-04 00:56:44,,LOW
7546,7546,2026-03-21 11:05:29,CROSS_BORDER_REMITTANCE,CLOSED,3,2026-04-04,2026-03-26 11:05:29,,MEDIUM
7547,7547,2026-03-31 16:38:55,ROBO_ADVISORY,PENDING_DOCUMENTS,3,2026-04-14,,,LOW
7548,7548,2026-03-15 05:46:49,HIGH_YIELD_SAVINGS,OPEN,,2026-03-29,,,LOW
7549,7549,2026-02-02 01:19:17,CREDIT_CARD_ISSUANCE,CLOSED,5,2026-02-16,2026-02-05 01:19:17,,LOW
7550,7550,2025-11-28 09:41:51,MERCHANT_ACQUIRING,PENDING_DOCUMENTS,4,2025-12-12,,,MEDIUM
7551,7551,2026-01-30 06:02:46,COMMERCIAL_LENDING,OPEN,,2026-02-13,,,MEDIUM
7552,7552,2025-08-27 07:22:34,TAX_OPTIMIZED_INVESTING,OPEN,,2025-09-10,,,LOW
7553,7553,2026-04-04 23:29:00,BUY_NOW_PAY_LATER,CLOSED,4,2026-04-18,2026-04-07 23:29:00,,LOW
7554,7554,2026-05-25 08:58:11,TAX_OPTIMIZED_INVESTING,CLOSED,5,2026-06-08,2026-05-30 08:58:11,,MEDIUM
7555,7555,2026-02-20 13:38:45,FX_HEDGING_SOLUTIONS,CLOSED,4,2026-03-06,2026-02-25 13:38:45,,LOW
7556,7556,2025-12-20 17:30:27,TERM_LIFE_INSURANCE,CLOSED,5,2026-01-03,2025-12-21 17:30:27,,LOW
7557,7557,2025-09-23 18:56:29,PERSONAL_LOAN,CLOSED,3,2025-10-07,2025-09-26 18:56:29,Unverified or expired identity documents,HIGH
7558,7558,2025-12-24 13:52:42,PERSONAL_LOAN,CLOSED,3,2026-01-07,2025-12-29 13:52:42,,LOW
7559,7559,2025-11-17 07:39:36,AUTO_FINANCING,CLOSED,5,2025-12-01,2025-11-19 07:39:36,,LOW
7560,7560,2025-09-19 02:30:42,CREDIT_CARD_ISSUANCE,OPEN,,2025-10-03,,,LOW
7561,7561,2026-08-05 03:10:47,MORTGAGE_ORIGINATION,CLOSED,4,2026-08-19,2026-08-08 03:10:47,,LOW
7562,7562,2026-02-21 23:00:01,PERSONAL_LOAN,CLOSED,5,2026-03-07,2026-02-25 23:00:01,,HIGH
7563,7563,2025-11-20 03:35:52,BESPOKE_PORTFOLIO_MANAGEMENT,CLOSED,1,2025-12-04,2025-11-25 03:35:52,,LOW
7564,7564,2026-04-24 14:40:47,RETAIL_BANKING,CLOSED,5,2026-05-08,2026-04-28 14:40:47,,LOW
7565,7565,2026-03-23 09:13:16,ROBO_ADVISORY,CLOSED,3,2026-04-06,2026-03-29 09:13:16,,HIGH
7566,7566,2026-04-04 09:40:49,SECURITIES_BASED_LENDING,CLOSED,2,2026-04-18,2026-04-10 09:40:49,,LOW
7567,7567,2026-06-27 09:10:35,PHILANTHROPY_ENDOWMENT_MANAGEMENT,CLOSED,2,2026-07-11,2026-06-28 09:10:35,,LOW
7568,7568,2026-03-17 06:24:04,CORPORATE_CREDIT_CARD,CLOSED,5,2026-03-31,2026-03-23 06:24:04,,LOW
7569,7569,2026-01-25 01:18:11,CRYPTO_BROKERAGE,CLOSED,4,2026-02-08,2026-01-26 01:18:11,,LOW
7570,7570,2025-09-26 18:13:55,PERSONAL_LOAN,CLOSED,5,2025-10-10,2025-09-29 18:13:55,,LOW
7571,7571,2026-06-12 04:11:05,LETTER_OF_CREDIT,CLOSED,3,2026-06-26,2026-06-15 04:11:05,,MEDIUM
7572,7572,2025-10-28 13:24:10,BUY_NOW_PAY_LATER,OPEN,5,2025-11-11,,,LOW
7573,7573,2026-08-19 05:53:14,SYNDICATED_LOANS,CLOSED,4,2026-09-02,2026-08-24 05:53:14,,LOW
7574,7574,2026-06-25 14:57:52,CREDIT_CARD_ISSUANCE,CLOSED,4,2026-07-09,2026-06-28 14:57:52,,LOW
7575,7575,2026-06-09 19:36:07,ESCROW_SERVICES,CLOSED,3,2026-06-23,2026-06-12 19:36:07,Unverified or expired identity documents,MEDIUM
7576,7576,2026-01-31 16:15:57,PERSONAL_LOAN,CLOSED,1,2026-02-14,2026-02-06 16:15:57,,LOW
7577,7577,2026-08-05 11:49:30,MERCHANT_ACQUIRING,CLOSED,1,2026-08-19,2026-08-09 11:49:30,,LOW
7578,7578,2025-12-01 11:30:28,TERM_LIFE_INSURANCE,CLOSED,2,2025-12-15,2025-12-04 11:30:28,,LOW
7579,7579,2026-04-24 17:36:55,TERM_LIFE_INSURANCE,CLOSED,1,2026-05-08,2026-04-29 17:36:55,,LOW
7580,7580,2025-09-29 09:26:05,LETTER_OF_CREDIT,IN_REVIEW,4,2025-10-13,,,LOW
7581,7581,2026-01-13 18:49:04,PAYROLL_SERVICES,CLOSED,4,2026-01-27,2026-01-16 18:49:04,,LOW
7582,7582,2026-01-29 11:13:11,BENEFICIARY_DISBURSEMENT_SERVICES,CLOSED,4,2026-02-12,2026-02-03 11:13:11,,LOW
7583,7583,2026-03-26 06:07:41,HIGH_YIELD_SAVINGS,CLOSED,1,2026-04-09,2026-03-29 06:07:41,,HIGH
7584,7584,2026-03-12 13:40:08,HIGH_YIELD_SAVINGS,CLOSED,4,2026-03-26,2026-03-14 13:40:08,,MEDIUM
7585,7585,2025-09-16 06:38:42,ASSET_PROTECTION_TRUSTS,IN_REVIEW,,2025-09-30,,,LOW
7586,7586,2026-03-19 22:04:33,TAX_OPTIMIZED_INVESTING,CLOSED,5,2026-04-02,2026-03-21 22:04:33,,MEDIUM
7587,7587,2026-03-28 19:43:15,REGULATORY_REPORTING_INTEGRATION,IN_REVIEW,5,2026-04-11,,,LOW
7588,7588,2026-03-07 21:33:20,POLITICAL_DONATION_PROCESSING,CLOSED,5,2026-03-21,2026-03-12 21:33:20,,LOW
7589,7589,2025-10-10 09:52:35,MORTGAGE_ORIGINATION,CLOSED,3,2025-10-24,2025-10-11 09:52:35,,LOW
7590,7590,2026-04-26 16:15:23,BESPOKE_PORTFOLIO_MANAGEMENT,CLOSED,2,2026-05-10,2026-04-27 16:15:23,,LOW
7591,7591,2026-03-04 02:45:22,RETAIL_EQUITY_BROKERAGE,CLOSED,5,2026-03-18,2026-03-07 02:45:22,,LOW
7592,7592,2026-01-12 14:27:35,BUY_NOW_PAY_LATER,CLOSED,5,2026-01-26,2026-01-14 14:27:35,,LOW
7593,7593,2026-01-30 10:57:52,CREDIT_CARD_ISSUANCE,OPEN,,2026-02-13,,,LOW
7594,7594,2026-08-03 18:49:05,TERM_LIFE_INSURANCE,CLOSED,4,2026-08-17,2026-08-06 18:49:05,,LOW
7595,7595,2026-03-18 15:27:17,PERSONAL_LOAN,CLOSED,4,2026-04-01,2026-03-21 15:27:17,,MEDIUM
7596,7596,2025-09-26 11:36:21,HIGH_YIELD_SAVINGS,CLOSED,3,2025-10-10,2025-09-29 11:36:21,Unverified or expired identity documents,LOW
7597,7597,2026-01-08 21:57:37,CREDIT_CARD_ISSUANCE,CLOSED,4,2026-01-22,2026-01-14 21:57:37,,LOW
7598,7598,2026-04-12 23:56:06,CROSS_BORDER_REMITTANCE,CLOSED,2,2026-04-26,2026-04-15 23:56:06,,LOW
7599,7599,2026-07-17 11:10:55,FIDUCIARY_CUSTODY_ACCOUNT,CLOSED,5,2026-07-31,2026-07-22 11:10:55,,LOW
7600,7600,2026-07-21 22:14:18,ROBO_ADVISORY,CLOSED,3,2026-08-04,2026-07-26 22:14:18,,MEDIUM
7601,7601,2025-09-07 12:40:34,PERSONAL_LOAN,CLOSED,5,2025-09-21,2025-09-10 12:40:34,Unverified or expired identity documents,MEDIUM
7602,7602,2026-03-23 14:14:12,HIGH_YIELD_SAVINGS,CLOSED,2,2026-04-06,2026-03-26 14:14:12,,LOW
7603,7603,2025-09-14 15:36:51,CROSS_BORDER_REMITTANCE,CLOSED,1,2025-09-28,2025-09-18 15:36:51,,LOW
7604,7604,2026-06-17 03:50:51,ESCROW_SERVICES,IN_REVIEW,1,2026-07-01,,,LOW
7605,7605,2026-03-14 15:24:26,TERM_LIFE_INSURANCE,OPEN,5,2026-03-28,,,LOW
7606,7606,2026-07-13 14:21:13,BUY_NOW_PAY_LATER,CLOSED,3,2026-07-27,2026-07-19 14:21:13,,LOW
7607,7607,2025-11-09 01:45:31,LIQUIDITY_MANAGEMENT,CLOSED,3,2025-11-23,2025-11-10 01:45:31,,LOW
7608,7608,2026-03-24 09:38:53,RETAIL_BANKING,IN_REVIEW,1,2026-04-07,,,LOW
7609,7609,2026-06-11 06:59:59,CORPORATE_CREDIT_CARD,CLOSED,3,2026-06-25,2026-06-14 06:59:59,,LOW
7610,7610,2026-08-15 00:42:28,ROBO_ADVISORY,CLOSED,2,2026-08-29,2026-08-21 00:42:28,,LOW
7611,7611,2025-12-01 07:00:48,CRYPTO_BROKERAGE,CLOSED,4,2025-12-15,2025-12-04 07:00:48,,LOW
7612,7612,2025-11-19 17:00:14,PERSONAL_LOAN,CLOSED,4,2025-12-03,2025-11-25 17:00:14,,LOW
7613,7613,2026-01-04 03:39:45,HIGH_VOLUME_MERCHANT_GATEWAY,CLOSED,2,2026-01-18,2026-01-10 03:39:45,,LOW
7614,7614,2026-01-21 23:41:47,CREDIT_CARD_ISSUANCE,CLOSED,3,2026-02-04,2026-01-25 23:41:47,,LOW
7615,7615,2026-03-21 14:35:58,DIRECT_INDEXING,CLOSED,3,2026-04-04,2026-03-26 14:35:58,,LOW
7616,7616,2025-09-29 03:31:08,HIGH_YIELD_SAVINGS,CLOSED,2,2025-10-13,2025-10-02 03:31:08,,LOW
7617,7617,2026-03-24 14:26:18,TERM_LIFE_INSURANCE,CLOSED,3,2026-04-07,2026-03-27 14:26:18,,LOW
7618,7618,2026-04-15 18:45:13,MORTGAGE_ORIGINATION,CLOSED,4,2026-04-29,2026-04-21 18:45:13,,HIGH
7619,7619,2026-04-26 11:23:57,PERSONAL_LOAN,CLOSED,1,2026-05-10,2026-04-29 11:23:57,,LOW
7620,7620,2025-11-15 09:36:51,CROSS_BORDER_REMITTANCE,CLOSED,3,2025-11-29,2025-11-21 09:36:51,,LOW
7621,7621,2026-07-01 20:50:56,PAC_TREASURY_MANAGEMENT,CLOSED,2,2026-07-15,2026-07-04 20:50:56,Unverified or expired identity documents,HIGH
7622,7622,2026-07-24 14:50:46,ROBO_ADVISORY,CLOSED,1,2026-08-07,2026-07-30 14:50:46,,LOW
7623,7623,2026-03-15 23:39:04,ROBO_ADVISORY,CLOSED,2,2026-03-29,2026-03-16 23:39:04,,LOW
7624,7624,2026-08-06 02:35:23,SHORT_TERM_LIQUIDITY_MANAGEMENT,CLOSED,4,2026-08-20,2026-08-11 02:35:23,Unverified or expired identity documents,HIGH
7625,7625,2026-08-14 00:00:33,BUY_NOW_PAY_LATER,CLOSED,5,2026-08-28,2026-08-17 00:00:33,,LOW
7626,7626,2026-03-10 18:10:38,HIGH_YIELD_SAVINGS,OPEN,5,2026-03-24,,,LOW
7627,7627,2026-06-28 19:44:50,ESCROW_SERVICES,CLOSED,3,2026-07-12,2026-07-02 19:44:50,Unverified or expired identity documents,MEDIUM
7628,7628,2025-09-15 04:12:56,ESTATE_PLANNING_SERVICES,CLOSED,2,2025-09-29,2025-09-16 04:12:56,,LOW
7629,7629,2025-10-17 22:17:30,BUY_NOW_PAY_LATER,CLOSED,2,2025-10-31,2025-10-21 22:17:30,,LOW
7630,7630,2025-10-15 00:59:45,POLITICAL_DONATION_PROCESSING,IN_REVIEW,2,2025-10-29,,,LOW
7631,7631,2026-01-26 04:51:15,TERM_LIFE_INSURANCE,CLOSED,4,2026-02-09,2026-02-01 04:51:15,,LOW
7632,7632,2026-07-07 11:14:12,WEALTH_MANAGEMENT,CLOSED,3,2026-07-21,2026-07-10 11:14:12,,LOW
7633,7633,2025-12-20 04:00:07,MORTGAGE_ORIGINATION,CLOSED,1,2026-01-03,2025-12-24 04:00:07,,LOW
7634,7634,2025-12-06 15:39:26,ROBO_ADVISORY,OPEN,,2025-12-20,,,HIGH
7635,7635,2026-02-01 08:50:13,BALLOT_INITIATIVE_ESCROW,CLOSED,4,2026-02-15,2026-02-02 08:50:13,Adverse media and PEP screening threshold exceeded,LOW
7636,7636,2026-04-09 16:24:57,PERSONAL_LOAN,OPEN,,2026-04-23,,,LOW
7637,7637,2026-01-06 14:31:25,AUTO_FINANCING,CLOSED,2,2026-01-20,2026-01-10 14:31:25,,MEDIUM
7638,7638,2026-06-17 23:28:05,CROSS_BORDER_REMITTANCE,CLOSED,5,2026-07-01,2026-06-21 23:28:05,,LOW
7639,7639,2026-03-08 05:46:01,TERM_LIFE_INSURANCE,CLOSED,3,2026-03-22,2026-03-09 05:46:01,,LOW
7640,7640,2026-03-05 21:27:07,RETAIL_BANKING,CLOSED,4,2026-03-19,2026-03-10 21:27:07,,MEDIUM
7641,7641,2026-06-16 04:27:03,RETAIL_BANKING,CLOSED,4,2026-06-30,2026-06-18 04:27:03,,LOW
7642,7642,2025-10-13 16:41:07,CRYPTO_BROKERAGE,CLOSED,4,2025-10-27,2025-10-15 16:41:07,,LOW
7643,7643,2025-11-23 23:13:28,CREDIT_CARD_ISSUANCE,IN_REVIEW,3,2025-12-07,,,MEDIUM
7644,7644,2026-03-29 19:05:08,ROBO_ADVISORY,CLOSED,1,2026-04-12,2026-04-04 19:05:08,Unverified or expired identity documents,HIGH
7645,7645,2026-07-15 06:16:12,RETAIL_BANKING,CLOSED,3,2026-07-29,2026-07-18 06:16:12,,LOW
7646,7646,2025-08-29 11:59:30,MORTGAGE_ORIGINATION,CLOSED,2,2025-09-12,2025-09-01 11:59:30,,MEDIUM
7647,7647,2025-09-13 05:21:29,ESCROW_SERVICES,CLOSED,3,2025-09-27,2025-09-16 05:21:29,,HIGH
7648,7648,2026-01-28 04:24:16,BUY_NOW_PAY_LATER,IN_REVIEW,,2026-02-11,,,LOW
7649,7649,2026-08-24 18:36:27,SYNDICATED_LOANS,CLOSED,2,2026-09-07,2026-08-25 18:36:27,,MEDIUM
7650,7650,2026-05-06 02:09:00,ASSET_PROTECTION_TRUSTS,OPEN,3,2026-05-20,,,LOW
7651,7651,2025-11-20 05:54:55,PERSONAL_LOAN,CLOSED,5,2025-12-04,2025-11-26 05:54:55,Unverified or expired identity documents,LOW
7652,7652,2026-05-14 09:55:08,PERSONAL_LOAN,CLOSED,2,2026-05-28,2026-05-18 09:55:08,,MEDIUM
7653,7653,2026-06-07 18:41:55,CAMPAIGN_CHECKING_ACCOUNT,CLOSED,5,2026-06-21,2026-06-13 18:41:55,,LOW
7654,7654,2026-02-25 10:26:55,CAMPAIGN_CHECKING_ACCOUNT,OPEN,,2026-03-11,,,MEDIUM
7655,7655,2026-05-17 02:14:22,TRUSTEE_ADMINISTRATION,CLOSED,2,2026-05-31,2026-05-19 02:14:22,,MEDIUM
7656,7656,2025-10-30 00:33:28,DISBURSEMENT_PAYROLL_SERVICES,CLOSED,5,2025-11-13,2025-11-01 00:33:28,,LOW
7657,7657,2026-02-13 15:18:46,POLITICAL_DONATION_PROCESSING,CLOSED,4,2026-02-27,2026-02-17 15:18:46,Unverified or expired identity documents,LOW
7658,7658,2025-10-28 15:55:40,ROBO_ADVISORY,CLOSED,4,2025-11-11,2025-10-30 15:55:40,,LOW
7659,7659,2025-10-25 03:37:05,CRYPTO_BROKERAGE,CLOSED,3,2025-11-08,2025-10-29 03:37:05,,LOW
7660,7660,2026-01-13 10:34:04,AUTO_FINANCING,CLOSED,5,2026-01-27,2026-01-19 10:34:04,,LOW
7661,7661,2025-12-14 19:42:17,CRYPTO_BROKERAGE,IN_REVIEW,3,2025-12-28,,,LOW
7662,7662,2025-10-03 13:21:13,TRUSTEE_ADMINISTRATION,CLOSED,2,2025-10-17,2025-10-08 13:21:13,,LOW
7663,7663,2026-04-11 01:19:52,BUY_NOW_PAY_LATER,CLOSED,1,2026-04-25,2026-04-13 01:19:52,,LOW
7664,7664,2025-09-15 04:56:12,COMMERCIAL_LENDING,PENDING_DOCUMENTS,4,2025-09-29,,,MEDIUM
7665,7665,2025-09-13 05:09:56,CORPORATE_CREDIT_CARD,CLOSED,4,2025-09-27,2025-09-17 05:09:56,,MEDIUM
7666,7666,2026-07-26 00:23:36,BUY_NOW_PAY_LATER,CLOSED,3,2026-08-09,2026-07-28 00:23:36,,LOW
7667,7667,2025-10-14 05:54:41,RETAIL_BANKING,OPEN,2,2025-10-28,,,MEDIUM
7668,7668,2025-12-15 10:40:08,ROBO_ADVISORY,CLOSED,1,2025-12-29,2025-12-19 10:40:08,,LOW
7669,7669,2026-08-20 06:43:41,MORTGAGE_ORIGINATION,CLOSED,3,2026-09-03,2026-08-21 06:43:41,,MEDIUM
7670,7670,2026-08-17 16:14:14,COMPLIANCE_RESTRICTED_DEPOSIT_ACCOUNT,CLOSED,2,2026-08-31,2026-08-18 16:14:14,Unverified or expired identity documents,LOW
7671,7671,2025-09-08 07:36:35,BUY_NOW_PAY_LATER,OPEN,1,2025-09-22,,,LOW
7672,7672,2026-03-15 17:08:53,CORPORATE_ACCOUNT,CLOSED,3,2026-03-29,2026-03-20 17:08:53,,LOW
7673,7673,2026-03-29 23:41:08,COMMERCIAL_LENDING,IN_REVIEW,,2026-04-12,,,LOW
7674,7674,2026-06-16 08:23:19,SHORT_TERM_LIQUIDITY_MANAGEMENT,CLOSED,5,2026-06-30,2026-06-18 08:23:19,Unverified or expired identity documents,MEDIUM
7675,7675,2026-01-29 04:36:08,AUTO_FINANCING,CLOSED,1,2026-02-12,2026-02-01 04:36:08,,LOW
7676,7676,2026-01-07 00:55:47,PERSONAL_LOAN,CLOSED,5,2026-01-21,2026-01-08 00:55:47,Unverified or expired identity documents,LOW
7677,7677,2026-07-01 00:56:36,PAYROLL_SERVICES,CLOSED,1,2026-07-15,2026-07-04 00:56:36,Adverse media and PEP screening threshold exceeded,MEDIUM
7678,7678,2026-01-28 13:37:47,RETAIL_EQUITY_BROKERAGE,CLOSED,4,2026-02-11,2026-01-29 13:37:47,Unverified or expired identity documents,HIGH
7679,7679,2026-01-08 16:06:11,RETAIL_BANKING,IN_REVIEW,3,2026-01-22,,,MEDIUM
7680,7680,2026-02-21 14:13:50,HIGH_VOLUME_MERCHANT_GATEWAY,CLOSED,1,2026-03-07,2026-02-23 14:13:50,,LOW
7681,7681,2026-01-02 03:19:18,RETAIL_EQUITY_BROKERAGE,IN_REVIEW,4,2026-01-16,,,LOW
7682,7682,2026-07-27 01:39:09,HIGH_YIELD_SAVINGS,CLOSED,4,2026-08-10,2026-08-02 01:39:09,,LOW
7683,7683,2025-11-30 17:11:00,CAMPAIGN_CHECKING_ACCOUNT,CLOSED,2,2025-12-14,2025-12-01 17:11:00,Unverified or expired identity documents,LOW
7684,7684,2026-04-11 22:41:17,CRYPTO_BROKERAGE,CLOSED,3,2026-04-25,2026-04-15 22:41:17,,MEDIUM
7685,7685,2026-06-19 03:49:37,COMMERCIAL_LENDING,CLOSED,1,2026-07-03,2026-06-23 03:49:37,,LOW
7686,7686,2025-12-15 19:55:39,CRYPTO_BROKERAGE,CLOSED,1,2025-12-29,2025-12-20 19:55:39,,LOW
7687,7687,2026-03-18 09:47:18,BUY_NOW_PAY_LATER,CLOSED,4,2026-04-01,2026-03-23 09:47:18,,LOW
7688,7688,2025-09-17 22:59:49,HIGH_YIELD_SAVINGS,CLOSED,4,2025-10-01,2025-09-22 22:59:49,,LOW
7689,7689,2025-10-12 04:41:24,RETAIL_BANKING,CLOSED,1,2025-10-26,2025-10-15 04:41:24,,LOW
7690,7690,2026-01-20 01:55:41,RETAIL_BANKING,OPEN,,2026-02-03,,,MEDIUM
7691,7691,2026-08-18 21:36:36,PAYROLL_SERVICES,CLOSED,5,2026-09-01,2026-08-19 21:36:36,,LOW
7692,7692,2025-09-09 01:54:04,CROSS_BORDER_REMITTANCE,IN_REVIEW,,2025-09-23,,,HIGH
7693,7693,2026-06-16 10:28:29,BUY_NOW_PAY_LATER,OPEN,2,2026-06-30,,,MEDIUM
7694,7694,2026-02-13 08:13:55,PRIVATE_EQUITY_FEEDER,CLOSED,4,2026-02-27,2026-02-14 08:13:55,,LOW
7695,7695,2026-07-30 00:28:35,TAX_OPTIMIZED_INVESTING,CLOSED,4,2026-08-13,2026-08-02 00:28:35,,LOW
7696,7696,2026-08-18 20:09:26,CREDIT_CARD_ISSUANCE,CLOSED,1,2026-09-01,2026-08-20 20:09:26,,LOW
7697,7697,2025-10-03 02:48:42,CREDIT_CARD_ISSUANCE,OPEN,3,2025-10-17,,,LOW
7698,7698,2026-03-27 23:21:42,AUTO_FINANCING,CLOSED,2,2026-04-10,2026-03-30 23:21:42,,LOW
7699,7699,2026-04-18 21:54:25,FX_HEDGING_SOLUTIONS,CLOSED,5,2026-05-02,2026-04-24 21:54:25,Adverse media and PEP screening threshold exceeded,LOW
7700,7700,2025-10-04 10:59:12,ESCROW_SERVICES,CLOSED,3,2025-10-18,2025-10-07 10:59:12,,LOW
7701,7701,2026-01-29 02:37:11,CRYPTO_BROKERAGE,CLOSED,3,2026-02-12,2026-02-01 02:37:11,,MEDIUM
7702,7702,2026-03-25 17:31:14,TERM_LIFE_INSURANCE,CLOSED,1,2026-04-08,2026-03-29 17:31:14,,LOW
7703,7703,2026-07-12 22:24:55,BUY_NOW_PAY_LATER,CLOSED,4,2026-07-26,2026-07-14 22:24:55,,MEDIUM
7704,7704,2025-10-21 16:46:24,ASSET_PROTECTION_TRUSTS,CLOSED,2,2025-11-04,2025-10-25 16:46:24,,LOW
7705,7705,2026-01-12 03:39:51,PERSONAL_LOAN,CLOSED,1,2026-01-26,2026-01-15 03:39:51,,MEDIUM
7706,7706,2026-06-02 18:57:22,RETAIL_BANKING,OPEN,3,2026-06-16,,,LOW
7707,7707,2026-01-27 15:20:22,CORPORATE_ACCOUNT,CLOSED,5,2026-02-10,2026-02-01 15:20:22,,LOW
7708,7708,2026-01-31 22:40:11,TERM_LIFE_INSURANCE,CLOSED,2,2026-02-14,2026-02-01 22:40:11,,MEDIUM
7709,7709,2025-12-02 18:42:22,MORTGAGE_ORIGINATION,CLOSED,3,2025-12-16,2025-12-04 18:42:22,,LOW
7710,7710,2026-08-10 11:27:11,AUTO_FINANCING,CLOSED,5,2026-08-24,2026-08-14 11:27:11,,LOW
7711,7711,2026-05-08 22:29:00,RETAIL_BANKING,CLOSED,3,2026-05-22,2026-05-12 22:29:00,,LOW
7712,7712,2026-04-05 13:49:10,CREDIT_CARD_ISSUANCE,CLOSED,2,2026-04-19,2026-04-08 13:49:10,,LOW
7713,7713,2026-07-14 14:11:08,WEALTH_MANAGEMENT,CLOSED,2,2026-07-28,2026-07-18 14:11:08,,MEDIUM
7714,7714,2026-07-28 00:58:27,LIQUIDITY_MANAGEMENT,CLOSED,1,2026-08-11,2026-08-01 00:58:27,,MEDIUM
7715,7715,2026-04-02 00:13:12,ESCROW_SERVICES,OPEN,,2026-04-16,,,LOW
7716,7716,2025-11-01 18:30:09,AUTO_FINANCING,PENDING_DOCUMENTS,,2025-11-15,,,LOW
7717,7717,2025-09-13 09:17:34,HIGH_YIELD_SAVINGS,CLOSED,1,2025-09-27,2025-09-17 09:17:34,,MEDIUM
7718,7718,2026-04-30 21:51:59,CROSS_BORDER_REMITTANCE,CLOSED,3,2026-05-14,2026-05-04 21:51:59,,MEDIUM
7719,7719,2026-01-27 22:46:20,FX_HEDGING_SOLUTIONS,CLOSED,1,2026-02-10,2026-02-01 22:46:20,,LOW
7720,7720,2026-04-11 03:47:02,CRYPTO_BROKERAGE,CLOSED,5,2026-04-25,2026-04-12 03:47:02,,MEDIUM
7721,7721,2026-02-04 18:24:58,MORTGAGE_ORIGINATION,CLOSED,4,2026-02-18,2026-02-08 18:24:58,,LOW
7722,7722,2026-08-02 19:01:14,CRYPTO_BROKERAGE,CLOSED,2,2026-08-16,2026-08-05 19:01:14,,LOW
7723,7723,2025-11-14 20:17:33,CREDIT_CARD_ISSUANCE,CLOSED,2,2025-11-28,2025-11-17 20:17:33,,LOW
7724,7724,2026-03-27 01:42:41,LIQUIDITY_MANAGEMENT,CLOSED,1,2026-04-10,2026-03-29 01:42:41,,LOW
7725,7725,2026-07-25 05:03:19,BUY_NOW_PAY_LATER,CLOSED,1,2026-08-08,2026-07-26 05:03:19,,MEDIUM
7726,7726,2026-08-19 19:26:36,AUTO_FINANCING,CLOSED,1,2026-09-02,2026-08-21 19:26:36,,LOW
7727,7727,2026-01-26 20:01:02,ROBO_ADVISORY,CLOSED,4,2026-02-09,2026-01-30 20:01:02,,LOW
7728,7728,2026-06-01 08:43:12,PERSONAL_LOAN,CLOSED,5,2026-06-15,2026-06-02 08:43:12,,HIGH
7729,7729,2026-02-22 05:16:57,ESTATE_PLANNING_SERVICES,CLOSED,3,2026-03-08,2026-02-24 05:16:57,,MEDIUM
7730,7730,2026-07-21 07:58:34,BUY_NOW_PAY_LATER,CLOSED,3,2026-08-04,2026-07-23 07:58:34,Unverified or expired identity documents,LOW
7731,7731,2026-01-13 07:48:26,CROSS_BORDER_REMITTANCE,CLOSED,5,2026-01-27,2026-01-18 07:48:26,,LOW
7732,7732,2026-08-15 05:28:00,RETAIL_EQUITY_BROKERAGE,CLOSED,4,2026-08-29,2026-08-21 05:28:00,Adverse media and PEP screening threshold exceeded,LOW
7733,7733,2026-05-21 18:35:47,LETTER_OF_CREDIT,IN_REVIEW,1,2026-06-04,,,MEDIUM
7734,7734,2026-06-23 09:28:28,TRADE_FINANCE_CREDIT_INSURANCE,CLOSED,2,2026-07-07,2026-06-29 09:28:28,,LOW
7735,7735,2026-03-26 15:42:33,PERSONAL_LOAN,OPEN,,2026-04-09,,,HIGH
7736,7736,2026-08-24 00:55:31,SYNDICATED_LOANS,CLOSED,4,2026-09-07,2026-08-28 00:55:31,,MEDIUM
7737,7737,2026-02-03 22:17:24,ROBO_ADVISORY,CLOSED,1,2026-02-17,2026-02-09 22:17:24,,LOW
7738,7738,2026-07-08 03:15:08,BUY_NOW_PAY_LATER,OPEN,4,2026-07-22,,,HIGH
7739,7739,2026-07-28 13:21:13,TERM_LIFE_INSURANCE,CLOSED,3,2026-08-11,2026-07-31 13:21:13,Unverified or expired identity documents,LOW
7740,7740,2025-12-09 12:27:46,CORPORATE_ACCOUNT,CLOSED,4,2025-12-23,2025-12-15 12:27:46,,LOW
7741,7741,2026-08-20 17:48:29,BUY_NOW_PAY_LATER,CLOSED,1,2026-09-03,2026-08-24 17:48:29,,LOW
7742,7742,2025-11-12 21:08:40,TERM_LIFE_INSURANCE,CLOSED,1,2025-11-26,2025-11-14 21:08:40,,LOW
7743,7743,2025-10-17 13:55:53,RETAIL_EQUITY_BROKERAGE,CLOSED,4,2025-10-31,2025-10-19 13:55:53,,LOW
7744,7744,2025-11-20 02:02:58,RETAIL_BANKING,CLOSED,4,2025-12-04,2025-11-22 02:02:58,,LOW
7745,7745,2026-05-05 04:01:49,LETTER_OF_CREDIT,CLOSED,5,2026-05-19,2026-05-09 04:01:49,,LOW
7746,7746,2026-07-05 07:40:48,PAC_TREASURY_MANAGEMENT,CLOSED,1,2026-07-19,2026-07-10 07:40:48,,MEDIUM
7747,7747,2026-06-02 16:16:06,BUY_NOW_PAY_LATER,CLOSED,3,2026-06-16,2026-06-04 16:16:06,,LOW
7748,7748,2025-11-16 22:18:08,AUTO_FINANCING,CLOSED,5,2025-11-30,2025-11-18 22:18:08,,MEDIUM
7749,7749,2026-05-07 13:25:33,TRADE_FINANCE_CREDIT_INSURANCE,CLOSED,3,2026-05-21,2026-05-09 13:25:33,,LOW
7750,7750,2026-02-12 19:50:51,ROBO_ADVISORY,CLOSED,1,2026-02-26,2026-02-15 19:50:51,,LOW
7751,7751,2026-05-30 04:58:19,COMMERCIAL_LENDING,CLOSED,4,2026-06-13,2026-06-03 04:58:19,,MEDIUM
7752,7752,2025-10-01 19:11:29,TERM_LIFE_INSURANCE,CLOSED,2,2025-10-15,2025-10-02 19:11:29,Unverified or expired identity documents,HIGH
7753,7753,2025-10-25 17:03:54,RETAIL_EQUITY_BROKERAGE,CLOSED,1,2025-11-08,2025-10-29 17:03:54,,LOW
7754,7754,2025-12-30 07:22:48,PERSONAL_LOAN,CLOSED,5,2026-01-13,2026-01-04 07:22:48,,LOW
7755,7755,2026-03-24 10:25:40,MORTGAGE_ORIGINATION,CLOSED,5,2026-04-07,2026-03-26 10:25:40,,MEDIUM
7756,7756,2025-09-07 12:46:42,HIGH_YIELD_SAVINGS,CLOSED,3,2025-09-21,2025-09-09 12:46:42,,LOW
7757,7757,2025-10-15 20:08:46,SYNDICATED_LOANS,CLOSED,3,2025-10-29,2025-10-18 20:08:46,,LOW
7758,7758,2026-05-14 17:04:35,CRYPTO_BROKERAGE,OPEN,,2026-05-28,,,LOW
7759,7759,2026-06-16 00:12:00,PERSONAL_LOAN,CLOSED,4,2026-06-30,2026-06-17 00:12:00,,LOW
7760,7760,2026-05-28 10:28:35,TERM_LIFE_INSURANCE,CLOSED,2,2026-06-11,2026-06-01 10:28:35,,LOW
7761,7761,2025-09-17 11:29:13,MORTGAGE_ORIGINATION,CLOSED,4,2025-10-01,2025-09-23 11:29:13,,LOW
7762,7762,2026-07-22 11:25:00,TAX_OPTIMIZED_INVESTING,CLOSED,1,2026-08-05,2026-07-26 11:25:00,,MEDIUM
7763,7763,2025-09-13 03:31:22,CROSS_BORDER_REMITTANCE,CLOSED,5,2025-09-27,2025-09-19 03:31:22,,LOW
7764,7764,2026-06-05 01:23:36,RETAIL_EQUITY_BROKERAGE,CLOSED,1,2026-06-19,2026-06-06 01:23:36,,LOW
7765,7765,2026-04-25 19:05:32,TERM_LIFE_INSURANCE,CLOSED,1,2026-05-09,2026-05-01 19:05:32,,LOW
7766,7766,2025-09-25 07:48:03,ROBO_ADVISORY,CLOSED,4,2025-10-09,2025-09-28 07:48:03,,MEDIUM
7767,7767,2025-12-05 11:52:56,LETTER_OF_CREDIT,PENDING_DOCUMENTS,2,2025-12-19,,,LOW
7768,7768,2026-04-12 08:50:04,PERSONAL_LOAN,CLOSED,4,2026-04-26,2026-04-17 08:50:04,,LOW
7769,7769,2025-12-19 17:03:46,PERSONAL_LOAN,OPEN,4,2026-01-02,,,MEDIUM
7770,7770,2026-03-05 22:01:41,MORTGAGE_ORIGINATION,CLOSED,1,2026-03-19,2026-03-10 22:01:41,Unverified or expired identity documents,LOW
7771,7771,2026-05-18 14:55:20,CRYPTO_BROKERAGE,CLOSED,5,2026-06-01,2026-05-21 14:55:20,,LOW
7772,7772,2026-06-21 04:08:03,RETAIL_BANKING,CLOSED,3,2026-07-05,2026-06-27 04:08:03,,LOW
7773,7773,2025-12-06 23:48:18,LETTER_OF_CREDIT,CLOSED,5,2025-12-20,2025-12-07 23:48:18,Unverified or expired identity documents,LOW
7774,7774,2026-07-31 04:49:43,CREDIT_CARD_ISSUANCE,CLOSED,4,2026-08-14,2026-08-05 04:49:43,,LOW
7775,7775,2026-08-18 12:45:09,CROSS_BORDER_REMITTANCE,IN_REVIEW,4,2026-09-01,,,LOW
7776,7776,2026-01-21 10:16:32,CORPORATE_CREDIT_CARD,CLOSED,4,2026-02-04,2026-01-25 10:16:32,,LOW
7777,7777,2025-11-20 03:56:35,BUY_NOW_PAY_LATER,CLOSED,3,2025-12-04,2025-11-21 03:56:35,,MEDIUM
7778,7778,2026-06-08 23:26:55,CROSS_BORDER_REMITTANCE,CLOSED,3,2026-06-22,2026-06-09 23:26:55,,LOW
7779,7779,2026-07-18 02:05:38,ROBO_ADVISORY,CLOSED,2,2026-08-01,2026-07-24 02:05:38,,LOW
7780,7780,2026-01-02 12:38:44,CORPORATE_CREDIT_CARD,CLOSED,1,2026-01-16,2026-01-07 12:38:44,,MEDIUM
7781,7781,2025-12-31 17:58:46,TREASURY_MANAGEMENT,CLOSED,5,2026-01-14,2026-01-02 17:58:46,,LOW
7782,7782,2026-06-02 17:48:46,PERSONAL_LOAN,CLOSED,4,2026-06-16,2026-06-07 17:48:46,,LOW
7783,7783,2025-09-13 12:41:19,SYNDICATED_LOANS,CLOSED,2,2025-09-27,2025-09-15 12:41:19,,LOW
7784,7784,2026-04-12 20:24:12,ROBO_ADVISORY,CLOSED,4,2026-04-26,2026-04-16 20:24:12,,MEDIUM
7785,7785,2025-11-21 03:39:47,BUY_NOW_PAY_LATER,CLOSED,5,2025-12-05,2025-11-24 03:39:47,,LOW
7786,7786,2026-04-30 18:59:32,TREASURY_MANAGEMENT,CLOSED,4,2026-05-14,2026-05-06 18:59:32,,LOW
7787,7787,2026-04-21 04:08:14,TERM_LIFE_INSURANCE,CLOSED,2,2026-05-05,2026-04-25 04:08:14,,LOW
7788,7788,2025-11-13 23:24:48,TERM_LIFE_INSURANCE,CLOSED,2,2025-11-27,2025-11-16 23:24:48,Unverified or expired identity documents,MEDIUM
7789,7789,2025-08-29 14:05:45,HIGH_YIELD_SAVINGS,CLOSED,3,2025-09-12,2025-08-31 14:05:45,,LOW
7790,7790,2026-05-21 01:58:51,AUTO_FINANCING,CLOSED,1,2026-06-04,2026-05-26 01:58:51,,LOW
7791,7791,2026-03-07 06:35:22,BALLOT_INITIATIVE_ESCROW,CLOSED,2,2026-03-21,2026-03-11 06:35:22,,LOW
7792,7792,2026-04-10 21:21:46,FIDUCIARY_CUSTODY_ACCOUNT,CLOSED,5,2026-04-24,2026-04-14 21:21:46,,MEDIUM
7793,7793,2026-08-18 17:07:36,CREDIT_CARD_ISSUANCE,IN_REVIEW,,2026-09-01,,,LOW
7794,7794,2025-09-26 04:29:07,CREDIT_CARD_ISSUANCE,CLOSED,3,2025-10-10,2025-10-01 04:29:07,,LOW
7795,7795,2026-03-26 18:56:56,PERSONAL_LOAN,CLOSED,5,2026-04-09,2026-03-29 18:56:56,,LOW
7796,7796,2025-12-14 19:59:28,TERM_LIFE_INSURANCE,CLOSED,4,2025-12-28,2025-12-17 19:59:28,,LOW
7797,7797,2026-01-12 03:05:24,ROBO_ADVISORY,CLOSED,5,2026-01-26,2026-01-15 03:05:24,,HIGH
7798,7798,2026-07-19 01:23:34,HIGH_YIELD_SAVINGS,CLOSED,4,2026-08-02,2026-07-25 01:23:34,Unverified or expired identity documents,HIGH
7799,7799,2025-11-18 13:36:24,HIGH_YIELD_SAVINGS,OPEN,3,2025-12-02,,,LOW
7800,7800,2025-12-06 10:29:52,ROBO_ADVISORY,CLOSED,1,2025-12-20,2025-12-07 10:29:52,Adverse media and PEP screening threshold exceeded,MEDIUM
7801,7801,2025-10-01 23:47:17,BUY_NOW_PAY_LATER,CLOSED,2,2025-10-15,2025-10-04 23:47:17,,MEDIUM
7802,7802,2026-02-09 01:47:20,MORTGAGE_ORIGINATION,CLOSED,1,2026-02-23,2026-02-11 01:47:20,,LOW
7803,7803,2025-09-03 12:38:18,RETAIL_BANKING,CLOSED,2,2025-09-17,2025-09-05 12:38:18,,MEDIUM
7804,7804,2026-08-13 08:59:49,CROSS_BORDER_REMITTANCE,IN_REVIEW,,2026-08-27,,,LOW
7805,7805,2026-02-19 21:25:25,CORPORATE_CREDIT_CARD,CLOSED,4,2026-03-05,2026-02-20 21:25:25,,LOW
7806,7806,2025-12-19 02:51:41,CRYPTO_BROKERAGE,IN_REVIEW,4,2026-01-02,,,MEDIUM
7807,7807,2025-12-04 02:10:10,TREASURY_MANAGEMENT,CLOSED,1,2025-12-18,2025-12-06 02:10:10,,LOW
7808,7808,2025-11-11 08:52:22,CAMPAIGN_CHECKING_ACCOUNT,CLOSED,4,2025-11-25,2025-11-17 08:52:22,Unverified or expired identity documents,LOW
7809,7809,2026-07-27 11:33:41,MERCHANT_ACQUIRING,CLOSED,5,2026-08-10,2026-07-29 11:33:41,,LOW
7810,7810,2025-09-06 21:56:58,RETAIL_EQUITY_BROKERAGE,CLOSED,1,2025-09-20,2025-09-10 21:56:58,,LOW
7811,7811,2026-07-06 20:56:29,CORPORATE_CREDIT_CARD,CLOSED,5,2026-07-20,2026-07-11 20:56:29,,LOW
7812,7812,2026-07-06 05:39:01,ROBO_ADVISORY,IN_REVIEW,,2026-07-20,,,LOW
7813,7813,2026-01-22 04:11:50,MORTGAGE_ORIGINATION,CLOSED,4,2026-02-05,2026-01-28 04:11:50,,MEDIUM
7814,7814,2025-09-26 07:29:54,MERCHANT_ACQUIRING,CLOSED,2,2025-10-10,2025-09-28 07:29:54,,LOW
7815,7815,2026-02-09 14:23:42,AUTO_FINANCING,CLOSED,4,2026-02-23,2026-02-11 14:23:42,,LOW
7816,7816,2026-03-16 00:56:04,MERCHANT_ACQUIRING,CLOSED,1,2026-03-30,2026-03-20 00:56:04,,LOW
7817,7817,2026-08-20 00:49:11,TERM_LIFE_INSURANCE,CLOSED,3,2026-09-03,2026-08-23 00:49:11,,LOW
7818,7818,2026-06-07 10:42:07,CROSS_BORDER_REMITTANCE,CLOSED,3,2026-06-21,2026-06-12 10:42:07,,LOW
7819,7819,2025-09-06 07:39:02,CRYPTO_BROKERAGE,CLOSED,5,2025-09-20,2025-09-08 07:39:02,,MEDIUM
7820,7820,2026-03-21 07:36:16,SHORT_TERM_LIQUIDITY_MANAGEMENT,CLOSED,2,2026-04-04,2026-03-27 07:36:16,Unverified or expired identity documents,LOW
7821,7821,2026-04-12 11:05:29,ROBO_ADVISORY,CLOSED,3,2026-04-26,2026-04-17 11:05:29,,HIGH
7822,7822,2026-05-30 09:23:26,AUTO_FINANCING,CLOSED,3,2026-06-13,2026-06-03 09:23:26,,LOW
7823,7823,2025-09-15 10:06:03,RETAIL_BANKING,CLOSED,1,2025-09-29,2025-09-19 10:06:03,,MEDIUM
7824,7824,2025-08-31 02:09:14,TERM_LIFE_INSURANCE,CLOSED,1,2025-09-14,2025-09-06 02:09:14,,LOW
7825,7825,2025-12-01 06:43:34,CRYPTO_BROKERAGE,CLOSED,1,2025-12-15,2025-12-02 06:43:34,,LOW
7826,7826,2025-09-14 13:35:31,PERSONAL_LOAN,CLOSED,1,2025-09-28,2025-09-19 13:35:31,,LOW
7827,7827,2026-02-24 06:56:46,CROSS_BORDER_REMITTANCE,CLOSED,4,2026-03-10,2026-02-26 06:56:46,,LOW
7828,7828,2025-10-18 12:49:30,SECURITIES_BASED_LENDING,CLOSED,1,2025-11-01,2025-10-20 12:49:30,,LOW
7829,7829,2026-06-19 21:15:35,ROBO_ADVISORY,CLOSED,1,2026-07-03,2026-06-21 21:15:35,,HIGH
7830,7830,2025-11-10 21:16:02,BUY_NOW_PAY_LATER,IN_REVIEW,1,2025-11-24,,,HIGH
7831,7831,2026-06-19 17:01:59,CREDIT_CARD_ISSUANCE,CLOSED,3,2026-07-03,2026-06-24 17:01:59,,LOW
7832,7832,2025-09-13 15:09:09,AUTO_FINANCING,CLOSED,4,2025-09-27,2025-09-15 15:09:09,Unverified or expired identity documents,LOW
7833,7833,2026-04-23 08:44:44,AUTO_FINANCING,CLOSED,4,2026-05-07,2026-04-28 08:44:44,,MEDIUM
7834,7834,2025-09-29 12:07:21,BUY_NOW_PAY_LATER,CLOSED,3,2025-10-13,2025-09-30 12:07:21,,MEDIUM
7835,7835,2025-11-05 14:37:27,CROSS_BORDER_REMITTANCE,OPEN,3,2025-11-19,,,LOW
7836,7836,2026-08-09 06:49:22,WEALTH_MANAGEMENT,CLOSED,1,2026-08-23,2026-08-11 06:49:22,,LOW
7837,7837,2026-02-27 20:18:53,CRYPTO_BROKERAGE,IN_REVIEW,,2026-03-13,,,LOW
7838,7838,2026-06-28 13:36:51,CRYPTO_BROKERAGE,CLOSED,5,2026-07-12,2026-07-04 13:36:51,,LOW
7839,7839,2026-02-28 12:49:41,TAX_OPTIMIZED_INVESTING,CLOSED,3,2026-03-14,2026-03-01 12:49:41,,LOW
7840,7840,2026-08-22 08:33:50,AUTO_FINANCING,CLOSED,5,2026-09-05,2026-08-28 08:33:50,,MEDIUM
7841,7841,2026-04-01 14:29:06,MERCHANT_ACQUIRING,CLOSED,3,2026-04-15,2026-04-07 14:29:06,,LOW
7842,7842,2025-10-18 22:00:33,AUTO_FINANCING,CLOSED,4,2025-11-01,2025-10-21 22:00:33,,LOW
7843,7843,2025-10-11 02:17:01,PERSONAL_LOAN,CLOSED,1,2025-10-25,2025-10-17 02:17:01,,LOW
7844,7844,2026-07-09 03:21:15,AUTO_FINANCING,CLOSED,4,2026-07-23,2026-07-13 03:21:15,,LOW
7845,7845,2025-12-23 00:37:02,BUY_NOW_PAY_LATER,CLOSED,1,2026-01-06,2025-12-29 00:37:02,,LOW
7846,7846,2025-11-11 21:17:20,HIGH_YIELD_SAVINGS,CLOSED,1,2025-11-25,2025-11-12 21:17:20,,LOW
7847,7847,2025-12-01 03:01:15,WEALTH_MANAGEMENT,CLOSED,1,2025-12-15,2025-12-04 03:01:15,,LOW
7848,7848,2025-09-07 12:50:02,ROBO_ADVISORY,CLOSED,4,2025-09-21,2025-09-13 12:50:02,Unverified or expired identity documents,HIGH
7849,7849,2026-01-10 06:13:18,PERSONAL_LOAN,OPEN,4,2026-01-24,,,LOW
7850,7850,2026-02-23 03:57:18,CORPORATE_ACCOUNT,CLOSED,5,2026-03-09,2026-02-26 03:57:18,,LOW
7851,7851,2026-06-10 20:16:27,AUTO_FINANCING,CLOSED,1,2026-06-24,2026-06-11 20:16:27,,LOW
7852,7852,2026-06-22 17:45:43,AUTO_FINANCING,OPEN,,2026-07-06,,,LOW
7853,7853,2025-11-26 14:01:08,BALLOT_INITIATIVE_ESCROW,CLOSED,5,2025-12-10,2025-11-28 14:01:08,,LOW
7854,7854,2025-12-13 13:28:49,RETAIL_BANKING,CLOSED,3,2025-12-27,2025-12-17 13:28:49,,LOW
7855,7855,2026-06-03 15:11:01,BUY_NOW_PAY_LATER,CLOSED,3,2026-06-17,2026-06-07 15:11:01,,MEDIUM
7856,7856,2026-06-26 12:12:41,TREASURY_MANAGEMENT,CLOSED,4,2026-07-10,2026-06-27 12:12:41,,LOW
7857,7857,2025-08-29 23:20:22,LETTER_OF_CREDIT,CLOSED,4,2025-09-12,2025-09-03 23:20:22,,LOW
7858,7858,2025-10-24 11:36:26,FX_HEDGING_SOLUTIONS,CLOSED,1,2025-11-07,2025-10-26 11:36:26,,LOW
7859,7859,2025-11-26 16:08:37,PRIVATE_EQUITY_FEEDER,CLOSED,2,2025-12-10,2025-12-02 16:08:37,Unverified or expired identity documents,HIGH
7860,7860,2026-04-14 14:56:43,PERSONAL_LOAN,CLOSED,3,2026-04-28,2026-04-19 14:56:43,,MEDIUM
7861,7861,2025-10-01 07:30:39,RETAIL_BANKING,CLOSED,1,2025-10-15,2025-10-04 07:30:39,,HIGH
7862,7862,2025-10-20 07:28:15,PRIVATE_EQUITY_FEEDER,CLOSED,3,2025-11-03,2025-10-21 07:28:15,,LOW
7863,7863,2025-10-14 09:29:27,CROSS_BORDER_REMITTANCE,OPEN,4,2025-10-28,,,MEDIUM
7864,7864,2026-07-05 13:37:39,ROBO_ADVISORY,CLOSED,1,2026-07-19,2026-07-10 13:37:39,Unverified or expired identity documents,HIGH
7865,7865,2026-03-11 16:59:30,BUY_NOW_PAY_LATER,CLOSED,3,2026-03-25,2026-03-14 16:59:30,,LOW
7866,7866,2025-12-11 22:47:54,AUTO_FINANCING,OPEN,,2025-12-25,,,MEDIUM
7867,7867,2026-04-10 03:25:42,ESCROW_SERVICES,CLOSED,4,2026-04-24,2026-04-15 03:25:42,,LOW
7868,7868,2025-11-22 06:24:22,INSTITUTIONAL_CRYPTO_CUSTODY,CLOSED,5,2025-12-06,2025-11-27 06:24:22,,LOW
7869,7869,2026-06-06 09:34:26,POLITICAL_DONATION_PROCESSING,CLOSED,5,2026-06-20,2026-06-08 09:34:26,,LOW
7870,7870,2025-12-24 16:03:41,PRIVATE_EQUITY_FEEDER,CLOSED,2,2026-01-07,2025-12-28 16:03:41,,LOW
7871,7871,2025-09-24 00:37:38,CRYPTO_BROKERAGE,CLOSED,4,2025-10-08,2025-09-30 00:37:38,,LOW
7872,7872,2026-03-29 12:29:14,LIQUIDITY_MANAGEMENT,CLOSED,4,2026-04-12,2026-04-04 12:29:14,,LOW
7873,7873,2025-09-13 20:21:42,CRYPTO_BROKERAGE,CLOSED,3,2025-09-27,2025-09-18 20:21:42,,LOW
7874,7874,2025-10-24 16:26:12,RETAIL_EQUITY_BROKERAGE,CLOSED,4,2025-11-07,2025-10-27 16:26:12,Unverified or expired identity documents,HIGH
7875,7875,2025-09-11 22:37:37,FX_HEDGING_SOLUTIONS,CLOSED,5,2025-09-25,2025-09-13 22:37:37,,LOW
7876,7876,2025-09-03 22:58:41,TERM_LIFE_INSURANCE,CLOSED,5,2025-09-17,2025-09-04 22:58:41,,MEDIUM
7877,7877,2026-03-09 11:06:54,AUTO_FINANCING,CLOSED,4,2026-03-23,2026-03-13 11:06:54,,HIGH
7878,7878,2026-01-30 09:07:48,SHORT_TERM_LIQUIDITY_MANAGEMENT,OPEN,,2026-02-13,,,LOW
7879,7879,2025-12-11 07:19:59,CRYPTO_BROKERAGE,CLOSED,3,2025-12-25,2025-12-12 07:19:59,,HIGH
7880,7880,2026-01-05 02:04:28,RETAIL_EQUITY_BROKERAGE,CLOSED,4,2026-01-19,2026-01-07 02:04:28,,LOW
7881,7881,2025-08-26 23:40:25,BUY_NOW_PAY_LATER,CLOSED,4,2025-09-09,2025-08-30 23:40:25,,LOW
7882,7882,2025-12-18 14:32:55,CRYPTO_BROKERAGE,CLOSED,5,2026-01-01,2025-12-19 14:32:55,,LOW
7883,7883,2025-09-04 09:51:08,AUTO_FINANCING,CLOSED,2,2025-09-18,2025-09-08 09:51:08,Unverified or expired identity documents,HIGH
7884,7884,2026-03-10 07:03:17,BUY_NOW_PAY_LATER,CLOSED,1,2026-03-24,2026-03-14 07:03:17,Unverified or expired identity documents,MEDIUM
7885,7885,2026-08-18 12:31:08,BESPOKE_PORTFOLIO_MANAGEMENT,OPEN,3,2026-09-01,,,LOW
7886,7886,2026-03-31 22:17:01,RETAIL_BANKING,CLOSED,5,2026-04-14,2026-04-01 22:17:01,,LOW
7887,7887,2026-06-20 09:48:46,LIQUIDITY_MANAGEMENT,OPEN,4,2026-07-04,,,LOW
7888,7888,2026-05-09 08:09:50,ROBO_ADVISORY,CLOSED,3,2026-05-23,2026-05-13 08:09:50,,LOW
7889,7889,2026-01-18 04:50:57,ROBO_ADVISORY,CLOSED,3,2026-02-01,2026-01-22 04:50:57,,MEDIUM
7890,7890,2025-10-02 01:27:41,PERSONAL_LOAN,IN_REVIEW,1,2025-10-16,,,HIGH
7891,7891,2025-12-15 20:20:56,CREDIT_CARD_ISSUANCE,CLOSED,4,2025-12-29,2025-12-18 20:20:56,,LOW
7892,7892,2025-12-07 09:57:08,AUTO_FINANCING,CLOSED,4,2025-12-21,2025-12-10 09:57:08,,LOW
7893,7893,2025-08-31 16:51:56,LETTER_OF_CREDIT,CLOSED,3,2025-09-14,2025-09-06 16:51:56,,LOW
7894,7894,2026-03-02 08:01:27,TERM_LIFE_INSURANCE,PENDING_DOCUMENTS,4,2026-03-16,,,LOW
7895,7895,2026-02-08 23:10:23,REGULATORY_REPORTING_INTEGRATION,OPEN,2,2026-02-22,,,LOW
7896,7896,2025-09-15 09:17:43,INSTITUTIONAL_CRYPTO_CUSTODY,CLOSED,3,2025-09-29,2025-09-17 09:17:43,,LOW
7897,7897,2025-09-04 03:23:56,ROBO_ADVISORY,IN_REVIEW,,2025-09-18,,,LOW
7898,7898,2025-08-28 22:57:05,ROBO_ADVISORY,CLOSED,5,2025-09-11,2025-09-02 22:57:05,,LOW
7899,7899,2025-08-26 20:39:03,CROSS_BORDER_REMITTANCE,IN_REVIEW,2,2025-09-09,,,LOW
7900,7900,2026-07-10 09:47:24,CORPORATE_ACCOUNT,CLOSED,4,2026-07-24,2026-07-14 09:47:24,,LOW
7901,7901,2026-01-02 07:02:57,TAX_OPTIMIZED_INVESTING,PENDING_DOCUMENTS,5,2026-01-16,,,LOW
7902,7902,2026-07-01 22:07:07,CREDIT_CARD_ISSUANCE,CLOSED,3,2026-07-15,2026-07-06 22:07:07,Unverified or expired identity documents,LOW
7903,7903,2025-11-26 23:33:09,CORPORATE_ACCOUNT,CLOSED,3,2025-12-10,2025-11-27 23:33:09,,LOW
7904,7904,2026-05-08 03:39:19,MORTGAGE_ORIGINATION,CLOSED,4,2026-05-22,2026-05-11 03:39:19,,LOW
7905,7905,2025-11-10 09:41:48,COMMERCIAL_LENDING,CLOSED,5,2025-11-24,2025-11-13 09:41:48,,LOW
7906,7906,2026-04-16 09:48:39,PAYROLL_SERVICES,CLOSED,4,2026-04-30,2026-04-19 09:48:39,,LOW
7907,7907,2026-02-02 12:29:04,FX_HEDGING_SOLUTIONS,CLOSED,4,2026-02-16,2026-02-04 12:29:04,,LOW
7908,7908,2026-05-19 12:09:23,PERSONAL_LOAN,CLOSED,4,2026-06-02,2026-05-21 12:09:23,,MEDIUM
7909,7909,2025-10-17 08:31:09,ESCROW_SERVICES,CLOSED,1,2025-10-31,2025-10-18 08:31:09,,LOW
7910,7910,2026-06-20 22:19:59,MERCHANT_ACQUIRING,CLOSED,4,2026-07-04,2026-06-25 22:19:59,,LOW
7911,7911,2026-04-13 20:18:00,TAX_OPTIMIZED_INVESTING,PENDING_DOCUMENTS,5,2026-04-27,,,LOW
7912,7912,2026-06-28 20:37:47,WEALTH_MANAGEMENT,IN_REVIEW,1,2026-07-12,,,MEDIUM
7913,7913,2025-12-12 08:24:11,MORTGAGE_ORIGINATION,OPEN,2,2025-12-26,,,LOW
7914,7914,2026-07-09 06:56:19,PAYROLL_SERVICES,CLOSED,3,2026-07-23,2026-07-15 06:56:19,Unverified or expired identity documents,MEDIUM
7915,7915,2026-01-19 04:03:40,CREDIT_CARD_ISSUANCE,CLOSED,3,2026-02-02,2026-01-21 04:03:40,,LOW
7916,7916,2025-12-09 11:14:53,INSTITUTIONAL_CRYPTO_CUSTODY,OPEN,2,2025-12-23,,,LOW
7917,7917,2026-05-14 01:59:20,HIGH_YIELD_SAVINGS,OPEN,,2026-05-28,,,MEDIUM
7918,7918,2025-09-27 07:11:17,HIGH_YIELD_SAVINGS,CLOSED,5,2025-10-11,2025-10-02 07:11:17,,MEDIUM
7919,7919,2026-06-21 14:48:55,BUY_NOW_PAY_LATER,CLOSED,5,2026-07-05,2026-06-24 14:48:55,,LOW
7920,7920,2025-08-25 06:59:32,CREDIT_CARD_ISSUANCE,CLOSED,1,2025-09-08,2025-08-30 06:59:32,,LOW
7921,7921,2026-08-20 23:14:25,ESCROW_SERVICES,CLOSED,1,2026-09-03,2026-08-23 23:14:25,Adverse media and PEP screening threshold exceeded,MEDIUM
7922,7922,2026-06-20 10:33:32,CREDIT_CARD_ISSUANCE,CLOSED,1,2026-07-04,2026-06-26 10:33:32,,LOW
7923,7923,2025-11-25 14:46:40,PERSONAL_LOAN,OPEN,,2025-12-09,,,HIGH
7924,7924,2026-02-26 02:43:42,TERM_LIFE_INSURANCE,CLOSED,2,2026-03-12,2026-03-03 02:43:42,,LOW
7925,7925,2025-08-29 20:24:19,RETAIL_EQUITY_BROKERAGE,CLOSED,3,2025-09-12,2025-08-31 20:24:19,,LOW
7926,7926,2025-10-16 23:53:10,ROBO_ADVISORY,CLOSED,4,2025-10-30,2025-10-22 23:53:10,,LOW
7927,7927,2025-11-03 13:37:19,POLITICAL_DONATION_PROCESSING,CLOSED,2,2025-11-17,2025-11-04 13:37:19,Unverified or expired identity documents,MEDIUM
7928,7928,2026-04-06 04:09:10,MORTGAGE_ORIGINATION,CLOSED,4,2026-04-20,2026-04-11 04:09:10,,LOW
7929,7929,2026-04-01 10:09:21,LETTER_OF_CREDIT,IN_REVIEW,,2026-04-15,,,LOW
7930,7930,2026-06-18 16:17:04,CRYPTO_BROKERAGE,CLOSED,4,2026-07-02,2026-06-22 16:17:04,,LOW
7931,7931,2025-10-16 11:01:55,DIRECT_INDEXING,CLOSED,3,2025-10-30,2025-10-22 11:01:55,,MEDIUM
7932,7932,2026-06-28 02:44:27,RETAIL_EQUITY_BROKERAGE,CLOSED,2,2026-07-12,2026-07-02 02:44:27,,LOW
7933,7933,2026-03-08 07:12:51,ESCROW_SERVICES,IN_REVIEW,,2026-03-22,,,LOW
7934,7934,2025-09-16 06:34:15,ROBO_ADVISORY,CLOSED,5,2025-09-30,2025-09-20 06:34:15,,LOW
7935,7935,2026-05-22 23:56:54,RETAIL_BANKING,CLOSED,5,2026-06-05,2026-05-23 23:56:54,,MEDIUM
7936,7936,2026-01-26 11:52:44,BUY_NOW_PAY_LATER,CLOSED,2,2026-02-09,2026-01-31 11:52:44,,LOW
7937,7937,2025-11-23 06:38:27,CROSS_BORDER_REMITTANCE,CLOSED,3,2025-12-07,2025-11-24 06:38:27,,MEDIUM
7938,7938,2025-11-19 18:20:27,FX_HEDGING_SOLUTIONS,PENDING_DOCUMENTS,1,2025-12-03,,,LOW
7939,7939,2026-06-17 07:53:00,CROSS_BORDER_REMITTANCE,CLOSED,3,2026-07-01,2026-06-18 07:53:00,,LOW
7940,7940,2025-11-26 21:35:13,CREDIT_CARD_ISSUANCE,PENDING_DOCUMENTS,,2025-12-10,,,LOW
7941,7941,2025-11-15 14:26:39,SECURITIES_BASED_LENDING,CLOSED,4,2025-11-29,2025-11-18 14:26:39,,LOW
7942,7942,2026-07-22 23:12:58,BENEFICIARY_DISBURSEMENT_SERVICES,CLOSED,5,2026-08-05,2026-07-26 23:12:58,,HIGH
7943,7943,2026-06-29 12:23:44,PERSONAL_LOAN,CLOSED,5,2026-07-13,2026-07-01 12:23:44,,LOW
7944,7944,2026-01-01 00:57:58,CROSS_BORDER_REMITTANCE,CLOSED,1,2026-01-15,2026-01-02 00:57:58,,LOW
7945,7945,2026-03-01 05:31:52,ROBO_ADVISORY,IN_REVIEW,4,2026-03-15,,,LOW
7946,7946,2026-07-27 05:39:48,RETAIL_BANKING,CLOSED,2,2026-08-10,2026-07-31 05:39:48,,LOW
7947,7947,2025-10-12 07:01:56,DIRECT_INDEXING,CLOSED,1,2025-10-26,2025-10-18 07:01:56,,MEDIUM
7948,7948,2026-05-03 10:19:22,MERCHANT_ACQUIRING,CLOSED,2,2026-05-17,2026-05-04 10:19:22,Unverified or expired identity documents,LOW
7949,7949,2025-10-27 02:48:04,MORTGAGE_ORIGINATION,OPEN,,2025-11-10,,,LOW
7950,7950,2026-08-07 19:58:03,CROSS_BORDER_REMITTANCE,CLOSED,1,2026-08-21,2026-08-13 19:58:03,,MEDIUM
7951,7951,2025-09-29 07:47:26,CRYPTO_BROKERAGE,OPEN,2,2025-10-13,,,MEDIUM
7952,7952,2025-09-21 02:13:07,CORPORATE_ACCOUNT,CLOSED,1,2025-10-05,2025-09-22 02:13:07,,LOW
7953,7953,2026-04-22 01:41:08,ESCROW_SERVICES,CLOSED,5,2026-05-06,2026-04-24 01:41:08,,HIGH
7954,7954,2025-12-09 01:47:41,TERM_LIFE_INSURANCE,CLOSED,2,2025-12-23,2025-12-15 01:47:41,,LOW
7955,7955,2025-11-18 14:54:27,RETAIL_EQUITY_BROKERAGE,CLOSED,1,2025-12-02,2025-11-20 14:54:27,High-risk sanctions/FATF jurisdiction,HIGH
7956,7956,2026-08-16 21:43:08,ESCROW_SERVICES,CLOSED,5,2026-08-30,2026-08-20 21:43:08,,MEDIUM
7957,7957,2026-01-21 09:27:07,TRADE_FINANCE_CREDIT_INSURANCE,CLOSED,3,2026-02-04,2026-01-22 09:27:07,,LOW
7958,7958,2025-12-17 17:55:04,HIGH_YIELD_SAVINGS,CLOSED,3,2025-12-31,2025-12-21 17:55:04,,LOW
7959,7959,2026-07-27 16:38:50,TRADE_FINANCE_CREDIT_INSURANCE,CLOSED,1,2026-08-10,2026-07-28 16:38:50,,LOW
7960,7960,2025-10-24 23:42:51,CROSS_BORDER_REMITTANCE,CLOSED,2,2025-11-07,2025-10-25 23:42:51,,LOW
7961,7961,2026-08-04 23:17:16,ROBO_ADVISORY,CLOSED,1,2026-08-18,2026-08-06 23:17:16,,MEDIUM
7962,7962,2025-11-12 17:24:26,CRYPTO_BROKERAGE,CLOSED,4,2025-11-26,2025-11-16 17:24:26,Unverified or expired identity documents,LOW
7963,7963,2025-10-28 21:40:39,PERSONAL_LOAN,CLOSED,3,2025-11-11,2025-11-02 21:40:39,,LOW
7964,7964,2026-07-20 02:31:45,AUTO_FINANCING,CLOSED,3,2026-08-03,2026-07-21 02:31:45,,LOW
7965,7965,2025-11-18 07:38:25,BUY_NOW_PAY_LATER,CLOSED,3,2025-12-02,2025-11-19 07:38:25,Adverse media and PEP screening threshold exceeded,LOW
7966,7966,2026-01-22 14:35:10,BALLOT_INITIATIVE_ESCROW,CLOSED,4,2026-02-05,2026-01-25 14:35:10,,LOW
7967,7967,2026-02-12 18:27:21,HIGH_YIELD_SAVINGS,CLOSED,4,2026-02-26,2026-02-13 18:27:21,,LOW
7968,7968,2025-10-23 22:34:02,RETAIL_BANKING,OPEN,4,2025-11-06,,,LOW
7969,7969,2026-02-02 07:52:27,ROBO_ADVISORY,PENDING_DOCUMENTS,3,2026-02-16,,,LOW
7970,7970,2026-06-01 02:35:32,ROBO_ADVISORY,IN_REVIEW,4,2026-06-15,,,MEDIUM
7971,7971,2025-11-19 10:02:53,PERSONAL_LOAN,OPEN,,2025-12-03,,,LOW
7972,7972,2025-10-31 10:50:51,AUTO_FINANCING,CLOSED,3,2025-11-14,2025-11-06 10:50:51,,LOW
7973,7973,2026-07-05 10:38:27,TRADE_FINANCE_CREDIT_INSURANCE,CLOSED,2,2026-07-19,2026-07-10 10:38:27,,LOW
7974,7974,2026-04-25 22:20:44,CORPORATE_CREDIT_CARD,CLOSED,1,2026-05-09,2026-04-30 22:20:44,,MEDIUM
7975,7975,2026-03-25 23:35:49,HIGH_YIELD_SAVINGS,CLOSED,1,2026-04-08,2026-03-28 23:35:49,,MEDIUM
7976,7976,2025-11-18 23:51:43,ESCROW_SERVICES,CLOSED,5,2025-12-02,2025-11-24 23:51:43,Unverified or expired identity documents,MEDIUM
7977,7977,2025-12-20 01:30:22,RETAIL_BANKING,CLOSED,5,2026-01-03,2025-12-24 01:30:22,,MEDIUM
7978,7978,2026-03-30 23:04:51,CROSS_BORDER_REMITTANCE,OPEN,4,2026-04-13,,,LOW
7979,7979,2026-05-26 00:50:27,RETAIL_BANKING,CLOSED,3,2026-06-09,2026-05-28 00:50:27,,MEDIUM
7980,7980,2025-09-24 21:26:45,RETAIL_BANKING,CLOSED,4,2025-10-08,2025-09-30 21:26:45,,LOW
7981,7981,2026-06-14 11:42:14,BUY_NOW_PAY_LATER,CLOSED,3,2026-06-28,2026-06-16 11:42:14,,LOW
7982,7982,2026-06-28 06:04:08,BENEFICIARY_DISBURSEMENT_SERVICES,CLOSED,2,2026-07-12,2026-07-04 06:04:08,,MEDIUM
7983,7983,2026-04-18 22:09:05,HIGH_YIELD_SAVINGS,CLOSED,4,2026-05-02,2026-04-24 22:09:05,,MEDIUM
7984,7984,2026-05-24 19:41:06,HIGH_YIELD_SAVINGS,CLOSED,1,2026-06-07,2026-05-28 19:41:06,,LOW
7985,7985,2026-03-13 06:13:05,HIGH_YIELD_SAVINGS,CLOSED,4,2026-03-27,2026-03-14 06:13:05,Unverified or expired identity documents,LOW
7986,7986,2025-12-01 21:52:49,ROBO_ADVISORY,CLOSED,1,2025-12-15,2025-12-05 21:52:49,,LOW
7987,7987,2026-05-01 20:31:36,ROBO_ADVISORY,CLOSED,3,2026-05-15,2026-05-04 20:31:36,,LOW
7988,7988,2026-07-24 22:11:47,HIGH_VOLUME_MERCHANT_GATEWAY,CLOSED,4,2026-08-07,2026-07-25 22:11:47,,LOW
7989,7989,2026-06-09 03:03:17,LIQUIDITY_MANAGEMENT,CLOSED,1,2026-06-23,2026-06-14 03:03:17,,LOW
7990,7990,2025-12-17 09:21:31,TRADE_FINANCE_CREDIT_INSURANCE,IN_REVIEW,2,2025-12-31,,,HIGH
7991,7991,2026-01-24 11:49:49,CREDIT_CARD_ISSUANCE,CLOSED,1,2026-02-07,2026-01-27 11:49:49,,MEDIUM
7992,7992,2025-10-06 02:51:55,ROBO_ADVISORY,OPEN,5,2025-10-20,,,MEDIUM
7993,7993,2026-05-03 03:56:47,SYNDICATED_LOANS,PENDING_DOCUMENTS,2,2026-05-17,,,LOW
7994,7994,2025-10-16 22:55:23,RETAIL_BANKING,CLOSED,2,2025-10-30,2025-10-22 22:55:23,,LOW
7995,7995,2025-11-02 19:29:42,ROBO_ADVISORY,CLOSED,3,2025-11-16,2025-11-08 19:29:42,,LOW
7996,7996,2025-10-11 20:26:55,TERM_LIFE_INSURANCE,CLOSED,1,2025-10-25,2025-10-13 20:26:55,,LOW
7997,7997,2026-08-17 05:59:14,CORPORATE_CREDIT_CARD,CLOSED,2,2026-08-31,2026-08-18 05:59:14,,LOW
7998,7998,2026-01-20 23:00:49,TAX_OPTIMIZED_INVESTING,CLOSED,1,2026-02-03,2026-01-25 23:00:49,,LOW
7999,7999,2026-07-31 17:53:00,BUY_NOW_PAY_LATER,CLOSED,1,2026-08-14,2026-08-01 17:53:00,,LOW
8000,8000,2025-11-01 11:05:18,FX_HEDGING_SOLUTIONS,CLOSED,1,2025-11-15,2025-11-07 11:05:18,,LOW
8001,8001,2026-07-16 00:15:48,PERSONAL_LOAN,CLOSED,1,2026-07-30,2026-07-18 00:15:48,,LOW
8002,8002,2026-01-28 09:50:00,BUY_NOW_PAY_LATER,CLOSED,3,2026-02-11,2026-01-29 09:50:00,,LOW
8003,8003,2025-10-23 23:50:55,CREDIT_CARD_ISSUANCE,IN_REVIEW,4,2025-11-06,,,LOW
8004,8004,2026-04-15 22:55:44,ESTATE_PLANNING_SERVICES,IN_REVIEW,,2026-04-29,,,LOW
8005,8005,2025-11-03 13:01:11,TAX_OPTIMIZED_INVESTING,CLOSED,2,2025-11-17,2025-11-07 13:01:11,,MEDIUM
8006,8006,2026-03-13 09:28:50,CREDIT_CARD_ISSUANCE,CLOSED,5,2026-03-27,2026-03-15 09:28:50,Unverified or expired identity documents,HIGH
8007,8007,2025-09-13 22:18:28,BUY_NOW_PAY_LATER,CLOSED,5,2025-09-27,2025-09-14 22:18:28,,MEDIUM
8008,8008,2026-01-20 03:51:53,MORTGAGE_ORIGINATION,CLOSED,5,2026-02-03,2026-01-24 03:51:53,,MEDIUM
8009,8009,2025-10-16 17:06:59,SYNDICATED_LOANS,CLOSED,1,2025-10-30,2025-10-21 17:06:59,,LOW
8010,8010,2025-09-03 13:14:18,TERM_LIFE_INSURANCE,PENDING_DOCUMENTS,1,2025-09-17,,,MEDIUM
8011,8011,2025-09-21 06:41:36,PERSONAL_LOAN,OPEN,4,2025-10-05,,,LOW
8012,8012,2026-07-29 16:24:50,ESCROW_SERVICES,CLOSED,1,2026-08-12,2026-08-01 16:24:50,,LOW
8013,8013,2026-04-25 21:25:14,CROSS_BORDER_REMITTANCE,CLOSED,4,2026-05-09,2026-04-26 21:25:14,,LOW
8014,8014,2026-01-31 18:08:26,GOVERNMENT_RELATIONS_ESCROW,CLOSED,4,2026-02-14,2026-02-03 18:08:26,Unverified or expired identity documents,LOW
8015,8015,2026-05-31 19:08:50,ROBO_ADVISORY,CLOSED,3,2026-06-14,2026-06-03 19:08:50,,LOW
8016,8016,2026-07-18 15:06:34,CORPORATE_CREDIT_CARD,CLOSED,3,2026-08-01,2026-07-24 15:06:34,,LOW
8017,8017,2026-06-27 08:40:11,ROBO_ADVISORY,CLOSED,1,2026-07-11,2026-06-29 08:40:11,,LOW
8018,8018,2026-06-06 19:25:50,CREDIT_CARD_ISSUANCE,IN_REVIEW,,2026-06-20,,,LOW
8019,8019,2026-05-26 23:41:43,HIGH_YIELD_SAVINGS,CLOSED,3,2026-06-09,2026-05-29 23:41:43,,LOW
8020,8020,2026-07-05 21:16:56,RETAIL_BANKING,CLOSED,3,2026-07-19,2026-07-11 21:16:56,,MEDIUM
8021,8021,2026-05-12 18:21:52,ASSET_PROTECTION_TRUSTS,OPEN,,2026-05-26,,,MEDIUM
8022,8022,2026-07-18 17:47:38,CORPORATE_CREDIT_CARD,CLOSED,5,2026-08-01,2026-07-19 17:47:38,,LOW
8023,8023,2026-01-02 21:16:39,POLITICAL_DONATION_PROCESSING,CLOSED,1,2026-01-16,2026-01-06 21:16:39,,LOW
8024,8024,2025-12-20 13:39:11,CREDIT_CARD_ISSUANCE,CLOSED,1,2026-01-03,2025-12-24 13:39:11,Unverified or expired identity documents,HIGH
8025,8025,2026-02-05 14:11:52,CROSS_BORDER_REMITTANCE,CLOSED,1,2026-02-19,2026-02-08 14:11:52,,LOW
8026,8026,2025-11-13 15:33:52,RETAIL_BANKING,CLOSED,3,2025-11-27,2025-11-16 15:33:52,,LOW
8027,8027,2026-01-13 16:06:52,HIGH_YIELD_SAVINGS,CLOSED,3,2026-01-27,2026-01-17 16:06:52,,LOW
8028,8028,2026-02-26 16:00:03,CROSS_BORDER_REMITTANCE,CLOSED,3,2026-03-12,2026-02-27 16:00:03,,HIGH
8029,8029,2026-05-19 14:15:14,AUTO_FINANCING,CLOSED,5,2026-06-02,2026-05-25 14:15:14,,LOW
8030,8030,2026-03-16 06:33:32,TREASURY_MANAGEMENT,CLOSED,3,2026-03-30,2026-03-22 06:33:32,,LOW
8031,8031,2026-04-30 16:46:16,WEALTH_MANAGEMENT,CLOSED,1,2026-05-14,2026-05-06 16:46:16,,LOW
8032,8032,2026-01-02 10:11:56,PERSONAL_LOAN,CLOSED,3,2026-01-16,2026-01-08 10:11:56,,LOW
8033,8033,2026-03-09 02:18:08,ROBO_ADVISORY,CLOSED,2,2026-03-23,2026-03-11 02:18:08,,LOW
8034,8034,2026-02-24 16:14:50,CRYPTO_BROKERAGE,CLOSED,4,2026-03-10,2026-03-01 16:14:50,Unverified or expired identity documents,LOW
8035,8035,2025-11-11 07:04:48,RETAIL_BANKING,CLOSED,5,2025-11-25,2025-11-13 07:04:48,Unverified or expired identity documents,HIGH
8036,8036,2025-11-04 16:34:28,BENEFICIARY_DISBURSEMENT_SERVICES,CLOSED,3,2025-11-18,2025-11-06 16:34:28,,LOW
8037,8037,2026-07-27 21:23:33,ESCROW_SERVICES,CLOSED,1,2026-08-10,2026-07-30 21:23:33,,LOW
8038,8038,2025-09-02 17:27:39,COMMERCIAL_LENDING,CLOSED,4,2025-09-16,2025-09-03 17:27:39,,LOW
8039,8039,2026-04-29 22:27:34,PHILANTHROPY_ENDOWMENT_MANAGEMENT,CLOSED,4,2026-05-13,2026-05-01 22:27:34,,LOW
8040,8040,2025-11-03 06:18:12,HIGH_YIELD_SAVINGS,CLOSED,3,2025-11-17,2025-11-08 06:18:12,,LOW
8041,8041,2026-08-05 18:01:07,BALLOT_INITIATIVE_ESCROW,OPEN,5,2026-08-19,,,MEDIUM
8042,8042,2026-02-03 17:13:43,CROSS_BORDER_REMITTANCE,CLOSED,3,2026-02-17,2026-02-09 17:13:43,,LOW
8043,8043,2026-02-11 22:22:52,PERSONAL_LOAN,CLOSED,5,2026-02-25,2026-02-14 22:22:52,,LOW
8044,8044,2026-01-23 11:08:27,INSTITUTIONAL_CRYPTO_CUSTODY,CLOSED,3,2026-02-06,2026-01-24 11:08:27,,LOW
8045,8045,2025-09-03 00:12:44,CROSS_BORDER_REMITTANCE,CLOSED,3,2025-09-17,2025-09-07 00:12:44,,LOW
8046,8046,2025-12-06 15:48:26,SHORT_TERM_LIQUIDITY_MANAGEMENT,CLOSED,4,2025-12-20,2025-12-11 15:48:26,,LOW
8047,8047,2026-03-29 08:34:01,RETAIL_BANKING,CLOSED,2,2026-04-12,2026-04-04 08:34:01,,LOW
8048,8048,2025-11-25 09:35:37,CREDIT_CARD_ISSUANCE,PENDING_DOCUMENTS,,2025-12-09,,,LOW
8049,8049,2026-02-23 14:09:16,RETAIL_EQUITY_BROKERAGE,CLOSED,2,2026-03-09,2026-03-01 14:09:16,,HIGH
8050,8050,2026-05-14 15:32:14,BUY_NOW_PAY_LATER,OPEN,5,2026-05-28,,,MEDIUM
8051,8051,2025-10-31 04:21:44,CRYPTO_BROKERAGE,CLOSED,3,2025-11-14,2025-11-01 04:21:44,,LOW
8052,8052,2026-02-24 06:47:14,COMMERCIAL_LENDING,IN_REVIEW,,2026-03-10,,,HIGH
8053,8053,2026-02-17 05:40:24,WEALTH_MANAGEMENT,OPEN,,2026-03-03,,,LOW
8054,8054,2026-06-28 11:50:49,RETAIL_EQUITY_BROKERAGE,CLOSED,4,2026-07-12,2026-07-02 11:50:49,,MEDIUM
8055,8055,2026-04-24 14:53:57,INSTITUTIONAL_CRYPTO_CUSTODY,IN_REVIEW,,2026-05-08,,,LOW
8056,8056,2026-05-20 21:38:18,CROSS_BORDER_REMITTANCE,CLOSED,4,2026-06-03,2026-05-21 21:38:18,,LOW
8057,8057,2026-05-29 17:19:15,BUY_NOW_PAY_LATER,CLOSED,5,2026-06-12,2026-06-03 17:19:15,,LOW
8058,8058,2026-06-30 04:57:09,CORPORATE_ACCOUNT,PENDING_DOCUMENTS,5,2026-07-14,,,LOW
8059,8059,2026-08-04 01:00:21,BENEFICIARY_DISBURSEMENT_SERVICES,CLOSED,2,2026-08-18,2026-08-08 01:00:21,Unverified or expired identity documents,HIGH
8060,8060,2026-04-18 09:36:15,SYNDICATED_LOANS,CLOSED,5,2026-05-02,2026-04-20 09:36:15,,MEDIUM
8061,8061,2025-11-12 22:04:43,CRYPTO_BROKERAGE,CLOSED,1,2025-11-26,2025-11-13 22:04:43,,LOW
8062,8062,2026-02-16 01:19:20,RETAIL_BANKING,CLOSED,4,2026-03-02,2026-02-20 01:19:20,,LOW
8063,8063,2026-06-16 06:43:18,CROSS_BORDER_REMITTANCE,CLOSED,1,2026-06-30,2026-06-21 06:43:18,,LOW
8064,8064,2025-12-19 09:24:36,CORPORATE_CREDIT_CARD,CLOSED,1,2026-01-02,2025-12-24 09:24:36,,LOW
8065,8065,2026-01-30 22:53:14,ROBO_ADVISORY,CLOSED,2,2026-02-13,2026-02-03 22:53:14,,LOW
8066,8066,2026-04-07 00:50:30,CRYPTO_BROKERAGE,CLOSED,4,2026-04-21,2026-04-12 00:50:30,,LOW
8067,8067,2026-02-10 12:35:08,TERM_LIFE_INSURANCE,CLOSED,4,2026-02-24,2026-02-15 12:35:08,,MEDIUM
8068,8068,2025-11-19 11:50:21,AUTO_FINANCING,CLOSED,5,2025-12-03,2025-11-20 11:50:21,,LOW
8069,8069,2026-08-21 23:30:32,FX_HEDGING_SOLUTIONS,CLOSED,2,2026-09-04,2026-08-26 23:30:32,,LOW
8070,8070,2025-11-15 06:10:27,HIGH_YIELD_SAVINGS,CLOSED,4,2025-11-29,2025-11-20 06:10:27,,LOW
8071,8071,2026-02-24 12:14:52,PRIVATE_EQUITY_FEEDER,CLOSED,2,2026-03-10,2026-02-26 12:14:52,,LOW
8072,8072,2026-03-10 15:47:08,RETAIL_BANKING,CLOSED,5,2026-03-24,2026-03-14 15:47:08,Unverified or expired identity documents,MEDIUM
8073,8073,2025-10-03 15:59:48,CORPORATE_CREDIT_CARD,CLOSED,5,2025-10-17,2025-10-04 15:59:48,,MEDIUM
8074,8074,2026-04-23 00:15:49,RETAIL_EQUITY_BROKERAGE,OPEN,5,2026-05-07,,,MEDIUM
8075,8075,2025-11-05 16:24:40,ROBO_ADVISORY,CLOSED,3,2025-11-19,2025-11-10 16:24:40,,LOW
8076,8076,2026-01-14 23:32:17,MORTGAGE_ORIGINATION,CLOSED,5,2026-01-28,2026-01-16 23:32:17,,LOW
8077,8077,2026-01-01 10:37:21,TERM_LIFE_INSURANCE,CLOSED,4,2026-01-15,2026-01-07 10:37:21,,LOW
8078,8078,2026-08-03 08:34:36,PAC_TREASURY_MANAGEMENT,CLOSED,1,2026-08-17,2026-08-05 08:34:36,Unverified or expired identity documents,LOW
8079,8079,2026-03-23 05:29:43,DIRECT_INDEXING,IN_REVIEW,,2026-04-06,,,LOW
8080,8080,2025-11-23 15:12:52,TERM_LIFE_INSURANCE,CLOSED,3,2025-12-07,2025-11-25 15:12:52,,MEDIUM
8081,8081,2025-09-27 19:39:39,ESCROW_SERVICES,CLOSED,5,2025-10-11,2025-09-28 19:39:39,,LOW
8082,8082,2025-11-01 18:01:52,HIGH_YIELD_SAVINGS,CLOSED,2,2025-11-15,2025-11-05 18:01:52,,LOW
8083,8083,2026-04-05 06:21:48,MERCHANT_ACQUIRING,CLOSED,5,2026-04-19,2026-04-10 06:21:48,Unverified or expired identity documents,HIGH
8084,8084,2026-03-05 17:25:46,ROBO_ADVISORY,PENDING_DOCUMENTS,3,2026-03-19,,,LOW
8085,8085,2026-07-31 16:50:47,CROSS_BORDER_REMITTANCE,CLOSED,2,2026-08-14,2026-08-06 16:50:47,,LOW
8086,8086,2026-04-24 03:59:58,ESTATE_PLANNING_SERVICES,CLOSED,1,2026-05-08,2026-04-27 03:59:58,,LOW
8087,8087,2026-06-06 12:49:07,AUTO_FINANCING,CLOSED,4,2026-06-20,2026-06-08 12:49:07,,LOW
8088,8088,2026-08-18 09:57:55,TRADE_FINANCE_CREDIT_INSURANCE,CLOSED,3,2026-09-01,2026-08-24 09:57:55,,LOW
8089,8089,2025-10-25 18:33:35,ROBO_ADVISORY,CLOSED,5,2025-11-08,2025-10-27 18:33:35,,LOW
8090,8090,2026-02-11 19:41:45,BUY_NOW_PAY_LATER,CLOSED,5,2026-02-25,2026-02-15 19:41:45,,LOW
8091,8091,2026-01-14 13:05:49,CORPORATE_ACCOUNT,CLOSED,5,2026-01-28,2026-01-17 13:05:49,,MEDIUM
8092,8092,2026-07-30 22:11:16,HIGH_YIELD_SAVINGS,CLOSED,3,2026-08-13,2026-07-31 22:11:16,,LOW
8093,8093,2026-03-18 18:53:20,CREDIT_CARD_ISSUANCE,CLOSED,4,2026-04-01,2026-03-22 18:53:20,,LOW
8094,8094,2026-07-26 14:21:13,CORPORATE_CREDIT_CARD,PENDING_DOCUMENTS,4,2026-08-09,,,MEDIUM
8095,8095,2026-01-30 01:20:23,TERM_LIFE_INSURANCE,CLOSED,4,2026-02-13,2026-02-02 01:20:23,Unverified or expired identity documents,HIGH
8096,8096,2026-06-05 04:54:04,PERSONAL_LOAN,CLOSED,2,2026-06-19,2026-06-08 04:54:04,,LOW
8097,8097,2025-12-22 01:04:19,CREDIT_CARD_ISSUANCE,CLOSED,2,2026-01-05,2025-12-27 01:04:19,,LOW
8098,8098,2025-11-19 14:22:05,SECURITIES_BASED_LENDING,PENDING_DOCUMENTS,,2025-12-03,,,LOW
8099,8099,2025-11-28 21:19:03,ROBO_ADVISORY,OPEN,4,2025-12-12,,,LOW
8100,8100,2026-02-26 01:31:23,TERM_LIFE_INSURANCE,CLOSED,1,2026-03-12,2026-03-02 01:31:23,,LOW
8101,8101,2026-02-21 03:56:34,HIGH_YIELD_SAVINGS,PENDING_DOCUMENTS,,2026-03-07,,,MEDIUM
8102,8102,2026-01-29 16:26:48,ROBO_ADVISORY,PENDING_DOCUMENTS,,2026-02-12,,,LOW
8103,8103,2025-10-07 17:49:55,CREDIT_CARD_ISSUANCE,CLOSED,2,2025-10-21,2025-10-12 17:49:55,,LOW
8104,8104,2025-09-27 19:29:55,PERSONAL_LOAN,CLOSED,2,2025-10-11,2025-09-29 19:29:55,,HIGH
8105,8105,2026-05-21 17:05:00,ESCROW_SERVICES,CLOSED,5,2026-06-04,2026-05-27 17:05:00,Unverified or expired identity documents,LOW
8106,8106,2026-07-17 04:00:18,ESCROW_SERVICES,PENDING_DOCUMENTS,,2026-07-31,,,MEDIUM
8107,8107,2026-05-30 09:49:36,AUTO_FINANCING,CLOSED,3,2026-06-13,2026-06-03 09:49:36,,LOW
8108,8108,2026-05-09 23:59:04,ROBO_ADVISORY,PENDING_DOCUMENTS,2,2026-05-23,,,LOW
8109,8109,2025-12-07 17:43:00,CREDIT_CARD_ISSUANCE,CLOSED,3,2025-12-21,2025-12-12 17:43:00,,LOW
8110,8110,2025-08-29 19:34:59,TERM_LIFE_INSURANCE,CLOSED,3,2025-09-12,2025-08-30 19:34:59,,LOW
8111,8111,2026-03-03 09:15:12,BUY_NOW_PAY_LATER,CLOSED,2,2026-03-17,2026-03-07 09:15:12,,LOW
8112,8112,2025-10-05 02:51:55,BUY_NOW_PAY_LATER,IN_REVIEW,5,2025-10-19,,,HIGH
8113,8113,2025-09-08 17:59:43,CORPORATE_ACCOUNT,CLOSED,1,2025-09-22,2025-09-09 17:59:43,,LOW
8114,8114,2025-12-29 04:16:32,CRYPTO_BROKERAGE,CLOSED,3,2026-01-12,2026-01-04 04:16:32,,LOW
8115,8115,2026-04-19 16:49:33,RETAIL_BANKING,CLOSED,2,2026-05-03,2026-04-20 16:49:33,,LOW
8116,8116,2025-09-16 20:54:27,DISBURSEMENT_PAYROLL_SERVICES,CLOSED,2,2025-09-30,2025-09-22 20:54:27,,LOW
8117,8117,2025-12-23 09:53:18,PERSONAL_LOAN,CLOSED,1,2026-01-06,2025-12-29 09:53:18,,LOW
8118,8118,2026-01-23 03:22:42,RETAIL_EQUITY_BROKERAGE,CLOSED,5,2026-02-06,2026-01-28 03:22:42,,LOW
8119,8119,2026-06-10 10:46:02,CREDIT_CARD_ISSUANCE,CLOSED,4,2026-06-24,2026-06-12 10:46:02,,LOW
8120,8120,2025-09-11 09:50:37,BUY_NOW_PAY_LATER,OPEN,,2025-09-25,,,LOW
8121,8121,2025-11-12 15:56:43,ROBO_ADVISORY,CLOSED,1,2025-11-26,2025-11-18 15:56:43,,LOW
8122,8122,2026-05-25 13:55:26,ROBO_ADVISORY,CLOSED,1,2026-06-08,2026-05-26 13:55:26,,LOW
8123,8123,2025-12-20 11:16:51,CREDIT_CARD_ISSUANCE,CLOSED,1,2026-01-03,2025-12-26 11:16:51,,LOW
8124,8124,2026-02-20 12:27:15,COMMERCIAL_LENDING,CLOSED,4,2026-03-06,2026-02-23 12:27:15,,LOW
8125,8125,2025-12-05 06:04:06,CRYPTO_BROKERAGE,CLOSED,2,2025-12-19,2025-12-08 06:04:06,,LOW
8126,8126,2026-02-04 03:52:22,BUY_NOW_PAY_LATER,CLOSED,3,2026-02-18,2026-02-06 03:52:22,,LOW
8127,8127,2025-11-03 12:55:43,MORTGAGE_ORIGINATION,OPEN,3,2025-11-17,,,LOW
8128,8128,2025-10-31 09:21:59,COMMERCIAL_LENDING,CLOSED,4,2025-11-14,2025-11-01 09:21:59,,MEDIUM
8129,8129,2026-05-25 03:24:38,RETAIL_EQUITY_BROKERAGE,CLOSED,2,2026-06-08,2026-05-31 03:24:38,,MEDIUM
8130,8130,2025-12-10 09:15:58,PAYROLL_SERVICES,CLOSED,3,2025-12-24,2025-12-13 09:15:58,Unverified or expired identity documents,MEDIUM
8131,8131,2026-07-21 10:27:22,COMMERCIAL_LENDING,CLOSED,5,2026-08-04,2026-07-27 10:27:22,,LOW
8132,8132,2026-06-30 05:07:25,ASSET_PROTECTION_TRUSTS,CLOSED,1,2026-07-14,2026-07-06 05:07:25,,LOW
8133,8133,2026-07-30 21:16:31,HIGH_VOLUME_MERCHANT_GATEWAY,CLOSED,1,2026-08-13,2026-07-31 21:16:31,,LOW
8134,8134,2026-01-02 08:15:57,CREDIT_CARD_ISSUANCE,CLOSED,2,2026-01-16,2026-01-08 08:15:57,,MEDIUM
8135,8135,2026-07-02 09:10:06,AUTO_FINANCING,CLOSED,3,2026-07-16,2026-07-08 09:10:06,,HIGH
8136,8136,2026-08-08 22:00:22,AUTO_FINANCING,CLOSED,5,2026-08-22,2026-08-14 22:00:22,,LOW
8137,8137,2026-05-25 18:34:26,MERCHANT_ACQUIRING,CLOSED,5,2026-06-08,2026-05-29 18:34:26,,LOW
8138,8138,2026-04-12 17:42:56,ROBO_ADVISORY,CLOSED,1,2026-04-26,2026-04-15 17:42:56,,LOW
8139,8139,2026-01-06 15:04:02,TRUSTEE_ADMINISTRATION,CLOSED,4,2026-01-20,2026-01-12 15:04:02,,LOW
8140,8140,2025-12-11 19:24:57,CRYPTO_BROKERAGE,CLOSED,3,2025-12-25,2025-12-12 19:24:57,,MEDIUM
8141,8141,2026-01-02 14:55:03,CRYPTO_BROKERAGE,CLOSED,1,2026-01-16,2026-01-03 14:55:03,,LOW
8142,8142,2025-10-12 12:15:29,CRYPTO_BROKERAGE,CLOSED,3,2025-10-26,2025-10-14 12:15:29,,MEDIUM
8143,8143,2026-07-21 00:32:30,TERM_LIFE_INSURANCE,CLOSED,1,2026-08-04,2026-07-25 00:32:30,,LOW
8144,8144,2025-09-16 00:13:47,HIGH_VOLUME_MERCHANT_GATEWAY,CLOSED,5,2025-09-30,2025-09-18 00:13:47,Adverse media and PEP screening threshold exceeded,LOW
8145,8145,2026-05-21 10:21:49,AUTO_FINANCING,CLOSED,1,2026-06-04,2026-05-23 10:21:49,,MEDIUM
8146,8146,2025-09-17 06:20:17,PERSONAL_LOAN,CLOSED,3,2025-10-01,2025-09-23 06:20:17,,MEDIUM
8147,8147,2026-04-20 06:54:21,RETAIL_EQUITY_BROKERAGE,IN_REVIEW,3,2026-05-04,,,LOW
8148,8148,2026-06-24 10:41:50,TERM_LIFE_INSURANCE,CLOSED,2,2026-07-08,2026-06-27 10:41:50,,LOW
8149,8149,2026-01-11 06:20:03,ESTATE_PLANNING_SERVICES,CLOSED,1,2026-01-25,2026-01-17 06:20:03,,LOW
8150,8150,2026-06-11 19:15:54,CROSS_BORDER_REMITTANCE,CLOSED,3,2026-06-25,2026-06-12 19:15:54,,LOW
8151,8151,2025-12-05 20:06:30,MORTGAGE_ORIGINATION,CLOSED,4,2025-12-19,2025-12-11 20:06:30,,LOW
8152,8152,2025-10-25 06:48:13,FX_HEDGING_SOLUTIONS,CLOSED,3,2025-11-08,2025-10-30 06:48:13,,LOW
8153,8153,2026-04-05 16:06:54,TERM_LIFE_INSURANCE,CLOSED,5,2026-04-19,2026-04-11 16:06:54,Unverified or expired identity documents,MEDIUM
8154,8154,2025-11-26 14:48:04,CROSS_BORDER_REMITTANCE,CLOSED,4,2025-12-10,2025-11-28 14:48:04,,LOW
8155,8155,2025-12-06 21:26:49,COMMERCIAL_LENDING,IN_REVIEW,5,2025-12-20,,,HIGH
8156,8156,2025-09-25 18:52:35,FIDUCIARY_CUSTODY_ACCOUNT,IN_REVIEW,1,2025-10-09,,,LOW
8157,8157,2026-08-15 04:28:26,FX_HEDGING_SOLUTIONS,CLOSED,2,2026-08-29,2026-08-16 04:28:26,,LOW
8158,8158,2026-07-14 12:17:12,INSTITUTIONAL_CRYPTO_CUSTODY,CLOSED,3,2026-07-28,2026-07-17 12:17:12,Unverified or expired identity documents,MEDIUM
8159,8159,2025-10-06 22:44:01,ROBO_ADVISORY,CLOSED,4,2025-10-20,2025-10-12 22:44:01,,LOW
8160,8160,2026-05-17 04:17:12,RETAIL_BANKING,CLOSED,1,2026-05-31,2026-05-21 04:17:12,,MEDIUM
8161,8161,2026-03-26 05:18:13,ESCROW_SERVICES,CLOSED,1,2026-04-09,2026-04-01 05:18:13,Unverified or expired identity documents,HIGH
8162,8162,2026-07-20 13:38:59,ROBO_ADVISORY,PENDING_DOCUMENTS,2,2026-08-03,,,LOW
8163,8163,2026-08-19 20:53:17,RETAIL_BANKING,CLOSED,4,2026-09-02,2026-08-21 20:53:17,Unverified or expired identity documents,LOW
8164,8164,2026-04-06 22:45:03,DISBURSEMENT_PAYROLL_SERVICES,CLOSED,4,2026-04-20,2026-04-07 22:45:03,Unverified or expired identity documents,MEDIUM
8165,8165,2026-03-16 13:24:00,SECURITIES_BASED_LENDING,CLOSED,5,2026-03-30,2026-03-21 13:24:00,Unverified or expired identity documents,HIGH
8166,8166,2026-07-16 16:52:50,CRYPTO_BROKERAGE,CLOSED,5,2026-07-30,2026-07-21 16:52:50,,LOW
8167,8167,2026-03-10 10:42:05,PERSONAL_LOAN,CLOSED,5,2026-03-24,2026-03-13 10:42:05,,LOW
8168,8168,2026-04-01 12:43:46,FX_HEDGING_SOLUTIONS,CLOSED,5,2026-04-15,2026-04-06 12:43:46,,MEDIUM
8169,8169,2026-08-08 13:18:56,RETAIL_EQUITY_BROKERAGE,CLOSED,5,2026-08-22,2026-08-10 13:18:56,,LOW
8170,8170,2025-10-17 09:09:46,PERSONAL_LOAN,CLOSED,1,2025-10-31,2025-10-21 09:09:46,,MEDIUM
8171,8171,2026-08-21 17:25:04,AUTO_FINANCING,CLOSED,2,2026-09-04,2026-08-25 17:25:04,,LOW
8172,8172,2026-03-24 15:44:43,TERM_LIFE_INSURANCE,CLOSED,1,2026-04-07,2026-03-27 15:44:43,,LOW
8173,8173,2025-09-29 18:41:56,DISBURSEMENT_PAYROLL_SERVICES,CLOSED,1,2025-10-13,2025-10-05 18:41:56,,LOW
8174,8174,2026-01-09 00:24:25,PERSONAL_LOAN,CLOSED,3,2026-01-23,2026-01-13 00:24:25,High-risk sanctions/FATF jurisdiction,HIGH
8175,8175,2025-11-25 11:32:04,HIGH_VOLUME_MERCHANT_GATEWAY,CLOSED,1,2025-12-09,2025-11-29 11:32:04,,MEDIUM
8176,8176,2025-12-03 09:02:03,CAMPAIGN_CHECKING_ACCOUNT,CLOSED,1,2025-12-17,2025-12-04 09:02:03,,MEDIUM
8177,8177,2026-02-18 16:38:51,CRYPTO_BROKERAGE,CLOSED,3,2026-03-04,2026-02-24 16:38:51,,LOW
8178,8178,2025-11-24 04:38:23,INSTITUTIONAL_CRYPTO_CUSTODY,CLOSED,4,2025-12-08,2025-11-25 04:38:23,Unverified or expired identity documents,MEDIUM
8179,8179,2025-10-08 02:57:14,PERSONAL_LOAN,IN_REVIEW,,2025-10-22,,,MEDIUM
8180,8180,2026-05-11 11:59:40,HIGH_YIELD_SAVINGS,CLOSED,4,2026-05-25,2026-05-13 11:59:40,,LOW
8181,8181,2025-10-26 10:16:01,ROBO_ADVISORY,OPEN,2,2025-11-09,,,LOW
8182,8182,2026-01-29 10:50:00,TERM_LIFE_INSURANCE,CLOSED,4,2026-02-12,2026-02-01 10:50:00,,HIGH
8183,8183,2026-01-26 12:45:57,RETAIL_EQUITY_BROKERAGE,PENDING_DOCUMENTS,,2026-02-09,,,LOW
8184,8184,2026-02-04 07:13:41,PAYROLL_SERVICES,OPEN,,2026-02-18,,,HIGH
8185,8185,2025-12-04 23:52:23,AUTO_FINANCING,CLOSED,2,2025-12-18,2025-12-10 23:52:23,,LOW
8186,8186,2026-08-25 01:05:13,PERSONAL_LOAN,CLOSED,1,2026-09-08,2026-08-29 01:05:13,,LOW
8187,8187,2025-10-25 21:51:53,AUTO_FINANCING,CLOSED,3,2025-11-08,2025-10-31 21:51:53,,MEDIUM
8188,8188,2025-09-28 12:28:42,PAYROLL_SERVICES,CLOSED,3,2025-10-12,2025-09-29 12:28:42,Unverified or expired identity documents,MEDIUM
8189,8189,2026-01-26 03:49:18,TERM_LIFE_INSURANCE,IN_REVIEW,3,2026-02-09,,,LOW
8190,8190,2026-02-17 20:34:29,PRIVATE_EQUITY_FEEDER,CLOSED,4,2026-03-03,2026-02-19 20:34:29,,LOW
8191,8191,2025-12-08 04:23:44,CROSS_BORDER_REMITTANCE,CLOSED,1,2025-12-22,2025-12-13 04:23:44,,LOW
8192,8192,2026-02-07 15:56:43,MORTGAGE_ORIGINATION,CLOSED,3,2026-02-21,2026-02-11 15:56:43,,LOW
8193,8193,2026-02-12 19:18:37,CORPORATE_ACCOUNT,CLOSED,5,2026-02-26,2026-02-15 19:18:37,,LOW
8194,8194,2026-08-17 15:19:19,TERM_LIFE_INSURANCE,PENDING_DOCUMENTS,,2026-08-31,,,LOW
8195,8195,2026-01-26 15:11:04,ASSET_PROTECTION_TRUSTS,CLOSED,5,2026-02-09,2026-01-28 15:11:04,,LOW
8196,8196,2026-01-18 09:52:51,TERM_LIFE_INSURANCE,CLOSED,2,2026-02-01,2026-01-19 09:52:51,,LOW
8197,8197,2026-07-08 07:11:09,SECURITIES_BASED_LENDING,CLOSED,2,2026-07-22,2026-07-09 07:11:09,,LOW
8198,8198,2026-03-21 12:46:52,LIQUIDITY_MANAGEMENT,CLOSED,3,2026-04-04,2026-03-24 12:46:52,,MEDIUM
8199,8199,2025-09-09 19:23:59,BESPOKE_PORTFOLIO_MANAGEMENT,CLOSED,1,2025-09-23,2025-09-14 19:23:59,Unverified or expired identity documents,MEDIUM
8200,8200,2026-03-21 05:32:22,TREASURY_MANAGEMENT,CLOSED,4,2026-04-04,2026-03-22 05:32:22,,LOW
8201,8201,2026-07-12 06:13:16,RETAIL_BANKING,CLOSED,2,2026-07-26,2026-07-15 06:13:16,,LOW
8202,8202,2026-05-30 10:48:49,ROBO_ADVISORY,CLOSED,3,2026-06-13,2026-06-02 10:48:49,,LOW
8203,8203,2026-04-18 05:05:12,ESCROW_SERVICES,CLOSED,4,2026-05-02,2026-04-21 05:05:12,,MEDIUM
8204,8204,2025-12-19 16:05:15,CREDIT_CARD_ISSUANCE,CLOSED,2,2026-01-02,2025-12-25 16:05:15,,LOW
8205,8205,2026-07-10 21:07:41,RETAIL_BANKING,CLOSED,3,2026-07-24,2026-07-11 21:07:41,,LOW
8206,8206,2026-05-25 14:02:27,PHILANTHROPY_ENDOWMENT_MANAGEMENT,CLOSED,5,2026-06-08,2026-05-28 14:02:27,,MEDIUM
8207,8207,2025-11-13 14:36:42,CRYPTO_BROKERAGE,CLOSED,2,2025-11-27,2025-11-14 14:36:42,,LOW
8208,8208,2026-08-19 05:16:48,HIGH_YIELD_SAVINGS,IN_REVIEW,,2026-09-02,,,LOW
8209,8209,2026-01-11 07:44:24,MORTGAGE_ORIGINATION,CLOSED,2,2026-01-25,2026-01-15 07:44:24,,LOW
8210,8210,2026-03-23 01:34:53,CRYPTO_BROKERAGE,CLOSED,2,2026-04-06,2026-03-28 01:34:53,,LOW
8211,8211,2025-09-03 01:15:15,CRYPTO_BROKERAGE,CLOSED,4,2025-09-17,2025-09-05 01:15:15,,MEDIUM
8212,8212,2025-11-15 10:47:58,RETAIL_BANKING,CLOSED,1,2025-11-29,2025-11-18 10:47:58,,LOW
8213,8213,2026-07-12 10:44:45,FIDUCIARY_CUSTODY_ACCOUNT,CLOSED,4,2026-07-26,2026-07-16 10:44:45,,MEDIUM
8214,8214,2026-01-20 19:23:49,RETAIL_BANKING,CLOSED,4,2026-02-03,2026-01-24 19:23:49,,LOW
8215,8215,2026-07-12 19:09:34,ROBO_ADVISORY,CLOSED,1,2026-07-26,2026-07-13 19:09:34,,HIGH
8216,8216,2025-11-11 02:50:04,PAYROLL_SERVICES,CLOSED,4,2025-11-25,2025-11-15 02:50:04,,MEDIUM
8217,8217,2026-03-04 15:20:57,PAYROLL_SERVICES,CLOSED,1,2026-03-18,2026-03-09 15:20:57,,LOW
8218,8218,2026-05-08 23:10:11,CRYPTO_BROKERAGE,PENDING_DOCUMENTS,5,2026-05-22,,,MEDIUM
8219,8219,2025-12-06 21:49:08,RETAIL_EQUITY_BROKERAGE,CLOSED,2,2025-12-20,2025-12-11 21:49:08,,LOW
8220,8220,2025-12-10 09:20:10,AUTO_FINANCING,CLOSED,5,2025-12-24,2025-12-15 09:20:10,,LOW
8221,8221,2026-06-27 05:28:49,CORPORATE_CREDIT_CARD,CLOSED,5,2026-07-11,2026-07-02 05:28:49,,LOW
8222,8222,2026-07-15 02:15:40,CRYPTO_BROKERAGE,CLOSED,4,2026-07-29,2026-07-18 02:15:40,,MEDIUM
8223,8223,2025-11-28 10:42:29,BUY_NOW_PAY_LATER,CLOSED,5,2025-12-12,2025-12-04 10:42:29,,LOW
8224,8224,2026-05-23 07:02:07,RETAIL_BANKING,CLOSED,2,2026-06-06,2026-05-24 07:02:07,,LOW
8225,8225,2026-04-04 04:01:39,ROBO_ADVISORY,CLOSED,3,2026-04-18,2026-04-07 04:01:39,,LOW
8226,8226,2026-07-01 14:10:49,MORTGAGE_ORIGINATION,CLOSED,1,2026-07-15,2026-07-03 14:10:49,,LOW
8227,8227,2026-05-25 02:10:40,HIGH_YIELD_SAVINGS,OPEN,,2026-06-08,,,LOW
8228,8228,2025-09-08 23:41:32,RETAIL_EQUITY_BROKERAGE,CLOSED,4,2025-09-22,2025-09-14 23:41:32,Unverified or expired identity documents,HIGH
8229,8229,2025-08-26 12:20:19,CORPORATE_CREDIT_CARD,CLOSED,5,2025-09-09,2025-08-28 12:20:19,,LOW
8230,8230,2026-03-09 02:34:34,FX_HEDGING_SOLUTIONS,CLOSED,3,2026-03-23,2026-03-14 02:34:34,,HIGH
8231,8231,2025-10-14 08:47:29,BESPOKE_PORTFOLIO_MANAGEMENT,CLOSED,4,2025-10-28,2025-10-15 08:47:29,,LOW
8232,8232,2026-06-04 18:05:19,FX_HEDGING_SOLUTIONS,CLOSED,3,2026-06-18,2026-06-10 18:05:19,,HIGH
8233,8233,2026-06-04 01:49:04,ASSET_PROTECTION_TRUSTS,IN_REVIEW,1,2026-06-18,,,LOW
8234,8234,2026-06-13 17:10:14,PAYROLL_SERVICES,CLOSED,1,2026-06-27,2026-06-19 17:10:14,,MEDIUM
8235,8235,2025-11-12 21:26:01,TREASURY_MANAGEMENT,CLOSED,5,2025-11-26,2025-11-18 21:26:01,,LOW
8236,8236,2026-04-12 22:25:50,WEALTH_MANAGEMENT,CLOSED,5,2026-04-26,2026-04-13 22:25:50,,HIGH
8237,8237,2026-04-26 18:19:29,AUTO_FINANCING,OPEN,,2026-05-10,,,LOW
8238,8238,2026-08-07 02:49:25,PERSONAL_LOAN,IN_REVIEW,,2026-08-21,,,LOW
8239,8239,2026-06-20 02:53:50,CREDIT_CARD_ISSUANCE,CLOSED,5,2026-07-04,2026-06-23 02:53:50,,LOW
8240,8240,2025-09-14 02:47:59,TERM_LIFE_INSURANCE,CLOSED,1,2025-09-28,2025-09-19 02:47:59,,LOW
8241,8241,2026-07-12 07:32:43,RETAIL_EQUITY_BROKERAGE,CLOSED,1,2026-07-26,2026-07-17 07:32:43,,LOW
8242,8242,2026-05-08 22:29:12,TREASURY_MANAGEMENT,CLOSED,4,2026-05-22,2026-05-13 22:29:12,,LOW
8243,8243,2025-12-26 08:34:22,ESCROW_SERVICES,CLOSED,4,2026-01-09,2026-01-01 08:34:22,,LOW
8244,8244,2025-10-16 01:45:09,TERM_LIFE_INSURANCE,CLOSED,4,2025-10-30,2025-10-20 01:45:09,,HIGH
8245,8245,2026-07-06 12:11:31,ROBO_ADVISORY,CLOSED,1,2026-07-20,2026-07-10 12:11:31,Unverified or expired identity documents,HIGH
8246,8246,2026-05-08 11:21:32,CROSS_BORDER_REMITTANCE,OPEN,,2026-05-22,,,MEDIUM
8247,8247,2026-03-01 00:52:23,ROBO_ADVISORY,PENDING_DOCUMENTS,,2026-03-15,,,LOW
8248,8248,2025-11-22 09:40:00,CORPORATE_ACCOUNT,IN_REVIEW,2,2025-12-06,,,HIGH
8249,8249,2026-08-12 16:13:52,PERSONAL_LOAN,CLOSED,1,2026-08-26,2026-08-16 16:13:52,,LOW
8250,8250,2026-05-24 15:19:52,INSTITUTIONAL_CRYPTO_CUSTODY,CLOSED,4,2026-06-07,2026-05-26 15:19:52,,LOW
8251,8251,2026-08-22 03:22:03,AUTO_FINANCING,CLOSED,4,2026-09-05,2026-08-26 03:22:03,,LOW
8252,8252,2025-09-07 22:16:29,LETTER_OF_CREDIT,CLOSED,3,2025-09-21,2025-09-12 22:16:29,,LOW
8253,8253,2026-03-07 19:15:40,TREASURY_MANAGEMENT,OPEN,3,2026-03-21,,,LOW
8254,8254,2026-06-10 11:38:20,SYNDICATED_LOANS,CLOSED,4,2026-06-24,2026-06-12 11:38:20,,LOW
8255,8255,2026-05-12 05:31:41,DISBURSEMENT_PAYROLL_SERVICES,CLOSED,4,2026-05-26,2026-05-16 05:31:41,,LOW
8256,8256,2025-12-09 02:00:33,TERM_LIFE_INSURANCE,OPEN,,2025-12-23,,,LOW
8257,8257,2026-07-30 18:59:37,CROSS_BORDER_REMITTANCE,CLOSED,5,2026-08-13,2026-08-05 18:59:37,,LOW
8258,8258,2026-07-16 22:15:43,TRADE_FINANCE_CREDIT_INSURANCE,CLOSED,2,2026-07-30,2026-07-22 22:15:43,,LOW
8259,8259,2025-10-17 21:57:21,MORTGAGE_ORIGINATION,OPEN,,2025-10-31,,,LOW
8260,8260,2026-03-16 04:17:29,ESCROW_SERVICES,CLOSED,3,2026-03-30,2026-03-20 04:17:29,,LOW
8261,8261,2026-08-01 11:03:37,BENEFICIARY_DISBURSEMENT_SERVICES,CLOSED,3,2026-08-15,2026-08-02 11:03:37,Unverified or expired identity documents,HIGH
8262,8262,2026-04-23 09:47:56,ROBO_ADVISORY,CLOSED,2,2026-05-07,2026-04-25 09:47:56,,LOW
8263,8263,2026-03-24 20:09:45,SECURITIES_BASED_LENDING,CLOSED,2,2026-04-07,2026-03-29 20:09:45,,LOW
8264,8264,2025-12-13 03:58:36,CREDIT_CARD_ISSUANCE,CLOSED,2,2025-12-27,2025-12-16 03:58:36,,LOW
8265,8265,2025-11-09 13:30:58,AUTO_FINANCING,CLOSED,3,2025-11-23,2025-11-11 13:30:58,Unverified or expired identity documents,HIGH
8266,8266,2026-08-16 01:37:09,PERSONAL_LOAN,OPEN,5,2026-08-30,,,LOW
8267,8267,2026-05-05 06:30:40,ESCROW_SERVICES,CLOSED,4,2026-05-19,2026-05-10 06:30:40,,LOW
8268,8268,2026-04-30 21:20:24,ROBO_ADVISORY,IN_REVIEW,,2026-05-14,,,MEDIUM
8269,8269,2026-05-09 10:31:46,BALLOT_INITIATIVE_ESCROW,CLOSED,4,2026-05-23,2026-05-15 10:31:46,,LOW
8270,8270,2025-10-17 17:53:29,RETAIL_EQUITY_BROKERAGE,IN_REVIEW,3,2025-10-31,,,LOW
8271,8271,2026-06-10 13:54:58,DISBURSEMENT_PAYROLL_SERVICES,CLOSED,3,2026-06-24,2026-06-11 13:54:58,Unverified or expired identity documents,LOW
8272,8272,2025-12-22 04:56:17,PERSONAL_LOAN,OPEN,2,2026-01-05,,,LOW
8273,8273,2026-06-03 01:56:59,TERM_LIFE_INSURANCE,CLOSED,2,2026-06-17,2026-06-09 01:56:59,,LOW
8274,8274,2026-05-18 16:26:34,RETAIL_EQUITY_BROKERAGE,CLOSED,4,2026-06-01,2026-05-19 16:26:34,,LOW
8275,8275,2025-11-10 07:49:35,COMMERCIAL_LENDING,IN_REVIEW,5,2025-11-24,,,LOW
8276,8276,2025-09-19 06:42:27,CROSS_BORDER_REMITTANCE,CLOSED,2,2025-10-03,2025-09-21 06:42:27,,LOW
8277,8277,2026-06-13 01:33:42,HIGH_YIELD_SAVINGS,CLOSED,3,2026-06-27,2026-06-14 01:33:42,,LOW
8278,8278,2026-02-05 12:45:57,COMMERCIAL_LENDING,IN_REVIEW,,2026-02-19,,,LOW
8279,8279,2026-07-22 23:20:40,BUY_NOW_PAY_LATER,CLOSED,4,2026-08-05,2026-07-25 23:20:40,,LOW
8280,8280,2026-04-03 07:32:47,ROBO_ADVISORY,CLOSED,2,2026-04-17,2026-04-09 07:32:47,,LOW
8281,8281,2025-08-26 05:58:13,RETAIL_BANKING,IN_REVIEW,,2025-09-09,,,MEDIUM
8282,8282,2026-08-09 08:25:23,RETAIL_EQUITY_BROKERAGE,CLOSED,5,2026-08-23,2026-08-14 08:25:23,,LOW
8283,8283,2026-02-14 11:36:14,CRYPTO_BROKERAGE,CLOSED,2,2026-02-28,2026-02-20 11:36:14,,LOW
8284,8284,2026-06-11 22:26:23,INSTITUTIONAL_CRYPTO_CUSTODY,CLOSED,3,2026-06-25,2026-06-13 22:26:23,,LOW
8285,8285,2026-04-29 19:41:44,HIGH_YIELD_SAVINGS,CLOSED,3,2026-05-13,2026-05-02 19:41:44,,LOW
8286,8286,2025-10-03 11:21:27,CREDIT_CARD_ISSUANCE,CLOSED,2,2025-10-17,2025-10-05 11:21:27,,HIGH
8287,8287,2026-04-04 12:02:05,AUTO_FINANCING,CLOSED,3,2026-04-18,2026-04-08 12:02:05,Unverified or expired identity documents,HIGH
8288,8288,2025-12-19 08:40:40,LIQUIDITY_MANAGEMENT,CLOSED,5,2026-01-02,2025-12-25 08:40:40,,LOW
8289,8289,2026-08-12 17:45:54,PAC_TREASURY_MANAGEMENT,CLOSED,1,2026-08-26,2026-08-16 17:45:54,,LOW
8290,8290,2026-01-02 14:20:50,ESCROW_SERVICES,CLOSED,1,2026-01-16,2026-01-08 14:20:50,,LOW
8291,8291,2026-04-08 23:32:21,BENEFICIARY_DISBURSEMENT_SERVICES,OPEN,,2026-04-22,,,MEDIUM
8292,8292,2025-08-29 17:11:56,CREDIT_CARD_ISSUANCE,CLOSED,5,2025-09-12,2025-09-04 17:11:56,,LOW
8293,8293,2025-10-16 15:43:06,PHILANTHROPY_ENDOWMENT_MANAGEMENT,CLOSED,4,2025-10-30,2025-10-18 15:43:06,,MEDIUM
8294,8294,2026-05-28 02:38:24,RETAIL_EQUITY_BROKERAGE,CLOSED,2,2026-06-11,2026-06-01 02:38:24,,LOW
8295,8295,2026-07-30 05:26:29,BUY_NOW_PAY_LATER,CLOSED,1,2026-08-13,2026-08-01 05:26:29,,MEDIUM
8296,8296,2025-12-04 03:35:46,CRYPTO_BROKERAGE,CLOSED,3,2025-12-18,2025-12-08 03:35:46,,LOW
8297,8297,2025-11-24 19:01:51,TERM_LIFE_INSURANCE,CLOSED,2,2025-12-08,2025-11-27 19:01:51,,LOW
8298,8298,2025-10-08 03:21:25,HIGH_YIELD_SAVINGS,CLOSED,5,2025-10-22,2025-10-11 03:21:25,,LOW
8299,8299,2025-11-20 08:43:01,RETAIL_EQUITY_BROKERAGE,CLOSED,5,2025-12-04,2025-11-25 08:43:01,,HIGH
8300,8300,2025-10-09 23:03:01,RETAIL_EQUITY_BROKERAGE,CLOSED,5,2025-10-23,2025-10-14 23:03:01,,LOW
8301,8301,2025-11-20 20:02:38,HIGH_YIELD_SAVINGS,OPEN,,2025-12-04,,,LOW
8302,8302,2026-06-14 00:48:40,BUY_NOW_PAY_LATER,CLOSED,2,2026-06-28,2026-06-20 00:48:40,,LOW
8303,8303,2025-09-29 03:31:56,CORPORATE_CREDIT_CARD,CLOSED,5,2025-10-13,2025-09-30 03:31:56,Unverified or expired identity documents,HIGH
8304,8304,2026-03-22 10:59:00,MORTGAGE_ORIGINATION,CLOSED,3,2026-04-05,2026-03-25 10:59:00,,MEDIUM
8305,8305,2026-04-15 01:03:08,ESCROW_SERVICES,CLOSED,2,2026-04-29,2026-04-17 01:03:08,,LOW
8306,8306,2026-08-12 07:43:24,RETAIL_EQUITY_BROKERAGE,CLOSED,4,2026-08-26,2026-08-14 07:43:24,,MEDIUM
8307,8307,2026-05-23 22:23:13,AUTO_FINANCING,CLOSED,5,2026-06-06,2026-05-24 22:23:13,,LOW
8308,8308,2026-06-14 13:21:58,ROBO_ADVISORY,CLOSED,1,2026-06-28,2026-06-19 13:21:58,,HIGH
8309,8309,2025-10-26 16:44:29,AUTO_FINANCING,CLOSED,5,2025-11-09,2025-11-01 16:44:29,,LOW
8310,8310,2025-10-08 07:06:37,HIGH_YIELD_SAVINGS,CLOSED,5,2025-10-22,2025-10-09 07:06:37,,LOW
8311,8311,2026-07-14 02:11:55,HIGH_YIELD_SAVINGS,CLOSED,2,2026-07-28,2026-07-19 02:11:55,,HIGH
8312,8312,2025-08-31 09:06:14,BUY_NOW_PAY_LATER,CLOSED,1,2025-09-14,2025-09-02 09:06:14,,MEDIUM
8313,8313,2025-08-31 12:19:06,RETAIL_BANKING,CLOSED,3,2025-09-14,2025-09-04 12:19:06,,LOW
8314,8314,2026-08-10 19:42:38,COMMERCIAL_LENDING,CLOSED,2,2026-08-24,2026-08-11 19:42:38,,LOW
8315,8315,2025-11-11 06:32:11,AUTO_FINANCING,CLOSED,4,2025-11-25,2025-11-12 06:32:11,,MEDIUM
8316,8316,2026-01-10 16:06:40,COMMERCIAL_LENDING,IN_REVIEW,,2026-01-24,,,HIGH
8317,8317,2026-03-05 00:02:33,SHORT_TERM_LIQUIDITY_MANAGEMENT,CLOSED,5,2026-03-19,2026-03-10 00:02:33,Unverified or expired identity documents,LOW
8318,8318,2025-12-05 12:23:07,CRYPTO_BROKERAGE,OPEN,,2025-12-19,,,LOW
8319,8319,2026-06-06 14:26:22,HIGH_YIELD_SAVINGS,IN_REVIEW,3,2026-06-20,,,HIGH
8320,8320,2026-02-24 02:44:32,HIGH_YIELD_SAVINGS,CLOSED,5,2026-03-10,2026-03-01 02:44:32,,LOW
8321,8321,2025-11-27 18:30:01,RETAIL_BANKING,CLOSED,1,2025-12-11,2025-11-28 18:30:01,,LOW
8322,8322,2026-04-18 16:13:43,FIDUCIARY_CUSTODY_ACCOUNT,CLOSED,2,2026-05-02,2026-04-21 16:13:43,,MEDIUM
8323,8323,2025-10-19 07:20:59,RETAIL_EQUITY_BROKERAGE,CLOSED,2,2025-11-02,2025-10-21 07:20:59,,LOW
8324,8324,2026-08-21 23:43:48,CREDIT_CARD_ISSUANCE,CLOSED,4,2026-09-04,2026-08-22 23:43:48,,LOW
8325,8325,2025-12-23 20:06:11,RETAIL_BANKING,CLOSED,5,2026-01-06,2025-12-26 20:06:11,,MEDIUM
8326,8326,2025-09-01 02:09:24,ESCROW_SERVICES,CLOSED,4,2025-09-15,2025-09-02 02:09:24,,LOW
8327,8327,2026-04-19 05:39:36,DISBURSEMENT_PAYROLL_SERVICES,IN_REVIEW,2,2026-05-03,,,LOW
8328,8328,2026-01-04 23:53:41,RETAIL_BANKING,CLOSED,3,2026-01-18,2026-01-07 23:53:41,,LOW
8329,8329,2026-01-19 11:39:39,ESCROW_SERVICES,CLOSED,5,2026-02-02,2026-01-20 11:39:39,,MEDIUM
8330,8330,2026-08-19 12:29:39,SYNDICATED_LOANS,CLOSED,3,2026-09-02,2026-08-21 12:29:39,,MEDIUM
8331,8331,2026-06-15 20:49:42,CREDIT_CARD_ISSUANCE,CLOSED,4,2026-06-29,2026-06-21 20:49:42,,LOW
8332,8332,2026-07-20 06:58:17,AUTO_FINANCING,OPEN,1,2026-08-03,,,MEDIUM
8333,8333,2026-01-12 06:21:29,ROBO_ADVISORY,CLOSED,4,2026-01-26,2026-01-13 06:21:29,Unverified or expired identity documents,LOW
8334,8334,2026-08-15 05:12:27,MORTGAGE_ORIGINATION,CLOSED,3,2026-08-29,2026-08-16 05:12:27,,LOW
8335,8335,2026-03-14 10:20:28,BESPOKE_PORTFOLIO_MANAGEMENT,CLOSED,1,2026-03-28,2026-03-19 10:20:28,,MEDIUM
8336,8336,2025-11-03 13:36:51,ROBO_ADVISORY,CLOSED,3,2025-11-17,2025-11-04 13:36:51,,LOW
8337,8337,2026-08-07 04:43:26,TERM_LIFE_INSURANCE,CLOSED,3,2026-08-21,2026-08-12 04:43:26,Unverified or expired identity documents,HIGH
8338,8338,2026-02-18 15:31:41,CAMPAIGN_CHECKING_ACCOUNT,CLOSED,2,2026-03-04,2026-02-23 15:31:41,Unverified or expired identity documents,LOW
8339,8339,2026-01-06 08:09:10,MERCHANT_ACQUIRING,CLOSED,5,2026-01-20,2026-01-09 08:09:10,,LOW
8340,8340,2025-12-12 20:43:01,PAYROLL_SERVICES,CLOSED,5,2025-12-26,2025-12-13 20:43:01,,LOW
8341,8341,2025-12-10 23:21:58,AUTO_FINANCING,CLOSED,1,2025-12-24,2025-12-15 23:21:58,Unverified or expired identity documents,HIGH
8342,8342,2025-11-09 10:42:43,RETAIL_BANKING,CLOSED,4,2025-11-23,2025-11-12 10:42:43,,LOW
8343,8343,2026-07-31 14:04:24,TERM_LIFE_INSURANCE,CLOSED,5,2026-08-14,2026-08-02 14:04:24,,LOW
8344,8344,2026-08-09 17:19:41,ESCROW_SERVICES,CLOSED,1,2026-08-23,2026-08-10 17:19:41,,LOW
8345,8345,2026-02-08 03:08:29,CROSS_BORDER_REMITTANCE,CLOSED,3,2026-02-22,2026-02-13 03:08:29,,HIGH
8346,8346,2026-05-14 09:15:24,LIQUIDITY_MANAGEMENT,CLOSED,3,2026-05-28,2026-05-18 09:15:24,,LOW
8347,8347,2026-05-04 16:36:49,HIGH_YIELD_SAVINGS,CLOSED,1,2026-05-18,2026-05-09 16:36:49,,LOW
8348,8348,2025-09-18 07:46:15,COMMERCIAL_LENDING,CLOSED,2,2025-10-02,2025-09-20 07:46:15,,LOW
8349,8349,2025-12-28 16:29:45,HIGH_YIELD_SAVINGS,PENDING_DOCUMENTS,,2026-01-11,,,LOW
8350,8350,2026-08-16 12:40:22,RETAIL_BANKING,CLOSED,4,2026-08-30,2026-08-19 12:40:22,,LOW
8351,8351,2025-09-03 08:26:56,ROBO_ADVISORY,CLOSED,4,2025-09-17,2025-09-07 08:26:56,,LOW
8352,8352,2025-09-24 14:33:40,ESCROW_SERVICES,IN_REVIEW,3,2025-10-08,,,MEDIUM
8353,8353,2025-10-25 14:53:29,AUTO_FINANCING,CLOSED,5,2025-11-08,2025-10-31 14:53:29,,MEDIUM
8354,8354,2025-11-03 17:50:51,ESCROW_SERVICES,CLOSED,4,2025-11-17,2025-11-06 17:50:51,,LOW
8355,8355,2026-03-09 02:07:07,CAMPAIGN_CHECKING_ACCOUNT,CLOSED,1,2026-03-23,2026-03-11 02:07:07,Unverified or expired identity documents,LOW
8356,8356,2026-06-20 03:10:53,BUY_NOW_PAY_LATER,CLOSED,1,2026-07-04,2026-06-22 03:10:53,,LOW
8357,8357,2026-04-10 06:14:39,AUTO_FINANCING,CLOSED,4,2026-04-24,2026-04-14 06:14:39,,LOW
8358,8358,2026-06-16 21:00:15,TERM_LIFE_INSURANCE,CLOSED,4,2026-06-30,2026-06-17 21:00:15,,MEDIUM
8359,8359,2026-08-10 18:52:18,AUTO_FINANCING,CLOSED,2,2026-08-24,2026-08-11 18:52:18,,LOW
8360,8360,2026-06-22 22:59:42,TAX_OPTIMIZED_INVESTING,CLOSED,3,2026-07-06,2026-06-23 22:59:42,,MEDIUM
8361,8361,2026-01-24 08:35:18,FX_HEDGING_SOLUTIONS,PENDING_DOCUMENTS,,2026-02-07,,,HIGH
8362,8362,2025-10-05 19:11:15,CRYPTO_BROKERAGE,CLOSED,4,2025-10-19,2025-10-11 19:11:15,,MEDIUM
8363,8363,2025-09-20 17:26:35,AUTO_FINANCING,CLOSED,3,2025-10-04,2025-09-24 17:26:35,,LOW
8364,8364,2025-10-28 16:26:54,TERM_LIFE_INSURANCE,CLOSED,2,2025-11-11,2025-11-01 16:26:54,Unverified or expired identity documents,HIGH
8365,8365,2026-04-15 03:36:46,CREDIT_CARD_ISSUANCE,CLOSED,5,2026-04-29,2026-04-20 03:36:46,,LOW
8366,8366,2026-07-27 06:26:33,BUY_NOW_PAY_LATER,CLOSED,3,2026-08-10,2026-08-02 06:26:33,,LOW
8367,8367,2026-03-13 08:06:06,BUY_NOW_PAY_LATER,CLOSED,2,2026-03-27,2026-03-15 08:06:06,,LOW
8368,8368,2025-12-17 10:00:52,ROBO_ADVISORY,OPEN,,2025-12-31,,,LOW
8369,8369,2026-05-27 01:09:15,CREDIT_CARD_ISSUANCE,CLOSED,1,2026-06-10,2026-05-29 01:09:15,,LOW
8370,8370,2025-12-19 02:30:42,LETTER_OF_CREDIT,OPEN,,2026-01-02,,,LOW
8371,8371,2025-09-12 18:48:12,CROSS_BORDER_REMITTANCE,CLOSED,2,2025-09-26,2025-09-15 18:48:12,,LOW
8372,8372,2026-05-15 17:23:39,RETAIL_BANKING,CLOSED,2,2026-05-29,2026-05-20 17:23:39,,LOW
8373,8373,2025-08-28 18:35:25,AUTO_FINANCING,CLOSED,4,2025-09-11,2025-08-31 18:35:25,,LOW
8374,8374,2026-07-25 01:28:56,CRYPTO_BROKERAGE,CLOSED,2,2026-08-08,2026-07-29 01:28:56,,LOW
8375,8375,2026-01-30 21:30:32,RETAIL_EQUITY_BROKERAGE,CLOSED,5,2026-02-13,2026-02-01 21:30:32,,HIGH
8376,8376,2026-02-15 13:55:39,CROSS_BORDER_REMITTANCE,CLOSED,2,2026-03-01,2026-02-20 13:55:39,Unverified or expired identity documents,LOW
8377,8377,2026-08-11 13:59:44,INSTITUTIONAL_CRYPTO_CUSTODY,CLOSED,5,2026-08-25,2026-08-13 13:59:44,,MEDIUM
8378,8378,2026-04-17 11:16:36,INSTITUTIONAL_CRYPTO_CUSTODY,CLOSED,1,2026-05-01,2026-04-19 11:16:36,,LOW
8379,8379,2026-06-22 17:17:22,LIQUIDITY_MANAGEMENT,CLOSED,4,2026-07-06,2026-06-25 17:17:22,,LOW
8380,8380,2025-10-01 20:58:49,ROBO_ADVISORY,IN_REVIEW,,2025-10-15,,,LOW
8381,8381,2026-04-25 21:26:47,CAMPAIGN_CHECKING_ACCOUNT,CLOSED,2,2026-05-09,2026-04-28 21:26:47,,LOW
8382,8382,2025-12-09 03:36:23,BALLOT_INITIATIVE_ESCROW,CLOSED,1,2025-12-23,2025-12-15 03:36:23,,LOW
8383,8383,2026-05-25 15:24:39,ROBO_ADVISORY,IN_REVIEW,3,2026-06-08,,,LOW
8384,8384,2026-03-05 15:00:49,COMMERCIAL_LENDING,CLOSED,1,2026-03-19,2026-03-06 15:00:49,,LOW
8385,8385,2025-12-01 12:01:52,HIGH_YIELD_SAVINGS,PENDING_DOCUMENTS,,2025-12-15,,,LOW
8386,8386,2025-09-07 09:17:01,CREDIT_CARD_ISSUANCE,CLOSED,5,2025-09-21,2025-09-13 09:17:01,,LOW
8387,8387,2026-05-31 21:53:01,SYNDICATED_LOANS,CLOSED,2,2026-06-14,2026-06-01 21:53:01,,LOW
8388,8388,2025-12-22 04:34:29,HIGH_YIELD_SAVINGS,CLOSED,3,2026-01-05,2025-12-27 04:34:29,,LOW
8389,8389,2025-10-20 22:25:07,ASSET_PROTECTION_TRUSTS,CLOSED,5,2025-11-03,2025-10-21 22:25:07,Unverified or expired identity documents,LOW
8390,8390,2025-12-24 01:12:52,RETAIL_BANKING,CLOSED,3,2026-01-07,2025-12-26 01:12:52,,HIGH
8391,8391,2026-05-22 19:31:32,RETAIL_BANKING,CLOSED,5,2026-06-05,2026-05-24 19:31:32,,MEDIUM
8392,8392,2026-03-21 12:04:54,CROSS_BORDER_REMITTANCE,CLOSED,1,2026-04-04,2026-03-22 12:04:54,,LOW
8393,8393,2026-08-14 15:53:36,CREDIT_CARD_ISSUANCE,CLOSED,4,2026-08-28,2026-08-19 15:53:36,Unverified or expired identity documents,MEDIUM
8394,8394,2026-07-11 21:59:44,ROBO_ADVISORY,CLOSED,3,2026-07-25,2026-07-12 21:59:44,Unverified or expired identity documents,HIGH
8395,8395,2025-12-12 13:48:23,AUTO_FINANCING,CLOSED,4,2025-12-26,2025-12-15 13:48:23,,LOW
8396,8396,2025-11-11 20:10:22,PAYROLL_SERVICES,CLOSED,1,2025-11-25,2025-11-15 20:10:22,Unverified or expired identity documents,MEDIUM
8397,8397,2026-07-03 05:26:27,MORTGAGE_ORIGINATION,CLOSED,4,2026-07-17,2026-07-07 05:26:27,Unverified or expired identity documents,LOW
8398,8398,2025-10-04 06:30:15,PRIVATE_EQUITY_FEEDER,CLOSED,1,2025-10-18,2025-10-10 06:30:15,,LOW
8399,8399,2025-10-15 01:38:12,PERSONAL_LOAN,CLOSED,4,2025-10-29,2025-10-20 01:38:12,,LOW
8400,8400,2025-11-14 04:53:46,BUY_NOW_PAY_LATER,IN_REVIEW,5,2025-11-28,,,LOW
8401,8401,2026-03-16 20:57:10,COMMERCIAL_LENDING,CLOSED,4,2026-03-30,2026-03-18 20:57:10,,LOW
8402,8402,2026-05-16 07:08:33,AUTO_FINANCING,OPEN,,2026-05-30,,,LOW
8403,8403,2026-05-10 00:29:21,TERM_LIFE_INSURANCE,CLOSED,1,2026-05-24,2026-05-12 00:29:21,,HIGH
8404,8404,2025-12-12 03:37:50,BUY_NOW_PAY_LATER,CLOSED,3,2025-12-26,2025-12-16 03:37:50,,MEDIUM
8405,8405,2026-03-20 22:15:23,MORTGAGE_ORIGINATION,CLOSED,2,2026-04-03,2026-03-23 22:15:23,,LOW
8406,8406,2025-10-21 07:53:52,RETAIL_EQUITY_BROKERAGE,CLOSED,2,2025-11-04,2025-10-26 07:53:52,,HIGH
8407,8407,2026-07-20 13:21:33,FX_HEDGING_SOLUTIONS,CLOSED,5,2026-08-03,2026-07-21 13:21:33,,MEDIUM
8408,8408,2025-08-26 19:06:53,FX_HEDGING_SOLUTIONS,CLOSED,3,2025-09-09,2025-09-01 19:06:53,,LOW
8409,8409,2026-02-02 08:26:57,COMMERCIAL_LENDING,CLOSED,4,2026-02-16,2026-02-03 08:26:57,,LOW
8410,8410,2026-05-07 04:55:36,HIGH_VOLUME_MERCHANT_GATEWAY,OPEN,,2026-05-21,,,LOW
8411,8411,2026-03-27 10:21:34,TRADE_FINANCE_CREDIT_INSURANCE,CLOSED,2,2026-04-10,2026-03-31 10:21:34,,LOW
8412,8412,2025-12-29 12:23:29,CORPORATE_CREDIT_CARD,CLOSED,4,2026-01-12,2025-12-31 12:23:29,,HIGH
8413,8413,2025-10-22 08:04:12,RETAIL_EQUITY_BROKERAGE,OPEN,,2025-11-05,,,HIGH
8414,8414,2025-09-19 19:36:59,CROSS_BORDER_REMITTANCE,CLOSED,1,2025-10-03,2025-09-23 19:36:59,,LOW
8415,8415,2026-01-16 06:51:08,TREASURY_MANAGEMENT,PENDING_DOCUMENTS,,2026-01-30,,,LOW
8416,8416,2025-11-23 21:55:17,TRADE_FINANCE_CREDIT_INSURANCE,CLOSED,1,2025-12-07,2025-11-29 21:55:17,Unverified or expired identity documents,HIGH
8417,8417,2025-11-27 04:50:21,AUTO_FINANCING,CLOSED,4,2025-12-11,2025-11-29 04:50:21,,MEDIUM
8418,8418,2026-03-06 23:19:24,LIQUIDITY_MANAGEMENT,OPEN,2,2026-03-20,,,LOW
8419,8419,2025-11-20 23:27:15,REGULATORY_REPORTING_INTEGRATION,CLOSED,1,2025-12-04,2025-11-23 23:27:15,,LOW
8420,8420,2025-12-12 16:44:02,COMPLIANCE_RESTRICTED_DEPOSIT_ACCOUNT,CLOSED,2,2025-12-26,2025-12-13 16:44:02,Unverified or expired identity documents,LOW
8421,8421,2026-06-18 06:42:31,CREDIT_CARD_ISSUANCE,OPEN,5,2026-07-02,,,LOW
8422,8422,2025-12-19 14:28:29,MORTGAGE_ORIGINATION,CLOSED,2,2026-01-02,2025-12-24 14:28:29,,LOW
8423,8423,2025-11-08 05:05:26,CROSS_BORDER_REMITTANCE,CLOSED,4,2025-11-22,2025-11-13 05:05:26,Unverified or expired identity documents,LOW
8424,8424,2026-06-07 09:42:54,CORPORATE_CREDIT_CARD,CLOSED,4,2026-06-21,2026-06-08 09:42:54,,LOW
8425,8425,2026-05-12 02:39:39,RETAIL_EQUITY_BROKERAGE,OPEN,1,2026-05-26,,,LOW
8426,8426,2026-01-20 13:52:53,RETAIL_EQUITY_BROKERAGE,CLOSED,2,2026-02-03,2026-01-25 13:52:53,,LOW
8427,8427,2026-03-18 23:57:29,CROSS_BORDER_REMITTANCE,CLOSED,2,2026-04-01,2026-03-21 23:57:29,,HIGH
8428,8428,2026-02-02 16:38:35,INSTITUTIONAL_CRYPTO_CUSTODY,CLOSED,4,2026-02-16,2026-02-04 16:38:35,,MEDIUM
8429,8429,2026-04-02 10:15:45,CROSS_BORDER_REMITTANCE,CLOSED,5,2026-04-16,2026-04-04 10:15:45,,MEDIUM
8430,8430,2025-12-31 06:31:25,COMMERCIAL_LENDING,CLOSED,2,2026-01-14,2026-01-04 06:31:25,Unverified or expired identity documents,MEDIUM
8431,8431,2026-06-23 09:51:26,RETAIL_BANKING,CLOSED,3,2026-07-07,2026-06-26 09:51:26,,LOW
8432,8432,2026-06-07 21:34:48,HIGH_YIELD_SAVINGS,CLOSED,3,2026-06-21,2026-06-12 21:34:48,,LOW
8433,8433,2026-04-23 20:04:15,BESPOKE_PORTFOLIO_MANAGEMENT,CLOSED,3,2026-05-07,2026-04-27 20:04:15,,LOW
8434,8434,2026-06-12 01:50:51,CROSS_BORDER_REMITTANCE,CLOSED,2,2026-06-26,2026-06-17 01:50:51,,LOW
8435,8435,2026-01-25 13:26:24,LIQUIDITY_MANAGEMENT,CLOSED,2,2026-02-08,2026-01-27 13:26:24,,LOW
8436,8436,2026-07-13 20:11:23,SECURITIES_BASED_LENDING,CLOSED,2,2026-07-27,2026-07-19 20:11:23,,LOW
8437,8437,2026-05-08 16:12:33,LETTER_OF_CREDIT,CLOSED,5,2026-05-22,2026-05-09 16:12:33,,LOW
8438,8438,2026-05-31 20:57:47,RETAIL_EQUITY_BROKERAGE,CLOSED,3,2026-06-14,2026-06-06 20:57:47,,MEDIUM
8439,8439,2026-08-19 07:11:53,BUY_NOW_PAY_LATER,CLOSED,1,2026-09-02,2026-08-21 07:11:53,,LOW
8440,8440,2025-12-01 20:21:17,RETAIL_EQUITY_BROKERAGE,CLOSED,2,2025-12-15,2025-12-03 20:21:17,,LOW
8441,8441,2026-07-12 00:10:27,SECURITIES_BASED_LENDING,IN_REVIEW,,2026-07-26,,,MEDIUM
8442,8442,2026-02-21 04:20:52,ROBO_ADVISORY,CLOSED,5,2026-03-07,2026-02-22 04:20:52,,LOW
8443,8443,2026-07-31 04:02:21,HIGH_YIELD_SAVINGS,CLOSED,5,2026-08-14,2026-08-05 04:02:21,,LOW
8444,8444,2026-02-01 06:01:41,MORTGAGE_ORIGINATION,OPEN,,2026-02-15,,,LOW
8445,8445,2026-03-18 11:08:26,TAX_OPTIMIZED_INVESTING,CLOSED,1,2026-04-01,2026-03-20 11:08:26,,MEDIUM
8446,8446,2026-02-21 06:53:58,TERM_LIFE_INSURANCE,IN_REVIEW,5,2026-03-07,,,MEDIUM
8447,8447,2026-07-16 07:08:30,CREDIT_CARD_ISSUANCE,CLOSED,5,2026-07-30,2026-07-18 07:08:30,,MEDIUM
8448,8448,2025-11-03 08:32:36,REGULATORY_REPORTING_INTEGRATION,CLOSED,4,2025-11-17,2025-11-08 08:32:36,,LOW
8449,8449,2026-06-13 05:59:52,RETAIL_EQUITY_BROKERAGE,CLOSED,4,2026-06-27,2026-06-18 05:59:52,,LOW
8450,8450,2025-09-11 21:13:20,CREDIT_CARD_ISSUANCE,CLOSED,1,2025-09-25,2025-09-15 21:13:20,,MEDIUM
8451,8451,2025-10-24 12:59:16,BUY_NOW_PAY_LATER,CLOSED,1,2025-11-07,2025-10-27 12:59:16,,MEDIUM
8452,8452,2025-09-23 04:39:35,RETAIL_EQUITY_BROKERAGE,CLOSED,4,2025-10-07,2025-09-27 04:39:35,,LOW
8453,8453,2026-02-13 23:47:55,RETAIL_BANKING,CLOSED,4,2026-02-27,2026-02-17 23:47:55,,MEDIUM
8454,8454,2026-03-30 15:36:22,RETAIL_BANKING,CLOSED,2,2026-04-13,2026-04-04 15:36:22,,LOW
8455,8455,2026-03-02 23:03:27,RETAIL_EQUITY_BROKERAGE,CLOSED,2,2026-03-16,2026-03-03 23:03:27,,LOW
8456,8456,2025-09-22 23:42:42,AUTO_FINANCING,CLOSED,5,2025-10-06,2025-09-26 23:42:42,,LOW
8457,8457,2026-06-14 12:51:46,DISBURSEMENT_PAYROLL_SERVICES,OPEN,2,2026-06-28,,,LOW
8458,8458,2026-07-24 06:38:15,DISBURSEMENT_PAYROLL_SERVICES,PENDING_DOCUMENTS,1,2026-08-07,,,LOW
8459,8459,2026-01-03 13:14:45,SECURITIES_BASED_LENDING,CLOSED,2,2026-01-17,2026-01-07 13:14:45,,LOW
8460,8460,2026-07-23 22:56:50,TERM_LIFE_INSURANCE,CLOSED,2,2026-08-06,2026-07-28 22:56:50,,LOW
8461,8461,2025-10-23 10:46:45,BENEFICIARY_DISBURSEMENT_SERVICES,CLOSED,1,2025-11-06,2025-10-29 10:46:45,,HIGH
8462,8462,2026-06-22 14:18:18,CORPORATE_ACCOUNT,PENDING_DOCUMENTS,5,2026-07-06,,,LOW
8463,8463,2026-02-15 16:22:59,RETAIL_EQUITY_BROKERAGE,PENDING_DOCUMENTS,5,2026-03-01,,,MEDIUM
8464,8464,2026-02-01 11:05:36,CROSS_BORDER_REMITTANCE,CLOSED,4,2026-02-15,2026-02-05 11:05:36,Unverified or expired identity documents,HIGH
8465,8465,2025-10-21 07:51:25,RETAIL_EQUITY_BROKERAGE,CLOSED,4,2025-11-04,2025-10-22 07:51:25,,LOW
8466,8466,2026-03-09 20:48:33,ROBO_ADVISORY,CLOSED,4,2026-03-23,2026-03-13 20:48:33,,LOW
8467,8467,2025-10-09 07:46:51,CROSS_BORDER_REMITTANCE,CLOSED,5,2025-10-23,2025-10-11 07:46:51,,LOW
8468,8468,2026-02-06 01:05:56,RETAIL_EQUITY_BROKERAGE,CLOSED,4,2026-02-20,2026-02-07 01:05:56,,LOW
8469,8469,2026-07-27 01:08:15,AUTO_FINANCING,CLOSED,4,2026-08-10,2026-07-30 01:08:15,,LOW
8470,8470,2026-01-23 22:53:54,RETAIL_BANKING,CLOSED,5,2026-02-06,2026-01-27 22:53:54,Unverified or expired identity documents,MEDIUM
8471,8471,2026-01-21 21:58:05,REGULATORY_REPORTING_INTEGRATION,OPEN,,2026-02-04,,,HIGH
8472,8472,2026-05-02 02:09:15,BESPOKE_PORTFOLIO_MANAGEMENT,CLOSED,2,2026-05-16,2026-05-05 02:09:15,,MEDIUM
8473,8473,2025-12-04 17:43:27,MERCHANT_ACQUIRING,CLOSED,2,2025-12-18,2025-12-05 17:43:27,,MEDIUM
8474,8474,2026-03-26 16:43:19,RETAIL_EQUITY_BROKERAGE,CLOSED,5,2026-04-09,2026-03-31 16:43:19,,MEDIUM
8475,8475,2025-09-17 10:59:01,MERCHANT_ACQUIRING,CLOSED,1,2025-10-01,2025-09-19 10:59:01,,LOW
8476,8476,2025-10-20 18:46:11,AUTO_FINANCING,IN_REVIEW,5,2025-11-03,,,LOW
8477,8477,2025-12-04 12:44:28,RETAIL_BANKING,CLOSED,5,2025-12-18,2025-12-10 12:44:28,,MEDIUM
8478,8478,2025-11-09 10:03:53,CREDIT_CARD_ISSUANCE,CLOSED,1,2025-11-23,2025-11-15 10:03:53,Unverified or expired identity documents,MEDIUM
8479,8479,2026-02-14 20:10:17,HIGH_YIELD_SAVINGS,CLOSED,3,2026-02-28,2026-02-17 20:10:17,Unverified or expired identity documents,HIGH
8480,8480,2026-08-09 04:46:53,CRYPTO_BROKERAGE,PENDING_DOCUMENTS,,2026-08-23,,,LOW
8481,8481,2026-03-19 11:27:28,CREDIT_CARD_ISSUANCE,CLOSED,1,2026-04-02,2026-03-21 11:27:28,,HIGH
8482,8482,2025-10-29 20:10:42,CRYPTO_BROKERAGE,CLOSED,4,2025-11-12,2025-11-01 20:10:42,,LOW
8483,8483,2026-04-10 13:19:41,PERSONAL_LOAN,CLOSED,1,2026-04-24,2026-04-14 13:19:41,,LOW
8484,8484,2025-08-29 01:05:20,TRADE_FINANCE_CREDIT_INSURANCE,CLOSED,3,2025-09-12,2025-09-02 01:05:20,,LOW
8485,8485,2025-12-23 22:13:55,RETAIL_BANKING,CLOSED,5,2026-01-06,2025-12-24 22:13:55,,LOW
8486,8486,2025-08-27 17:00:38,RETAIL_BANKING,CLOSED,3,2025-09-10,2025-08-31 17:00:38,,LOW
8487,8487,2026-08-19 07:11:30,RETAIL_EQUITY_BROKERAGE,PENDING_DOCUMENTS,,2026-09-02,,,HIGH
8488,8488,2025-08-26 04:27:30,BUY_NOW_PAY_LATER,CLOSED,4,2025-09-09,2025-08-27 04:27:30,,LOW
8489,8489,2025-10-02 23:35:21,ROBO_ADVISORY,CLOSED,2,2025-10-16,2025-10-03 23:35:21,,LOW
8490,8490,2025-11-28 22:14:02,TRUSTEE_ADMINISTRATION,CLOSED,2,2025-12-12,2025-12-01 22:14:02,,LOW
8491,8491,2026-04-13 05:23:01,RETAIL_EQUITY_BROKERAGE,CLOSED,5,2026-04-27,2026-04-14 05:23:01,,LOW
8492,8492,2026-01-13 06:26:37,ESCROW_SERVICES,CLOSED,2,2026-01-27,2026-01-19 06:26:37,,LOW
8493,8493,2026-02-16 16:09:21,LETTER_OF_CREDIT,OPEN,4,2026-03-02,,,LOW
8494,8494,2026-04-10 04:10:00,BUY_NOW_PAY_LATER,CLOSED,4,2026-04-24,2026-04-11 04:10:00,,MEDIUM
8495,8495,2025-09-18 08:48:47,RETAIL_BANKING,IN_REVIEW,4,2025-10-02,,,LOW
8496,8496,2026-07-30 13:10:50,CROSS_BORDER_REMITTANCE,OPEN,5,2026-08-13,,,MEDIUM
8497,8497,2026-04-14 08:46:19,BESPOKE_PORTFOLIO_MANAGEMENT,CLOSED,4,2026-04-28,2026-04-19 08:46:19,,LOW
8498,8498,2026-06-09 21:58:29,DIRECT_INDEXING,CLOSED,5,2026-06-23,2026-06-15 21:58:29,,LOW
8499,8499,2026-01-10 22:58:30,RETAIL_EQUITY_BROKERAGE,CLOSED,3,2026-01-24,2026-01-15 22:58:30,,MEDIUM
8500,8500,2025-08-29 23:02:15,WEALTH_MANAGEMENT,CLOSED,3,2025-09-12,2025-09-04 23:02:15,,HIGH
8501,8501,2025-10-14 18:19:29,AUTO_FINANCING,CLOSED,5,2025-10-28,2025-10-18 18:19:29,,LOW
8502,8502,2025-09-24 21:57:51,MORTGAGE_ORIGINATION,CLOSED,1,2025-10-08,2025-09-29 21:57:51,,LOW
8503,8503,2025-10-28 04:12:19,FX_HEDGING_SOLUTIONS,CLOSED,2,2025-11-11,2025-10-30 04:12:19,,LOW
8504,8504,2026-05-12 04:39:54,HIGH_YIELD_SAVINGS,CLOSED,3,2026-05-26,2026-05-14 04:39:54,,LOW
8505,8505,2026-08-20 03:20:14,PERSONAL_LOAN,CLOSED,3,2026-09-03,2026-08-26 03:20:14,,LOW
8506,8506,2026-02-24 05:14:49,CORPORATE_ACCOUNT,CLOSED,5,2026-03-10,2026-03-01 05:14:49,,LOW
8507,8507,2026-03-30 01:23:40,SHORT_TERM_LIQUIDITY_MANAGEMENT,CLOSED,4,2026-04-13,2026-04-03 01:23:40,,LOW
8508,8508,2026-06-05 07:34:02,TERM_LIFE_INSURANCE,IN_REVIEW,4,2026-06-19,,,HIGH
8509,8509,2025-11-17 20:36:36,HIGH_YIELD_SAVINGS,CLOSED,4,2025-12-01,2025-11-23 20:36:36,,LOW
8510,8510,2025-12-22 14:38:21,RETAIL_BANKING,OPEN,,2026-01-05,,,MEDIUM
8511,8511,2026-02-05 23:55:32,ESCROW_SERVICES,CLOSED,1,2026-02-19,2026-02-07 23:55:32,,LOW
8512,8512,2026-03-13 08:41:04,PAYROLL_SERVICES,CLOSED,4,2026-03-27,2026-03-17 08:41:04,,MEDIUM
8513,8513,2026-03-07 08:56:40,CROSS_BORDER_REMITTANCE,OPEN,2,2026-03-21,,,HIGH
8514,8514,2025-10-29 00:31:32,CRYPTO_BROKERAGE,CLOSED,4,2025-11-12,2025-10-30 00:31:32,,LOW
8515,8515,2026-04-19 15:34:13,HIGH_YIELD_SAVINGS,CLOSED,4,2026-05-03,2026-04-24 15:34:13,,MEDIUM
8516,8516,2025-11-18 18:51:22,TRADE_FINANCE_CREDIT_INSURANCE,CLOSED,3,2025-12-02,2025-11-21 18:51:22,Unverified or expired identity documents,LOW
8517,8517,2026-06-03 09:20:33,RETAIL_EQUITY_BROKERAGE,CLOSED,3,2026-06-17,2026-06-05 09:20:33,,MEDIUM
8518,8518,2026-08-20 07:34:19,AUTO_FINANCING,CLOSED,4,2026-09-03,2026-08-25 07:34:19,,LOW
8519,8519,2026-05-01 23:39:06,AUTO_FINANCING,CLOSED,4,2026-05-15,2026-05-05 23:39:06,,LOW
8520,8520,2026-02-08 11:30:26,GOVERNMENT_RELATIONS_ESCROW,IN_REVIEW,5,2026-02-22,,,MEDIUM
8521,8521,2026-01-18 08:49:06,RETAIL_EQUITY_BROKERAGE,CLOSED,3,2026-02-01,2026-01-19 08:49:06,,LOW
8522,8522,2025-12-01 04:33:30,CRYPTO_BROKERAGE,CLOSED,5,2025-12-15,2025-12-04 04:33:30,,LOW
8523,8523,2025-09-13 14:01:34,INSTITUTIONAL_CRYPTO_CUSTODY,IN_REVIEW,,2025-09-27,,,LOW
8524,8524,2026-02-26 07:40:43,CREDIT_CARD_ISSUANCE,CLOSED,4,2026-03-12,2026-03-01 07:40:43,,LOW
8525,8525,2025-10-14 15:03:44,AUTO_FINANCING,CLOSED,3,2025-10-28,2025-10-17 15:03:44,Unverified or expired identity documents,HIGH
8526,8526,2026-05-20 08:41:51,RETAIL_BANKING,OPEN,1,2026-06-03,,,LOW
8527,8527,2026-03-21 15:10:08,REGULATORY_REPORTING_INTEGRATION,CLOSED,1,2026-04-04,2026-03-25 15:10:08,,LOW
8528,8528,2026-02-08 00:07:02,PAYROLL_SERVICES,PENDING_DOCUMENTS,,2026-02-22,,,LOW
8529,8529,2025-10-21 15:30:17,CREDIT_CARD_ISSUANCE,CLOSED,4,2025-11-04,2025-10-26 15:30:17,,LOW
8530,8530,2026-05-05 22:26:14,GOVERNMENT_RELATIONS_ESCROW,CLOSED,4,2026-05-19,2026-05-10 22:26:14,Unverified or expired identity documents,MEDIUM
8531,8531,2025-12-01 18:13:05,ROBO_ADVISORY,CLOSED,5,2025-12-15,2025-12-05 18:13:05,,LOW
8532,8532,2025-12-18 00:00:07,HIGH_YIELD_SAVINGS,CLOSED,3,2026-01-01,2025-12-19 00:00:07,,LOW
8533,8533,2026-01-06 03:09:24,CREDIT_CARD_ISSUANCE,CLOSED,5,2026-01-20,2026-01-12 03:09:24,,HIGH
8534,8534,2025-12-26 20:22:27,BUY_NOW_PAY_LATER,CLOSED,3,2026-01-09,2026-01-01 20:22:27,,MEDIUM
8535,8535,2026-02-28 06:30:46,CORPORATE_CREDIT_CARD,CLOSED,4,2026-03-14,2026-03-01 06:30:46,,LOW
8536,8536,2026-07-17 14:46:13,DISBURSEMENT_PAYROLL_SERVICES,OPEN,,2026-07-31,,,LOW
8537,8537,2026-07-31 22:50:27,MORTGAGE_ORIGINATION,CLOSED,1,2026-08-14,2026-08-04 22:50:27,,LOW
8538,8538,2026-02-11 21:28:05,MORTGAGE_ORIGINATION,CLOSED,5,2026-02-25,2026-02-12 21:28:05,,HIGH
8539,8539,2026-03-22 01:47:55,TRADE_FINANCE_CREDIT_INSURANCE,CLOSED,4,2026-04-05,2026-03-24 01:47:55,,LOW
8540,8540,2025-09-05 11:22:02,CRYPTO_BROKERAGE,CLOSED,3,2025-09-19,2025-09-06 11:22:02,,LOW
8541,8541,2026-05-03 00:12:09,ROBO_ADVISORY,CLOSED,3,2026-05-17,2026-05-08 00:12:09,,LOW
8542,8542,2026-06-23 19:05:14,AUTO_FINANCING,CLOSED,4,2026-07-07,2026-06-26 19:05:14,,MEDIUM
8543,8543,2025-09-06 02:39:48,TREASURY_MANAGEMENT,CLOSED,3,2025-09-20,2025-09-09 02:39:48,,LOW
8544,8544,2026-07-17 01:09:16,SHORT_TERM_LIQUIDITY_MANAGEMENT,CLOSED,2,2026-07-31,2026-07-18 01:09:16,,MEDIUM
8545,8545,2026-03-30 17:06:17,MORTGAGE_ORIGINATION,CLOSED,5,2026-04-13,2026-04-04 17:06:17,,MEDIUM
8546,8546,2026-01-29 20:27:49,CRYPTO_BROKERAGE,CLOSED,1,2026-02-12,2026-02-04 20:27:49,,LOW
8547,8547,2025-11-20 12:13:08,RETAIL_BANKING,CLOSED,4,2025-12-04,2025-11-23 12:13:08,,LOW
8548,8548,2026-05-15 01:23:29,ESCROW_SERVICES,CLOSED,4,2026-05-29,2026-05-20 01:23:29,Unverified or expired identity documents,HIGH
8549,8549,2026-06-25 20:35:29,CRYPTO_BROKERAGE,IN_REVIEW,,2026-07-09,,,LOW
8550,8550,2025-08-28 07:41:26,TREASURY_MANAGEMENT,CLOSED,2,2025-09-11,2025-08-30 07:41:26,,MEDIUM
8551,8551,2026-04-21 05:26:14,PERSONAL_LOAN,CLOSED,3,2026-05-05,2026-04-22 05:26:14,,LOW
8552,8552,2025-12-24 14:54:21,BUY_NOW_PAY_LATER,CLOSED,2,2026-01-07,2025-12-28 14:54:21,,LOW
8553,8553,2025-08-31 19:07:39,CROSS_BORDER_REMITTANCE,CLOSED,4,2025-09-14,2025-09-04 19:07:39,Adverse media and PEP screening threshold exceeded,LOW
8554,8554,2026-04-24 06:58:59,LETTER_OF_CREDIT,CLOSED,2,2026-05-08,2026-04-26 06:58:59,,LOW
8555,8555,2026-05-19 13:51:55,RETAIL_EQUITY_BROKERAGE,CLOSED,1,2026-06-02,2026-05-20 13:51:55,,LOW
8556,8556,2026-01-31 19:11:12,ESCROW_SERVICES,CLOSED,4,2026-02-14,2026-02-04 19:11:12,,LOW
8557,8557,2026-05-14 22:16:23,PERSONAL_LOAN,CLOSED,5,2026-05-28,2026-05-20 22:16:23,Unverified or expired identity documents,HIGH
8558,8558,2026-07-10 15:45:55,SYNDICATED_LOANS,CLOSED,1,2026-07-24,2026-07-11 15:45:55,,MEDIUM
8559,8559,2025-12-25 13:15:59,COMPLIANCE_RESTRICTED_DEPOSIT_ACCOUNT,CLOSED,4,2026-01-08,2025-12-27 13:15:59,,LOW
8560,8560,2026-02-09 05:50:45,AUTO_FINANCING,CLOSED,2,2026-02-23,2026-02-11 05:50:45,,LOW
8561,8561,2026-08-15 07:20:48,CROSS_BORDER_REMITTANCE,CLOSED,3,2026-08-29,2026-08-19 07:20:48,,LOW
8562,8562,2026-07-12 02:04:39,AUTO_FINANCING,CLOSED,2,2026-07-26,2026-07-17 02:04:39,,MEDIUM
8563,8563,2025-12-21 18:13:56,AUTO_FINANCING,OPEN,4,2026-01-04,,,HIGH
8564,8564,2026-03-12 10:18:02,TAX_OPTIMIZED_INVESTING,IN_REVIEW,,2026-03-26,,,LOW
8565,8565,2026-08-17 22:04:23,AUTO_FINANCING,CLOSED,3,2026-08-31,2026-08-23 22:04:23,Unverified or expired identity documents,LOW
8566,8566,2026-04-11 01:52:33,TERM_LIFE_INSURANCE,CLOSED,2,2026-04-25,2026-04-16 01:52:33,,LOW
8567,8567,2026-05-18 17:37:03,CROSS_BORDER_REMITTANCE,IN_REVIEW,,2026-06-01,,,MEDIUM
8568,8568,2026-04-08 07:18:51,TAX_OPTIMIZED_INVESTING,CLOSED,1,2026-04-22,2026-04-10 07:18:51,,MEDIUM
8569,8569,2026-07-06 10:35:42,CROSS_BORDER_REMITTANCE,CLOSED,1,2026-07-20,2026-07-08 10:35:42,,LOW
8570,8570,2025-09-17 04:46:41,RETAIL_EQUITY_BROKERAGE,CLOSED,5,2025-10-01,2025-09-18 04:46:41,,LOW
8571,8571,2026-05-13 17:57:56,FX_HEDGING_SOLUTIONS,CLOSED,5,2026-05-27,2026-05-15 17:57:56,,MEDIUM
8572,8572,2026-04-14 11:02:49,HIGH_VOLUME_MERCHANT_GATEWAY,CLOSED,3,2026-04-28,2026-04-17 11:02:49,,MEDIUM
8573,8573,2025-09-29 02:27:58,GOVERNMENT_RELATIONS_ESCROW,CLOSED,1,2025-10-13,2025-10-03 02:27:58,,MEDIUM
8574,8574,2025-11-27 06:52:07,TREASURY_MANAGEMENT,CLOSED,4,2025-12-11,2025-11-28 06:52:07,,LOW
8575,8575,2025-10-26 09:16:07,ROBO_ADVISORY,CLOSED,2,2025-11-09,2025-11-01 09:16:07,Unverified or expired identity documents,MEDIUM
8576,8576,2025-12-16 18:39:56,MORTGAGE_ORIGINATION,IN_REVIEW,,2025-12-30,,,LOW
8577,8577,2025-09-07 08:08:02,CRYPTO_BROKERAGE,CLOSED,3,2025-09-21,2025-09-09 08:08:02,,LOW
8578,8578,2026-05-26 02:53:16,LIQUIDITY_MANAGEMENT,CLOSED,5,2026-06-09,2026-05-27 02:53:16,Unverified or expired identity documents,HIGH
8579,8579,2025-11-17 14:38:19,CREDIT_CARD_ISSUANCE,CLOSED,1,2025-12-01,2025-11-22 14:38:19,,MEDIUM
8580,8580,2025-12-02 05:59:40,DISBURSEMENT_PAYROLL_SERVICES,CLOSED,3,2025-12-16,2025-12-03 05:59:40,,LOW
8581,8581,2026-07-13 15:05:09,MORTGAGE_ORIGINATION,CLOSED,3,2026-07-27,2026-07-19 15:05:09,,LOW
8582,8582,2026-07-12 03:34:03,TERM_LIFE_INSURANCE,IN_REVIEW,3,2026-07-26,,,LOW
8583,8583,2026-01-01 20:55:11,HIGH_VOLUME_MERCHANT_GATEWAY,CLOSED,5,2026-01-15,2026-01-03 20:55:11,,LOW
8584,8584,2025-11-02 03:40:16,PERSONAL_LOAN,CLOSED,3,2025-11-16,2025-11-08 03:40:16,,LOW
8585,8585,2026-02-06 05:03:09,PHILANTHROPY_ENDOWMENT_MANAGEMENT,CLOSED,5,2026-02-20,2026-02-09 05:03:09,,LOW
8586,8586,2025-09-22 19:51:52,MERCHANT_ACQUIRING,CLOSED,3,2025-10-06,2025-09-28 19:51:52,,LOW
8587,8587,2025-11-01 15:06:28,CRYPTO_BROKERAGE,CLOSED,5,2025-11-15,2025-11-03 15:06:28,Unverified or expired identity documents,MEDIUM
8588,8588,2025-08-26 18:43:25,PERSONAL_LOAN,CLOSED,5,2025-09-09,2025-09-01 18:43:25,,MEDIUM
8589,8589,2026-02-03 17:55:58,INSTITUTIONAL_CRYPTO_CUSTODY,CLOSED,5,2026-02-17,2026-02-06 17:55:58,,LOW
8590,8590,2026-03-27 07:42:49,TAX_OPTIMIZED_INVESTING,CLOSED,5,2026-04-10,2026-03-29 07:42:49,,LOW
8591,8591,2025-09-08 03:32:51,COMMERCIAL_LENDING,CLOSED,3,2025-09-22,2025-09-12 03:32:51,,LOW
8592,8592,2026-03-26 08:20:25,RETAIL_EQUITY_BROKERAGE,IN_REVIEW,,2026-04-09,,,LOW
8593,8593,2026-07-14 07:50:46,TERM_LIFE_INSURANCE,CLOSED,3,2026-07-28,2026-07-20 07:50:46,Unverified or expired identity documents,MEDIUM
8594,8594,2026-01-09 01:56:20,BALLOT_INITIATIVE_ESCROW,CLOSED,1,2026-01-23,2026-01-13 01:56:20,,MEDIUM
8595,8595,2025-11-21 01:01:53,DIRECT_INDEXING,CLOSED,3,2025-12-05,2025-11-27 01:01:53,,LOW
8596,8596,2026-05-13 17:53:35,DISBURSEMENT_PAYROLL_SERVICES,CLOSED,2,2026-05-27,2026-05-15 17:53:35,Adverse media and PEP screening threshold exceeded,MEDIUM
8597,8597,2026-01-26 09:18:00,ROBO_ADVISORY,CLOSED,3,2026-02-09,2026-01-31 09:18:00,,LOW
8598,8598,2026-04-24 06:32:12,ROBO_ADVISORY,CLOSED,2,2026-05-08,2026-04-25 06:32:12,,HIGH
8599,8599,2025-10-31 08:21:23,CRYPTO_BROKERAGE,CLOSED,3,2025-11-14,2025-11-04 08:21:23,,LOW
8600,8600,2026-03-27 22:14:08,RETAIL_BANKING,PENDING_DOCUMENTS,5,2026-04-10,,,LOW
8601,8601,2026-05-19 00:56:37,AUTO_FINANCING,CLOSED,3,2026-06-02,2026-05-24 00:56:37,,LOW
8602,8602,2025-10-06 23:07:57,AUTO_FINANCING,CLOSED,1,2025-10-20,2025-10-08 23:07:57,,LOW
8603,8603,2025-10-25 15:30:40,TERM_LIFE_INSURANCE,CLOSED,4,2025-11-08,2025-10-27 15:30:40,,MEDIUM
8604,8604,2026-01-17 15:13:02,COMPLIANCE_RESTRICTED_DEPOSIT_ACCOUNT,CLOSED,5,2026-01-31,2026-01-23 15:13:02,,LOW
8605,8605,2026-06-26 15:04:07,INSTITUTIONAL_CRYPTO_CUSTODY,CLOSED,2,2026-07-10,2026-06-27 15:04:07,,LOW
8606,8606,2026-02-18 04:57:47,TERM_LIFE_INSURANCE,CLOSED,5,2026-03-04,2026-02-24 04:57:47,,LOW
8607,8607,2025-10-26 21:36:57,ESCROW_SERVICES,CLOSED,3,2025-11-09,2025-10-28 21:36:57,,LOW
8608,8608,2025-10-01 22:15:44,BESPOKE_PORTFOLIO_MANAGEMENT,CLOSED,4,2025-10-15,2025-10-07 22:15:44,,LOW
8609,8609,2025-08-26 20:01:07,CRYPTO_BROKERAGE,CLOSED,4,2025-09-09,2025-09-01 20:01:07,,LOW
8610,8610,2026-05-29 22:33:32,PERSONAL_LOAN,CLOSED,3,2026-06-12,2026-06-02 22:33:32,,LOW
8611,8611,2025-11-17 12:03:31,MORTGAGE_ORIGINATION,CLOSED,1,2025-12-01,2025-11-23 12:03:31,,MEDIUM
8612,8612,2026-05-09 03:19:38,TERM_LIFE_INSURANCE,CLOSED,4,2026-05-23,2026-05-10 03:19:38,,LOW
8613,8613,2026-01-06 16:56:03,LETTER_OF_CREDIT,IN_REVIEW,1,2026-01-20,,,LOW
8614,8614,2026-08-11 11:42:46,AUTO_FINANCING,CLOSED,1,2026-08-25,2026-08-15 11:42:46,,LOW
8615,8615,2026-07-01 14:26:08,WEALTH_MANAGEMENT,CLOSED,3,2026-07-15,2026-07-03 14:26:08,,LOW
8616,8616,2026-06-22 01:36:31,TERM_LIFE_INSURANCE,CLOSED,2,2026-07-06,2026-06-27 01:36:31,,LOW
8617,8617,2026-01-23 01:16:20,CREDIT_CARD_ISSUANCE,CLOSED,2,2026-02-06,2026-01-25 01:16:20,,HIGH
8618,8618,2025-08-26 12:18:05,ROBO_ADVISORY,IN_REVIEW,3,2025-09-09,,,LOW
8619,8619,2026-07-07 15:02:48,ESCROW_SERVICES,CLOSED,4,2026-07-21,2026-07-08 15:02:48,Unverified or expired identity documents,MEDIUM
8620,8620,2026-03-04 22:41:37,RETAIL_EQUITY_BROKERAGE,IN_REVIEW,5,2026-03-18,,,LOW
8621,8621,2026-08-09 12:23:31,RETAIL_BANKING,IN_REVIEW,,2026-08-23,,,LOW
8622,8622,2026-07-15 00:25:55,CAMPAIGN_CHECKING_ACCOUNT,CLOSED,2,2026-07-29,2026-07-20 00:25:55,,LOW
8623,8623,2025-08-25 14:32:45,PAYROLL_SERVICES,PENDING_DOCUMENTS,4,2025-09-08,,,HIGH
8624,8624,2026-02-26 03:37:37,COMPLIANCE_RESTRICTED_DEPOSIT_ACCOUNT,IN_REVIEW,1,2026-03-12,,,LOW
8625,8625,2025-11-12 13:53:10,LIQUIDITY_MANAGEMENT,CLOSED,4,2025-11-26,2025-11-13 13:53:10,,LOW
8626,8626,2025-10-31 10:12:02,FX_HEDGING_SOLUTIONS,CLOSED,4,2025-11-14,2025-11-06 10:12:02,,LOW
8627,8627,2026-01-08 08:05:13,PERSONAL_LOAN,IN_REVIEW,4,2026-01-22,,,LOW
8628,8628,2026-08-14 23:45:50,CRYPTO_BROKERAGE,CLOSED,3,2026-08-28,2026-08-20 23:45:50,,MEDIUM
8629,8629,2026-07-29 08:16:22,CRYPTO_BROKERAGE,CLOSED,1,2026-08-12,2026-08-03 08:16:22,,MEDIUM
8630,8630,2026-03-07 09:23:14,AUTO_FINANCING,CLOSED,4,2026-03-21,2026-03-12 09:23:14,,LOW
8631,8631,2026-07-07 03:55:05,RETAIL_BANKING,CLOSED,2,2026-07-21,2026-07-09 03:55:05,Unverified or expired identity documents,HIGH
8632,8632,2025-10-30 06:08:28,AUTO_FINANCING,CLOSED,2,2025-11-13,2025-11-01 06:08:28,,MEDIUM
8633,8633,2026-04-23 08:29:42,RETAIL_BANKING,CLOSED,1,2026-05-07,2026-04-27 08:29:42,,LOW
8634,8634,2026-06-21 00:08:21,DISBURSEMENT_PAYROLL_SERVICES,OPEN,,2026-07-05,,,LOW
8635,8635,2026-04-21 22:34:13,HIGH_YIELD_SAVINGS,CLOSED,3,2026-05-05,2026-04-27 22:34:13,,LOW
8636,8636,2026-08-11 07:36:21,COMMERCIAL_LENDING,IN_REVIEW,,2026-08-25,,,LOW
8637,8637,2026-08-22 06:09:51,FIDUCIARY_CUSTODY_ACCOUNT,PENDING_DOCUMENTS,1,2026-09-05,,,HIGH
8638,8638,2026-04-05 10:14:27,CREDIT_CARD_ISSUANCE,CLOSED,1,2026-04-19,2026-04-09 10:14:27,,MEDIUM
8639,8639,2026-08-16 11:58:41,RETAIL_BANKING,CLOSED,1,2026-08-30,2026-08-21 11:58:41,,LOW
8640,8640,2026-03-17 11:39:58,RETAIL_EQUITY_BROKERAGE,CLOSED,5,2026-03-31,2026-03-23 11:39:58,,LOW
8641,8641,2026-05-25 14:25:11,HIGH_YIELD_SAVINGS,IN_REVIEW,,2026-06-08,,,LOW
8642,8642,2026-04-29 05:53:45,MORTGAGE_ORIGINATION,CLOSED,3,2026-05-13,2026-05-05 05:53:45,,MEDIUM
8643,8643,2026-02-24 18:43:15,HIGH_YIELD_SAVINGS,CLOSED,4,2026-03-10,2026-02-26 18:43:15,,LOW
8644,8644,2025-09-08 11:45:52,RETAIL_EQUITY_BROKERAGE,IN_REVIEW,4,2025-09-22,,,MEDIUM
8645,8645,2026-05-03 18:49:00,CORPORATE_CREDIT_CARD,CLOSED,1,2026-05-17,2026-05-08 18:49:00,,LOW
8646,8646,2026-03-14 08:45:58,PERSONAL_LOAN,CLOSED,4,2026-03-28,2026-03-16 08:45:58,,LOW
8647,8647,2025-09-26 21:02:10,BUY_NOW_PAY_LATER,OPEN,,2025-10-10,,,LOW
8648,8648,2026-07-31 00:14:04,HIGH_YIELD_SAVINGS,PENDING_DOCUMENTS,4,2026-08-14,,,LOW
8649,8649,2026-08-14 23:48:25,RETAIL_EQUITY_BROKERAGE,CLOSED,5,2026-08-28,2026-08-18 23:48:25,,LOW
8650,8650,2025-10-04 10:30:08,AUTO_FINANCING,CLOSED,3,2025-10-18,2025-10-05 10:30:08,,LOW
8651,8651,2026-03-16 12:24:10,BESPOKE_PORTFOLIO_MANAGEMENT,CLOSED,5,2026-03-30,2026-03-19 12:24:10,,LOW
8652,8652,2026-08-09 10:45:54,FX_HEDGING_SOLUTIONS,IN_REVIEW,2,2026-08-23,,,LOW
8653,8653,2026-06-19 00:54:12,RETAIL_EQUITY_BROKERAGE,CLOSED,4,2026-07-03,2026-06-23 00:54:12,,MEDIUM
8654,8654,2026-08-06 06:49:01,MERCHANT_ACQUIRING,CLOSED,4,2026-08-20,2026-08-12 06:49:01,,LOW
8655,8655,2026-04-18 08:29:34,TERM_LIFE_INSURANCE,CLOSED,1,2026-05-02,2026-04-22 08:29:34,Unverified or expired identity documents,HIGH
8656,8656,2026-01-20 06:48:36,ROBO_ADVISORY,CLOSED,2,2026-02-03,2026-01-26 06:48:36,,LOW
8657,8657,2026-06-10 06:40:08,LETTER_OF_CREDIT,CLOSED,1,2026-06-24,2026-06-15 06:40:08,,LOW
8658,8658,2026-07-13 21:43:06,TERM_LIFE_INSURANCE,CLOSED,1,2026-07-27,2026-07-16 21:43:06,,LOW
8659,8659,2026-08-20 12:59:46,FX_HEDGING_SOLUTIONS,CLOSED,4,2026-09-03,2026-08-26 12:59:46,,LOW
8660,8660,2026-07-11 18:25:30,AUTO_FINANCING,CLOSED,1,2026-07-25,2026-07-17 18:25:30,,LOW
8661,8661,2026-03-18 13:34:28,BUY_NOW_PAY_LATER,OPEN,5,2026-04-01,,,LOW
8662,8662,2026-03-19 16:53:45,RETAIL_EQUITY_BROKERAGE,CLOSED,2,2026-04-02,2026-03-21 16:53:45,,LOW
8663,8663,2025-12-24 16:47:44,RETAIL_BANKING,CLOSED,5,2026-01-07,2025-12-30 16:47:44,,LOW
8664,8664,2025-12-30 00:10:19,CAMPAIGN_CHECKING_ACCOUNT,CLOSED,4,2026-01-13,2026-01-03 00:10:19,Unverified or expired identity documents,LOW
8665,8665,2026-01-19 12:11:09,TERM_LIFE_INSURANCE,CLOSED,3,2026-02-02,2026-01-20 12:11:09,,LOW
8666,8666,2026-01-17 16:55:25,MORTGAGE_ORIGINATION,CLOSED,3,2026-01-31,2026-01-22 16:55:25,,LOW
8667,8667,2025-10-13 22:13:00,CROSS_BORDER_REMITTANCE,CLOSED,5,2025-10-27,2025-10-14 22:13:00,,MEDIUM
8668,8668,2026-08-22 10:37:51,CREDIT_CARD_ISSUANCE,CLOSED,3,2026-09-05,2026-08-26 10:37:51,Unverified or expired identity documents,MEDIUM
8669,8669,2026-06-09 19:39:21,CREDIT_CARD_ISSUANCE,CLOSED,4,2026-06-23,2026-06-13 19:39:21,,MEDIUM
8670,8670,2026-02-05 05:03:55,CORPORATE_ACCOUNT,CLOSED,3,2026-02-19,2026-02-07 05:03:55,,LOW
8671,8671,2026-01-04 17:11:22,CRYPTO_BROKERAGE,OPEN,2,2026-01-18,,,LOW
8672,8672,2026-03-24 02:22:39,MORTGAGE_ORIGINATION,CLOSED,4,2026-04-07,2026-03-29 02:22:39,,LOW
8673,8673,2026-03-23 04:42:59,CROSS_BORDER_REMITTANCE,CLOSED,1,2026-04-06,2026-03-28 04:42:59,,LOW
8674,8674,2026-05-06 22:44:51,TERM_LIFE_INSURANCE,CLOSED,1,2026-05-20,2026-05-10 22:44:51,,LOW
8675,8675,2026-02-08 05:13:00,AUTO_FINANCING,IN_REVIEW,5,2026-02-22,,,MEDIUM
8676,8676,2025-10-24 10:43:02,SYNDICATED_LOANS,CLOSED,4,2025-11-07,2025-10-26 10:43:02,,LOW
8677,8677,2026-04-15 20:18:33,ESTATE_PLANNING_SERVICES,CLOSED,5,2026-04-29,2026-04-16 20:18:33,,LOW
8678,8678,2025-12-17 19:26:42,SYNDICATED_LOANS,CLOSED,4,2025-12-31,2025-12-21 19:26:42,Unverified or expired identity documents,LOW
8679,8679,2025-12-01 11:06:18,MERCHANT_ACQUIRING,CLOSED,1,2025-12-15,2025-12-06 11:06:18,,LOW
8680,8680,2026-03-31 15:45:31,CREDIT_CARD_ISSUANCE,CLOSED,3,2026-04-14,2026-04-06 15:45:31,,LOW
8681,8681,2025-11-17 20:51:29,REGULATORY_REPORTING_INTEGRATION,CLOSED,4,2025-12-01,2025-11-22 20:51:29,,LOW
8682,8682,2026-01-28 02:08:55,HIGH_YIELD_SAVINGS,OPEN,,2026-02-11,,,MEDIUM
8683,8683,2026-07-05 13:35:00,RETAIL_EQUITY_BROKERAGE,CLOSED,2,2026-07-19,2026-07-11 13:35:00,,LOW
8684,8684,2026-07-28 18:15:44,TERM_LIFE_INSURANCE,CLOSED,1,2026-08-11,2026-08-03 18:15:44,,LOW
8685,8685,2025-12-23 09:36:06,COMPLIANCE_RESTRICTED_DEPOSIT_ACCOUNT,CLOSED,4,2026-01-06,2025-12-26 09:36:06,,LOW
8686,8686,2026-08-10 06:29:35,BESPOKE_PORTFOLIO_MANAGEMENT,CLOSED,1,2026-08-24,2026-08-14 06:29:35,,LOW
8687,8687,2026-08-04 23:08:02,HIGH_YIELD_SAVINGS,CLOSED,5,2026-08-18,2026-08-07 23:08:02,,MEDIUM
8688,8688,2025-09-10 01:03:46,ROBO_ADVISORY,CLOSED,1,2025-09-24,2025-09-12 01:03:46,,LOW
8689,8689,2026-07-07 02:57:38,MORTGAGE_ORIGINATION,OPEN,,2026-07-21,,,LOW
8690,8690,2025-11-17 23:12:24,RETAIL_EQUITY_BROKERAGE,CLOSED,3,2025-12-01,2025-11-22 23:12:24,,LOW
8691,8691,2026-01-07 02:00:42,AUTO_FINANCING,CLOSED,3,2026-01-21,2026-01-09 02:00:42,,LOW
8692,8692,2026-05-05 10:11:29,ESCROW_SERVICES,CLOSED,3,2026-05-19,2026-05-08 10:11:29,,LOW
8693,8693,2026-01-08 08:06:51,HIGH_YIELD_SAVINGS,CLOSED,5,2026-01-22,2026-01-14 08:06:51,,LOW
8694,8694,2026-05-31 02:12:24,CRYPTO_BROKERAGE,CLOSED,4,2026-06-14,2026-06-02 02:12:24,,MEDIUM
8695,8695,2026-02-04 15:20:59,COMMERCIAL_LENDING,CLOSED,1,2026-02-18,2026-02-10 15:20:59,,HIGH
8696,8696,2025-12-27 03:51:33,CORPORATE_CREDIT_CARD,CLOSED,2,2026-01-10,2025-12-30 03:51:33,,LOW
8697,8697,2026-06-28 15:24:04,FX_HEDGING_SOLUTIONS,OPEN,1,2026-07-12,,,LOW
8698,8698,2025-09-29 09:49:59,MERCHANT_ACQUIRING,CLOSED,1,2025-10-13,2025-10-01 09:49:59,,MEDIUM
8699,8699,2026-02-05 15:54:50,FX_HEDGING_SOLUTIONS,CLOSED,3,2026-02-19,2026-02-09 15:54:50,Unverified or expired identity documents,MEDIUM
8700,8700,2025-10-22 07:51:58,PAYROLL_SERVICES,CLOSED,5,2025-11-05,2025-10-23 07:51:58,,MEDIUM
8701,8701,2026-02-08 16:46:18,CRYPTO_BROKERAGE,CLOSED,3,2026-02-22,2026-02-12 16:46:18,,LOW
8702,8702,2026-07-13 19:26:05,RETAIL_EQUITY_BROKERAGE,CLOSED,2,2026-07-27,2026-07-14 19:26:05,,LOW
8703,8703,2026-02-10 19:54:06,CORPORATE_ACCOUNT,CLOSED,5,2026-02-24,2026-02-16 19:54:06,,LOW
8704,8704,2025-10-02 17:24:21,CROSS_BORDER_REMITTANCE,CLOSED,3,2025-10-16,2025-10-07 17:24:21,Unverified or expired identity documents,HIGH
8705,8705,2026-02-24 14:58:05,AUTO_FINANCING,CLOSED,4,2026-03-10,2026-02-28 14:58:05,Unverified or expired identity documents,HIGH
8706,8706,2026-01-01 02:30:55,SECURITIES_BASED_LENDING,CLOSED,3,2026-01-15,2026-01-06 02:30:55,,LOW
8707,8707,2026-01-03 19:36:20,CORPORATE_CREDIT_CARD,CLOSED,2,2026-01-17,2026-01-05 19:36:20,,LOW
8708,8708,2026-05-10 14:03:42,RETAIL_BANKING,CLOSED,4,2026-05-24,2026-05-11 14:03:42,,MEDIUM
8709,8709,2025-11-03 23:53:33,RETAIL_EQUITY_BROKERAGE,CLOSED,1,2025-11-17,2025-11-08 23:53:33,,MEDIUM
8710,8710,2026-01-24 15:21:20,PERSONAL_LOAN,CLOSED,1,2026-02-07,2026-01-25 15:21:20,,HIGH
8711,8711,2026-07-17 07:10:59,RETAIL_EQUITY_BROKERAGE,CLOSED,5,2026-07-31,2026-07-21 07:10:59,,LOW
8712,8712,2025-08-28 04:44:05,RETAIL_BANKING,CLOSED,1,2025-09-11,2025-08-30 04:44:05,,LOW
8713,8713,2026-04-17 19:33:50,FIDUCIARY_CUSTODY_ACCOUNT,OPEN,5,2026-05-01,,,LOW
8714,8714,2026-03-19 07:27:55,HIGH_YIELD_SAVINGS,OPEN,2,2026-04-02,,,MEDIUM
8715,8715,2026-01-27 19:15:53,CORPORATE_ACCOUNT,IN_REVIEW,5,2026-02-10,,,LOW
8716,8716,2026-08-25 10:51:58,ESTATE_PLANNING_SERVICES,CLOSED,1,2026-09-08,2026-08-31 10:51:58,,LOW
8717,8717,2026-01-14 06:10:47,PAYROLL_SERVICES,CLOSED,2,2026-01-28,2026-01-20 06:10:47,,LOW
8718,8718,2026-01-15 20:42:27,RETAIL_EQUITY_BROKERAGE,CLOSED,2,2026-01-29,2026-01-18 20:42:27,,LOW
8719,8719,2026-07-01 04:12:33,RETAIL_EQUITY_BROKERAGE,CLOSED,4,2026-07-15,2026-07-03 04:12:33,,MEDIUM
8720,8720,2026-06-10 13:23:49,PERSONAL_LOAN,CLOSED,3,2026-06-24,2026-06-15 13:23:49,,LOW
8721,8721,2026-03-18 15:23:08,CROSS_BORDER_REMITTANCE,CLOSED,5,2026-04-01,2026-03-20 15:23:08,Unverified or expired identity documents,LOW
8722,8722,2025-12-19 21:47:27,PERSONAL_LOAN,CLOSED,5,2026-01-02,2025-12-24 21:47:27,,MEDIUM
8723,8723,2026-03-22 08:21:02,TERM_LIFE_INSURANCE,CLOSED,3,2026-04-05,2026-03-26 08:21:02,,LOW
8724,8724,2026-04-27 15:51:40,BUY_NOW_PAY_LATER,PENDING_DOCUMENTS,,2026-05-11,,,LOW
8725,8725,2026-02-07 22:50:49,RETAIL_EQUITY_BROKERAGE,CLOSED,3,2026-02-21,2026-02-10 22:50:49,,LOW
8726,8726,2026-07-03 15:33:38,HIGH_VOLUME_MERCHANT_GATEWAY,CLOSED,2,2026-07-17,2026-07-08 15:33:38,Unverified or expired identity documents,LOW
8727,8727,2026-03-23 23:35:30,PAC_TREASURY_MANAGEMENT,CLOSED,5,2026-04-06,2026-03-26 23:35:30,,LOW
8728,8728,2026-06-06 03:23:31,TERM_LIFE_INSURANCE,OPEN,,2026-06-20,,,LOW
8729,8729,2026-03-01 04:34:31,ROBO_ADVISORY,CLOSED,1,2026-03-15,2026-03-03 04:34:31,Unverified or expired identity documents,HIGH
8730,8730,2026-03-29 10:41:03,HIGH_YIELD_SAVINGS,CLOSED,3,2026-04-12,2026-04-03 10:41:03,,LOW
8731,8731,2026-07-07 08:47:44,CREDIT_CARD_ISSUANCE,CLOSED,4,2026-07-21,2026-07-13 08:47:44,,LOW
8732,8732,2026-06-30 08:00:43,ROBO_ADVISORY,CLOSED,5,2026-07-14,2026-07-06 08:00:43,,LOW
8733,8733,2025-11-15 08:03:26,CREDIT_CARD_ISSUANCE,CLOSED,1,2025-11-29,2025-11-20 08:03:26,,LOW
8734,8734,2026-03-09 16:17:48,CROSS_BORDER_REMITTANCE,OPEN,3,2026-03-23,,,LOW
8735,8735,2025-10-27 17:13:43,TERM_LIFE_INSURANCE,CLOSED,5,2025-11-10,2025-11-02 17:13:43,,HIGH
8736,8736,2026-04-26 14:34:54,ROBO_ADVISORY,CLOSED,1,2026-05-10,2026-05-01 14:34:54,,LOW
8737,8737,2025-12-30 12:51:03,FX_HEDGING_SOLUTIONS,OPEN,,2026-01-13,,,LOW
8738,8738,2026-05-06 12:31:20,INSTITUTIONAL_CRYPTO_CUSTODY,CLOSED,3,2026-05-20,2026-05-12 12:31:20,,LOW
8739,8739,2026-05-11 09:47:23,DIRECT_INDEXING,CLOSED,5,2026-05-25,2026-05-12 09:47:23,,LOW
8740,8740,2026-06-11 23:00:41,RETAIL_BANKING,CLOSED,5,2026-06-25,2026-06-17 23:00:41,,MEDIUM
8741,8741,2025-09-08 11:10:46,BUY_NOW_PAY_LATER,CLOSED,2,2025-09-22,2025-09-10 11:10:46,,LOW
8742,8742,2025-11-23 03:42:31,TRADE_FINANCE_CREDIT_INSURANCE,OPEN,2,2025-12-07,,,LOW
8743,8743,2026-06-20 22:35:50,RETAIL_BANKING,CLOSED,5,2026-07-04,2026-06-26 22:35:50,,LOW
8744,8744,2025-09-27 09:03:01,AUTO_FINANCING,CLOSED,3,2025-10-11,2025-10-03 09:03:01,,MEDIUM
8745,8745,2026-05-03 14:25:59,BALLOT_INITIATIVE_ESCROW,CLOSED,4,2026-05-17,2026-05-05 14:25:59,,LOW
8746,8746,2026-03-14 19:09:47,MORTGAGE_ORIGINATION,CLOSED,4,2026-03-28,2026-03-18 19:09:47,,LOW
8747,8747,2025-09-08 19:25:10,COMPLIANCE_RESTRICTED_DEPOSIT_ACCOUNT,CLOSED,4,2025-09-22,2025-09-10 19:25:10,,LOW
8748,8748,2026-08-04 18:28:28,CROSS_BORDER_REMITTANCE,CLOSED,1,2026-08-18,2026-08-05 18:28:28,,MEDIUM
8749,8749,2026-02-07 22:09:32,TERM_LIFE_INSURANCE,CLOSED,4,2026-02-21,2026-02-10 22:09:32,,HIGH
8750,8750,2026-07-17 13:48:56,INSTITUTIONAL_CRYPTO_CUSTODY,CLOSED,1,2026-07-31,2026-07-20 13:48:56,,LOW
8751,8751,2026-02-24 05:27:17,RETAIL_BANKING,CLOSED,2,2026-03-10,2026-02-26 05:27:17,Unverified or expired identity documents,MEDIUM
8752,8752,2025-09-15 03:42:33,BENEFICIARY_DISBURSEMENT_SERVICES,CLOSED,3,2025-09-29,2025-09-19 03:42:33,,LOW
8753,8753,2025-12-14 17:56:23,MERCHANT_ACQUIRING,CLOSED,2,2025-12-28,2025-12-19 17:56:23,,MEDIUM
8754,8754,2025-10-04 20:22:17,CREDIT_CARD_ISSUANCE,CLOSED,3,2025-10-18,2025-10-07 20:22:17,,LOW
8755,8755,2026-02-14 23:40:56,SHORT_TERM_LIQUIDITY_MANAGEMENT,CLOSED,3,2026-02-28,2026-02-18 23:40:56,Unverified or expired identity documents,LOW
8756,8756,2026-04-27 07:04:01,TRADE_FINANCE_CREDIT_INSURANCE,CLOSED,4,2026-05-11,2026-05-01 07:04:01,,LOW
8757,8757,2026-02-08 17:36:32,RETAIL_EQUITY_BROKERAGE,CLOSED,4,2026-02-22,2026-02-11 17:36:32,,LOW
8758,8758,2025-09-29 03:19:03,CREDIT_CARD_ISSUANCE,CLOSED,1,2025-10-13,2025-09-30 03:19:03,,LOW
8759,8759,2025-12-19 20:48:11,FX_HEDGING_SOLUTIONS,OPEN,4,2026-01-02,,,LOW
8760,8760,2025-10-26 11:46:40,BALLOT_INITIATIVE_ESCROW,CLOSED,2,2025-11-09,2025-10-28 11:46:40,,LOW
8761,8761,2026-06-06 12:20:58,PHILANTHROPY_ENDOWMENT_MANAGEMENT,CLOSED,3,2026-06-20,2026-06-08 12:20:58,,MEDIUM
8762,8762,2026-03-07 04:43:38,RETAIL_BANKING,CLOSED,3,2026-03-21,2026-03-11 04:43:38,,LOW
8763,8763,2026-01-28 09:38:42,PERSONAL_LOAN,CLOSED,3,2026-02-11,2026-01-29 09:38:42,,LOW
8764,8764,2025-10-29 02:01:27,BUY_NOW_PAY_LATER,CLOSED,4,2025-11-12,2025-10-30 02:01:27,,LOW
8765,8765,2026-06-07 11:19:18,HIGH_YIELD_SAVINGS,CLOSED,1,2026-06-21,2026-06-12 11:19:18,,LOW
8766,8766,2025-11-25 03:34:52,TERM_LIFE_INSURANCE,CLOSED,2,2025-12-09,2025-11-30 03:34:52,,LOW
8767,8767,2025-12-29 03:12:12,LETTER_OF_CREDIT,CLOSED,5,2026-01-12,2026-01-01 03:12:12,,LOW
8768,8768,2026-03-07 17:26:42,RETAIL_EQUITY_BROKERAGE,IN_REVIEW,5,2026-03-21,,,LOW
8769,8769,2026-05-03 08:59:18,CRYPTO_BROKERAGE,CLOSED,3,2026-05-17,2026-05-04 08:59:18,,LOW
8770,8770,2026-07-09 06:11:59,RETAIL_EQUITY_BROKERAGE,CLOSED,1,2026-07-23,2026-07-10 06:11:59,,MEDIUM
8771,8771,2025-11-22 10:22:46,MORTGAGE_ORIGINATION,CLOSED,4,2025-12-06,2025-11-25 10:22:46,,MEDIUM
8772,8772,2025-09-12 19:31:14,CAMPAIGN_CHECKING_ACCOUNT,OPEN,5,2025-09-26,,,LOW
8773,8773,2025-12-17 01:09:15,ROBO_ADVISORY,CLOSED,5,2025-12-31,2025-12-20 01:09:15,,MEDIUM
8774,8774,2026-07-20 17:46:01,CROSS_BORDER_REMITTANCE,CLOSED,4,2026-08-03,2026-07-24 17:46:01,,LOW
8775,8775,2025-09-10 18:18:55,CORPORATE_CREDIT_CARD,CLOSED,2,2025-09-24,2025-09-16 18:18:55,,LOW
8776,8776,2025-10-11 06:02:50,CORPORATE_CREDIT_CARD,CLOSED,1,2025-10-25,2025-10-17 06:02:50,,LOW
8777,8777,2025-11-08 06:20:18,TRADE_FINANCE_CREDIT_INSURANCE,IN_REVIEW,4,2025-11-22,,,LOW
8778,8778,2026-08-01 21:28:31,CROSS_BORDER_REMITTANCE,CLOSED,3,2026-08-15,2026-08-03 21:28:31,,MEDIUM
8779,8779,2026-03-02 21:36:11,PERSONAL_LOAN,PENDING_DOCUMENTS,1,2026-03-16,,,MEDIUM
8780,8780,2026-06-07 03:02:16,CROSS_BORDER_REMITTANCE,CLOSED,3,2026-06-21,2026-06-10 03:02:16,,LOW
8781,8781,2025-11-13 08:42:42,PERSONAL_LOAN,CLOSED,5,2025-11-27,2025-11-16 08:42:42,,LOW
8782,8782,2026-06-25 00:47:16,PERSONAL_LOAN,CLOSED,4,2026-07-09,2026-06-30 00:47:16,,LOW
8783,8783,2026-08-23 06:43:36,SHORT_TERM_LIQUIDITY_MANAGEMENT,CLOSED,2,2026-09-06,2026-08-27 06:43:36,High-risk sanctions/FATF jurisdiction,HIGH
8784,8784,2026-03-04 04:28:28,ROBO_ADVISORY,CLOSED,5,2026-03-18,2026-03-06 04:28:28,Unverified or expired identity documents,HIGH
8785,8785,2025-12-20 20:19:33,AUTO_FINANCING,CLOSED,3,2026-01-03,2025-12-25 20:19:33,,LOW
8786,8786,2026-07-22 22:24:12,CRYPTO_BROKERAGE,CLOSED,3,2026-08-05,2026-07-25 22:24:12,,LOW
8787,8787,2026-08-18 19:28:41,LIQUIDITY_MANAGEMENT,CLOSED,2,2026-09-01,2026-08-21 19:28:41,,MEDIUM
8788,8788,2025-09-27 15:29:46,PERSONAL_LOAN,OPEN,3,2025-10-11,,,LOW
8789,8789,2025-10-06 14:11:28,BENEFICIARY_DISBURSEMENT_SERVICES,CLOSED,4,2025-10-20,2025-10-09 14:11:28,,MEDIUM
8790,8790,2025-10-27 13:15:06,MORTGAGE_ORIGINATION,CLOSED,5,2025-11-10,2025-10-31 13:15:06,,LOW
8791,8791,2026-04-28 18:34:40,HIGH_YIELD_SAVINGS,CLOSED,2,2026-05-12,2026-04-30 18:34:40,,LOW
8792,8792,2025-10-28 11:09:06,CORPORATE_CREDIT_CARD,CLOSED,1,2025-11-11,2025-10-30 11:09:06,,LOW
8793,8793,2025-12-02 07:29:39,MORTGAGE_ORIGINATION,CLOSED,4,2025-12-16,2025-12-06 07:29:39,,LOW
8794,8794,2026-08-22 12:02:19,BUY_NOW_PAY_LATER,CLOSED,3,2026-09-05,2026-08-28 12:02:19,,LOW
8795,8795,2025-08-25 18:42:45,CROSS_BORDER_REMITTANCE,CLOSED,2,2025-09-08,2025-08-27 18:42:45,,LOW
8796,8796,2026-07-28 10:16:18,CREDIT_CARD_ISSUANCE,CLOSED,4,2026-08-11,2026-08-03 10:16:18,,LOW
8797,8797,2025-12-23 13:49:18,CREDIT_CARD_ISSUANCE,OPEN,1,2026-01-06,,,LOW
8798,8798,2026-03-08 12:13:02,FX_HEDGING_SOLUTIONS,CLOSED,1,2026-03-22,2026-03-11 12:13:02,,LOW
8799,8799,2026-01-04 07:18:43,FIDUCIARY_CUSTODY_ACCOUNT,PENDING_DOCUMENTS,3,2026-01-18,,,MEDIUM
8800,8800,2026-04-30 05:24:11,CROSS_BORDER_REMITTANCE,CLOSED,3,2026-05-14,2026-05-06 05:24:11,,LOW
8801,8801,2026-02-02 19:49:43,RETAIL_BANKING,CLOSED,2,2026-02-16,2026-02-06 19:49:43,Unverified or expired identity documents,MEDIUM
8802,8802,2026-04-27 20:24:12,MERCHANT_ACQUIRING,CLOSED,3,2026-05-11,2026-05-03 20:24:12,,LOW
8803,8803,2025-08-31 05:40:44,LIQUIDITY_MANAGEMENT,CLOSED,1,2025-09-14,2025-09-03 05:40:44,,MEDIUM
8804,8804,2026-04-15 22:21:41,MORTGAGE_ORIGINATION,CLOSED,1,2026-04-29,2026-04-16 22:21:41,,LOW
8805,8805,2026-01-03 01:10:28,PRIVATE_EQUITY_FEEDER,CLOSED,3,2026-01-17,2026-01-06 01:10:28,,LOW
8806,8806,2026-08-21 22:36:31,CREDIT_CARD_ISSUANCE,CLOSED,3,2026-09-04,2026-08-27 22:36:31,,MEDIUM
8807,8807,2026-03-14 18:03:19,BUY_NOW_PAY_LATER,CLOSED,1,2026-03-28,2026-03-17 18:03:19,,MEDIUM
8808,8808,2025-09-09 20:37:13,LETTER_OF_CREDIT,CLOSED,2,2025-09-23,2025-09-12 20:37:13,,LOW
8809,8809,2026-03-26 15:54:55,HIGH_YIELD_SAVINGS,CLOSED,5,2026-04-09,2026-03-31 15:54:55,,LOW
8810,8810,2025-10-31 03:57:34,BENEFICIARY_DISBURSEMENT_SERVICES,IN_REVIEW,3,2025-11-14,,,MEDIUM
8811,8811,2025-10-06 09:55:43,CROSS_BORDER_REMITTANCE,CLOSED,3,2025-10-20,2025-10-10 09:55:43,,LOW
8812,8812,2025-12-30 15:08:37,CROSS_BORDER_REMITTANCE,CLOSED,4,2026-01-13,2026-01-04 15:08:37,,LOW
8813,8813,2026-04-22 18:49:46,CRYPTO_BROKERAGE,OPEN,1,2026-05-06,,,MEDIUM
8814,8814,2025-10-31 21:54:56,TRUSTEE_ADMINISTRATION,CLOSED,3,2025-11-14,2025-11-01 21:54:56,,MEDIUM
8815,8815,2026-01-23 11:43:13,PERSONAL_LOAN,CLOSED,1,2026-02-06,2026-01-27 11:43:13,Unverified or expired identity documents,HIGH
8816,8816,2025-11-09 13:12:45,RETAIL_EQUITY_BROKERAGE,CLOSED,3,2025-11-23,2025-11-12 13:12:45,,MEDIUM
8817,8817,2025-10-28 02:04:45,CROSS_BORDER_REMITTANCE,CLOSED,5,2025-11-11,2025-11-01 02:04:45,Unverified or expired identity documents,MEDIUM
8818,8818,2026-04-13 12:14:06,COMMERCIAL_LENDING,CLOSED,2,2026-04-27,2026-04-16 12:14:06,,MEDIUM
8819,8819,2026-04-23 01:22:03,BESPOKE_PORTFOLIO_MANAGEMENT,CLOSED,1,2026-05-07,2026-04-24 01:22:03,,LOW
8820,8820,2026-03-13 15:08:02,CORPORATE_ACCOUNT,CLOSED,5,2026-03-27,2026-03-14 15:08:02,,LOW
8821,8821,2025-12-28 17:49:13,SYNDICATED_LOANS,CLOSED,1,2026-01-11,2026-01-03 17:49:13,,MEDIUM
8822,8822,2026-06-04 16:17:31,CROSS_BORDER_REMITTANCE,CLOSED,1,2026-06-18,2026-06-07 16:17:31,,LOW
8823,8823,2025-10-11 13:15:01,CREDIT_CARD_ISSUANCE,OPEN,1,2025-10-25,,,LOW
8824,8824,2026-08-24 14:48:03,AUTO_FINANCING,IN_REVIEW,1,2026-09-07,,,MEDIUM
8825,8825,2026-07-09 23:44:29,AUTO_FINANCING,CLOSED,2,2026-07-23,2026-07-11 23:44:29,,LOW
8826,8826,2026-03-13 16:37:43,CREDIT_CARD_ISSUANCE,CLOSED,2,2026-03-27,2026-03-14 16:37:43,,MEDIUM
8827,8827,2026-06-17 09:18:41,RETAIL_BANKING,OPEN,,2026-07-01,,,LOW
8828,8828,2025-12-20 23:05:57,CREDIT_CARD_ISSUANCE,CLOSED,5,2026-01-03,2025-12-25 23:05:57,Unverified or expired identity documents,LOW
8829,8829,2026-08-24 14:44:02,TERM_LIFE_INSURANCE,CLOSED,3,2026-09-07,2026-08-25 14:44:02,,HIGH
8830,8830,2025-10-20 17:37:57,SYNDICATED_LOANS,CLOSED,1,2025-11-03,2025-10-26 17:37:57,,LOW
8831,8831,2025-12-09 02:56:25,PAC_TREASURY_MANAGEMENT,CLOSED,3,2025-12-23,2025-12-13 02:56:25,,LOW
8832,8832,2026-08-06 21:18:31,CROSS_BORDER_REMITTANCE,CLOSED,5,2026-08-20,2026-08-09 21:18:31,,LOW
8833,8833,2026-03-21 03:45:41,AUTO_FINANCING,CLOSED,4,2026-04-04,2026-03-25 03:45:41,,MEDIUM
8834,8834,2026-04-06 11:00:34,PHILANTHROPY_ENDOWMENT_MANAGEMENT,CLOSED,4,2026-04-20,2026-04-10 11:00:34,,LOW
8835,8835,2026-06-05 08:23:04,CORPORATE_ACCOUNT,CLOSED,1,2026-06-19,2026-06-08 08:23:04,,MEDIUM
8836,8836,2026-03-04 14:06:48,WEALTH_MANAGEMENT,PENDING_DOCUMENTS,4,2026-03-18,,,LOW
8837,8837,2026-05-01 23:44:34,BESPOKE_PORTFOLIO_MANAGEMENT,IN_REVIEW,,2026-05-15,,,LOW
8838,8838,2026-03-03 18:11:07,ROBO_ADVISORY,CLOSED,3,2026-03-17,2026-03-07 18:11:07,,LOW
8839,8839,2025-10-16 00:34:22,DIRECT_INDEXING,CLOSED,1,2025-10-30,2025-10-20 00:34:22,,MEDIUM
8840,8840,2025-12-23 08:41:24,TRADE_FINANCE_CREDIT_INSURANCE,CLOSED,5,2026-01-06,2025-12-25 08:41:24,,MEDIUM
8841,8841,2025-11-20 12:09:20,MERCHANT_ACQUIRING,CLOSED,5,2025-12-04,2025-11-25 12:09:20,,LOW
8842,8842,2025-09-07 11:57:12,CROSS_BORDER_REMITTANCE,CLOSED,5,2025-09-21,2025-09-13 11:57:12,,LOW
8843,8843,2025-09-28 07:38:03,COMMERCIAL_LENDING,CLOSED,2,2025-10-12,2025-10-03 07:38:03,,MEDIUM
8844,8844,2026-04-07 04:35:02,COMMERCIAL_LENDING,CLOSED,2,2026-04-21,2026-04-12 04:35:02,,LOW
8845,8845,2026-01-08 11:04:23,RETAIL_EQUITY_BROKERAGE,IN_REVIEW,2,2026-01-22,,,MEDIUM
8846,8846,2026-06-03 11:44:43,PERSONAL_LOAN,CLOSED,2,2026-06-17,2026-06-05 11:44:43,,LOW
8847,8847,2026-03-11 09:56:43,FX_HEDGING_SOLUTIONS,CLOSED,2,2026-03-25,2026-03-15 09:56:43,,LOW
8848,8848,2025-12-25 10:44:08,TERM_LIFE_INSURANCE,CLOSED,1,2026-01-08,2025-12-31 10:44:08,,LOW
8849,8849,2025-12-04 00:55:50,PERSONAL_LOAN,CLOSED,2,2025-12-18,2025-12-07 00:55:50,,LOW
8850,8850,2025-09-01 02:42:04,BUY_NOW_PAY_LATER,CLOSED,3,2025-09-15,2025-09-04 02:42:04,,LOW
8851,8851,2026-01-17 04:31:52,CRYPTO_BROKERAGE,PENDING_DOCUMENTS,,2026-01-31,,,LOW
8852,8852,2026-02-15 23:10:06,CRYPTO_BROKERAGE,CLOSED,2,2026-03-01,2026-02-21 23:10:06,Unverified or expired identity documents,MEDIUM
8853,8853,2026-08-07 15:57:20,FIDUCIARY_CUSTODY_ACCOUNT,CLOSED,4,2026-08-21,2026-08-10 15:57:20,,LOW
8854,8854,2026-05-10 02:23:21,SYNDICATED_LOANS,CLOSED,5,2026-05-24,2026-05-16 02:23:21,,MEDIUM
8855,8855,2026-04-05 13:50:43,CRYPTO_BROKERAGE,CLOSED,5,2026-04-19,2026-04-11 13:50:43,,LOW
8856,8856,2026-04-12 05:26:32,LETTER_OF_CREDIT,CLOSED,5,2026-04-26,2026-04-13 05:26:32,,LOW
8857,8857,2026-06-08 04:42:28,ROBO_ADVISORY,CLOSED,3,2026-06-22,2026-06-13 04:42:28,,LOW
8858,8858,2026-01-05 06:24:21,RETAIL_EQUITY_BROKERAGE,OPEN,,2026-01-19,,,LOW
8859,8859,2026-04-04 20:45:27,INSTITUTIONAL_CRYPTO_CUSTODY,CLOSED,2,2026-04-18,2026-04-07 20:45:27,,MEDIUM
8860,8860,2026-01-25 08:43:55,RETAIL_BANKING,CLOSED,2,2026-02-08,2026-01-26 08:43:55,,LOW
8861,8861,2026-08-21 18:51:40,BUY_NOW_PAY_LATER,CLOSED,1,2026-09-04,2026-08-26 18:51:40,,LOW
8862,8862,2025-09-27 01:33:26,FX_HEDGING_SOLUTIONS,CLOSED,3,2025-10-11,2025-10-01 01:33:26,High-risk sanctions/FATF jurisdiction,HIGH
8863,8863,2026-08-23 20:11:38,CRYPTO_BROKERAGE,CLOSED,2,2026-09-06,2026-08-29 20:11:38,,HIGH
8864,8864,2026-04-21 12:03:33,BUY_NOW_PAY_LATER,CLOSED,3,2026-05-05,2026-04-27 12:03:33,,HIGH
8865,8865,2026-01-13 16:43:57,TERM_LIFE_INSURANCE,CLOSED,5,2026-01-27,2026-01-15 16:43:57,,LOW
8866,8866,2026-04-06 23:22:20,COMMERCIAL_LENDING,CLOSED,1,2026-04-20,2026-04-12 23:22:20,,LOW
8867,8867,2026-05-29 18:52:59,HIGH_YIELD_SAVINGS,CLOSED,3,2026-06-12,2026-06-04 18:52:59,,MEDIUM
8868,8868,2026-08-02 02:35:25,LIQUIDITY_MANAGEMENT,CLOSED,3,2026-08-16,2026-08-05 02:35:25,,LOW
8869,8869,2026-04-07 02:29:38,TERM_LIFE_INSURANCE,CLOSED,2,2026-04-21,2026-04-11 02:29:38,,LOW
8870,8870,2026-05-20 23:39:47,COMPLIANCE_RESTRICTED_DEPOSIT_ACCOUNT,CLOSED,5,2026-06-03,2026-05-21 23:39:47,,LOW
8871,8871,2026-01-26 16:33:33,AUTO_FINANCING,CLOSED,5,2026-02-09,2026-01-30 16:33:33,,LOW
8872,8872,2025-08-25 20:53:04,CREDIT_CARD_ISSUANCE,CLOSED,4,2025-09-08,2025-08-28 20:53:04,,LOW
8873,8873,2026-06-30 15:23:17,BESPOKE_PORTFOLIO_MANAGEMENT,CLOSED,2,2026-07-14,2026-07-01 15:23:17,,LOW
8874,8874,2025-12-26 12:47:01,ESCROW_SERVICES,CLOSED,2,2026-01-09,2025-12-28 12:47:01,,LOW
8875,8875,2025-08-31 00:33:39,CROSS_BORDER_REMITTANCE,CLOSED,3,2025-09-14,2025-09-01 00:33:39,,LOW
8876,8876,2026-06-14 03:10:05,BALLOT_INITIATIVE_ESCROW,CLOSED,3,2026-06-28,2026-06-16 03:10:05,,MEDIUM
8877,8877,2026-02-25 09:55:18,BUY_NOW_PAY_LATER,CLOSED,3,2026-03-11,2026-03-03 09:55:18,,LOW
8878,8878,2025-10-24 21:06:45,PERSONAL_LOAN,CLOSED,5,2025-11-07,2025-10-30 21:06:45,Unverified or expired identity documents,LOW
8879,8879,2025-10-19 09:24:32,PERSONAL_LOAN,IN_REVIEW,2,2025-11-02,,,LOW
8880,8880,2025-12-26 13:21:42,RETAIL_EQUITY_BROKERAGE,CLOSED,3,2026-01-09,2025-12-30 13:21:42,,LOW
8881,8881,2026-03-23 08:31:40,AUTO_FINANCING,CLOSED,4,2026-04-06,2026-03-26 08:31:40,,LOW
8882,8882,2025-08-25 08:47:47,TERM_LIFE_INSURANCE,CLOSED,1,2025-09-08,2025-08-29 08:47:47,,LOW
8883,8883,2026-02-15 04:46:41,HIGH_YIELD_SAVINGS,CLOSED,1,2026-03-01,2026-02-21 04:46:41,Unverified or expired identity documents,HIGH
8884,8884,2026-05-19 20:55:55,CORPORATE_CREDIT_CARD,CLOSED,3,2026-06-02,2026-05-22 20:55:55,,LOW
8885,8885,2025-10-22 09:34:38,HIGH_YIELD_SAVINGS,CLOSED,2,2025-11-05,2025-10-23 09:34:38,,LOW
8886,8886,2026-03-04 12:27:23,CORPORATE_ACCOUNT,CLOSED,5,2026-03-18,2026-03-10 12:27:23,,LOW
8887,8887,2026-01-26 13:17:53,CORPORATE_ACCOUNT,CLOSED,5,2026-02-09,2026-01-27 13:17:53,,LOW
8888,8888,2026-04-25 20:25:18,CROSS_BORDER_REMITTANCE,OPEN,2,2026-05-09,,,LOW
8889,8889,2026-05-12 22:34:37,CREDIT_CARD_ISSUANCE,CLOSED,3,2026-05-26,2026-05-17 22:34:37,,LOW
8890,8890,2026-05-03 16:45:28,BUY_NOW_PAY_LATER,CLOSED,1,2026-05-17,2026-05-09 16:45:28,,MEDIUM
8891,8891,2025-11-14 21:06:48,RETAIL_BANKING,CLOSED,2,2025-11-28,2025-11-15 21:06:48,,LOW
8892,8892,2025-11-08 05:51:38,SYNDICATED_LOANS,CLOSED,3,2025-11-22,2025-11-14 05:51:38,,LOW
8893,8893,2025-09-05 20:03:24,HIGH_YIELD_SAVINGS,CLOSED,1,2025-09-19,2025-09-07 20:03:24,,LOW
8894,8894,2026-06-14 07:57:25,MERCHANT_ACQUIRING,OPEN,5,2026-06-28,,,LOW
8895,8895,2026-06-26 15:54:06,BUY_NOW_PAY_LATER,CLOSED,1,2026-07-10,2026-06-30 15:54:06,,LOW
8896,8896,2026-02-18 05:31:39,HIGH_YIELD_SAVINGS,CLOSED,1,2026-03-04,2026-02-21 05:31:39,,LOW
8897,8897,2026-07-23 21:11:56,BUY_NOW_PAY_LATER,CLOSED,1,2026-08-06,2026-07-26 21:11:56,,MEDIUM
8898,8898,2025-12-16 00:56:06,CREDIT_CARD_ISSUANCE,CLOSED,3,2025-12-30,2025-12-22 00:56:06,,LOW
8899,8899,2025-10-22 10:33:10,LETTER_OF_CREDIT,CLOSED,2,2025-11-05,2025-10-23 10:33:10,,LOW
8900,8900,2025-09-01 20:49:46,HIGH_YIELD_SAVINGS,CLOSED,1,2025-09-15,2025-09-04 20:49:46,,LOW
8901,8901,2026-03-31 16:23:12,LIQUIDITY_MANAGEMENT,CLOSED,4,2026-04-14,2026-04-02 16:23:12,,LOW
8902,8902,2026-07-22 06:40:05,PAYROLL_SERVICES,CLOSED,2,2026-08-05,2026-07-25 06:40:05,,LOW
8903,8903,2025-12-07 07:43:40,TERM_LIFE_INSURANCE,CLOSED,4,2025-12-21,2025-12-08 07:43:40,,LOW
8904,8904,2025-09-27 21:24:43,PERSONAL_LOAN,CLOSED,4,2025-10-11,2025-09-29 21:24:43,,LOW
8905,8905,2025-09-22 04:33:24,BENEFICIARY_DISBURSEMENT_SERVICES,CLOSED,1,2025-10-06,2025-09-26 04:33:24,,HIGH
8906,8906,2026-07-16 15:56:48,MERCHANT_ACQUIRING,CLOSED,2,2026-07-30,2026-07-17 15:56:48,,LOW
8907,8907,2026-03-09 23:56:18,PRIVATE_EQUITY_FEEDER,CLOSED,1,2026-03-23,2026-03-14 23:56:18,,MEDIUM
8908,8908,2025-10-16 22:00:02,WEALTH_MANAGEMENT,CLOSED,2,2025-10-30,2025-10-19 22:00:02,,LOW
8909,8909,2026-01-18 04:37:50,GOVERNMENT_RELATIONS_ESCROW,CLOSED,1,2026-02-01,2026-01-24 04:37:50,Unverified or expired identity documents,MEDIUM
8910,8910,2026-01-23 00:14:59,RETAIL_BANKING,CLOSED,2,2026-02-06,2026-01-27 00:14:59,,MEDIUM
8911,8911,2026-05-23 15:24:49,FX_HEDGING_SOLUTIONS,CLOSED,5,2026-06-06,2026-05-29 15:24:49,,LOW
8912,8912,2026-04-21 10:39:01,TREASURY_MANAGEMENT,CLOSED,1,2026-05-05,2026-04-26 10:39:01,,LOW
8913,8913,2026-05-04 06:48:07,PHILANTHROPY_ENDOWMENT_MANAGEMENT,CLOSED,1,2026-05-18,2026-05-09 06:48:07,,MEDIUM
8914,8914,2026-05-02 13:56:46,PAYROLL_SERVICES,CLOSED,2,2026-05-16,2026-05-08 13:56:46,,HIGH
8915,8915,2026-06-11 17:38:03,RETAIL_EQUITY_BROKERAGE,CLOSED,2,2026-06-25,2026-06-16 17:38:03,,LOW
8916,8916,2026-06-28 10:21:12,CRYPTO_BROKERAGE,CLOSED,3,2026-07-12,2026-07-04 10:21:12,,LOW
8917,8917,2026-01-18 15:54:46,ESCROW_SERVICES,CLOSED,3,2026-02-01,2026-01-24 15:54:46,High-risk sanctions/FATF jurisdiction,HIGH
8918,8918,2026-01-02 16:09:29,BUY_NOW_PAY_LATER,IN_REVIEW,2,2026-01-16,,,LOW
8919,8919,2026-05-16 14:30:09,PHILANTHROPY_ENDOWMENT_MANAGEMENT,CLOSED,4,2026-05-30,2026-05-22 14:30:09,,MEDIUM
8920,8920,2026-07-02 15:29:10,PERSONAL_LOAN,CLOSED,1,2026-07-16,2026-07-03 15:29:10,,LOW
8921,8921,2026-04-11 11:34:40,AUTO_FINANCING,CLOSED,4,2026-04-25,2026-04-13 11:34:40,Unverified or expired identity documents,LOW
8922,8922,2026-08-12 12:57:47,MERCHANT_ACQUIRING,CLOSED,4,2026-08-26,2026-08-16 12:57:47,,MEDIUM
8923,8923,2026-02-28 22:56:04,ROBO_ADVISORY,CLOSED,4,2026-03-14,2026-03-04 22:56:04,,MEDIUM
8924,8924,2026-06-29 02:25:39,CROSS_BORDER_REMITTANCE,CLOSED,1,2026-07-13,2026-07-04 02:25:39,,LOW
8925,8925,2026-05-13 15:07:56,CROSS_BORDER_REMITTANCE,CLOSED,3,2026-05-27,2026-05-14 15:07:56,,LOW
8926,8926,2025-11-18 00:28:05,CRYPTO_BROKERAGE,CLOSED,3,2025-12-02,2025-11-22 00:28:05,Unverified or expired identity documents,HIGH
8927,8927,2026-04-25 23:17:29,BUY_NOW_PAY_LATER,CLOSED,2,2026-05-09,2026-04-29 23:17:29,,LOW
8928,8928,2026-05-30 04:43:17,ROBO_ADVISORY,CLOSED,1,2026-06-13,2026-05-31 04:43:17,Unverified or expired identity documents,HIGH
8929,8929,2025-10-25 16:47:36,COMMERCIAL_LENDING,CLOSED,1,2025-11-08,2025-10-31 16:47:36,Unverified or expired identity documents,LOW
8930,8930,2026-07-11 08:47:40,HIGH_YIELD_SAVINGS,CLOSED,5,2026-07-25,2026-07-15 08:47:40,,MEDIUM
8931,8931,2026-04-02 20:00:38,MORTGAGE_ORIGINATION,CLOSED,1,2026-04-16,2026-04-08 20:00:38,,LOW
8932,8932,2026-01-19 21:59:28,BUY_NOW_PAY_LATER,OPEN,4,2026-02-02,,,LOW
8933,8933,2026-01-18 13:47:58,RETAIL_EQUITY_BROKERAGE,CLOSED,4,2026-02-01,2026-01-19 13:47:58,,LOW
8934,8934,2026-07-12 11:37:10,PHILANTHROPY_ENDOWMENT_MANAGEMENT,CLOSED,2,2026-07-26,2026-07-17 11:37:10,,LOW
8935,8935,2025-08-25 23:51:01,HIGH_VOLUME_MERCHANT_GATEWAY,CLOSED,4,2025-09-08,2025-08-31 23:51:01,,LOW
8936,8936,2026-08-16 07:25:21,LETTER_OF_CREDIT,CLOSED,1,2026-08-30,2026-08-22 07:25:21,,HIGH
8937,8937,2025-10-27 05:06:16,CORPORATE_ACCOUNT,CLOSED,1,2025-11-10,2025-11-02 05:06:16,,MEDIUM
8938,8938,2025-12-07 00:12:52,RETAIL_BANKING,CLOSED,5,2025-12-21,2025-12-09 00:12:52,,MEDIUM
8939,8939,2026-07-03 08:16:53,CROSS_BORDER_REMITTANCE,CLOSED,3,2026-07-17,2026-07-04 08:16:53,,MEDIUM
8940,8940,2026-03-17 16:53:43,BUY_NOW_PAY_LATER,CLOSED,3,2026-03-31,2026-03-20 16:53:43,,LOW
8941,8941,2025-10-19 11:47:38,LIQUIDITY_MANAGEMENT,CLOSED,5,2025-11-02,2025-10-24 11:47:38,,MEDIUM
8942,8942,2026-02-02 14:38:12,HIGH_YIELD_SAVINGS,CLOSED,2,2026-02-16,2026-02-06 14:38:12,,LOW
8943,8943,2026-03-15 12:18:49,CRYPTO_BROKERAGE,OPEN,2,2026-03-29,,,MEDIUM
8944,8944,2026-04-21 02:07:56,INSTITUTIONAL_CRYPTO_CUSTODY,CLOSED,5,2026-05-05,2026-04-22 02:07:56,,MEDIUM
8945,8945,2026-01-14 19:52:32,CORPORATE_CREDIT_CARD,CLOSED,3,2026-01-28,2026-01-19 19:52:32,,LOW
8946,8946,2025-12-15 04:41:07,RETAIL_BANKING,OPEN,5,2025-12-29,,,LOW
8947,8947,2025-09-21 00:55:30,PAYROLL_SERVICES,CLOSED,4,2025-10-05,2025-09-24 00:55:30,,LOW
8948,8948,2026-01-01 13:21:21,INSTITUTIONAL_CRYPTO_CUSTODY,OPEN,,2026-01-15,,,LOW
8949,8949,2026-03-22 23:33:29,ROBO_ADVISORY,CLOSED,3,2026-04-05,2026-03-24 23:33:29,,LOW
8950,8950,2025-10-21 03:49:42,PERSONAL_LOAN,OPEN,,2025-11-04,,,LOW
8951,8951,2026-05-07 02:58:08,RETAIL_BANKING,CLOSED,5,2026-05-21,2026-05-11 02:58:08,,MEDIUM
8952,8952,2026-01-27 16:57:19,AUTO_FINANCING,CLOSED,4,2026-02-10,2026-01-31 16:57:19,,LOW
8953,8953,2025-09-18 02:29:32,PERSONAL_LOAN,CLOSED,4,2025-10-02,2025-09-22 02:29:32,,HIGH
8954,8954,2026-03-01 21:29:07,TERM_LIFE_INSURANCE,CLOSED,2,2026-03-15,2026-03-04 21:29:07,,LOW
8955,8955,2025-12-08 15:10:40,PAYROLL_SERVICES,OPEN,2,2025-12-22,,,LOW
8956,8956,2026-08-12 06:45:11,CORPORATE_ACCOUNT,CLOSED,1,2026-08-26,2026-08-14 06:45:11,,MEDIUM
8957,8957,2026-04-03 17:50:16,SECURITIES_BASED_LENDING,CLOSED,1,2026-04-17,2026-04-05 17:50:16,,MEDIUM
8958,8958,2025-10-26 23:51:10,TERM_LIFE_INSURANCE,CLOSED,1,2025-11-09,2025-10-28 23:51:10,,LOW
8959,8959,2026-05-03 08:20:29,HIGH_YIELD_SAVINGS,CLOSED,2,2026-05-17,2026-05-06 08:20:29,,MEDIUM
8960,8960,2025-12-05 07:01:03,PAYROLL_SERVICES,CLOSED,5,2025-12-19,2025-12-06 07:01:03,,LOW
8961,8961,2025-11-19 16:22:18,REGULATORY_REPORTING_INTEGRATION,CLOSED,5,2025-12-03,2025-11-24 16:22:18,,MEDIUM
8962,8962,2025-10-16 15:24:36,ROBO_ADVISORY,CLOSED,5,2025-10-30,2025-10-17 15:24:36,,LOW
8963,8963,2025-11-11 12:35:01,CORPORATE_ACCOUNT,CLOSED,3,2025-11-25,2025-11-16 12:35:01,,LOW
8964,8964,2025-08-26 06:17:46,HIGH_YIELD_SAVINGS,CLOSED,4,2025-09-09,2025-09-01 06:17:46,,MEDIUM
8965,8965,2026-01-01 13:33:31,DISBURSEMENT_PAYROLL_SERVICES,CLOSED,2,2026-01-15,2026-01-05 13:33:31,,LOW
8966,8966,2026-06-10 08:42:34,AUTO_FINANCING,OPEN,3,2026-06-24,,,LOW
8967,8967,2026-04-08 06:57:33,CREDIT_CARD_ISSUANCE,IN_REVIEW,,2026-04-22,,,LOW
8968,8968,2025-09-02 07:58:13,CREDIT_CARD_ISSUANCE,CLOSED,3,2025-09-16,2025-09-07 07:58:13,,LOW
8969,8969,2025-10-19 18:47:03,RETAIL_EQUITY_BROKERAGE,CLOSED,4,2025-11-02,2025-10-24 18:47:03,,LOW
8970,8970,2026-05-29 01:19:33,CRYPTO_BROKERAGE,CLOSED,2,2026-06-12,2026-06-04 01:19:33,,LOW
8971,8971,2025-12-02 18:16:42,RETAIL_EQUITY_BROKERAGE,CLOSED,5,2025-12-16,2025-12-03 18:16:42,,LOW
8972,8972,2025-12-22 23:32:29,CORPORATE_CREDIT_CARD,CLOSED,5,2026-01-05,2025-12-25 23:32:29,,LOW
8973,8973,2026-02-09 14:57:57,TRADE_FINANCE_CREDIT_INSURANCE,CLOSED,3,2026-02-23,2026-02-12 14:57:57,,LOW
8974,8974,2026-04-27 14:39:59,BENEFICIARY_DISBURSEMENT_SERVICES,OPEN,,2026-05-11,,,LOW
8975,8975,2026-01-28 19:09:01,TERM_LIFE_INSURANCE,CLOSED,2,2026-02-11,2026-02-01 19:09:01,,LOW
8976,8976,2025-12-08 04:38:53,PERSONAL_LOAN,OPEN,5,2025-12-22,,,LOW
8977,8977,2025-11-24 03:31:17,RETAIL_EQUITY_BROKERAGE,CLOSED,2,2025-12-08,2025-11-25 03:31:17,,MEDIUM
8978,8978,2026-05-07 00:05:02,CROSS_BORDER_REMITTANCE,OPEN,2,2026-05-21,,,LOW
8979,8979,2026-08-18 21:02:45,PERSONAL_LOAN,CLOSED,4,2026-09-01,2026-08-23 21:02:45,,LOW
8980,8980,2026-03-22 11:25:23,HIGH_YIELD_SAVINGS,CLOSED,1,2026-04-05,2026-03-25 11:25:23,Unverified or expired identity documents,LOW
8981,8981,2026-06-18 06:54:09,LIQUIDITY_MANAGEMENT,CLOSED,4,2026-07-02,2026-06-22 06:54:09,,MEDIUM
8982,8982,2026-04-20 13:25:25,RETAIL_BANKING,CLOSED,1,2026-05-04,2026-04-21 13:25:25,,LOW
8983,8983,2026-06-26 05:06:59,CREDIT_CARD_ISSUANCE,CLOSED,5,2026-07-10,2026-07-02 05:06:59,,MEDIUM
8984,8984,2025-11-29 09:43:47,RETAIL_EQUITY_BROKERAGE,CLOSED,4,2025-12-13,2025-12-02 09:43:47,,LOW
8985,8985,2025-10-19 11:54:31,TERM_LIFE_INSURANCE,CLOSED,3,2025-11-02,2025-10-25 11:54:31,,LOW
8986,8986,2026-08-08 03:33:30,PERSONAL_LOAN,CLOSED,3,2026-08-22,2026-08-14 03:33:30,,MEDIUM
8987,8987,2026-03-17 10:39:01,RETAIL_EQUITY_BROKERAGE,IN_REVIEW,2,2026-03-31,,,MEDIUM
8988,8988,2025-11-13 21:37:24,AUTO_FINANCING,CLOSED,5,2025-11-27,2025-11-14 21:37:24,,HIGH
8989,8989,2025-12-02 01:37:39,COMMERCIAL_LENDING,CLOSED,4,2025-12-16,2025-12-03 01:37:39,,LOW
8990,8990,2026-03-29 15:23:46,MORTGAGE_ORIGINATION,OPEN,,2026-04-12,,,LOW
8991,8991,2026-01-27 08:12:19,RETAIL_BANKING,CLOSED,1,2026-02-10,2026-01-31 08:12:19,,LOW
8992,8992,2026-01-02 10:37:25,RETAIL_EQUITY_BROKERAGE,CLOSED,3,2026-01-16,2026-01-08 10:37:25,,LOW
8993,8993,2026-05-17 19:41:43,RETAIL_BANKING,CLOSED,1,2026-05-31,2026-05-20 19:41:43,,LOW
8994,8994,2026-04-27 15:25:03,BENEFICIARY_DISBURSEMENT_SERVICES,PENDING_DOCUMENTS,,2026-05-11,,,HIGH
8995,8995,2026-03-13 02:15:48,CREDIT_CARD_ISSUANCE,CLOSED,3,2026-03-27,2026-03-14 02:15:48,,MEDIUM
8996,8996,2026-08-22 06:49:07,LIQUIDITY_MANAGEMENT,CLOSED,5,2026-09-05,2026-08-28 06:49:07,,LOW
8997,8997,2026-05-04 00:03:36,MORTGAGE_ORIGINATION,CLOSED,5,2026-05-18,2026-05-06 00:03:36,,HIGH
8998,8998,2026-02-17 01:16:43,ROBO_ADVISORY,CLOSED,3,2026-03-03,2026-02-23 01:16:43,,LOW
8999,8999,2026-05-08 03:01:23,CORPORATE_ACCOUNT,PENDING_DOCUMENTS,3,2026-05-22,,,LOW
9000,9000,2026-03-01 12:10:52,TERM_LIFE_INSURANCE,CLOSED,5,2026-03-15,2026-03-04 12:10:52,,LOW
9001,9001,2026-05-04 11:43:28,TAX_OPTIMIZED_INVESTING,CLOSED,1,2026-05-18,2026-05-08 11:43:28,Unverified or expired identity documents,HIGH
9002,9002,2026-01-22 03:28:32,CORPORATE_ACCOUNT,CLOSED,3,2026-02-05,2026-01-25 03:28:32,,LOW
9003,9003,2025-10-07 11:54:22,TERM_LIFE_INSURANCE,CLOSED,4,2025-10-21,2025-10-13 11:54:22,,LOW
9004,9004,2025-12-16 18:38:11,MORTGAGE_ORIGINATION,CLOSED,4,2025-12-30,2025-12-20 18:38:11,,LOW
9005,9005,2026-04-24 08:38:22,ROBO_ADVISORY,CLOSED,2,2026-05-08,2026-04-27 08:38:22,,LOW
9006,9006,2026-03-09 21:25:29,ESCROW_SERVICES,CLOSED,4,2026-03-23,2026-03-15 21:25:29,,LOW
9007,9007,2025-10-08 02:43:33,HIGH_YIELD_SAVINGS,CLOSED,4,2025-10-22,2025-10-14 02:43:33,,LOW
9008,9008,2026-04-20 12:33:55,TRADE_FINANCE_CREDIT_INSURANCE,CLOSED,2,2026-05-04,2026-04-26 12:33:55,,LOW
9009,9009,2026-06-10 07:54:38,LETTER_OF_CREDIT,CLOSED,3,2026-06-24,2026-06-15 07:54:38,,LOW
9010,9010,2025-10-23 08:31:48,PERSONAL_LOAN,CLOSED,4,2025-11-06,2025-10-29 08:31:48,Unverified or expired identity documents,HIGH
9011,9011,2026-02-01 13:42:07,HIGH_YIELD_SAVINGS,OPEN,4,2026-02-15,,,LOW
9012,9012,2025-11-08 12:46:31,HIGH_YIELD_SAVINGS,OPEN,1,2025-11-22,,,HIGH
9013,9013,2026-04-09 12:54:32,BUY_NOW_PAY_LATER,CLOSED,1,2026-04-23,2026-04-14 12:54:32,,LOW
9014,9014,2026-05-28 06:03:26,LIQUIDITY_MANAGEMENT,CLOSED,1,2026-06-11,2026-05-29 06:03:26,,LOW
9015,9015,2026-06-28 17:51:11,CORPORATE_CREDIT_CARD,CLOSED,4,2026-07-12,2026-07-04 17:51:11,,LOW
9016,9016,2025-11-10 21:13:24,DISBURSEMENT_PAYROLL_SERVICES,CLOSED,4,2025-11-24,2025-11-12 21:13:24,,LOW
9017,9017,2026-01-29 18:10:43,ROBO_ADVISORY,PENDING_DOCUMENTS,4,2026-02-12,,,LOW
9018,9018,2026-02-22 06:09:48,WEALTH_MANAGEMENT,CLOSED,3,2026-03-08,2026-02-25 06:09:48,,LOW
9019,9019,2026-08-08 05:51:59,TRADE_FINANCE_CREDIT_INSURANCE,CLOSED,4,2026-08-22,2026-08-09 05:51:59,Unverified or expired identity documents,HIGH
9020,9020,2026-08-14 10:30:33,TERM_LIFE_INSURANCE,IN_REVIEW,3,2026-08-28,,,LOW
9021,9021,2026-08-19 05:47:16,CREDIT_CARD_ISSUANCE,CLOSED,5,2026-09-02,2026-08-25 05:47:16,,LOW
9022,9022,2025-09-14 02:13:55,CRYPTO_BROKERAGE,CLOSED,3,2025-09-28,2025-09-16 02:13:55,Unverified or expired identity documents,MEDIUM
9023,9023,2025-09-11 23:14:48,ROBO_ADVISORY,CLOSED,4,2025-09-25,2025-09-13 23:14:48,,HIGH
9024,9024,2026-08-19 06:50:29,CORPORATE_ACCOUNT,PENDING_DOCUMENTS,3,2026-09-02,,,LOW
9025,9025,2026-01-31 17:49:02,MERCHANT_ACQUIRING,CLOSED,2,2026-02-14,2026-02-05 17:49:02,,LOW
9026,9026,2025-11-22 15:00:43,BUY_NOW_PAY_LATER,PENDING_DOCUMENTS,2,2025-12-06,,,LOW
9027,9027,2026-07-29 08:46:41,ESTATE_PLANNING_SERVICES,CLOSED,3,2026-08-12,2026-08-04 08:46:41,,MEDIUM
9028,9028,2026-03-09 22:12:37,PERSONAL_LOAN,CLOSED,4,2026-03-23,2026-03-10 22:12:37,,LOW
9029,9029,2025-12-10 23:53:55,CROSS_BORDER_REMITTANCE,CLOSED,3,2025-12-24,2025-12-15 23:53:55,,LOW
9030,9030,2026-03-11 06:46:18,CROSS_BORDER_REMITTANCE,CLOSED,1,2026-03-25,2026-03-16 06:46:18,,LOW
9031,9031,2026-01-19 15:23:49,AUTO_FINANCING,CLOSED,4,2026-02-02,2026-01-20 15:23:49,,LOW
9032,9032,2026-03-15 04:13:07,ROBO_ADVISORY,CLOSED,2,2026-03-29,2026-03-20 04:13:07,,MEDIUM
9033,9033,2026-05-01 02:38:10,TERM_LIFE_INSURANCE,CLOSED,3,2026-05-15,2026-05-07 02:38:10,,HIGH
9034,9034,2026-08-15 18:47:20,CROSS_BORDER_REMITTANCE,CLOSED,5,2026-08-29,2026-08-20 18:47:20,,LOW
9035,9035,2025-10-03 16:00:17,PERSONAL_LOAN,OPEN,5,2025-10-17,,,LOW
9036,9036,2025-09-17 20:55:40,INSTITUTIONAL_CRYPTO_CUSTODY,CLOSED,3,2025-10-01,2025-09-19 20:55:40,,LOW
9037,9037,2026-04-27 07:53:53,AUTO_FINANCING,CLOSED,5,2026-05-11,2026-04-28 07:53:53,Unverified or expired identity documents,HIGH
9038,9038,2026-08-20 11:10:49,RETAIL_EQUITY_BROKERAGE,CLOSED,5,2026-09-03,2026-08-26 11:10:49,,MEDIUM
9039,9039,2025-12-14 10:08:44,BUY_NOW_PAY_LATER,IN_REVIEW,,2025-12-28,,,MEDIUM
9040,9040,2026-04-22 16:06:02,ROBO_ADVISORY,CLOSED,3,2026-05-06,2026-04-26 16:06:02,Unverified or expired identity documents,HIGH
9041,9041,2026-03-24 02:02:47,MORTGAGE_ORIGINATION,CLOSED,5,2026-04-07,2026-03-28 02:02:47,,LOW
9042,9042,2025-10-20 09:30:56,BUY_NOW_PAY_LATER,OPEN,,2025-11-03,,,HIGH
9043,9043,2026-04-25 02:09:00,ROBO_ADVISORY,CLOSED,2,2026-05-09,2026-04-29 02:09:00,Unverified or expired identity documents,MEDIUM
9044,9044,2025-11-12 03:42:42,AUTO_FINANCING,CLOSED,2,2025-11-26,2025-11-13 03:42:42,,MEDIUM
9045,9045,2025-12-02 10:03:39,BUY_NOW_PAY_LATER,CLOSED,4,2025-12-16,2025-12-06 10:03:39,,LOW
9046,9046,2026-02-20 12:25:00,TERM_LIFE_INSURANCE,CLOSED,3,2026-03-06,2026-02-26 12:25:00,,HIGH
9047,9047,2025-10-01 20:17:41,LIQUIDITY_MANAGEMENT,CLOSED,5,2025-10-15,2025-10-06 20:17:41,,LOW
9048,9048,2025-12-26 14:23:03,ESCROW_SERVICES,CLOSED,4,2026-01-09,2025-12-30 14:23:03,,LOW
9049,9049,2025-11-26 02:00:19,ROBO_ADVISORY,CLOSED,2,2025-12-10,2025-11-29 02:00:19,,LOW
9050,9050,2026-08-15 00:14:21,RETAIL_EQUITY_BROKERAGE,CLOSED,4,2026-08-29,2026-08-21 00:14:21,,LOW
9051,9051,2026-07-21 10:32:36,ROBO_ADVISORY,CLOSED,1,2026-08-04,2026-07-25 10:32:36,,MEDIUM
9052,9052,2026-01-17 13:12:56,CREDIT_CARD_ISSUANCE,CLOSED,4,2026-01-31,2026-01-22 13:12:56,,LOW
9053,9053,2026-04-10 00:21:22,COMMERCIAL_LENDING,CLOSED,3,2026-04-24,2026-04-16 00:21:22,,MEDIUM
9054,9054,2026-07-22 11:13:35,MORTGAGE_ORIGINATION,CLOSED,1,2026-08-05,2026-07-27 11:13:35,,MEDIUM
9055,9055,2026-05-26 02:22:31,MORTGAGE_ORIGINATION,OPEN,,2026-06-09,,,LOW
9056,9056,2025-10-06 03:10:07,ESTATE_PLANNING_SERVICES,CLOSED,3,2025-10-20,2025-10-09 03:10:07,,MEDIUM
9057,9057,2026-04-26 01:43:21,ASSET_PROTECTION_TRUSTS,CLOSED,1,2026-05-10,2026-04-29 01:43:21,,LOW
9058,9058,2026-01-02 06:55:15,CRYPTO_BROKERAGE,CLOSED,5,2026-01-16,2026-01-03 06:55:15,,LOW
9059,9059,2026-04-09 19:09:05,RETAIL_BANKING,OPEN,5,2026-04-23,,,LOW
9060,9060,2026-04-22 15:15:10,SECURITIES_BASED_LENDING,CLOSED,1,2026-05-06,2026-04-26 15:15:10,,LOW
9061,9061,2025-10-08 18:29:57,HIGH_YIELD_SAVINGS,CLOSED,1,2025-10-22,2025-10-10 18:29:57,,LOW
9062,9062,2026-06-26 15:18:46,ESCROW_SERVICES,CLOSED,5,2026-07-10,2026-06-28 15:18:46,,MEDIUM
9063,9063,2026-03-02 20:35:59,MORTGAGE_ORIGINATION,CLOSED,3,2026-03-16,2026-03-03 20:35:59,,MEDIUM
9064,9064,2025-11-03 21:05:34,HIGH_YIELD_SAVINGS,CLOSED,1,2025-11-17,2025-11-04 21:05:34,,LOW
9065,9065,2026-01-22 00:38:15,CRYPTO_BROKERAGE,CLOSED,4,2026-02-05,2026-01-25 00:38:15,,LOW
9066,9066,2026-08-23 04:55:10,ROBO_ADVISORY,CLOSED,5,2026-09-06,2026-08-27 04:55:10,,LOW
9067,9067,2026-07-14 13:40:57,BUY_NOW_PAY_LATER,CLOSED,1,2026-07-28,2026-07-17 13:40:57,,LOW
9068,9068,2026-07-06 00:40:15,MORTGAGE_ORIGINATION,CLOSED,3,2026-07-20,2026-07-11 00:40:15,,MEDIUM
9069,9069,2026-04-03 11:25:20,AUTO_FINANCING,CLOSED,2,2026-04-17,2026-04-06 11:25:20,,MEDIUM
9070,9070,2026-05-05 00:09:11,RETAIL_EQUITY_BROKERAGE,CLOSED,4,2026-05-19,2026-05-10 00:09:11,,LOW
9071,9071,2026-07-27 06:39:38,MORTGAGE_ORIGINATION,CLOSED,5,2026-08-10,2026-07-31 06:39:38,,LOW
9072,9072,2026-02-16 09:23:33,RETAIL_EQUITY_BROKERAGE,CLOSED,3,2026-03-02,2026-02-21 09:23:33,,MEDIUM
9073,9073,2025-11-26 20:38:40,BUY_NOW_PAY_LATER,CLOSED,2,2025-12-10,2025-11-28 20:38:40,,LOW
9074,9074,2026-06-02 23:29:58,CAMPAIGN_CHECKING_ACCOUNT,CLOSED,1,2026-06-16,2026-06-06 23:29:58,,LOW
9075,9075,2026-07-05 14:02:31,PAYROLL_SERVICES,CLOSED,3,2026-07-19,2026-07-07 14:02:31,,HIGH
9076,9076,2026-08-15 20:27:51,AUTO_FINANCING,CLOSED,5,2026-08-29,2026-08-17 20:27:51,,LOW
9077,9077,2026-08-10 07:41:24,CRYPTO_BROKERAGE,CLOSED,1,2026-08-24,2026-08-14 07:41:24,,LOW
9078,9078,2026-02-18 17:30:12,PAYROLL_SERVICES,CLOSED,2,2026-03-04,2026-02-19 17:30:12,,LOW
9079,9079,2025-12-09 11:16:49,TREASURY_MANAGEMENT,CLOSED,4,2025-12-23,2025-12-11 11:16:49,,LOW
9080,9080,2025-09-07 18:14:26,GOVERNMENT_RELATIONS_ESCROW,CLOSED,5,2025-09-21,2025-09-09 18:14:26,,LOW
9081,9081,2026-01-30 07:46:23,RETAIL_BANKING,CLOSED,1,2026-02-13,2026-02-02 07:46:23,,LOW
9082,9082,2026-05-24 14:14:12,TRUSTEE_ADMINISTRATION,CLOSED,5,2026-06-07,2026-05-27 14:14:12,,LOW
9083,9083,2026-02-27 13:05:56,INSTITUTIONAL_CRYPTO_CUSTODY,CLOSED,4,2026-03-13,2026-03-04 13:05:56,,LOW
9084,9084,2026-01-04 19:18:21,RETAIL_EQUITY_BROKERAGE,OPEN,,2026-01-18,,,MEDIUM
9085,9085,2026-03-20 05:08:22,TERM_LIFE_INSURANCE,CLOSED,1,2026-04-03,2026-03-23 05:08:22,,MEDIUM
9086,9086,2026-04-07 23:46:14,CROSS_BORDER_REMITTANCE,IN_REVIEW,1,2026-04-21,,,HIGH
9087,9087,2026-08-25 07:24:10,PERSONAL_LOAN,CLOSED,4,2026-09-08,2026-08-26 07:24:10,,LOW
9088,9088,2026-04-06 01:47:47,HIGH_YIELD_SAVINGS,CLOSED,1,2026-04-20,2026-04-12 01:47:47,,LOW
9089,9089,2026-03-17 13:33:56,CROSS_BORDER_REMITTANCE,CLOSED,5,2026-03-31,2026-03-23 13:33:56,,LOW
9090,9090,2025-09-20 18:03:17,TERM_LIFE_INSURANCE,CLOSED,5,2025-10-04,2025-09-21 18:03:17,,HIGH
9091,9091,2025-12-28 10:39:05,COMPLIANCE_RESTRICTED_DEPOSIT_ACCOUNT,CLOSED,4,2026-01-11,2026-01-02 10:39:05,Unverified or expired identity documents,MEDIUM
9092,9092,2025-11-18 22:48:31,HIGH_YIELD_SAVINGS,OPEN,3,2025-12-02,,,HIGH
9093,9093,2026-06-15 22:24:14,PERSONAL_LOAN,OPEN,,2026-06-29,,,LOW
9094,9094,2026-06-11 21:34:29,FX_HEDGING_SOLUTIONS,CLOSED,3,2026-06-25,2026-06-16 21:34:29,,MEDIUM
9095,9095,2026-08-05 01:43:45,RETAIL_EQUITY_BROKERAGE,CLOSED,1,2026-08-19,2026-08-09 01:43:45,,MEDIUM
9096,9096,2026-07-20 22:50:23,BUY_NOW_PAY_LATER,CLOSED,2,2026-08-03,2026-07-26 22:50:23,,LOW
9097,9097,2026-08-09 05:00:03,PHILANTHROPY_ENDOWMENT_MANAGEMENT,CLOSED,3,2026-08-23,2026-08-11 05:00:03,Unverified or expired identity documents,LOW
9098,9098,2026-07-27 18:54:31,ROBO_ADVISORY,CLOSED,3,2026-08-10,2026-08-01 18:54:31,,LOW
9099,9099,2026-04-14 15:43:41,RETAIL_BANKING,CLOSED,5,2026-04-28,2026-04-18 15:43:41,,LOW
9100,9100,2026-02-23 23:27:51,INSTITUTIONAL_CRYPTO_CUSTODY,CLOSED,3,2026-03-09,2026-02-25 23:27:51,,LOW
9101,9101,2025-09-13 02:34:14,BUY_NOW_PAY_LATER,CLOSED,2,2025-09-27,2025-09-16 02:34:14,,MEDIUM
9102,9102,2026-04-19 11:45:35,TAX_OPTIMIZED_INVESTING,OPEN,5,2026-05-03,,,MEDIUM
9103,9103,2026-03-06 21:12:02,AUTO_FINANCING,CLOSED,3,2026-03-20,2026-03-10 21:12:02,,MEDIUM
9104,9104,2025-09-15 23:43:06,TREASURY_MANAGEMENT,CLOSED,3,2025-09-29,2025-09-18 23:43:06,Unverified or expired identity documents,LOW
9105,9105,2025-10-21 18:27:54,TERM_LIFE_INSURANCE,CLOSED,1,2025-11-04,2025-10-24 18:27:54,,LOW
9106,9106,2025-08-29 05:48:34,CRYPTO_BROKERAGE,CLOSED,1,2025-09-12,2025-09-04 05:48:34,,HIGH
9107,9107,2026-05-31 07:10:14,FX_HEDGING_SOLUTIONS,CLOSED,5,2026-06-14,2026-06-01 07:10:14,Unverified or expired identity documents,HIGH
9108,9108,2026-08-06 17:18:42,LIQUIDITY_MANAGEMENT,CLOSED,5,2026-08-20,2026-08-07 17:18:42,,LOW
9109,9109,2026-04-05 17:57:02,WEALTH_MANAGEMENT,CLOSED,4,2026-04-19,2026-04-11 17:57:02,,MEDIUM
9110,9110,2026-06-29 05:55:49,TAX_OPTIMIZED_INVESTING,CLOSED,2,2026-07-13,2026-06-30 05:55:49,,LOW
9111,9111,2026-04-17 11:32:44,RETAIL_EQUITY_BROKERAGE,PENDING_DOCUMENTS,,2026-05-01,,,LOW
9112,9112,2025-11-26 23:44:01,RETAIL_BANKING,CLOSED,2,2025-12-10,2025-12-01 23:44:01,,HIGH
9113,9113,2025-11-24 14:33:48,TERM_LIFE_INSURANCE,CLOSED,3,2025-12-08,2025-11-29 14:33:48,Unverified or expired identity documents,LOW
9114,9114,2026-01-28 10:47:55,RETAIL_EQUITY_BROKERAGE,CLOSED,5,2026-02-11,2026-02-03 10:47:55,Unverified or expired identity documents,HIGH
9115,9115,2026-08-11 19:38:39,ROBO_ADVISORY,IN_REVIEW,2,2026-08-25,,,LOW
9116,9116,2026-08-22 11:12:59,CROSS_BORDER_REMITTANCE,CLOSED,5,2026-09-05,2026-08-28 11:12:59,,LOW
9117,9117,2026-08-04 14:39:20,AUTO_FINANCING,CLOSED,1,2026-08-18,2026-08-08 14:39:20,,LOW
9118,9118,2026-05-15 06:04:06,AUTO_FINANCING,OPEN,2,2026-05-29,,,LOW
9119,9119,2025-09-19 23:16:34,LIQUIDITY_MANAGEMENT,CLOSED,5,2025-10-03,2025-09-22 23:16:34,,LOW
9120,9120,2025-12-10 20:37:31,CORPORATE_ACCOUNT,CLOSED,1,2025-12-24,2025-12-13 20:37:31,,LOW
9121,9121,2025-11-29 16:34:41,BENEFICIARY_DISBURSEMENT_SERVICES,OPEN,,2025-12-13,,,LOW
9122,9122,2026-07-10 11:12:29,MERCHANT_ACQUIRING,CLOSED,4,2026-07-24,2026-07-11 11:12:29,,MEDIUM
9123,9123,2026-03-03 15:09:39,LETTER_OF_CREDIT,CLOSED,3,2026-03-17,2026-03-08 15:09:39,,MEDIUM
9124,9124,2026-04-08 19:59:11,MORTGAGE_ORIGINATION,CLOSED,2,2026-04-22,2026-04-14 19:59:11,,LOW
9125,9125,2025-08-26 14:12:41,COMPLIANCE_RESTRICTED_DEPOSIT_ACCOUNT,CLOSED,5,2025-09-09,2025-08-29 14:12:41,,LOW
9126,9126,2025-11-03 17:13:31,CRYPTO_BROKERAGE,CLOSED,2,2025-11-17,2025-11-09 17:13:31,,LOW
9127,9127,2026-01-24 09:11:06,BALLOT_INITIATIVE_ESCROW,CLOSED,4,2026-02-07,2026-01-25 09:11:06,Unverified or expired identity documents,LOW
9128,9128,2026-07-26 04:23:47,RETAIL_BANKING,CLOSED,1,2026-08-09,2026-07-27 04:23:47,,LOW
9129,9129,2025-08-27 18:51:45,CREDIT_CARD_ISSUANCE,CLOSED,1,2025-09-10,2025-08-30 18:51:45,,LOW
9130,9130,2026-04-19 14:19:10,HIGH_YIELD_SAVINGS,CLOSED,4,2026-05-03,2026-04-20 14:19:10,,LOW
9131,9131,2025-11-09 09:21:03,COMMERCIAL_LENDING,OPEN,2,2025-11-23,,,LOW
9132,9132,2025-10-24 08:25:47,BESPOKE_PORTFOLIO_MANAGEMENT,CLOSED,1,2025-11-07,2025-10-29 08:25:47,,LOW
9133,9133,2026-02-04 02:21:36,HIGH_VOLUME_MERCHANT_GATEWAY,CLOSED,2,2026-02-18,2026-02-05 02:21:36,,MEDIUM
9134,9134,2025-12-27 21:23:36,HIGH_YIELD_SAVINGS,PENDING_DOCUMENTS,5,2026-01-10,,,LOW
9135,9135,2026-07-16 06:42:08,MORTGAGE_ORIGINATION,OPEN,2,2026-07-30,,,HIGH
9136,9136,2025-10-19 22:52:30,REGULATORY_REPORTING_INTEGRATION,CLOSED,4,2025-11-02,2025-10-22 22:52:30,,MEDIUM
9137,9137,2025-10-17 06:25:25,RETAIL_EQUITY_BROKERAGE,CLOSED,2,2025-10-31,2025-10-19 06:25:25,Unverified or expired identity documents,HIGH
9138,9138,2026-07-26 14:06:10,TRUSTEE_ADMINISTRATION,CLOSED,3,2026-08-09,2026-07-27 14:06:10,,LOW
9139,9139,2025-12-03 22:59:16,RETAIL_EQUITY_BROKERAGE,CLOSED,2,2025-12-17,2025-12-05 22:59:16,,LOW
9140,9140,2025-11-13 15:39:07,CORPORATE_ACCOUNT,CLOSED,5,2025-11-27,2025-11-19 15:39:07,,MEDIUM
9141,9141,2026-08-07 06:01:09,GOVERNMENT_RELATIONS_ESCROW,PENDING_DOCUMENTS,,2026-08-21,,,LOW
9142,9142,2026-08-12 13:20:34,CROSS_BORDER_REMITTANCE,OPEN,5,2026-08-26,,,LOW
9143,9143,2026-03-03 19:06:29,ROBO_ADVISORY,CLOSED,2,2026-03-17,2026-03-06 19:06:29,Unverified or expired identity documents,LOW
9144,9144,2025-11-13 21:53:34,CROSS_BORDER_REMITTANCE,OPEN,,2025-11-27,,,LOW
9145,9145,2026-04-14 16:59:58,AUTO_FINANCING,CLOSED,2,2026-04-28,2026-04-18 16:59:58,,MEDIUM
9146,9146,2026-08-21 03:14:19,ROBO_ADVISORY,CLOSED,3,2026-09-04,2026-08-27 03:14:19,,HIGH
9147,9147,2026-08-25 10:22:15,DIRECT_INDEXING,OPEN,,2026-09-08,,,LOW
9148,9148,2026-05-09 23:11:51,TRADE_FINANCE_CREDIT_INSURANCE,CLOSED,1,2026-05-23,2026-05-14 23:11:51,,LOW
9149,9149,2025-10-19 05:49:27,BUY_NOW_PAY_LATER,CLOSED,2,2025-11-02,2025-10-24 05:49:27,,LOW
9150,9150,2025-09-12 22:43:51,HIGH_YIELD_SAVINGS,CLOSED,2,2025-09-26,2025-09-14 22:43:51,,LOW
9151,9151,2025-12-05 12:19:16,COMMERCIAL_LENDING,CLOSED,5,2025-12-19,2025-12-08 12:19:16,,MEDIUM
9152,9152,2025-09-29 06:37:22,TAX_OPTIMIZED_INVESTING,CLOSED,2,2025-10-13,2025-10-04 06:37:22,,MEDIUM
9153,9153,2025-09-30 12:13:14,HIGH_YIELD_SAVINGS,CLOSED,2,2025-10-14,2025-10-05 12:13:14,,MEDIUM
9154,9154,2025-12-11 21:03:11,FIDUCIARY_CUSTODY_ACCOUNT,CLOSED,4,2025-12-25,2025-12-14 21:03:11,,LOW
9155,9155,2025-11-25 23:31:50,AUTO_FINANCING,CLOSED,2,2025-12-09,2025-11-26 23:31:50,,HIGH
9156,9156,2026-08-05 12:51:55,FIDUCIARY_CUSTODY_ACCOUNT,OPEN,5,2026-08-19,,,LOW
9157,9157,2026-05-21 03:52:58,CROSS_BORDER_REMITTANCE,IN_REVIEW,2,2026-06-04,,,MEDIUM
9158,9158,2025-10-21 03:22:59,RETAIL_BANKING,CLOSED,1,2025-11-04,2025-10-23 03:22:59,,LOW
9159,9159,2025-11-13 11:23:11,HIGH_YIELD_SAVINGS,CLOSED,1,2025-11-27,2025-11-14 11:23:11,,LOW
9160,9160,2026-04-16 19:46:34,AUTO_FINANCING,CLOSED,4,2026-04-30,2026-04-19 19:46:34,,HIGH
9161,9161,2025-12-19 02:06:02,FX_HEDGING_SOLUTIONS,CLOSED,2,2026-01-02,2025-12-23 02:06:02,,LOW
9162,9162,2025-11-04 10:24:26,TERM_LIFE_INSURANCE,CLOSED,3,2025-11-18,2025-11-07 10:24:26,,MEDIUM
9163,9163,2025-09-24 06:42:01,RETAIL_BANKING,CLOSED,4,2025-10-08,2025-09-28 06:42:01,,LOW
9164,9164,2026-04-14 05:54:03,ROBO_ADVISORY,CLOSED,3,2026-04-28,2026-04-19 05:54:03,,LOW
9165,9165,2025-10-08 22:43:53,MERCHANT_ACQUIRING,IN_REVIEW,,2025-10-22,,,HIGH
9166,9166,2025-10-13 12:47:39,BUY_NOW_PAY_LATER,CLOSED,2,2025-10-27,2025-10-16 12:47:39,,LOW
9167,9167,2026-03-04 04:25:51,MORTGAGE_ORIGINATION,CLOSED,1,2026-03-18,2026-03-05 04:25:51,,MEDIUM
9168,9168,2026-04-03 07:03:16,AUTO_FINANCING,OPEN,,2026-04-17,,,LOW
9169,9169,2025-11-10 04:30:17,BUY_NOW_PAY_LATER,OPEN,5,2025-11-24,,,LOW
9170,9170,2025-11-06 02:27:45,HIGH_YIELD_SAVINGS,CLOSED,1,2025-11-20,2025-11-10 02:27:45,,LOW
9171,9171,2026-08-21 15:24:54,TERM_LIFE_INSURANCE,CLOSED,3,2026-09-04,2026-08-22 15:24:54,,LOW
9172,9172,2026-01-23 11:13:35,HIGH_YIELD_SAVINGS,CLOSED,1,2026-02-06,2026-01-24 11:13:35,,LOW
9173,9173,2026-07-20 01:04:03,POLITICAL_DONATION_PROCESSING,CLOSED,3,2026-08-03,2026-07-22 01:04:03,Unverified or expired identity documents,MEDIUM
9174,9174,2026-02-02 15:58:57,HIGH_YIELD_SAVINGS,CLOSED,2,2026-02-16,2026-02-07 15:58:57,,MEDIUM
9175,9175,2025-10-25 04:32:06,HIGH_YIELD_SAVINGS,OPEN,4,2025-11-08,,,HIGH
9176,9176,2026-03-30 00:28:29,HIGH_YIELD_SAVINGS,CLOSED,1,2026-04-13,2026-04-03 00:28:29,,LOW
9177,9177,2025-11-06 00:20:47,TREASURY_MANAGEMENT,CLOSED,5,2025-11-20,2025-11-09 00:20:47,,LOW
9178,9178,2026-01-22 01:21:05,CREDIT_CARD_ISSUANCE,CLOSED,5,2026-02-05,2026-01-26 01:21:05,,LOW
9179,9179,2025-12-26 13:11:30,PERSONAL_LOAN,CLOSED,4,2026-01-09,2025-12-27 13:11:30,Unverified or expired identity documents,MEDIUM
9180,9180,2026-05-03 00:17:38,AUTO_FINANCING,CLOSED,2,2026-05-17,2026-05-07 00:17:38,,LOW
9181,9181,2025-11-23 09:14:51,RETAIL_EQUITY_BROKERAGE,CLOSED,3,2025-12-07,2025-11-26 09:14:51,Unverified or expired identity documents,HIGH
9182,9182,2026-02-03 16:52:12,ROBO_ADVISORY,CLOSED,5,2026-02-17,2026-02-05 16:52:12,,LOW
9183,9183,2026-01-22 18:45:56,RETAIL_EQUITY_BROKERAGE,CLOSED,3,2026-02-05,2026-01-23 18:45:56,,LOW
9184,9184,2025-12-12 10:04:13,ROBO_ADVISORY,CLOSED,1,2025-12-26,2025-12-13 10:04:13,,LOW
9185,9185,2025-11-15 09:53:21,RETAIL_BANKING,OPEN,3,2025-11-29,,,LOW
9186,9186,2025-10-30 07:31:59,AUTO_FINANCING,CLOSED,2,2025-11-13,2025-11-02 07:31:59,,HIGH
9187,9187,2025-12-14 20:31:40,BUY_NOW_PAY_LATER,CLOSED,4,2025-12-28,2025-12-18 20:31:40,,LOW
9188,9188,2025-12-17 08:47:49,BESPOKE_PORTFOLIO_MANAGEMENT,OPEN,5,2025-12-31,,,LOW
9189,9189,2026-02-21 01:35:24,CORPORATE_CREDIT_CARD,CLOSED,4,2026-03-07,2026-02-22 01:35:24,,LOW
9190,9190,2026-02-23 06:26:08,BENEFICIARY_DISBURSEMENT_SERVICES,CLOSED,4,2026-03-09,2026-03-01 06:26:08,,LOW
9191,9191,2026-06-27 06:58:14,ESCROW_SERVICES,CLOSED,3,2026-07-11,2026-07-02 06:58:14,,LOW
9192,9192,2026-01-17 14:19:33,LIQUIDITY_MANAGEMENT,CLOSED,3,2026-01-31,2026-01-20 14:19:33,,LOW
9193,9193,2025-10-19 03:54:32,RETAIL_EQUITY_BROKERAGE,CLOSED,1,2025-11-02,2025-10-25 03:54:32,Unverified or expired identity documents,HIGH
9194,9194,2025-12-29 13:34:47,AUTO_FINANCING,CLOSED,4,2026-01-12,2026-01-01 13:34:47,,LOW
9195,9195,2025-08-26 07:46:26,TERM_LIFE_INSURANCE,CLOSED,3,2025-09-09,2025-08-29 07:46:26,,HIGH
9196,9196,2026-05-07 06:08:23,CROSS_BORDER_REMITTANCE,CLOSED,4,2026-05-21,2026-05-12 06:08:23,,LOW
9197,9197,2026-01-13 17:26:33,TERM_LIFE_INSURANCE,CLOSED,3,2026-01-27,2026-01-19 17:26:33,,MEDIUM
9198,9198,2026-07-01 04:59:35,ROBO_ADVISORY,CLOSED,1,2026-07-15,2026-07-02 04:59:35,,MEDIUM
9199,9199,2026-02-11 22:17:15,CREDIT_CARD_ISSUANCE,CLOSED,2,2026-02-25,2026-02-15 22:17:15,,LOW
9200,9200,2026-06-04 07:40:15,TERM_LIFE_INSURANCE,CLOSED,2,2026-06-18,2026-06-09 07:40:15,,LOW
9201,9201,2025-09-04 19:57:09,CROSS_BORDER_REMITTANCE,OPEN,,2025-09-18,,,HIGH
9202,9202,2026-01-22 11:05:58,TERM_LIFE_INSURANCE,CLOSED,3,2026-02-05,2026-01-28 11:05:58,,MEDIUM
9203,9203,2026-08-03 09:33:39,TERM_LIFE_INSURANCE,CLOSED,4,2026-08-17,2026-08-06 09:33:39,,LOW
9204,9204,2025-10-08 00:23:26,BUY_NOW_PAY_LATER,CLOSED,2,2025-10-22,2025-10-14 00:23:26,,LOW
9205,9205,2025-09-18 13:23:39,TRADE_FINANCE_CREDIT_INSURANCE,OPEN,,2025-10-02,,,MEDIUM
9206,9206,2026-05-01 04:23:48,ESTATE_PLANNING_SERVICES,CLOSED,5,2026-05-15,2026-05-07 04:23:48,,MEDIUM
9207,9207,2025-10-21 02:45:36,HIGH_YIELD_SAVINGS,CLOSED,1,2025-11-04,2025-10-24 02:45:36,,LOW
9208,9208,2025-11-12 15:06:27,CREDIT_CARD_ISSUANCE,CLOSED,1,2025-11-26,2025-11-16 15:06:27,,MEDIUM
9209,9209,2025-11-22 19:53:46,COMPLIANCE_RESTRICTED_DEPOSIT_ACCOUNT,OPEN,1,2025-12-06,,,HIGH
9210,9210,2026-05-21 23:15:28,BUY_NOW_PAY_LATER,CLOSED,5,2026-06-04,2026-05-25 23:15:28,,LOW
9211,9211,2026-04-07 20:25:37,SECURITIES_BASED_LENDING,CLOSED,4,2026-04-21,2026-04-09 20:25:37,,LOW
9212,9212,2026-07-25 05:39:25,POLITICAL_DONATION_PROCESSING,CLOSED,5,2026-08-08,2026-07-27 05:39:25,,MEDIUM
9213,9213,2026-04-29 17:16:50,PHILANTHROPY_ENDOWMENT_MANAGEMENT,CLOSED,4,2026-05-13,2026-05-05 17:16:50,,LOW
9214,9214,2025-12-24 16:56:42,CROSS_BORDER_REMITTANCE,CLOSED,1,2026-01-07,2025-12-28 16:56:42,,LOW
9215,9215,2025-11-30 11:17:03,FX_HEDGING_SOLUTIONS,CLOSED,5,2025-12-14,2025-12-04 11:17:03,,LOW
9216,9216,2026-02-22 13:43:56,AUTO_FINANCING,CLOSED,5,2026-03-08,2026-02-27 13:43:56,,MEDIUM
9217,9217,2026-05-19 15:43:06,CRYPTO_BROKERAGE,CLOSED,4,2026-06-02,2026-05-22 15:43:06,,LOW
9218,9218,2025-10-14 15:52:32,RETAIL_BANKING,IN_REVIEW,,2025-10-28,,,LOW
9219,9219,2026-02-24 22:27:03,CRYPTO_BROKERAGE,CLOSED,1,2026-03-10,2026-03-01 22:27:03,,LOW
9220,9220,2025-10-09 11:49:58,BUY_NOW_PAY_LATER,CLOSED,3,2025-10-23,2025-10-10 11:49:58,,LOW
9221,9221,2026-08-04 08:04:12,CROSS_BORDER_REMITTANCE,CLOSED,3,2026-08-18,2026-08-05 08:04:12,,LOW
9222,9222,2025-08-28 04:55:09,SECURITIES_BASED_LENDING,CLOSED,5,2025-09-11,2025-09-01 04:55:09,,LOW
9223,9223,2026-03-22 18:30:33,RETAIL_EQUITY_BROKERAGE,CLOSED,1,2026-04-05,2026-03-25 18:30:33,,LOW
9224,9224,2026-06-11 11:26:39,FX_HEDGING_SOLUTIONS,CLOSED,1,2026-06-25,2026-06-14 11:26:39,,LOW
9225,9225,2026-01-21 08:29:29,MERCHANT_ACQUIRING,CLOSED,2,2026-02-04,2026-01-22 08:29:29,,LOW
9226,9226,2026-06-01 13:30:57,ROBO_ADVISORY,CLOSED,1,2026-06-15,2026-06-05 13:30:57,,LOW
9227,9227,2025-10-04 20:53:06,TRADE_FINANCE_CREDIT_INSURANCE,CLOSED,5,2025-10-18,2025-10-08 20:53:06,,MEDIUM
9228,9228,2025-09-23 17:50:35,AUTO_FINANCING,CLOSED,4,2025-10-07,2025-09-27 17:50:35,,LOW
9229,9229,2025-10-18 23:19:26,FIDUCIARY_CUSTODY_ACCOUNT,CLOSED,4,2025-11-01,2025-10-19 23:19:26,,LOW
9230,9230,2026-02-22 05:53:23,MORTGAGE_ORIGINATION,CLOSED,5,2026-03-08,2026-02-26 05:53:23,,MEDIUM
9231,9231,2025-11-16 18:58:35,TREASURY_MANAGEMENT,CLOSED,1,2025-11-30,2025-11-17 18:58:35,,LOW
9232,9232,2026-05-07 15:31:24,PRIVATE_EQUITY_FEEDER,CLOSED,3,2026-05-21,2026-05-09 15:31:24,,LOW
9233,9233,2025-10-11 11:57:20,CREDIT_CARD_ISSUANCE,CLOSED,3,2025-10-25,2025-10-13 11:57:20,,LOW
9234,9234,2026-07-18 00:30:30,RETAIL_BANKING,IN_REVIEW,,2026-08-01,,,LOW
9235,9235,2026-03-04 08:21:18,TRADE_FINANCE_CREDIT_INSURANCE,CLOSED,2,2026-03-18,2026-03-07 08:21:18,,LOW
9236,9236,2026-07-04 10:42:10,BUY_NOW_PAY_LATER,CLOSED,5,2026-07-18,2026-07-07 10:42:10,,LOW
9237,9237,2026-02-19 07:04:04,FIDUCIARY_CUSTODY_ACCOUNT,CLOSED,2,2026-03-05,2026-02-23 07:04:04,,HIGH
9238,9238,2025-11-21 13:11:28,AUTO_FINANCING,CLOSED,3,2025-12-05,2025-11-27 13:11:28,,LOW
9239,9239,2025-11-29 23:31:55,MORTGAGE_ORIGINATION,PENDING_DOCUMENTS,,2025-12-13,,,LOW
9240,9240,2026-04-13 19:32:41,BUY_NOW_PAY_LATER,CLOSED,1,2026-04-27,2026-04-19 19:32:41,,LOW
9241,9241,2026-01-15 17:20:10,RETAIL_BANKING,CLOSED,4,2026-01-29,2026-01-16 17:20:10,,LOW
9242,9242,2025-09-22 00:01:14,HIGH_YIELD_SAVINGS,CLOSED,3,2025-10-06,2025-09-25 00:01:14,,LOW
9243,9243,2025-09-28 09:05:34,RETAIL_BANKING,CLOSED,4,2025-10-12,2025-10-02 09:05:34,,LOW
9244,9244,2026-05-17 01:23:06,CORPORATE_ACCOUNT,CLOSED,4,2026-05-31,2026-05-21 01:23:06,,LOW
9245,9245,2026-07-07 13:47:48,MORTGAGE_ORIGINATION,CLOSED,4,2026-07-21,2026-07-09 13:47:48,,MEDIUM
9246,9246,2026-07-09 22:01:36,BUY_NOW_PAY_LATER,CLOSED,3,2026-07-23,2026-07-12 22:01:36,,LOW
9247,9247,2026-04-04 19:22:36,CRYPTO_BROKERAGE,CLOSED,1,2026-04-18,2026-04-05 19:22:36,,LOW
9248,9248,2025-10-06 15:14:12,ESCROW_SERVICES,CLOSED,4,2025-10-20,2025-10-12 15:14:12,Unverified or expired identity documents,HIGH
9249,9249,2026-03-01 08:41:23,HIGH_YIELD_SAVINGS,CLOSED,4,2026-03-15,2026-03-06 08:41:23,,LOW
9250,9250,2025-09-12 16:15:59,PERSONAL_LOAN,CLOSED,1,2025-09-26,2025-09-14 16:15:59,,LOW
9251,9251,2025-09-25 14:01:32,HIGH_YIELD_SAVINGS,CLOSED,2,2025-10-09,2025-09-30 14:01:32,Unverified or expired identity documents,LOW
9252,9252,2026-07-04 10:48:03,CREDIT_CARD_ISSUANCE,CLOSED,2,2026-07-18,2026-07-09 10:48:03,,LOW
9253,9253,2025-10-07 04:51:08,ROBO_ADVISORY,CLOSED,1,2025-10-21,2025-10-12 04:51:08,,LOW
9254,9254,2026-07-02 13:06:24,PERSONAL_LOAN,CLOSED,4,2026-07-16,2026-07-06 13:06:24,,MEDIUM
9255,9255,2025-11-12 11:28:30,RETAIL_EQUITY_BROKERAGE,CLOSED,3,2025-11-26,2025-11-15 11:28:30,,MEDIUM
9256,9256,2026-03-28 22:24:56,SECURITIES_BASED_LENDING,CLOSED,4,2026-04-11,2026-03-29 22:24:56,,LOW
9257,9257,2025-12-20 12:55:10,RETAIL_EQUITY_BROKERAGE,CLOSED,3,2026-01-03,2025-12-21 12:55:10,,LOW
9258,9258,2026-04-10 23:59:42,HIGH_YIELD_SAVINGS,CLOSED,4,2026-04-24,2026-04-16 23:59:42,,LOW
9259,9259,2026-08-24 07:18:33,BUY_NOW_PAY_LATER,PENDING_DOCUMENTS,,2026-09-07,,,LOW
9260,9260,2026-08-12 08:13:22,COMPLIANCE_RESTRICTED_DEPOSIT_ACCOUNT,CLOSED,4,2026-08-26,2026-08-16 08:13:22,,LOW
9261,9261,2025-12-14 14:19:32,PERSONAL_LOAN,CLOSED,4,2025-12-28,2025-12-19 14:19:32,,LOW
9262,9262,2025-09-10 00:42:40,CREDIT_CARD_ISSUANCE,CLOSED,1,2025-09-24,2025-09-11 00:42:40,Unverified or expired identity documents,LOW
9263,9263,2026-03-18 09:37:10,CROSS_BORDER_REMITTANCE,CLOSED,5,2026-04-01,2026-03-20 09:37:10,,MEDIUM
9264,9264,2026-06-04 02:51:05,CRYPTO_BROKERAGE,CLOSED,4,2026-06-18,2026-06-05 02:51:05,,LOW
9265,9265,2026-01-08 01:19:09,HIGH_YIELD_SAVINGS,CLOSED,2,2026-01-22,2026-01-12 01:19:09,High-risk sanctions/FATF jurisdiction,HIGH
9266,9266,2025-12-03 22:29:10,AUTO_FINANCING,CLOSED,2,2025-12-17,2025-12-07 22:29:10,,LOW
9267,9267,2026-02-07 08:21:39,CREDIT_CARD_ISSUANCE,OPEN,5,2026-02-21,,,LOW
9268,9268,2026-01-08 02:48:43,SHORT_TERM_LIQUIDITY_MANAGEMENT,CLOSED,4,2026-01-22,2026-01-14 02:48:43,High-risk sanctions/FATF jurisdiction,HIGH
9269,9269,2026-06-21 06:14:48,CREDIT_CARD_ISSUANCE,OPEN,3,2026-07-05,,,LOW
9270,9270,2026-05-26 21:07:32,CROSS_BORDER_REMITTANCE,OPEN,,2026-06-09,,,LOW
9271,9271,2026-04-21 23:10:24,RETAIL_BANKING,CLOSED,2,2026-05-05,2026-04-24 23:10:24,,LOW
9272,9272,2026-05-21 17:43:47,CRYPTO_BROKERAGE,CLOSED,5,2026-06-04,2026-05-24 17:43:47,Unverified or expired identity documents,HIGH
9273,9273,2026-06-27 17:59:20,GOVERNMENT_RELATIONS_ESCROW,CLOSED,5,2026-07-11,2026-06-28 17:59:20,Unverified or expired identity documents,MEDIUM
9274,9274,2026-03-25 07:59:00,CRYPTO_BROKERAGE,CLOSED,3,2026-04-08,2026-03-26 07:59:00,,MEDIUM
9275,9275,2026-08-16 03:15:51,AUTO_FINANCING,CLOSED,4,2026-08-30,2026-08-18 03:15:51,,LOW
9276,9276,2026-02-05 21:30:33,CRYPTO_BROKERAGE,CLOSED,4,2026-02-19,2026-02-08 21:30:33,,LOW
9277,9277,2026-07-30 12:04:28,CROSS_BORDER_REMITTANCE,CLOSED,2,2026-08-13,2026-08-01 12:04:28,,MEDIUM
9278,9278,2025-10-29 08:57:36,CREDIT_CARD_ISSUANCE,CLOSED,2,2025-11-12,2025-10-31 08:57:36,,LOW
9279,9279,2025-12-24 10:24:24,LETTER_OF_CREDIT,CLOSED,2,2026-01-07,2025-12-26 10:24:24,,LOW
9280,9280,2026-05-25 00:13:38,POLITICAL_DONATION_PROCESSING,CLOSED,5,2026-06-08,2026-05-27 00:13:38,,LOW
9281,9281,2025-08-28 13:07:20,TREASURY_MANAGEMENT,CLOSED,3,2025-09-11,2025-08-29 13:07:20,,LOW
9282,9282,2026-06-11 06:52:28,PAC_TREASURY_MANAGEMENT,OPEN,,2026-06-25,,,LOW
9283,9283,2026-02-15 10:40:17,CREDIT_CARD_ISSUANCE,CLOSED,5,2026-03-01,2026-02-19 10:40:17,,LOW
9284,9284,2026-05-04 02:51:14,CRYPTO_BROKERAGE,CLOSED,2,2026-05-18,2026-05-06 02:51:14,Unverified or expired identity documents,HIGH
9285,9285,2026-05-03 18:23:33,PERSONAL_LOAN,CLOSED,3,2026-05-17,2026-05-07 18:23:33,,MEDIUM
9286,9286,2026-01-07 22:27:31,AUTO_FINANCING,CLOSED,4,2026-01-21,2026-01-13 22:27:31,High-risk sanctions/FATF jurisdiction,HIGH
9287,9287,2025-09-18 19:04:53,TREASURY_MANAGEMENT,OPEN,,2025-10-02,,,LOW
9288,9288,2025-11-03 22:03:46,ESTATE_PLANNING_SERVICES,CLOSED,1,2025-11-17,2025-11-07 22:03:46,,MEDIUM
9289,9289,2025-12-05 12:36:13,PAYROLL_SERVICES,OPEN,,2025-12-19,,,LOW
9290,9290,2025-10-20 10:33:44,BESPOKE_PORTFOLIO_MANAGEMENT,CLOSED,3,2025-11-03,2025-10-21 10:33:44,,LOW
9291,9291,2025-10-29 00:34:21,ROBO_ADVISORY,CLOSED,1,2025-11-12,2025-11-02 00:34:21,,LOW
9292,9292,2025-12-07 17:54:33,CRYPTO_BROKERAGE,CLOSED,5,2025-12-21,2025-12-12 17:54:33,,LOW
9293,9293,2026-08-23 21:51:09,BUY_NOW_PAY_LATER,CLOSED,5,2026-09-06,2026-08-27 21:51:09,,MEDIUM
9294,9294,2026-01-30 17:48:53,AUTO_FINANCING,CLOSED,4,2026-02-13,2026-02-02 17:48:53,,LOW
9295,9295,2025-09-06 04:09:23,FIDUCIARY_CUSTODY_ACCOUNT,CLOSED,3,2025-09-20,2025-09-12 04:09:23,,LOW
9296,9296,2025-11-21 00:56:02,TERM_LIFE_INSURANCE,CLOSED,3,2025-12-05,2025-11-23 00:56:02,,LOW
9297,9297,2026-02-12 23:52:53,POLITICAL_DONATION_PROCESSING,CLOSED,1,2026-02-26,2026-02-16 23:52:53,Unverified or expired identity documents,MEDIUM
9298,9298,2026-04-28 23:38:08,AUTO_FINANCING,CLOSED,4,2026-05-12,2026-05-02 23:38:08,,LOW
9299,9299,2026-07-06 07:16:42,CREDIT_CARD_ISSUANCE,CLOSED,2,2026-07-20,2026-07-07 07:16:42,,MEDIUM
9300,9300,2025-08-28 14:25:55,MORTGAGE_ORIGINATION,CLOSED,5,2025-09-11,2025-09-01 14:25:55,,MEDIUM
9301,9301,2025-11-16 22:28:51,ROBO_ADVISORY,CLOSED,2,2025-11-30,2025-11-19 22:28:51,,LOW
9302,9302,2026-04-05 18:49:53,TERM_LIFE_INSURANCE,CLOSED,1,2026-04-19,2026-04-06 18:49:53,,MEDIUM
9303,9303,2025-11-27 16:32:00,RETAIL_BANKING,CLOSED,5,2025-12-11,2025-11-30 16:32:00,,LOW
9304,9304,2026-01-28 15:26:34,RETAIL_BANKING,CLOSED,4,2026-02-11,2026-01-29 15:26:34,,LOW
9305,9305,2026-07-17 00:57:02,PERSONAL_LOAN,CLOSED,1,2026-07-31,2026-07-19 00:57:02,,LOW
9306,9306,2026-05-01 22:21:17,HIGH_YIELD_SAVINGS,CLOSED,3,2026-05-15,2026-05-03 22:21:17,,MEDIUM
9307,9307,2026-04-25 20:10:00,MORTGAGE_ORIGINATION,CLOSED,4,2026-05-09,2026-04-27 20:10:00,,LOW
9308,9308,2026-08-05 00:39:16,MORTGAGE_ORIGINATION,CLOSED,3,2026-08-19,2026-08-08 00:39:16,,LOW
9309,9309,2026-05-28 00:41:46,AUTO_FINANCING,OPEN,3,2026-06-11,,,LOW
9310,9310,2025-10-08 09:38:01,BUY_NOW_PAY_LATER,CLOSED,2,2025-10-22,2025-10-09 09:38:01,,LOW
9311,9311,2026-01-09 00:26:15,LIQUIDITY_MANAGEMENT,OPEN,5,2026-01-23,,,LOW
9312,9312,2026-07-12 00:06:19,TERM_LIFE_INSURANCE,CLOSED,4,2026-07-26,2026-07-13 00:06:19,,LOW
9313,9313,2026-02-16 14:24:25,TERM_LIFE_INSURANCE,IN_REVIEW,5,2026-03-02,,,LOW
9314,9314,2025-12-19 18:21:50,CREDIT_CARD_ISSUANCE,CLOSED,4,2026-01-02,2025-12-25 18:21:50,Unverified or expired identity documents,HIGH
9315,9315,2026-05-08 02:56:20,PERSONAL_LOAN,CLOSED,1,2026-05-22,2026-05-11 02:56:20,,LOW
9316,9316,2025-10-24 19:46:00,MORTGAGE_ORIGINATION,CLOSED,1,2025-11-07,2025-10-26 19:46:00,,LOW
9317,9317,2026-08-22 18:12:01,CROSS_BORDER_REMITTANCE,CLOSED,4,2026-09-05,2026-08-26 18:12:01,,LOW
9318,9318,2026-08-24 13:55:29,RETAIL_BANKING,CLOSED,1,2026-09-07,2026-08-28 13:55:29,,MEDIUM
9319,9319,2026-07-11 16:21:54,FX_HEDGING_SOLUTIONS,CLOSED,2,2026-07-25,2026-07-15 16:21:54,,LOW
9320,9320,2025-10-08 02:59:48,HIGH_YIELD_SAVINGS,CLOSED,4,2025-10-22,2025-10-12 02:59:48,,LOW
9321,9321,2026-08-11 01:30:28,BUY_NOW_PAY_LATER,CLOSED,4,2026-08-25,2026-08-12 01:30:28,High-risk sanctions/FATF jurisdiction,HIGH
9322,9322,2025-11-28 11:37:29,ROBO_ADVISORY,CLOSED,2,2025-12-12,2025-11-29 11:37:29,,MEDIUM
9323,9323,2026-05-05 10:34:43,CREDIT_CARD_ISSUANCE,CLOSED,5,2026-05-19,2026-05-09 10:34:43,,HIGH
9324,9324,2026-02-12 18:19:15,HIGH_YIELD_SAVINGS,CLOSED,1,2026-02-26,2026-02-15 18:19:15,,LOW
9325,9325,2026-05-06 09:23:04,TREASURY_MANAGEMENT,CLOSED,5,2026-05-20,2026-05-08 09:23:04,Unverified or expired identity documents,HIGH
9326,9326,2026-01-08 22:28:19,CROSS_BORDER_REMITTANCE,CLOSED,3,2026-01-22,2026-01-14 22:28:19,,MEDIUM
9327,9327,2026-04-05 14:03:28,TRADE_FINANCE_CREDIT_INSURANCE,CLOSED,3,2026-04-19,2026-04-09 14:03:28,Unverified or expired identity documents,HIGH
9328,9328,2025-11-28 19:32:13,LETTER_OF_CREDIT,CLOSED,2,2025-12-12,2025-12-04 19:32:13,High-risk sanctions/FATF jurisdiction,HIGH
9329,9329,2025-09-21 04:08:39,RETAIL_BANKING,CLOSED,3,2025-10-05,2025-09-24 04:08:39,,MEDIUM
9330,9330,2025-10-27 05:58:13,HIGH_YIELD_SAVINGS,OPEN,,2025-11-10,,,MEDIUM
9331,9331,2026-06-24 08:08:32,ROBO_ADVISORY,CLOSED,2,2026-07-08,2026-06-28 08:08:32,,LOW
9332,9332,2026-04-10 22:13:47,TERM_LIFE_INSURANCE,CLOSED,4,2026-04-24,2026-04-15 22:13:47,,LOW
9333,9333,2026-01-15 02:01:37,REGULATORY_REPORTING_INTEGRATION,CLOSED,3,2026-01-29,2026-01-17 02:01:37,High-risk sanctions/FATF jurisdiction,HIGH
9334,9334,2025-08-29 07:02:00,BUY_NOW_PAY_LATER,CLOSED,4,2025-09-12,2025-08-31 07:02:00,,LOW
9335,9335,2026-03-28 18:30:51,PERSONAL_LOAN,IN_REVIEW,5,2026-04-11,,,MEDIUM
9336,9336,2026-04-22 22:07:44,PAYROLL_SERVICES,CLOSED,2,2026-05-06,2026-04-27 22:07:44,,LOW
9337,9337,2025-11-27 22:04:28,PERSONAL_LOAN,CLOSED,3,2025-12-11,2025-11-29 22:04:28,,LOW
9338,9338,2026-02-19 19:55:37,HIGH_YIELD_SAVINGS,CLOSED,5,2026-03-05,2026-02-24 19:55:37,,LOW
9339,9339,2025-09-01 06:46:34,PERSONAL_LOAN,CLOSED,2,2025-09-15,2025-09-06 06:46:34,,LOW
9340,9340,2026-05-18 02:03:28,CROSS_BORDER_REMITTANCE,CLOSED,2,2026-06-01,2026-05-21 02:03:28,,LOW
9341,9341,2025-12-10 16:58:53,LIQUIDITY_MANAGEMENT,CLOSED,2,2025-12-24,2025-12-14 16:58:53,,LOW
9342,9342,2025-11-03 01:29:16,ROBO_ADVISORY,CLOSED,2,2025-11-17,2025-11-08 01:29:16,,LOW
9343,9343,2026-05-17 07:24:43,MORTGAGE_ORIGINATION,CLOSED,4,2026-05-31,2026-05-20 07:24:43,,MEDIUM
9344,9344,2025-12-15 01:58:53,SYNDICATED_LOANS,CLOSED,3,2025-12-29,2025-12-18 01:58:53,Unverified or expired identity documents,HIGH
9345,9345,2026-01-25 01:08:52,CRYPTO_BROKERAGE,CLOSED,5,2026-02-08,2026-01-30 01:08:52,,LOW
9346,9346,2026-06-27 12:00:07,RETAIL_EQUITY_BROKERAGE,CLOSED,5,2026-07-11,2026-06-30 12:00:07,,HIGH
9347,9347,2025-12-18 14:03:40,PERSONAL_LOAN,CLOSED,2,2026-01-01,2025-12-23 14:03:40,,LOW
9348,9348,2026-03-31 03:26:05,MERCHANT_ACQUIRING,CLOSED,3,2026-04-14,2026-04-01 03:26:05,Adverse media and PEP screening threshold exceeded,MEDIUM
9349,9349,2025-12-11 12:40:02,AUTO_FINANCING,CLOSED,2,2025-12-25,2025-12-12 12:40:02,,MEDIUM
9350,9350,2025-10-23 13:11:06,PERSONAL_LOAN,CLOSED,2,2025-11-06,2025-10-24 13:11:06,,LOW
9351,9351,2025-09-19 16:21:01,ROBO_ADVISORY,CLOSED,5,2025-10-03,2025-09-23 16:21:01,,LOW
9352,9352,2026-01-21 12:17:58,ASSET_PROTECTION_TRUSTS,CLOSED,2,2026-02-04,2026-01-26 12:17:58,,MEDIUM
9353,9353,2025-11-14 14:27:53,TRADE_FINANCE_CREDIT_INSURANCE,OPEN,,2025-11-28,,,MEDIUM
9354,9354,2026-04-14 17:59:00,TERM_LIFE_INSURANCE,CLOSED,2,2026-04-28,2026-04-20 17:59:00,,LOW
9355,9355,2026-01-11 19:22:16,INSTITUTIONAL_CRYPTO_CUSTODY,OPEN,4,2026-01-25,,,HIGH
9356,9356,2025-11-25 22:03:45,ESCROW_SERVICES,CLOSED,4,2025-12-09,2025-11-29 22:03:45,,LOW
9357,9357,2026-06-15 20:30:47,ROBO_ADVISORY,CLOSED,5,2026-06-29,2026-06-20 20:30:47,,LOW
9358,9358,2025-09-30 12:12:34,BUY_NOW_PAY_LATER,CLOSED,5,2025-10-14,2025-10-01 12:12:34,,LOW
9359,9359,2026-07-01 18:04:15,RETAIL_BANKING,CLOSED,5,2026-07-15,2026-07-04 18:04:15,,MEDIUM
9360,9360,2026-05-17 21:40:30,PERSONAL_LOAN,CLOSED,4,2026-05-31,2026-05-18 21:40:30,,LOW
9361,9361,2026-03-10 13:34:56,CAMPAIGN_CHECKING_ACCOUNT,CLOSED,1,2026-03-24,2026-03-14 13:34:56,,MEDIUM
9362,9362,2026-06-30 18:24:58,WEALTH_MANAGEMENT,CLOSED,2,2026-07-14,2026-07-02 18:24:58,,HIGH
9363,9363,2026-03-22 18:30:27,RETAIL_BANKING,CLOSED,2,2026-04-05,2026-03-27 18:30:27,,MEDIUM
9364,9364,2026-06-20 22:02:06,CROSS_BORDER_REMITTANCE,CLOSED,1,2026-07-04,2026-06-21 22:02:06,Unverified or expired identity documents,MEDIUM
9365,9365,2026-02-12 06:02:08,SECURITIES_BASED_LENDING,CLOSED,3,2026-02-26,2026-02-18 06:02:08,Unverified or expired identity documents,LOW
9366,9366,2025-09-29 02:11:21,CREDIT_CARD_ISSUANCE,CLOSED,3,2025-10-13,2025-10-02 02:11:21,,HIGH
9367,9367,2026-03-08 17:43:39,PAYROLL_SERVICES,CLOSED,2,2026-03-22,2026-03-14 17:43:39,,MEDIUM
9368,9368,2025-11-25 22:21:20,CROSS_BORDER_REMITTANCE,CLOSED,3,2025-12-09,2025-11-29 22:21:20,,LOW
9369,9369,2025-09-03 16:12:31,BUY_NOW_PAY_LATER,CLOSED,3,2025-09-17,2025-09-05 16:12:31,Unverified or expired identity documents,MEDIUM
9370,9370,2026-05-04 07:02:08,AUTO_FINANCING,CLOSED,5,2026-05-18,2026-05-09 07:02:08,High-risk sanctions/FATF jurisdiction,HIGH
9371,9371,2025-12-18 16:35:40,RETAIL_BANKING,OPEN,5,2026-01-01,,,LOW
9372,9372,2026-04-28 21:18:19,AUTO_FINANCING,CLOSED,5,2026-05-12,2026-04-30 21:18:19,,MEDIUM
9373,9373,2026-04-01 05:52:59,BUY_NOW_PAY_LATER,CLOSED,4,2026-04-15,2026-04-02 05:52:59,Unverified or expired identity documents,LOW
9374,9374,2025-12-20 09:10:26,TERM_LIFE_INSURANCE,CLOSED,2,2026-01-03,2025-12-23 09:10:26,,LOW
9375,9375,2025-12-07 09:02:03,ROBO_ADVISORY,CLOSED,4,2025-12-21,2025-12-13 09:02:03,,LOW
9376,9376,2026-06-28 17:20:34,FX_HEDGING_SOLUTIONS,CLOSED,3,2026-07-12,2026-07-04 17:20:34,Unverified or expired identity documents,HIGH
9377,9377,2026-07-12 04:08:29,TREASURY_MANAGEMENT,IN_REVIEW,4,2026-07-26,,,LOW
9378,9378,2026-06-04 07:01:41,FX_HEDGING_SOLUTIONS,CLOSED,1,2026-06-18,2026-06-08 07:01:41,,LOW
9379,9379,2026-07-01 20:27:55,MORTGAGE_ORIGINATION,CLOSED,5,2026-07-15,2026-07-03 20:27:55,,LOW
9380,9380,2026-03-31 07:53:45,TERM_LIFE_INSURANCE,CLOSED,5,2026-04-14,2026-04-01 07:53:45,,MEDIUM
9381,9381,2026-08-07 22:31:38,SYNDICATED_LOANS,CLOSED,1,2026-08-21,2026-08-09 22:31:38,,LOW
9382,9382,2025-12-30 16:03:41,FX_HEDGING_SOLUTIONS,CLOSED,4,2026-01-13,2026-01-04 16:03:41,,LOW
9383,9383,2026-04-05 13:31:53,PERSONAL_LOAN,CLOSED,4,2026-04-19,2026-04-10 13:31:53,,LOW
9384,9384,2026-08-14 21:57:26,TRADE_FINANCE_CREDIT_INSURANCE,PENDING_DOCUMENTS,3,2026-08-28,,,LOW
9385,9385,2025-09-17 08:58:32,LIQUIDITY_MANAGEMENT,CLOSED,3,2025-10-01,2025-09-21 08:58:32,,LOW
9386,9386,2026-01-22 05:10:44,PAYROLL_SERVICES,CLOSED,2,2026-02-05,2026-01-27 05:10:44,,LOW
9387,9387,2026-06-06 11:18:19,CREDIT_CARD_ISSUANCE,CLOSED,1,2026-06-20,2026-06-12 11:18:19,,LOW
9388,9388,2026-06-28 00:54:25,RETAIL_BANKING,CLOSED,5,2026-07-12,2026-06-30 00:54:25,Unverified or expired identity documents,LOW
9389,9389,2026-01-29 16:24:21,AUTO_FINANCING,CLOSED,5,2026-02-12,2026-01-30 16:24:21,,MEDIUM
9390,9390,2025-12-03 13:28:40,CRYPTO_BROKERAGE,OPEN,,2025-12-17,,,HIGH
9391,9391,2026-08-18 01:48:50,RETAIL_EQUITY_BROKERAGE,CLOSED,4,2026-09-01,2026-08-20 01:48:50,Unverified or expired identity documents,HIGH
9392,9392,2026-08-07 00:54:35,TERM_LIFE_INSURANCE,CLOSED,2,2026-08-21,2026-08-12 00:54:35,,LOW
9393,9393,2026-06-02 07:47:45,MORTGAGE_ORIGINATION,CLOSED,2,2026-06-16,2026-06-04 07:47:45,,LOW
9394,9394,2026-03-15 05:45:55,AUTO_FINANCING,CLOSED,3,2026-03-29,2026-03-17 05:45:55,,LOW
9395,9395,2026-04-09 06:50:17,CRYPTO_BROKERAGE,OPEN,3,2026-04-23,,,LOW
9396,9396,2025-10-04 17:44:06,CROSS_BORDER_REMITTANCE,OPEN,,2025-10-18,,,MEDIUM
9397,9397,2026-07-11 10:24:00,RETAIL_BANKING,CLOSED,1,2026-07-25,2026-07-12 10:24:00,,LOW
9398,9398,2026-04-25 23:59:42,AUTO_FINANCING,CLOSED,3,2026-05-09,2026-04-28 23:59:42,,LOW
9399,9399,2026-05-08 09:34:41,COMMERCIAL_LENDING,OPEN,5,2026-05-22,,,LOW
9400,9400,2026-06-17 22:42:59,PERSONAL_LOAN,CLOSED,3,2026-07-01,2026-06-18 22:42:59,,LOW
9401,9401,2025-11-23 22:38:46,ESCROW_SERVICES,PENDING_DOCUMENTS,,2025-12-07,,,LOW
9402,9402,2026-05-01 03:32:43,LETTER_OF_CREDIT,CLOSED,4,2026-05-15,2026-05-05 03:32:43,,MEDIUM
9403,9403,2026-05-01 14:34:01,CROSS_BORDER_REMITTANCE,CLOSED,3,2026-05-15,2026-05-04 14:34:01,,LOW
9404,9404,2025-08-31 00:04:54,RETAIL_BANKING,CLOSED,5,2025-09-14,2025-09-01 00:04:54,,LOW
9405,9405,2026-07-22 05:34:24,RETAIL_BANKING,CLOSED,1,2026-08-05,2026-07-28 05:34:24,,LOW
9406,9406,2025-12-09 08:46:09,FIDUCIARY_CUSTODY_ACCOUNT,CLOSED,2,2025-12-23,2025-12-14 08:46:09,,LOW
9407,9407,2025-11-22 08:52:57,PERSONAL_LOAN,CLOSED,2,2025-12-06,2025-11-27 08:52:57,,LOW
9408,9408,2026-07-03 04:03:43,BUY_NOW_PAY_LATER,OPEN,2,2026-07-17,,,LOW
9409,9409,2026-07-05 03:21:49,RETAIL_BANKING,CLOSED,1,2026-07-19,2026-07-11 03:21:49,,LOW
9410,9410,2026-07-18 18:05:54,RETAIL_BANKING,CLOSED,2,2026-08-01,2026-07-24 18:05:54,Unverified or expired identity documents,HIGH
9411,9411,2026-07-22 20:23:28,BUY_NOW_PAY_LATER,CLOSED,4,2026-08-05,2026-07-26 20:23:28,,LOW
9412,9412,2026-06-14 15:11:16,ROBO_ADVISORY,CLOSED,1,2026-06-28,2026-06-16 15:11:16,,LOW
9413,9413,2026-01-17 13:24:56,AUTO_FINANCING,CLOSED,2,2026-01-31,2026-01-19 13:24:56,,LOW
9414,9414,2025-12-19 00:28:33,TERM_LIFE_INSURANCE,CLOSED,5,2026-01-02,2025-12-21 00:28:33,,LOW
9415,9415,2025-09-18 07:33:51,CREDIT_CARD_ISSUANCE,OPEN,4,2025-10-02,,,HIGH
9416,9416,2025-11-17 03:16:56,PAYROLL_SERVICES,CLOSED,5,2025-12-01,2025-11-19 03:16:56,,MEDIUM
9417,9417,2025-10-15 18:58:50,LIQUIDITY_MANAGEMENT,OPEN,,2025-10-29,,,LOW
9418,9418,2025-08-30 13:46:52,AUTO_FINANCING,CLOSED,3,2025-09-13,2025-08-31 13:46:52,,LOW
9419,9419,2026-03-28 17:43:00,BUY_NOW_PAY_LATER,OPEN,,2026-04-11,,,LOW
9420,9420,2026-05-03 12:26:16,AUTO_FINANCING,CLOSED,3,2026-05-17,2026-05-07 12:26:16,,MEDIUM
9421,9421,2025-08-26 10:01:44,HIGH_VOLUME_MERCHANT_GATEWAY,CLOSED,4,2025-09-09,2025-08-30 10:01:44,,LOW
9422,9422,2025-10-17 01:21:02,CROSS_BORDER_REMITTANCE,CLOSED,4,2025-10-31,2025-10-21 01:21:02,,LOW
9423,9423,2026-05-27 13:45:35,LETTER_OF_CREDIT,CLOSED,5,2026-06-10,2026-05-31 13:45:35,,LOW
9424,9424,2026-02-15 19:46:01,DIRECT_INDEXING,OPEN,5,2026-03-01,,,LOW
9425,9425,2025-11-21 18:55:14,AUTO_FINANCING,OPEN,,2025-12-05,,,LOW
9426,9426,2026-03-26 07:44:21,RETAIL_EQUITY_BROKERAGE,CLOSED,3,2026-04-09,2026-03-30 07:44:21,,LOW
9427,9427,2026-01-20 10:36:32,TRADE_FINANCE_CREDIT_INSURANCE,CLOSED,2,2026-02-03,2026-01-24 10:36:32,,MEDIUM
9428,9428,2026-05-06 03:33:53,RETAIL_EQUITY_BROKERAGE,CLOSED,1,2026-05-20,2026-05-12 03:33:53,,LOW
9429,9429,2026-08-08 15:01:44,CROSS_BORDER_REMITTANCE,CLOSED,4,2026-08-22,2026-08-09 15:01:44,,MEDIUM
9430,9430,2025-09-24 20:04:56,RETAIL_BANKING,CLOSED,5,2025-10-08,2025-09-27 20:04:56,,LOW
9431,9431,2025-12-23 02:28:27,ROBO_ADVISORY,IN_REVIEW,2,2026-01-06,,,LOW
9432,9432,2025-11-22 11:14:29,TERM_LIFE_INSURANCE,CLOSED,2,2025-12-06,2025-11-23 11:14:29,,LOW
9433,9433,2025-09-28 09:17:46,CREDIT_CARD_ISSUANCE,CLOSED,2,2025-10-12,2025-09-29 09:17:46,,LOW
9434,9434,2025-09-11 13:36:13,BALLOT_INITIATIVE_ESCROW,CLOSED,5,2025-09-25,2025-09-17 13:36:13,,LOW
9435,9435,2026-05-24 11:20:52,ROBO_ADVISORY,IN_REVIEW,,2026-06-07,,,LOW
9436,9436,2026-08-10 16:37:05,ROBO_ADVISORY,CLOSED,3,2026-08-24,2026-08-15 16:37:05,Unverified or expired identity documents,LOW
9437,9437,2026-02-18 23:28:39,CRYPTO_BROKERAGE,CLOSED,2,2026-03-04,2026-02-24 23:28:39,Adverse media and PEP screening threshold exceeded,MEDIUM
9438,9438,2025-09-21 00:22:16,SYNDICATED_LOANS,CLOSED,5,2025-10-05,2025-09-26 00:22:16,,LOW
9439,9439,2025-09-08 00:23:47,RETAIL_EQUITY_BROKERAGE,CLOSED,2,2025-09-22,2025-09-11 00:23:47,,LOW
9440,9440,2026-01-22 02:26:50,BUY_NOW_PAY_LATER,OPEN,,2026-02-05,,,HIGH
9441,9441,2026-04-08 16:30:02,CREDIT_CARD_ISSUANCE,CLOSED,3,2026-04-22,2026-04-09 16:30:02,High-risk sanctions/FATF jurisdiction,HIGH
9442,9442,2026-05-03 01:38:25,HIGH_YIELD_SAVINGS,CLOSED,1,2026-05-17,2026-05-08 01:38:25,,LOW
9443,9443,2025-11-27 07:06:12,BENEFICIARY_DISBURSEMENT_SERVICES,CLOSED,5,2025-12-11,2025-12-01 07:06:12,,LOW
9444,9444,2026-06-17 19:34:29,ESCROW_SERVICES,CLOSED,5,2026-07-01,2026-06-21 19:34:29,,LOW
9445,9445,2026-06-07 18:15:12,RETAIL_BANKING,OPEN,,2026-06-21,,,LOW
9446,9446,2026-01-03 19:23:51,PRIVATE_EQUITY_FEEDER,CLOSED,1,2026-01-17,2026-01-06 19:23:51,,LOW
9447,9447,2026-02-03 19:04:47,FX_HEDGING_SOLUTIONS,OPEN,,2026-02-17,,,MEDIUM
9448,9448,2026-04-05 03:50:01,LETTER_OF_CREDIT,CLOSED,1,2026-04-19,2026-04-11 03:50:01,Adverse media and PEP screening threshold exceeded,LOW
9449,9449,2026-02-02 10:04:58,TRUSTEE_ADMINISTRATION,CLOSED,5,2026-02-16,2026-02-04 10:04:58,,LOW
9450,9450,2026-02-07 17:25:19,CREDIT_CARD_ISSUANCE,PENDING_DOCUMENTS,,2026-02-21,,,LOW
9451,9451,2026-02-17 13:19:10,FX_HEDGING_SOLUTIONS,IN_REVIEW,1,2026-03-03,,,MEDIUM
9452,9452,2025-09-02 11:38:13,ROBO_ADVISORY,CLOSED,5,2025-09-16,2025-09-03 11:38:13,,MEDIUM
9453,9453,2025-12-31 03:58:29,CORPORATE_ACCOUNT,CLOSED,3,2026-01-14,2026-01-03 03:58:29,,LOW
9454,9454,2026-07-19 07:58:41,TREASURY_MANAGEMENT,CLOSED,1,2026-08-02,2026-07-22 07:58:41,,LOW
9455,9455,2026-06-06 11:00:33,ROBO_ADVISORY,IN_REVIEW,,2026-06-20,,,LOW
9456,9456,2026-02-18 11:15:55,HIGH_VOLUME_MERCHANT_GATEWAY,CLOSED,1,2026-03-04,2026-02-24 11:15:55,,MEDIUM
9457,9457,2026-07-25 01:54:40,PHILANTHROPY_ENDOWMENT_MANAGEMENT,IN_REVIEW,,2026-08-08,,,LOW
9458,9458,2026-06-13 08:32:53,BUY_NOW_PAY_LATER,CLOSED,5,2026-06-27,2026-06-15 08:32:53,,HIGH
9459,9459,2026-07-28 19:25:04,ROBO_ADVISORY,CLOSED,5,2026-08-11,2026-07-30 19:25:04,,LOW
9460,9460,2025-12-29 04:33:19,CREDIT_CARD_ISSUANCE,CLOSED,5,2026-01-12,2026-01-03 04:33:19,,LOW
9461,9461,2026-06-23 01:19:49,ESCROW_SERVICES,CLOSED,1,2026-07-07,2026-06-26 01:19:49,,LOW
9462,9462,2026-05-23 05:54:20,BUY_NOW_PAY_LATER,CLOSED,5,2026-06-06,2026-05-24 05:54:20,,LOW
9463,9463,2025-11-13 19:35:24,HIGH_YIELD_SAVINGS,CLOSED,4,2025-11-27,2025-11-17 19:35:24,,LOW
9464,9464,2026-06-25 21:16:14,TREASURY_MANAGEMENT,CLOSED,2,2026-07-09,2026-06-28 21:16:14,,LOW
9465,9465,2025-10-14 08:46:13,INSTITUTIONAL_CRYPTO_CUSTODY,IN_REVIEW,5,2025-10-28,,,LOW
9466,9466,2026-03-10 17:39:54,AUTO_FINANCING,CLOSED,3,2026-03-24,2026-03-15 17:39:54,,MEDIUM
9467,9467,2026-08-14 23:34:33,ROBO_ADVISORY,CLOSED,2,2026-08-28,2026-08-16 23:34:33,,LOW
9468,9468,2026-07-07 05:26:34,CROSS_BORDER_REMITTANCE,IN_REVIEW,5,2026-07-21,,,MEDIUM
9469,9469,2026-05-04 04:41:01,ROBO_ADVISORY,CLOSED,5,2026-05-18,2026-05-10 04:41:01,Unverified or expired identity documents,MEDIUM
9470,9470,2026-07-15 10:24:52,HIGH_YIELD_SAVINGS,CLOSED,5,2026-07-29,2026-07-20 10:24:52,,LOW
9471,9471,2026-08-13 06:16:20,MORTGAGE_ORIGINATION,CLOSED,1,2026-08-27,2026-08-19 06:16:20,,LOW
9472,9472,2026-07-09 20:13:04,MORTGAGE_ORIGINATION,CLOSED,2,2026-07-23,2026-07-11 20:13:04,Unverified or expired identity documents,MEDIUM
9473,9473,2026-08-04 23:52:36,TERM_LIFE_INSURANCE,CLOSED,3,2026-08-18,2026-08-05 23:52:36,,LOW
9474,9474,2026-08-18 20:59:07,COMMERCIAL_LENDING,CLOSED,4,2026-09-01,2026-08-19 20:59:07,,LOW
9475,9475,2025-11-23 14:16:58,BENEFICIARY_DISBURSEMENT_SERVICES,CLOSED,5,2025-12-07,2025-11-27 14:16:58,,LOW
9476,9476,2026-06-14 08:31:31,HIGH_YIELD_SAVINGS,CLOSED,5,2026-06-28,2026-06-20 08:31:31,,LOW
9477,9477,2025-11-24 01:24:05,CREDIT_CARD_ISSUANCE,CLOSED,1,2025-12-08,2025-11-29 01:24:05,Unverified or expired identity documents,LOW
9478,9478,2025-08-29 23:52:45,TERM_LIFE_INSURANCE,CLOSED,5,2025-09-12,2025-09-01 23:52:45,,MEDIUM
9479,9479,2026-05-31 14:29:55,ROBO_ADVISORY,OPEN,5,2026-06-14,,,MEDIUM
9480,9480,2025-11-22 09:59:52,HIGH_YIELD_SAVINGS,OPEN,4,2025-12-06,,,LOW
9481,9481,2026-01-04 12:45:56,GOVERNMENT_RELATIONS_ESCROW,IN_REVIEW,,2026-01-18,,,LOW
9482,9482,2025-09-04 06:06:39,COMMERCIAL_LENDING,CLOSED,3,2025-09-18,2025-09-06 06:06:39,,LOW
9483,9483,2026-05-04 09:31:09,TERM_LIFE_INSURANCE,CLOSED,1,2026-05-18,2026-05-09 09:31:09,,LOW
9484,9484,2026-03-20 02:21:37,SECURITIES_BASED_LENDING,PENDING_DOCUMENTS,2,2026-04-03,,,LOW
9485,9485,2026-07-20 06:30:30,PERSONAL_LOAN,PENDING_DOCUMENTS,,2026-08-03,,,LOW
9486,9486,2026-01-14 12:45:49,TERM_LIFE_INSURANCE,CLOSED,3,2026-01-28,2026-01-20 12:45:49,,MEDIUM
9487,9487,2025-11-08 14:07:39,RETAIL_EQUITY_BROKERAGE,CLOSED,2,2025-11-22,2025-11-11 14:07:39,,LOW
9488,9488,2026-08-21 01:16:18,INSTITUTIONAL_CRYPTO_CUSTODY,CLOSED,5,2026-09-04,2026-08-23 01:16:18,,LOW
9489,9489,2026-06-29 01:57:18,CROSS_BORDER_REMITTANCE,CLOSED,2,2026-07-13,2026-07-04 01:57:18,,MEDIUM
9490,9490,2026-02-07 18:36:11,AUTO_FINANCING,PENDING_DOCUMENTS,,2026-02-21,,,LOW
9491,9491,2026-04-27 17:30:28,CREDIT_CARD_ISSUANCE,CLOSED,1,2026-05-11,2026-05-01 17:30:28,,LOW
9492,9492,2026-07-07 18:14:39,CAMPAIGN_CHECKING_ACCOUNT,CLOSED,2,2026-07-21,2026-07-10 18:14:39,,LOW
9493,9493,2025-11-30 18:17:39,TERM_LIFE_INSURANCE,CLOSED,3,2025-12-14,2025-12-06 18:17:39,,LOW
9494,9494,2026-04-25 02:41:43,CREDIT_CARD_ISSUANCE,PENDING_DOCUMENTS,4,2026-05-09,,,LOW
9495,9495,2026-05-08 19:54:44,ESCROW_SERVICES,CLOSED,1,2026-05-22,2026-05-09 19:54:44,Unverified or expired identity documents,LOW
9496,9496,2026-04-03 04:40:44,CRYPTO_BROKERAGE,CLOSED,5,2026-04-17,2026-04-09 04:40:44,,LOW
9497,9497,2025-10-21 20:53:54,RETAIL_EQUITY_BROKERAGE,CLOSED,5,2025-11-04,2025-10-22 20:53:54,Unverified or expired identity documents,LOW
9498,9498,2026-05-23 04:32:33,TERM_LIFE_INSURANCE,CLOSED,3,2026-06-06,2026-05-26 04:32:33,Unverified or expired identity documents,MEDIUM
9499,9499,2025-11-03 16:31:48,CREDIT_CARD_ISSUANCE,CLOSED,3,2025-11-17,2025-11-07 16:31:48,,LOW
9500,9500,2025-12-17 18:03:14,CREDIT_CARD_ISSUANCE,CLOSED,3,2025-12-31,2025-12-20 18:03:14,,HIGH
9501,9501,2026-06-23 11:28:38,SYNDICATED_LOANS,CLOSED,3,2026-07-07,2026-06-27 11:28:38,,LOW
9502,9502,2026-04-23 19:05:06,PERSONAL_LOAN,CLOSED,3,2026-05-07,2026-04-27 19:05:06,,MEDIUM
9503,9503,2025-11-16 21:11:33,BESPOKE_PORTFOLIO_MANAGEMENT,CLOSED,3,2025-11-30,2025-11-19 21:11:33,,MEDIUM
9504,9504,2025-10-24 18:56:21,FIDUCIARY_CUSTODY_ACCOUNT,CLOSED,3,2025-11-07,2025-10-29 18:56:21,,MEDIUM
9505,9505,2025-09-07 21:47:26,RETAIL_EQUITY_BROKERAGE,CLOSED,2,2025-09-21,2025-09-13 21:47:26,,LOW
9506,9506,2026-07-14 06:52:28,PERSONAL_LOAN,CLOSED,3,2026-07-28,2026-07-18 06:52:28,Unverified or expired identity documents,HIGH
9507,9507,2026-06-11 19:08:49,MORTGAGE_ORIGINATION,CLOSED,1,2026-06-25,2026-06-14 19:08:49,,HIGH
9508,9508,2025-10-24 07:21:18,TREASURY_MANAGEMENT,CLOSED,3,2025-11-07,2025-10-26 07:21:18,,LOW
9509,9509,2025-12-20 18:37:22,LIQUIDITY_MANAGEMENT,CLOSED,2,2026-01-03,2025-12-24 18:37:22,,HIGH
9510,9510,2026-03-27 19:23:59,RETAIL_EQUITY_BROKERAGE,OPEN,3,2026-04-10,,,LOW
9511,9511,2026-03-22 06:06:28,MERCHANT_ACQUIRING,CLOSED,5,2026-04-05,2026-03-24 06:06:28,,MEDIUM
9512,9512,2025-09-21 15:50:08,FIDUCIARY_CUSTODY_ACCOUNT,CLOSED,4,2025-10-05,2025-09-27 15:50:08,,LOW
9513,9513,2025-10-15 14:40:06,CREDIT_CARD_ISSUANCE,CLOSED,3,2025-10-29,2025-10-16 14:40:06,Unverified or expired identity documents,MEDIUM
9514,9514,2026-04-06 15:04:56,MORTGAGE_ORIGINATION,CLOSED,5,2026-04-20,2026-04-12 15:04:56,,MEDIUM
9515,9515,2026-08-08 19:51:58,ESTATE_PLANNING_SERVICES,CLOSED,3,2026-08-22,2026-08-12 19:51:58,,LOW
9516,9516,2025-12-02 12:37:48,SECURITIES_BASED_LENDING,CLOSED,2,2025-12-16,2025-12-03 12:37:48,,LOW
9517,9517,2025-11-08 12:31:43,ROBO_ADVISORY,CLOSED,3,2025-11-22,2025-11-10 12:31:43,,LOW
9518,9518,2025-11-01 00:07:56,ESTATE_PLANNING_SERVICES,CLOSED,4,2025-11-15,2025-11-03 00:07:56,,LOW
9519,9519,2026-03-20 10:09:20,FX_HEDGING_SOLUTIONS,CLOSED,5,2026-04-03,2026-03-26 10:09:20,,LOW
9520,9520,2026-03-27 13:05:22,LETTER_OF_CREDIT,CLOSED,2,2026-04-10,2026-03-29 13:05:22,,LOW
9521,9521,2026-05-13 06:16:07,TERM_LIFE_INSURANCE,CLOSED,5,2026-05-27,2026-05-15 06:16:07,,LOW
9522,9522,2026-03-05 00:59:05,CREDIT_CARD_ISSUANCE,CLOSED,4,2026-03-19,2026-03-07 00:59:05,,LOW
9523,9523,2026-07-06 10:00:41,CROSS_BORDER_REMITTANCE,CLOSED,3,2026-07-20,2026-07-07 10:00:41,,LOW
9524,9524,2026-08-18 15:58:11,RETAIL_EQUITY_BROKERAGE,PENDING_DOCUMENTS,,2026-09-01,,,LOW
9525,9525,2025-08-28 19:09:42,HIGH_YIELD_SAVINGS,CLOSED,2,2025-09-11,2025-09-02 19:09:42,,LOW
9526,9526,2025-09-04 03:38:32,BENEFICIARY_DISBURSEMENT_SERVICES,IN_REVIEW,,2025-09-18,,,HIGH
9527,9527,2025-09-03 10:51:32,TERM_LIFE_INSURANCE,CLOSED,5,2025-09-17,2025-09-09 10:51:32,,LOW
9528,9528,2026-07-15 20:36:40,SYNDICATED_LOANS,CLOSED,3,2026-07-29,2026-07-17 20:36:40,,LOW
9529,9529,2026-05-10 01:12:14,ROBO_ADVISORY,CLOSED,1,2026-05-24,2026-05-15 01:12:14,,LOW
9530,9530,2025-10-27 09:10:27,TERM_LIFE_INSURANCE,CLOSED,1,2025-11-10,2025-11-01 09:10:27,,LOW
9531,9531,2026-03-24 08:43:15,INSTITUTIONAL_CRYPTO_CUSTODY,CLOSED,2,2026-04-07,2026-03-27 08:43:15,,LOW
9532,9532,2026-05-15 09:59:27,HIGH_YIELD_SAVINGS,CLOSED,5,2026-05-29,2026-05-21 09:59:27,,LOW
9533,9533,2026-05-11 12:10:45,ESCROW_SERVICES,OPEN,1,2026-05-25,,,LOW
9534,9534,2025-08-30 15:57:11,FX_HEDGING_SOLUTIONS,CLOSED,2,2025-09-13,2025-08-31 15:57:11,,LOW
9535,9535,2025-11-06 11:40:26,TRUSTEE_ADMINISTRATION,CLOSED,4,2025-11-20,2025-11-08 11:40:26,,LOW
9536,9536,2026-06-21 01:25:26,CROSS_BORDER_REMITTANCE,IN_REVIEW,5,2026-07-05,,,MEDIUM
9537,9537,2025-11-02 04:31:37,HIGH_YIELD_SAVINGS,CLOSED,1,2025-11-16,2025-11-04 04:31:37,Unverified or expired identity documents,LOW
9538,9538,2026-07-21 09:08:31,RETAIL_BANKING,CLOSED,5,2026-08-04,2026-07-22 09:08:31,,LOW
9539,9539,2026-07-12 02:03:54,AUTO_FINANCING,CLOSED,4,2026-07-26,2026-07-14 02:03:54,,LOW
9540,9540,2025-12-31 17:31:13,ROBO_ADVISORY,CLOSED,2,2026-01-14,2026-01-01 17:31:13,,LOW
9541,9541,2026-08-12 00:55:20,ESTATE_PLANNING_SERVICES,CLOSED,1,2026-08-26,2026-08-15 00:55:20,,LOW
9542,9542,2026-02-27 09:04:36,MERCHANT_ACQUIRING,CLOSED,1,2026-03-13,2026-03-04 09:04:36,,LOW
9543,9543,2026-02-21 18:25:11,ESCROW_SERVICES,CLOSED,3,2026-03-07,2026-02-22 18:25:11,,LOW
9544,9544,2026-06-20 18:24:09,CORPORATE_ACCOUNT,CLOSED,1,2026-07-04,2026-06-25 18:24:09,,LOW
9545,9545,2026-03-20 06:34:07,WEALTH_MANAGEMENT,IN_REVIEW,3,2026-04-03,,,MEDIUM
9546,9546,2025-10-02 00:30:25,CREDIT_CARD_ISSUANCE,CLOSED,1,2025-10-16,2025-10-08 00:30:25,,LOW
9547,9547,2026-07-02 13:04:08,PERSONAL_LOAN,CLOSED,3,2026-07-16,2026-07-06 13:04:08,,LOW
9548,9548,2026-05-21 23:16:55,BUY_NOW_PAY_LATER,CLOSED,2,2026-06-04,2026-05-25 23:16:55,,HIGH
9549,9549,2026-04-01 17:21:55,ROBO_ADVISORY,CLOSED,2,2026-04-15,2026-04-06 17:21:55,,LOW
9550,9550,2026-07-09 02:50:42,HIGH_YIELD_SAVINGS,CLOSED,4,2026-07-23,2026-07-15 02:50:42,,LOW
9551,9551,2025-10-14 07:16:35,BUY_NOW_PAY_LATER,CLOSED,5,2025-10-28,2025-10-15 07:16:35,,LOW
9552,9552,2026-05-17 05:04:12,PHILANTHROPY_ENDOWMENT_MANAGEMENT,CLOSED,1,2026-05-31,2026-05-19 05:04:12,,LOW
9553,9553,2026-03-03 20:52:43,SYNDICATED_LOANS,OPEN,,2026-03-17,,,LOW
9554,9554,2025-11-01 03:52:26,PERSONAL_LOAN,CLOSED,4,2025-11-15,2025-11-03 03:52:26,,LOW
9555,9555,2026-07-26 12:48:05,HIGH_YIELD_SAVINGS,CLOSED,2,2026-08-09,2026-08-01 12:48:05,,LOW
9556,9556,2025-09-30 03:58:59,SYNDICATED_LOANS,PENDING_DOCUMENTS,2,2025-10-14,,,LOW
9557,9557,2026-01-19 02:17:12,CREDIT_CARD_ISSUANCE,CLOSED,5,2026-02-02,2026-01-25 02:17:12,,LOW
9558,9558,2026-04-14 14:56:23,COMMERCIAL_LENDING,CLOSED,2,2026-04-28,2026-04-19 14:56:23,,LOW
9559,9559,2026-03-23 03:33:10,PRIVATE_EQUITY_FEEDER,CLOSED,3,2026-04-06,2026-03-29 03:33:10,,LOW
9560,9560,2026-03-20 16:15:09,CRYPTO_BROKERAGE,CLOSED,1,2026-04-03,2026-03-24 16:15:09,,LOW
9561,9561,2026-04-14 20:09:29,MORTGAGE_ORIGINATION,CLOSED,5,2026-04-28,2026-04-15 20:09:29,,LOW
9562,9562,2026-01-12 06:38:30,MORTGAGE_ORIGINATION,CLOSED,3,2026-01-26,2026-01-14 06:38:30,,LOW
9563,9563,2025-11-07 11:01:56,SECURITIES_BASED_LENDING,CLOSED,4,2025-11-21,2025-11-11 11:01:56,,LOW
9564,9564,2025-12-15 00:22:40,HIGH_YIELD_SAVINGS,CLOSED,4,2025-12-29,2025-12-19 00:22:40,,LOW
9565,9565,2026-06-16 23:58:10,WEALTH_MANAGEMENT,CLOSED,4,2026-06-30,2026-06-21 23:58:10,,LOW
9566,9566,2026-02-01 14:27:09,CROSS_BORDER_REMITTANCE,CLOSED,2,2026-02-15,2026-02-04 14:27:09,,LOW
9567,9567,2026-08-09 04:22:30,BALLOT_INITIATIVE_ESCROW,CLOSED,5,2026-08-23,2026-08-13 04:22:30,,LOW
9568,9568,2025-12-01 18:37:42,MERCHANT_ACQUIRING,PENDING_DOCUMENTS,5,2025-12-15,,,LOW
9569,9569,2026-05-25 19:47:32,MORTGAGE_ORIGINATION,CLOSED,4,2026-06-08,2026-05-28 19:47:32,,LOW
9570,9570,2026-05-24 03:53:13,TERM_LIFE_INSURANCE,CLOSED,1,2026-06-07,2026-05-30 03:53:13,,MEDIUM
9571,9571,2025-11-10 08:01:46,HIGH_YIELD_SAVINGS,CLOSED,2,2025-11-24,2025-11-11 08:01:46,,LOW
9572,9572,2026-06-13 08:56:42,BUY_NOW_PAY_LATER,OPEN,,2026-06-27,,,LOW
9573,9573,2026-08-06 15:28:51,PERSONAL_LOAN,CLOSED,5,2026-08-20,2026-08-11 15:28:51,,LOW
9574,9574,2026-03-11 03:13:01,AUTO_FINANCING,CLOSED,3,2026-03-25,2026-03-13 03:13:01,Unverified or expired identity documents,HIGH
9575,9575,2026-01-21 11:40:30,LIQUIDITY_MANAGEMENT,CLOSED,1,2026-02-04,2026-01-27 11:40:30,,LOW
9576,9576,2026-07-28 05:54:06,CROSS_BORDER_REMITTANCE,CLOSED,5,2026-08-11,2026-07-29 05:54:06,,LOW
9577,9577,2026-04-18 13:10:39,RETAIL_EQUITY_BROKERAGE,OPEN,,2026-05-02,,,LOW
9578,9578,2026-03-16 10:57:50,CROSS_BORDER_REMITTANCE,CLOSED,3,2026-03-30,2026-03-21 10:57:50,,LOW
9579,9579,2025-12-23 14:27:24,PERSONAL_LOAN,CLOSED,4,2026-01-06,2025-12-26 14:27:24,,LOW
9580,9580,2026-02-07 22:33:37,ROBO_ADVISORY,CLOSED,3,2026-02-21,2026-02-12 22:33:37,Unverified or expired identity documents,HIGH
9581,9581,2026-06-11 12:07:35,AUTO_FINANCING,CLOSED,3,2026-06-25,2026-06-17 12:07:35,,LOW
9582,9582,2025-09-18 04:12:42,BUY_NOW_PAY_LATER,CLOSED,3,2025-10-02,2025-09-20 04:12:42,,LOW
9583,9583,2025-11-21 00:21:53,BALLOT_INITIATIVE_ESCROW,CLOSED,4,2025-12-05,2025-11-26 00:21:53,,LOW
9584,9584,2026-01-13 23:16:43,WEALTH_MANAGEMENT,CLOSED,5,2026-01-27,2026-01-16 23:16:43,,LOW
9585,9585,2026-01-29 22:26:14,PERSONAL_LOAN,CLOSED,4,2026-02-12,2026-01-31 22:26:14,,LOW
9586,9586,2026-06-13 09:19:45,CORPORATE_CREDIT_CARD,CLOSED,1,2026-06-27,2026-06-16 09:19:45,,MEDIUM
9587,9587,2025-10-21 07:40:14,CRYPTO_BROKERAGE,CLOSED,5,2025-11-04,2025-10-27 07:40:14,,LOW
9588,9588,2026-08-16 12:23:14,TERM_LIFE_INSURANCE,CLOSED,5,2026-08-30,2026-08-18 12:23:14,,LOW
9589,9589,2026-01-19 05:36:53,FIDUCIARY_CUSTODY_ACCOUNT,OPEN,4,2026-02-02,,,HIGH
9590,9590,2025-12-22 03:12:49,RETAIL_BANKING,CLOSED,4,2026-01-05,2025-12-23 03:12:49,,LOW
9591,9591,2026-04-11 20:38:42,BUY_NOW_PAY_LATER,CLOSED,5,2026-04-25,2026-04-17 20:38:42,,MEDIUM
9592,9592,2025-10-18 17:31:04,DISBURSEMENT_PAYROLL_SERVICES,OPEN,,2025-11-01,,,LOW
9593,9593,2026-05-01 23:08:04,MORTGAGE_ORIGINATION,CLOSED,1,2026-05-15,2026-05-04 23:08:04,,LOW
9594,9594,2025-09-18 15:55:20,MORTGAGE_ORIGINATION,CLOSED,4,2025-10-02,2025-09-19 15:55:20,,LOW
9595,9595,2026-02-01 20:22:45,TREASURY_MANAGEMENT,OPEN,,2026-02-15,,,LOW
9596,9596,2025-10-29 17:56:49,HIGH_YIELD_SAVINGS,CLOSED,4,2025-11-12,2025-11-01 17:56:49,,MEDIUM
9597,9597,2026-01-31 05:49:14,HIGH_YIELD_SAVINGS,OPEN,,2026-02-14,,,LOW
9598,9598,2026-05-10 10:44:48,BUY_NOW_PAY_LATER,CLOSED,5,2026-05-24,2026-05-11 10:44:48,Adverse media and PEP screening threshold exceeded,MEDIUM
9599,9599,2025-11-03 01:37:00,AUTO_FINANCING,CLOSED,5,2025-11-17,2025-11-08 01:37:00,,MEDIUM
9600,9600,2026-04-25 14:19:38,SYNDICATED_LOANS,CLOSED,4,2026-05-09,2026-04-26 14:19:38,,LOW
9601,9601,2026-02-22 21:33:12,ROBO_ADVISORY,CLOSED,1,2026-03-08,2026-02-27 21:33:12,,LOW
9602,9602,2026-04-05 13:25:33,RETAIL_BANKING,CLOSED,4,2026-04-19,2026-04-10 13:25:33,,LOW
9603,9603,2025-12-23 04:56:54,TERM_LIFE_INSURANCE,CLOSED,4,2026-01-06,2025-12-25 04:56:54,,LOW
9604,9604,2025-09-08 20:55:28,CRYPTO_BROKERAGE,CLOSED,4,2025-09-22,2025-09-11 20:55:28,,LOW
9605,9605,2025-11-25 19:15:35,FIDUCIARY_CUSTODY_ACCOUNT,CLOSED,4,2025-12-09,2025-11-26 19:15:35,,MEDIUM
9606,9606,2026-08-06 03:59:44,RETAIL_BANKING,CLOSED,4,2026-08-20,2026-08-09 03:59:44,,LOW
9607,9607,2026-02-25 16:59:56,RETAIL_EQUITY_BROKERAGE,CLOSED,1,2026-03-11,2026-02-26 16:59:56,,MEDIUM
9608,9608,2025-10-04 07:22:05,PAC_TREASURY_MANAGEMENT,CLOSED,4,2025-10-18,2025-10-08 07:22:05,Unverified or expired identity documents,MEDIUM
9609,9609,2026-08-19 06:23:21,PERSONAL_LOAN,CLOSED,1,2026-09-02,2026-08-24 06:23:21,,LOW
9610,9610,2026-04-05 22:11:02,CAMPAIGN_CHECKING_ACCOUNT,CLOSED,4,2026-04-19,2026-04-06 22:11:02,Unverified or expired identity documents,MEDIUM
9611,9611,2025-09-26 16:53:32,LIQUIDITY_MANAGEMENT,CLOSED,2,2025-10-10,2025-09-28 16:53:32,,LOW
9612,9612,2026-06-09 02:28:45,SYNDICATED_LOANS,CLOSED,4,2026-06-23,2026-06-14 02:28:45,,LOW
9613,9613,2026-01-17 17:26:12,HIGH_YIELD_SAVINGS,CLOSED,1,2026-01-31,2026-01-18 17:26:12,,MEDIUM
9614,9614,2026-07-23 23:19:38,AUTO_FINANCING,CLOSED,5,2026-08-06,2026-07-25 23:19:38,,LOW
9615,9615,2026-02-10 18:57:18,HIGH_VOLUME_MERCHANT_GATEWAY,OPEN,,2026-02-24,,,LOW
9616,9616,2026-03-29 19:01:27,HIGH_YIELD_SAVINGS,CLOSED,5,2026-04-12,2026-04-01 19:01:27,,LOW
9617,9617,2025-08-29 21:02:52,CROSS_BORDER_REMITTANCE,CLOSED,5,2025-09-12,2025-08-31 21:02:52,,LOW
9618,9618,2026-06-19 13:43:35,CREDIT_CARD_ISSUANCE,PENDING_DOCUMENTS,3,2026-07-03,,,LOW
9619,9619,2026-04-16 09:57:09,BUY_NOW_PAY_LATER,CLOSED,5,2026-04-30,2026-04-22 09:57:09,,LOW
9620,9620,2026-03-13 02:20:14,ROBO_ADVISORY,CLOSED,1,2026-03-27,2026-03-14 02:20:14,,LOW
9621,9621,2026-04-26 15:47:19,INSTITUTIONAL_CRYPTO_CUSTODY,CLOSED,3,2026-05-10,2026-04-29 15:47:19,,LOW
9622,9622,2026-01-07 19:01:20,CROSS_BORDER_REMITTANCE,CLOSED,1,2026-01-21,2026-01-09 19:01:20,,LOW
9623,9623,2025-09-03 21:19:58,TERM_LIFE_INSURANCE,CLOSED,3,2025-09-17,2025-09-06 21:19:58,,LOW
9624,9624,2025-09-30 09:51:57,PAYROLL_SERVICES,CLOSED,4,2025-10-14,2025-10-03 09:51:57,,HIGH
9625,9625,2026-03-04 18:50:02,TERM_LIFE_INSURANCE,CLOSED,2,2026-03-18,2026-03-07 18:50:02,,LOW
9626,9626,2026-05-05 06:20:03,MORTGAGE_ORIGINATION,CLOSED,3,2026-05-19,2026-05-07 06:20:03,,MEDIUM
9627,9627,2026-03-29 19:30:00,ROBO_ADVISORY,CLOSED,3,2026-04-12,2026-04-03 19:30:00,,LOW
9628,9628,2026-03-04 04:23:07,CREDIT_CARD_ISSUANCE,CLOSED,2,2026-03-18,2026-03-05 04:23:07,,LOW
9629,9629,2026-05-18 11:49:44,COMPLIANCE_RESTRICTED_DEPOSIT_ACCOUNT,CLOSED,2,2026-06-01,2026-05-23 11:49:44,,LOW
9630,9630,2026-04-12 02:01:46,ROBO_ADVISORY,CLOSED,5,2026-04-26,2026-04-16 02:01:46,,MEDIUM
9631,9631,2026-08-02 21:44:25,CORPORATE_CREDIT_CARD,CLOSED,3,2026-08-16,2026-08-05 21:44:25,,LOW
9632,9632,2025-12-07 23:25:03,ROBO_ADVISORY,CLOSED,5,2025-12-21,2025-12-08 23:25:03,,MEDIUM
9633,9633,2025-12-07 14:03:29,AUTO_FINANCING,OPEN,,2025-12-21,,,HIGH
9634,9634,2025-11-13 08:14:06,WEALTH_MANAGEMENT,CLOSED,4,2025-11-27,2025-11-15 08:14:06,,LOW
9635,9635,2025-12-13 15:48:11,ROBO_ADVISORY,OPEN,4,2025-12-27,,,LOW
9636,9636,2025-11-16 20:52:44,FX_HEDGING_SOLUTIONS,CLOSED,5,2025-11-30,2025-11-20 20:52:44,,LOW
9637,9637,2026-06-20 05:42:12,TERM_LIFE_INSURANCE,OPEN,,2026-07-04,,,LOW
9638,9638,2026-06-20 19:08:14,PERSONAL_LOAN,CLOSED,3,2026-07-04,2026-06-25 19:08:14,,LOW
9639,9639,2026-08-16 07:01:51,CROSS_BORDER_REMITTANCE,PENDING_DOCUMENTS,,2026-08-30,,,MEDIUM
9640,9640,2025-10-21 05:30:16,REGULATORY_REPORTING_INTEGRATION,CLOSED,4,2025-11-04,2025-10-22 05:30:16,,LOW
9641,9641,2026-02-23 00:22:07,CRYPTO_BROKERAGE,CLOSED,5,2026-03-09,2026-03-01 00:22:07,,LOW
9642,9642,2025-11-01 16:59:10,CREDIT_CARD_ISSUANCE,CLOSED,2,2025-11-15,2025-11-03 16:59:10,,LOW
9643,9643,2026-03-22 10:11:14,RETAIL_EQUITY_BROKERAGE,CLOSED,3,2026-04-05,2026-03-28 10:11:14,,HIGH
9644,9644,2025-12-30 16:04:05,TRADE_FINANCE_CREDIT_INSURANCE,OPEN,4,2026-01-13,,,LOW
9645,9645,2025-10-18 07:45:57,RETAIL_BANKING,CLOSED,2,2025-11-01,2025-10-24 07:45:57,,LOW
9646,9646,2026-01-02 00:11:10,BUY_NOW_PAY_LATER,CLOSED,3,2026-01-16,2026-01-04 00:11:10,,MEDIUM
9647,9647,2026-05-02 10:47:23,RETAIL_EQUITY_BROKERAGE,CLOSED,3,2026-05-16,2026-05-04 10:47:23,,LOW
9648,9648,2025-11-27 23:28:17,TRADE_FINANCE_CREDIT_INSURANCE,CLOSED,2,2025-12-11,2025-11-29 23:28:17,,LOW
9649,9649,2026-01-15 07:26:50,PERSONAL_LOAN,PENDING_DOCUMENTS,,2026-01-29,,,LOW
9650,9650,2026-03-21 16:14:36,CREDIT_CARD_ISSUANCE,CLOSED,5,2026-04-04,2026-03-23 16:14:36,,MEDIUM
9651,9651,2026-01-24 22:49:42,INSTITUTIONAL_CRYPTO_CUSTODY,OPEN,,2026-02-07,,,HIGH
9652,9652,2026-07-05 12:55:46,CORPORATE_ACCOUNT,CLOSED,2,2026-07-19,2026-07-11 12:55:46,,LOW
9653,9653,2025-12-12 23:08:02,FIDUCIARY_CUSTODY_ACCOUNT,CLOSED,5,2025-12-26,2025-12-13 23:08:02,,MEDIUM
9654,9654,2026-05-04 21:26:25,ESCROW_SERVICES,CLOSED,4,2026-05-18,2026-05-10 21:26:25,,MEDIUM
9655,9655,2025-11-26 07:27:17,RETAIL_BANKING,CLOSED,4,2025-12-10,2025-11-30 07:27:17,Unverified or expired identity documents,MEDIUM
9656,9656,2025-10-26 16:16:21,CROSS_BORDER_REMITTANCE,CLOSED,1,2025-11-09,2025-10-29 16:16:21,,LOW
9657,9657,2025-10-17 12:25:10,CREDIT_CARD_ISSUANCE,IN_REVIEW,,2025-10-31,,,LOW
9658,9658,2026-08-01 17:08:55,COMMERCIAL_LENDING,CLOSED,5,2026-08-15,2026-08-04 17:08:55,,LOW
9659,9659,2025-09-16 06:46:12,HIGH_VOLUME_MERCHANT_GATEWAY,CLOSED,5,2025-09-30,2025-09-20 06:46:12,,LOW
9660,9660,2025-11-13 07:01:28,CRYPTO_BROKERAGE,CLOSED,4,2025-11-27,2025-11-15 07:01:28,,LOW
9661,9661,2026-05-15 02:58:20,GOVERNMENT_RELATIONS_ESCROW,CLOSED,3,2026-05-29,2026-05-19 02:58:20,Unverified or expired identity documents,MEDIUM
9662,9662,2025-10-16 04:55:45,CRYPTO_BROKERAGE,CLOSED,1,2025-10-30,2025-10-22 04:55:45,Unverified or expired identity documents,MEDIUM
9663,9663,2026-03-10 10:59:37,PAYROLL_SERVICES,CLOSED,1,2026-03-24,2026-03-16 10:59:37,High-risk sanctions/FATF jurisdiction,HIGH
9664,9664,2025-10-10 13:08:09,DISBURSEMENT_PAYROLL_SERVICES,CLOSED,1,2025-10-24,2025-10-12 13:08:09,High-risk sanctions/FATF jurisdiction,HIGH
9665,9665,2025-10-01 07:16:51,ESCROW_SERVICES,CLOSED,1,2025-10-15,2025-10-07 07:16:51,Unverified or expired identity documents,HIGH
9666,9666,2026-06-09 12:13:00,TERM_LIFE_INSURANCE,CLOSED,2,2026-06-23,2026-06-13 12:13:00,High-risk sanctions/FATF jurisdiction,HIGH
9667,9667,2026-08-25 12:18:09,BUY_NOW_PAY_LATER,CLOSED,5,2026-09-08,2026-08-27 12:18:09,,LOW
9668,9668,2025-12-29 06:52:25,MORTGAGE_ORIGINATION,CLOSED,4,2026-01-12,2026-01-04 06:52:25,,MEDIUM
9669,9669,2025-12-22 14:55:28,HIGH_YIELD_SAVINGS,CLOSED,3,2026-01-05,2025-12-24 14:55:28,,LOW
9670,9670,2026-04-13 14:25:13,ROBO_ADVISORY,CLOSED,5,2026-04-27,2026-04-18 14:25:13,,LOW
9671,9671,2025-09-03 05:14:39,CROSS_BORDER_REMITTANCE,CLOSED,2,2025-09-17,2025-09-07 05:14:39,,MEDIUM
9672,9672,2025-12-07 14:50:00,TERM_LIFE_INSURANCE,CLOSED,1,2025-12-21,2025-12-11 14:50:00,,MEDIUM
9673,9673,2026-05-23 15:55:08,RETAIL_EQUITY_BROKERAGE,CLOSED,3,2026-06-06,2026-05-25 15:55:08,,MEDIUM
9674,9674,2026-05-20 07:29:17,AUTO_FINANCING,CLOSED,4,2026-06-03,2026-05-24 07:29:17,,LOW
9675,9675,2026-01-14 14:19:17,PERSONAL_LOAN,CLOSED,3,2026-01-28,2026-01-15 14:19:17,,MEDIUM
9676,9676,2026-03-19 21:07:17,RETAIL_EQUITY_BROKERAGE,CLOSED,3,2026-04-02,2026-03-21 21:07:17,,LOW
9677,9677,2026-08-20 23:04:06,CRYPTO_BROKERAGE,CLOSED,2,2026-09-03,2026-08-25 23:04:06,,LOW
9678,9678,2025-09-26 08:43:50,ROBO_ADVISORY,CLOSED,3,2025-10-10,2025-10-01 08:43:50,,LOW
9679,9679,2026-07-19 22:21:31,PERSONAL_LOAN,CLOSED,2,2026-08-02,2026-07-22 22:21:31,,LOW
9680,9680,2025-12-26 11:52:50,FX_HEDGING_SOLUTIONS,CLOSED,1,2026-01-09,2026-01-01 11:52:50,,LOW
9681,9681,2026-06-16 09:00:55,AUTO_FINANCING,CLOSED,1,2026-06-30,2026-06-17 09:00:55,,LOW
9682,9682,2026-08-22 06:50:16,ROBO_ADVISORY,CLOSED,1,2026-09-05,2026-08-23 06:50:16,,MEDIUM
9683,9683,2025-09-08 20:28:59,CRYPTO_BROKERAGE,CLOSED,3,2025-09-22,2025-09-10 20:28:59,,LOW
9684,9684,2026-04-30 11:13:13,HIGH_VOLUME_MERCHANT_GATEWAY,CLOSED,5,2026-05-14,2026-05-05 11:13:13,High-risk sanctions/FATF jurisdiction,HIGH
9685,9685,2025-10-07 05:33:29,CRYPTO_BROKERAGE,PENDING_DOCUMENTS,,2025-10-21,,,LOW
9686,9686,2026-04-16 07:41:42,DIRECT_INDEXING,CLOSED,3,2026-04-30,2026-04-18 07:41:42,Unverified or expired identity documents,HIGH
9687,9687,2026-04-19 14:24:45,PERSONAL_LOAN,CLOSED,3,2026-05-03,2026-04-25 14:24:45,,MEDIUM
9688,9688,2025-11-20 18:57:33,BUY_NOW_PAY_LATER,IN_REVIEW,3,2025-12-04,,,MEDIUM
9689,9689,2025-11-29 20:17:22,TERM_LIFE_INSURANCE,CLOSED,4,2025-12-13,2025-12-03 20:17:22,,LOW
9690,9690,2025-12-16 21:04:47,TRADE_FINANCE_CREDIT_INSURANCE,CLOSED,3,2025-12-30,2025-12-18 21:04:47,,LOW
9691,9691,2026-05-13 19:08:04,MORTGAGE_ORIGINATION,CLOSED,1,2026-05-27,2026-05-14 19:08:04,Unverified or expired identity documents,HIGH
9692,9692,2025-09-02 18:32:25,ROBO_ADVISORY,CLOSED,3,2025-09-16,2025-09-03 18:32:25,,MEDIUM
9693,9693,2025-09-07 06:28:39,SYNDICATED_LOANS,CLOSED,3,2025-09-21,2025-09-12 06:28:39,,LOW
9694,9694,2025-12-29 12:02:21,ESTATE_PLANNING_SERVICES,CLOSED,5,2026-01-12,2026-01-04 12:02:21,,LOW
9695,9695,2026-04-08 18:02:51,AUTO_FINANCING,CLOSED,4,2026-04-22,2026-04-13 18:02:51,,MEDIUM
9696,9696,2026-03-29 00:13:22,HIGH_YIELD_SAVINGS,CLOSED,5,2026-04-12,2026-04-02 00:13:22,Unverified or expired identity documents,MEDIUM
9697,9697,2026-01-31 02:53:41,PAYROLL_SERVICES,CLOSED,3,2026-02-14,2026-02-06 02:53:41,,LOW
9698,9698,2026-04-04 22:38:19,PERSONAL_LOAN,OPEN,1,2026-04-18,,,MEDIUM
9699,9699,2025-12-18 19:36:23,INSTITUTIONAL_CRYPTO_CUSTODY,PENDING_DOCUMENTS,5,2026-01-01,,,LOW
9700,9700,2026-05-26 08:59:40,LIQUIDITY_MANAGEMENT,OPEN,,2026-06-09,,,LOW
9701,9701,2026-08-12 23:04:23,ESCROW_SERVICES,CLOSED,2,2026-08-26,2026-08-17 23:04:23,,LOW
9702,9702,2025-10-15 04:17:48,ESCROW_SERVICES,CLOSED,2,2025-10-29,2025-10-16 04:17:48,,LOW
9703,9703,2025-09-22 09:34:37,TERM_LIFE_INSURANCE,CLOSED,5,2025-10-06,2025-09-26 09:34:37,,LOW
9704,9704,2026-01-06 07:28:45,CROSS_BORDER_REMITTANCE,CLOSED,2,2026-01-20,2026-01-12 07:28:45,,LOW
9705,9705,2026-05-28 21:03:20,BUY_NOW_PAY_LATER,CLOSED,3,2026-06-11,2026-05-30 21:03:20,,LOW
9706,9706,2025-12-07 12:48:06,CROSS_BORDER_REMITTANCE,IN_REVIEW,,2025-12-21,,,LOW
9707,9707,2026-02-05 23:54:22,BUY_NOW_PAY_LATER,CLOSED,3,2026-02-19,2026-02-06 23:54:22,,LOW
9708,9708,2026-07-22 06:12:39,RETAIL_EQUITY_BROKERAGE,CLOSED,2,2026-08-05,2026-07-28 06:12:39,,LOW
9709,9709,2026-08-11 22:48:30,AUTO_FINANCING,CLOSED,5,2026-08-25,2026-08-14 22:48:30,,LOW
9710,9710,2026-02-26 02:29:27,MORTGAGE_ORIGINATION,OPEN,,2026-03-12,,,LOW
9711,9711,2026-03-23 16:00:09,HIGH_VOLUME_MERCHANT_GATEWAY,CLOSED,1,2026-04-06,2026-03-26 16:00:09,,LOW
9712,9712,2026-06-28 13:45:11,CREDIT_CARD_ISSUANCE,CLOSED,3,2026-07-12,2026-06-29 13:45:11,,LOW
9713,9713,2025-12-11 15:05:07,ESCROW_SERVICES,CLOSED,5,2025-12-25,2025-12-12 15:05:07,,MEDIUM
9714,9714,2025-12-30 04:24:27,SYNDICATED_LOANS,CLOSED,1,2026-01-13,2026-01-05 04:24:27,,LOW
9715,9715,2026-01-28 23:10:04,COMPLIANCE_RESTRICTED_DEPOSIT_ACCOUNT,PENDING_DOCUMENTS,,2026-02-11,,,LOW
9716,9716,2025-11-17 05:21:28,CREDIT_CARD_ISSUANCE,CLOSED,5,2025-12-01,2025-11-20 05:21:28,,LOW
9717,9717,2025-10-09 15:14:57,LETTER_OF_CREDIT,CLOSED,1,2025-10-23,2025-10-13 15:14:57,,LOW
9718,9718,2026-02-28 17:27:08,ROBO_ADVISORY,OPEN,,2026-03-14,,,HIGH
9719,9719,2026-08-11 18:48:13,RETAIL_EQUITY_BROKERAGE,OPEN,,2026-08-25,,,HIGH
9720,9720,2026-06-26 06:09:40,AUTO_FINANCING,IN_REVIEW,,2026-07-10,,,LOW
9721,9721,2026-03-23 23:30:38,ROBO_ADVISORY,CLOSED,3,2026-04-06,2026-03-29 23:30:38,,MEDIUM
9722,9722,2025-10-14 14:52:41,CROSS_BORDER_REMITTANCE,CLOSED,3,2025-10-28,2025-10-18 14:52:41,,LOW
9723,9723,2026-08-15 03:26:25,ESCROW_SERVICES,CLOSED,2,2026-08-29,2026-08-16 03:26:25,,LOW
9724,9724,2026-07-22 19:02:14,INSTITUTIONAL_CRYPTO_CUSTODY,CLOSED,3,2026-08-05,2026-07-24 19:02:14,,LOW
9725,9725,2025-10-01 19:29:36,ROBO_ADVISORY,CLOSED,1,2025-10-15,2025-10-04 19:29:36,,LOW
9726,9726,2025-12-16 08:55:39,ROBO_ADVISORY,CLOSED,4,2025-12-30,2025-12-17 08:55:39,,LOW
9727,9727,2026-06-08 08:01:25,LIQUIDITY_MANAGEMENT,CLOSED,1,2026-06-22,2026-06-12 08:01:25,,HIGH
9728,9728,2026-06-06 20:13:32,PAYROLL_SERVICES,CLOSED,1,2026-06-20,2026-06-10 20:13:32,,MEDIUM
9729,9729,2026-01-15 10:34:12,CROSS_BORDER_REMITTANCE,CLOSED,5,2026-01-29,2026-01-18 10:34:12,,MEDIUM
9730,9730,2026-04-09 18:40:11,CRYPTO_BROKERAGE,CLOSED,4,2026-04-23,2026-04-14 18:40:11,Unverified or expired identity documents,LOW
9731,9731,2026-01-18 08:22:19,AUTO_FINANCING,CLOSED,2,2026-02-01,2026-01-22 08:22:19,Unverified or expired identity documents,LOW
9732,9732,2025-09-26 16:24:45,TERM_LIFE_INSURANCE,CLOSED,1,2025-10-10,2025-09-28 16:24:45,,LOW
9733,9733,2025-11-11 10:15:02,BUY_NOW_PAY_LATER,CLOSED,2,2025-11-25,2025-11-16 10:15:02,,LOW
9734,9734,2026-07-31 23:51:42,BUY_NOW_PAY_LATER,CLOSED,3,2026-08-14,2026-08-05 23:51:42,,LOW
9735,9735,2026-06-23 07:24:04,TREASURY_MANAGEMENT,OPEN,,2026-07-07,,,LOW
9736,9736,2026-05-10 17:31:16,ESCROW_SERVICES,CLOSED,4,2026-05-24,2026-05-16 17:31:16,,LOW
9737,9737,2026-06-16 06:47:34,TERM_LIFE_INSURANCE,OPEN,5,2026-06-30,,,LOW
9738,9738,2026-02-06 03:57:43,CRYPTO_BROKERAGE,CLOSED,5,2026-02-20,2026-02-11 03:57:43,Unverified or expired identity documents,HIGH
9739,9739,2026-05-21 06:45:04,HIGH_YIELD_SAVINGS,CLOSED,5,2026-06-04,2026-05-23 06:45:04,,LOW
9740,9740,2026-06-19 05:30:37,TREASURY_MANAGEMENT,PENDING_DOCUMENTS,,2026-07-03,,,LOW
9741,9741,2025-11-24 05:22:11,SHORT_TERM_LIQUIDITY_MANAGEMENT,CLOSED,1,2025-12-08,2025-11-25 05:22:11,Unverified or expired identity documents,LOW
9742,9742,2026-08-10 15:03:09,CREDIT_CARD_ISSUANCE,CLOSED,3,2026-08-24,2026-08-16 15:03:09,,MEDIUM
9743,9743,2026-07-16 06:24:41,INSTITUTIONAL_CRYPTO_CUSTODY,CLOSED,3,2026-07-30,2026-07-21 06:24:41,Unverified or expired identity documents,HIGH
9744,9744,2026-03-23 00:19:26,CREDIT_CARD_ISSUANCE,PENDING_DOCUMENTS,,2026-04-06,,,HIGH
9745,9745,2026-06-09 15:43:33,MORTGAGE_ORIGINATION,CLOSED,4,2026-06-23,2026-06-13 15:43:33,Unverified or expired identity documents,HIGH
9746,9746,2026-05-06 12:04:11,TRADE_FINANCE_CREDIT_INSURANCE,CLOSED,5,2026-05-20,2026-05-10 12:04:11,,LOW
9747,9747,2026-03-03 22:28:23,PERSONAL_LOAN,IN_REVIEW,,2026-03-17,,,LOW
9748,9748,2025-09-07 05:30:56,PHILANTHROPY_ENDOWMENT_MANAGEMENT,CLOSED,3,2025-09-21,2025-09-10 05:30:56,,LOW
9749,9749,2025-10-11 16:54:16,RETAIL_EQUITY_BROKERAGE,CLOSED,1,2025-10-25,2025-10-12 16:54:16,,LOW
9750,9750,2026-04-02 11:33:10,BUY_NOW_PAY_LATER,CLOSED,3,2026-04-16,2026-04-03 11:33:10,,LOW
9751,9751,2026-06-04 07:38:37,HIGH_YIELD_SAVINGS,CLOSED,2,2026-06-18,2026-06-08 07:38:37,Unverified or expired identity documents,HIGH
9752,9752,2025-10-22 04:46:18,DIRECT_INDEXING,IN_REVIEW,,2025-11-05,,,LOW
9753,9753,2025-10-01 08:51:53,ESCROW_SERVICES,IN_REVIEW,,2025-10-15,,,LOW
9754,9754,2026-07-19 00:43:49,RETAIL_BANKING,CLOSED,2,2026-08-02,2026-07-22 00:43:49,,MEDIUM
9755,9755,2025-11-22 06:21:42,ROBO_ADVISORY,CLOSED,1,2025-12-06,2025-11-28 06:21:42,,HIGH
9756,9756,2026-04-22 08:45:28,AUTO_FINANCING,CLOSED,3,2026-05-06,2026-04-26 08:45:28,,LOW
9757,9757,2026-06-21 03:38:25,AUTO_FINANCING,CLOSED,3,2026-07-05,2026-06-27 03:38:25,,LOW
9758,9758,2026-05-08 08:00:27,SYNDICATED_LOANS,CLOSED,5,2026-05-22,2026-05-12 08:00:27,,LOW
9759,9759,2025-09-15 13:36:55,INSTITUTIONAL_CRYPTO_CUSTODY,CLOSED,2,2025-09-29,2025-09-16 13:36:55,,HIGH
9760,9760,2025-10-29 10:39:48,RETAIL_BANKING,CLOSED,4,2025-11-12,2025-11-01 10:39:48,,MEDIUM
9761,9761,2025-09-06 18:31:03,MORTGAGE_ORIGINATION,CLOSED,3,2025-09-20,2025-09-07 18:31:03,,MEDIUM
9762,9762,2025-09-04 02:21:06,CORPORATE_CREDIT_CARD,CLOSED,3,2025-09-18,2025-09-05 02:21:06,,MEDIUM
9763,9763,2026-01-04 09:36:49,CRYPTO_BROKERAGE,CLOSED,4,2026-01-18,2026-01-09 09:36:49,,LOW
9764,9764,2026-01-22 01:52:46,AUTO_FINANCING,CLOSED,5,2026-02-05,2026-01-26 01:52:46,,LOW
9765,9765,2026-01-12 09:22:06,HIGH_YIELD_SAVINGS,CLOSED,2,2026-01-26,2026-01-15 09:22:06,Unverified or expired identity documents,HIGH
9766,9766,2025-12-09 03:46:30,CROSS_BORDER_REMITTANCE,OPEN,5,2025-12-23,,,MEDIUM
9767,9767,2025-09-05 14:49:11,CREDIT_CARD_ISSUANCE,CLOSED,3,2025-09-19,2025-09-09 14:49:11,,LOW
9768,9768,2026-01-09 19:33:42,ESCROW_SERVICES,CLOSED,5,2026-01-23,2026-01-13 19:33:42,,LOW
9769,9769,2025-12-19 11:52:35,DISBURSEMENT_PAYROLL_SERVICES,CLOSED,1,2026-01-02,2025-12-23 11:52:35,,LOW
9770,9770,2025-11-16 05:07:20,ROBO_ADVISORY,CLOSED,2,2025-11-30,2025-11-20 05:07:20,,LOW
9771,9771,2026-07-09 13:31:47,RETAIL_BANKING,CLOSED,3,2026-07-23,2026-07-10 13:31:47,,HIGH
9772,9772,2026-08-22 16:47:16,MERCHANT_ACQUIRING,CLOSED,2,2026-09-05,2026-08-27 16:47:16,,MEDIUM
9773,9773,2026-03-24 18:46:04,ESCROW_SERVICES,CLOSED,1,2026-04-07,2026-03-25 18:46:04,Unverified or expired identity documents,MEDIUM
9774,9774,2026-05-14 11:02:52,CROSS_BORDER_REMITTANCE,OPEN,3,2026-05-28,,,LOW
9775,9775,2026-03-15 14:19:57,LIQUIDITY_MANAGEMENT,CLOSED,2,2026-03-29,2026-03-21 14:19:57,,MEDIUM
9776,9776,2026-04-22 03:45:48,CORPORATE_ACCOUNT,CLOSED,1,2026-05-06,2026-04-28 03:45:48,,MEDIUM
9777,9777,2025-11-29 12:36:33,PERSONAL_LOAN,CLOSED,4,2025-12-13,2025-12-05 12:36:33,,LOW
9778,9778,2026-02-09 21:25:25,ROBO_ADVISORY,CLOSED,5,2026-02-23,2026-02-14 21:25:25,,MEDIUM
9779,9779,2025-10-11 12:49:25,RETAIL_EQUITY_BROKERAGE,CLOSED,5,2025-10-25,2025-10-16 12:49:25,,LOW
9780,9780,2026-02-06 10:52:40,DIRECT_INDEXING,CLOSED,4,2026-02-20,2026-02-11 10:52:40,,LOW
9781,9781,2025-12-30 13:09:57,GOVERNMENT_RELATIONS_ESCROW,CLOSED,1,2026-01-13,2026-01-02 13:09:57,,LOW
9782,9782,2026-07-05 16:39:10,FIDUCIARY_CUSTODY_ACCOUNT,CLOSED,3,2026-07-19,2026-07-09 16:39:10,,LOW
9783,9783,2025-09-16 16:38:19,CREDIT_CARD_ISSUANCE,CLOSED,5,2025-09-30,2025-09-22 16:38:19,,LOW
9784,9784,2026-07-21 23:04:09,RETAIL_EQUITY_BROKERAGE,CLOSED,1,2026-08-04,2026-07-22 23:04:09,,LOW
9785,9785,2026-05-20 09:07:05,SHORT_TERM_LIQUIDITY_MANAGEMENT,CLOSED,4,2026-06-03,2026-05-26 09:07:05,,MEDIUM
9786,9786,2026-08-02 20:47:59,CRYPTO_BROKERAGE,CLOSED,5,2026-08-16,2026-08-08 20:47:59,,LOW
9787,9787,2026-01-31 08:17:29,WEALTH_MANAGEMENT,CLOSED,2,2026-02-14,2026-02-01 08:17:29,Unverified or expired identity documents,MEDIUM
9788,9788,2025-12-09 20:59:54,RETAIL_BANKING,OPEN,,2025-12-23,,,LOW
9789,9789,2025-11-25 17:05:40,AUTO_FINANCING,CLOSED,3,2025-12-09,2025-11-27 17:05:40,,LOW
9790,9790,2025-09-24 02:46:43,LIQUIDITY_MANAGEMENT,CLOSED,2,2025-10-08,2025-09-25 02:46:43,,LOW
9791,9791,2026-03-05 07:13:41,PERSONAL_LOAN,CLOSED,2,2026-03-19,2026-03-07 07:13:41,,LOW
9792,9792,2026-07-04 08:11:44,RETAIL_BANKING,CLOSED,4,2026-07-18,2026-07-08 08:11:44,,LOW
9793,9793,2026-01-03 08:48:32,RETAIL_EQUITY_BROKERAGE,CLOSED,1,2026-01-17,2026-01-04 08:48:32,,LOW
9794,9794,2026-02-09 06:55:51,COMMERCIAL_LENDING,OPEN,5,2026-02-23,,,LOW
9795,9795,2026-02-26 18:49:16,CORPORATE_ACCOUNT,CLOSED,5,2026-03-12,2026-03-02 18:49:16,Unverified or expired identity documents,MEDIUM
9796,9796,2026-06-19 06:36:38,BUY_NOW_PAY_LATER,CLOSED,5,2026-07-03,2026-06-23 06:36:38,,LOW
9797,9797,2026-05-28 18:53:16,BUY_NOW_PAY_LATER,CLOSED,4,2026-06-11,2026-06-01 18:53:16,,MEDIUM
9798,9798,2025-10-04 20:28:52,TRUSTEE_ADMINISTRATION,CLOSED,2,2025-10-18,2025-10-07 20:28:52,,HIGH
9799,9799,2026-01-22 06:30:37,MORTGAGE_ORIGINATION,CLOSED,3,2026-02-05,2026-01-28 06:30:37,,LOW
9800,9800,2026-07-11 11:59:16,TAX_OPTIMIZED_INVESTING,CLOSED,2,2026-07-25,2026-07-17 11:59:16,,LOW
9801,9801,2026-03-17 08:32:15,REGULATORY_REPORTING_INTEGRATION,CLOSED,5,2026-03-31,2026-03-22 08:32:15,Adverse media and PEP screening threshold exceeded,MEDIUM
9802,9802,2026-03-20 03:46:13,REGULATORY_REPORTING_INTEGRATION,CLOSED,1,2026-04-03,2026-03-25 03:46:13,,LOW
9803,9803,2025-11-15 02:51:06,COMMERCIAL_LENDING,CLOSED,1,2025-11-29,2025-11-16 02:51:06,,LOW
9804,9804,2025-09-11 22:34:24,BUY_NOW_PAY_LATER,CLOSED,1,2025-09-25,2025-09-13 22:34:24,,LOW
9805,9805,2025-10-03 17:20:44,MORTGAGE_ORIGINATION,CLOSED,4,2025-10-17,2025-10-09 17:20:44,,LOW
9806,9806,2026-04-06 22:27:00,PAC_TREASURY_MANAGEMENT,CLOSED,2,2026-04-20,2026-04-09 22:27:00,Unverified or expired identity documents,LOW
9807,9807,2026-05-13 04:43:40,MERCHANT_ACQUIRING,CLOSED,5,2026-05-27,2026-05-18 04:43:40,,LOW
9808,9808,2026-08-19 09:48:40,TERM_LIFE_INSURANCE,CLOSED,4,2026-09-02,2026-08-24 09:48:40,Unverified or expired identity documents,HIGH
9809,9809,2026-07-23 23:28:30,RETAIL_BANKING,OPEN,1,2026-08-06,,,LOW
9810,9810,2026-08-09 03:14:50,RETAIL_EQUITY_BROKERAGE,OPEN,,2026-08-23,,,LOW
9811,9811,2025-12-07 21:46:52,CROSS_BORDER_REMITTANCE,CLOSED,3,2025-12-21,2025-12-08 21:46:52,High-risk sanctions/FATF jurisdiction,HIGH
9812,9812,2026-03-29 23:55:07,MORTGAGE_ORIGINATION,PENDING_DOCUMENTS,,2026-04-12,,,MEDIUM
9813,9813,2026-01-09 11:05:09,TRADE_FINANCE_CREDIT_INSURANCE,CLOSED,2,2026-01-23,2026-01-11 11:05:09,,LOW
9814,9814,2026-05-29 20:22:53,BESPOKE_PORTFOLIO_MANAGEMENT,CLOSED,3,2026-06-12,2026-06-03 20:22:53,,LOW
9815,9815,2025-11-07 11:11:32,PHILANTHROPY_ENDOWMENT_MANAGEMENT,CLOSED,3,2025-11-21,2025-11-08 11:11:32,,LOW
9816,9816,2026-03-27 00:57:18,AUTO_FINANCING,PENDING_DOCUMENTS,1,2026-04-10,,,LOW
9817,9817,2025-09-25 17:43:56,PERSONAL_LOAN,CLOSED,1,2025-10-09,2025-09-29 17:43:56,,LOW
9818,9818,2025-09-02 22:38:25,ROBO_ADVISORY,CLOSED,2,2025-09-16,2025-09-04 22:38:25,,HIGH
9819,9819,2025-11-23 09:05:39,TERM_LIFE_INSURANCE,CLOSED,4,2025-12-07,2025-11-24 09:05:39,,MEDIUM
9820,9820,2026-02-12 06:52:38,PAYROLL_SERVICES,CLOSED,1,2026-02-26,2026-02-17 06:52:38,,LOW
9821,9821,2025-11-06 09:08:35,BUY_NOW_PAY_LATER,PENDING_DOCUMENTS,4,2025-11-20,,,MEDIUM
9822,9822,2026-07-27 22:16:03,FX_HEDGING_SOLUTIONS,OPEN,2,2026-08-10,,,LOW
9823,9823,2026-05-16 21:58:00,AUTO_FINANCING,CLOSED,2,2026-05-30,2026-05-22 21:58:00,,LOW
9824,9824,2026-02-19 03:23:01,RETAIL_EQUITY_BROKERAGE,OPEN,,2026-03-05,,,LOW
9825,9825,2026-06-03 00:28:49,RETAIL_BANKING,CLOSED,5,2026-06-17,2026-06-09 00:28:49,,LOW
9826,9826,2026-04-17 05:11:36,CROSS_BORDER_REMITTANCE,CLOSED,5,2026-05-01,2026-04-20 05:11:36,Unverified or expired identity documents,HIGH
9827,9827,2026-07-15 01:07:37,RETAIL_EQUITY_BROKERAGE,CLOSED,5,2026-07-29,2026-07-21 01:07:37,,LOW
9828,9828,2026-05-02 22:34:51,MORTGAGE_ORIGINATION,CLOSED,2,2026-05-16,2026-05-03 22:34:51,,LOW
9829,9829,2025-10-11 00:39:06,BUY_NOW_PAY_LATER,CLOSED,4,2025-10-25,2025-10-16 00:39:06,,LOW
9830,9830,2026-05-23 11:03:28,ASSET_PROTECTION_TRUSTS,CLOSED,2,2026-06-06,2026-05-27 11:03:28,,LOW
9831,9831,2026-01-06 03:59:13,LETTER_OF_CREDIT,CLOSED,3,2026-01-20,2026-01-09 03:59:13,,LOW
9832,9832,2026-01-20 11:00:28,MORTGAGE_ORIGINATION,PENDING_DOCUMENTS,3,2026-02-03,,,LOW
9833,9833,2025-09-18 12:35:45,MORTGAGE_ORIGINATION,OPEN,3,2025-10-02,,,LOW
9834,9834,2025-10-14 08:06:53,ROBO_ADVISORY,CLOSED,2,2025-10-28,2025-10-17 08:06:53,,LOW
9835,9835,2025-10-15 00:19:39,ESTATE_PLANNING_SERVICES,OPEN,1,2025-10-29,,,LOW
9836,9836,2025-12-31 15:35:36,TRADE_FINANCE_CREDIT_INSURANCE,CLOSED,4,2026-01-14,2026-01-04 15:35:36,,LOW
9837,9837,2025-09-08 23:16:59,BALLOT_INITIATIVE_ESCROW,CLOSED,1,2025-09-22,2025-09-13 23:16:59,,LOW
9838,9838,2026-06-26 07:12:11,AUTO_FINANCING,CLOSED,2,2026-07-10,2026-06-27 07:12:11,,LOW
9839,9839,2025-12-18 09:24:12,CREDIT_CARD_ISSUANCE,CLOSED,4,2026-01-01,2025-12-20 09:24:12,,MEDIUM
9840,9840,2026-02-03 21:43:32,MORTGAGE_ORIGINATION,CLOSED,4,2026-02-17,2026-02-04 21:43:32,,HIGH
9841,9841,2026-01-24 21:48:46,RETAIL_BANKING,CLOSED,4,2026-02-07,2026-01-25 21:48:46,,MEDIUM
9842,9842,2026-08-08 00:40:24,RETAIL_EQUITY_BROKERAGE,CLOSED,5,2026-08-22,2026-08-14 00:40:24,Unverified or expired identity documents,HIGH
9843,9843,2026-04-23 12:18:38,CRYPTO_BROKERAGE,CLOSED,5,2026-05-07,2026-04-25 12:18:38,,MEDIUM
9844,9844,2026-03-19 22:16:18,TERM_LIFE_INSURANCE,CLOSED,5,2026-04-02,2026-03-21 22:16:18,,LOW
9845,9845,2025-11-20 06:26:22,MORTGAGE_ORIGINATION,OPEN,,2025-12-04,,,LOW
9846,9846,2026-06-21 06:25:03,ROBO_ADVISORY,CLOSED,2,2026-07-05,2026-06-26 06:25:03,,HIGH
9847,9847,2025-11-18 02:44:27,LIQUIDITY_MANAGEMENT,CLOSED,2,2025-12-02,2025-11-23 02:44:27,,LOW
9848,9848,2025-11-05 04:50:44,HIGH_YIELD_SAVINGS,CLOSED,3,2025-11-19,2025-11-10 04:50:44,,HIGH
9849,9849,2026-08-13 22:59:41,BUY_NOW_PAY_LATER,CLOSED,5,2026-08-27,2026-08-14 22:59:41,,LOW
9850,9850,2026-05-09 03:04:32,SYNDICATED_LOANS,OPEN,2,2026-05-23,,,LOW
9851,9851,2026-02-27 00:10:26,TERM_LIFE_INSURANCE,CLOSED,2,2026-03-13,2026-03-05 00:10:26,,HIGH
9852,9852,2026-05-01 01:36:43,AUTO_FINANCING,CLOSED,4,2026-05-15,2026-05-06 01:36:43,,MEDIUM
9853,9853,2026-03-15 02:52:54,TRADE_FINANCE_CREDIT_INSURANCE,CLOSED,2,2026-03-29,2026-03-17 02:52:54,,MEDIUM
9854,9854,2026-03-16 09:45:02,CROSS_BORDER_REMITTANCE,CLOSED,4,2026-03-30,2026-03-18 09:45:02,,LOW
9855,9855,2025-10-20 05:58:02,HIGH_YIELD_SAVINGS,CLOSED,2,2025-11-03,2025-10-25 05:58:02,,LOW
9856,9856,2026-03-14 16:30:00,DISBURSEMENT_PAYROLL_SERVICES,IN_REVIEW,,2026-03-28,,,MEDIUM
9857,9857,2026-07-01 22:23:50,PERSONAL_LOAN,CLOSED,5,2026-07-15,2026-07-02 22:23:50,,LOW
9858,9858,2026-04-03 19:26:55,CORPORATE_CREDIT_CARD,CLOSED,3,2026-04-17,2026-04-07 19:26:55,,LOW
9859,9859,2025-11-22 04:24:07,RETAIL_BANKING,PENDING_DOCUMENTS,,2025-12-06,,,LOW
9860,9860,2026-02-12 20:39:08,CREDIT_CARD_ISSUANCE,CLOSED,2,2026-02-26,2026-02-15 20:39:08,,LOW
9861,9861,2025-12-05 08:54:58,POLITICAL_DONATION_PROCESSING,CLOSED,2,2025-12-19,2025-12-07 08:54:58,Unverified or expired identity documents,LOW
9862,9862,2025-10-20 03:42:04,BUY_NOW_PAY_LATER,CLOSED,4,2025-11-03,2025-10-22 03:42:04,,MEDIUM
9863,9863,2026-03-23 04:04:19,HIGH_YIELD_SAVINGS,OPEN,5,2026-04-06,,,LOW
9864,9864,2026-02-22 23:04:18,INSTITUTIONAL_CRYPTO_CUSTODY,CLOSED,5,2026-03-08,2026-02-26 23:04:18,,LOW
9865,9865,2026-08-11 02:41:54,AUTO_FINANCING,PENDING_DOCUMENTS,5,2026-08-25,,,LOW
9866,9866,2025-12-20 21:47:32,CREDIT_CARD_ISSUANCE,IN_REVIEW,,2026-01-03,,,LOW
9867,9867,2026-02-16 07:46:07,INSTITUTIONAL_CRYPTO_CUSTODY,CLOSED,4,2026-03-02,2026-02-18 07:46:07,,LOW
9868,9868,2025-12-25 16:17:37,RETAIL_BANKING,IN_REVIEW,1,2026-01-08,,,LOW
9869,9869,2026-08-17 19:48:47,CROSS_BORDER_REMITTANCE,CLOSED,5,2026-08-31,2026-08-23 19:48:47,,LOW
9870,9870,2026-05-26 23:48:49,RETAIL_BANKING,CLOSED,5,2026-06-09,2026-05-27 23:48:49,,LOW
9871,9871,2025-10-07 22:30:10,BALLOT_INITIATIVE_ESCROW,CLOSED,5,2025-10-21,2025-10-09 22:30:10,,LOW
9872,9872,2026-08-16 12:34:01,TREASURY_MANAGEMENT,CLOSED,1,2026-08-30,2026-08-19 12:34:01,High-risk sanctions/FATF jurisdiction,HIGH
9873,9873,2025-11-20 00:17:03,ESCROW_SERVICES,CLOSED,5,2025-12-04,2025-11-24 00:17:03,,MEDIUM
9874,9874,2026-01-03 04:13:41,MORTGAGE_ORIGINATION,CLOSED,3,2026-01-17,2026-01-06 04:13:41,,MEDIUM
9875,9875,2026-05-20 16:03:01,CRYPTO_BROKERAGE,CLOSED,3,2026-06-03,2026-05-25 16:03:01,,LOW
9876,9876,2026-05-10 18:04:02,CROSS_BORDER_REMITTANCE,CLOSED,4,2026-05-24,2026-05-14 18:04:02,,MEDIUM
9877,9877,2025-12-16 06:21:40,COMMERCIAL_LENDING,CLOSED,4,2025-12-30,2025-12-20 06:21:40,,HIGH
9878,9878,2026-05-26 22:15:24,BESPOKE_PORTFOLIO_MANAGEMENT,CLOSED,4,2026-06-09,2026-05-29 22:15:24,,LOW
9879,9879,2026-02-14 08:36:32,SYNDICATED_LOANS,CLOSED,3,2026-02-28,2026-02-16 08:36:32,Unverified or expired identity documents,HIGH
9880,9880,2025-11-30 12:06:03,ROBO_ADVISORY,CLOSED,1,2025-12-14,2025-12-02 12:06:03,,HIGH
9881,9881,2025-10-01 03:53:00,CROSS_BORDER_REMITTANCE,CLOSED,5,2025-10-15,2025-10-05 03:53:00,,LOW
9882,9882,2026-04-12 22:17:42,RETAIL_BANKING,CLOSED,5,2026-04-26,2026-04-18 22:17:42,,LOW
9883,9883,2025-10-26 09:40:42,RETAIL_EQUITY_BROKERAGE,IN_REVIEW,2,2025-11-09,,,LOW
9884,9884,2025-12-28 23:24:29,PERSONAL_LOAN,CLOSED,1,2026-01-11,2026-01-01 23:24:29,,LOW
9885,9885,2025-09-05 07:05:21,TERM_LIFE_INSURANCE,CLOSED,5,2025-09-19,2025-09-10 07:05:21,,LOW
9886,9886,2026-02-20 11:17:33,PAYROLL_SERVICES,CLOSED,5,2026-03-06,2026-02-23 11:17:33,,LOW
9887,9887,2026-02-04 23:19:16,AUTO_FINANCING,CLOSED,2,2026-02-18,2026-02-07 23:19:16,,HIGH
9888,9888,2026-08-03 12:13:28,CREDIT_CARD_ISSUANCE,CLOSED,2,2026-08-17,2026-08-05 12:13:28,,LOW
9889,9889,2025-09-08 23:16:37,MORTGAGE_ORIGINATION,CLOSED,3,2025-09-22,2025-09-09 23:16:37,,MEDIUM
9890,9890,2026-04-23 07:15:52,BUY_NOW_PAY_LATER,CLOSED,1,2026-05-07,2026-04-27 07:15:52,,HIGH
9891,9891,2025-09-21 10:18:03,RETAIL_EQUITY_BROKERAGE,CLOSED,1,2025-10-05,2025-09-23 10:18:03,,LOW
9892,9892,2025-10-13 13:19:12,ROBO_ADVISORY,CLOSED,5,2025-10-27,2025-10-14 13:19:12,,LOW
9893,9893,2025-08-30 18:12:08,LETTER_OF_CREDIT,CLOSED,4,2025-09-13,2025-09-04 18:12:08,,MEDIUM
9894,9894,2026-05-05 02:39:30,HIGH_YIELD_SAVINGS,CLOSED,2,2026-05-19,2026-05-09 02:39:30,,LOW
9895,9895,2026-08-25 06:44:17,CROSS_BORDER_REMITTANCE,CLOSED,3,2026-09-08,2026-08-26 06:44:17,,LOW
9896,9896,2025-10-17 07:09:59,RETAIL_BANKING,CLOSED,4,2025-10-31,2025-10-19 07:09:59,,HIGH
9897,9897,2026-01-06 21:28:10,HIGH_YIELD_SAVINGS,CLOSED,5,2026-01-20,2026-01-08 21:28:10,,MEDIUM
9898,9898,2026-01-17 12:23:23,CRYPTO_BROKERAGE,CLOSED,5,2026-01-31,2026-01-22 12:23:23,,LOW
9899,9899,2026-04-18 10:21:05,MORTGAGE_ORIGINATION,CLOSED,5,2026-05-02,2026-04-23 10:21:05,,LOW
9900,9900,2026-05-02 00:20:38,WEALTH_MANAGEMENT,CLOSED,5,2026-05-16,2026-05-05 00:20:38,,LOW
9901,9901,2026-07-21 06:07:54,BUY_NOW_PAY_LATER,CLOSED,1,2026-08-04,2026-07-24 06:07:54,Unverified or expired identity documents,HIGH
9902,9902,2026-02-14 21:10:10,CREDIT_CARD_ISSUANCE,CLOSED,5,2026-02-28,2026-02-15 21:10:10,Unverified or expired identity documents,LOW
9903,9903,2026-01-17 23:00:21,SHORT_TERM_LIQUIDITY_MANAGEMENT,IN_REVIEW,,2026-01-31,,,MEDIUM
9904,9904,2025-11-10 15:21:31,CRYPTO_BROKERAGE,CLOSED,3,2025-11-24,2025-11-13 15:21:31,,LOW
9905,9905,2025-11-04 02:05:44,CRYPTO_BROKERAGE,CLOSED,3,2025-11-18,2025-11-05 02:05:44,,LOW
9906,9906,2025-09-29 23:36:47,HIGH_YIELD_SAVINGS,CLOSED,3,2025-10-13,2025-10-03 23:36:47,,MEDIUM
9907,9907,2025-12-27 08:29:46,ASSET_PROTECTION_TRUSTS,CLOSED,1,2026-01-10,2026-01-02 08:29:46,,LOW
9908,9908,2026-04-30 16:44:10,RETAIL_BANKING,CLOSED,5,2026-05-14,2026-05-04 16:44:10,,MEDIUM
9909,9909,2025-08-31 05:44:52,CORPORATE_ACCOUNT,CLOSED,2,2025-09-14,2025-09-02 05:44:52,,LOW
9910,9910,2025-11-30 17:30:04,RETAIL_BANKING,IN_REVIEW,,2025-12-14,,,LOW
9911,9911,2025-12-01 07:58:35,PRIVATE_EQUITY_FEEDER,CLOSED,1,2025-12-15,2025-12-03 07:58:35,Adverse media and PEP screening threshold exceeded,LOW
9912,9912,2025-12-06 21:01:09,BUY_NOW_PAY_LATER,OPEN,,2025-12-20,,,LOW
9913,9913,2026-04-01 21:03:56,PHILANTHROPY_ENDOWMENT_MANAGEMENT,CLOSED,1,2026-04-15,2026-04-04 21:03:56,,LOW
9914,9914,2025-10-05 17:59:02,PERSONAL_LOAN,CLOSED,4,2025-10-19,2025-10-09 17:59:02,,LOW
9915,9915,2026-01-12 00:42:03,CROSS_BORDER_REMITTANCE,CLOSED,4,2026-01-26,2026-01-17 00:42:03,,LOW
9916,9916,2026-05-08 01:13:05,AUTO_FINANCING,OPEN,4,2026-05-22,,,LOW
9917,9917,2025-09-22 02:38:00,CRYPTO_BROKERAGE,IN_REVIEW,2,2025-10-06,,,LOW
9918,9918,2026-05-30 20:36:03,BUY_NOW_PAY_LATER,CLOSED,5,2026-06-13,2026-06-05 20:36:03,,LOW
9919,9919,2026-06-21 07:40:43,BUY_NOW_PAY_LATER,CLOSED,2,2026-07-05,2026-06-25 07:40:43,Unverified or expired identity documents,HIGH
9920,9920,2025-09-12 18:34:08,TERM_LIFE_INSURANCE,CLOSED,2,2025-09-26,2025-09-15 18:34:08,,LOW
9921,9921,2026-08-02 06:24:46,TREASURY_MANAGEMENT,CLOSED,1,2026-08-16,2026-08-03 06:24:46,,LOW
9922,9922,2026-08-21 01:07:39,BUY_NOW_PAY_LATER,CLOSED,4,2026-09-04,2026-08-27 01:07:39,,LOW
9923,9923,2026-04-05 14:15:17,TERM_LIFE_INSURANCE,CLOSED,4,2026-04-19,2026-04-07 14:15:17,,LOW
9924,9924,2025-11-10 18:39:34,PAYROLL_SERVICES,CLOSED,2,2025-11-24,2025-11-11 18:39:34,,MEDIUM
9925,9925,2026-02-16 03:35:43,TRUSTEE_ADMINISTRATION,PENDING_DOCUMENTS,,2026-03-02,,,LOW
9926,9926,2026-05-20 09:13:17,MERCHANT_ACQUIRING,CLOSED,2,2026-06-03,2026-05-22 09:13:17,,LOW
9927,9927,2025-11-17 11:46:39,SYNDICATED_LOANS,CLOSED,3,2025-12-01,2025-11-21 11:46:39,High-risk sanctions/FATF jurisdiction,HIGH
9928,9928,2025-11-06 01:27:39,CREDIT_CARD_ISSUANCE,CLOSED,3,2025-11-20,2025-11-12 01:27:39,,LOW
9929,9929,2026-02-28 05:05:57,BUY_NOW_PAY_LATER,CLOSED,5,2026-03-14,2026-03-04 05:05:57,,LOW
9930,9930,2025-10-03 04:20:23,CROSS_BORDER_REMITTANCE,CLOSED,1,2025-10-17,2025-10-04 04:20:23,,MEDIUM
9931,9931,2026-04-20 19:08:37,HIGH_YIELD_SAVINGS,CLOSED,2,2026-05-04,2026-04-25 19:08:37,,LOW
9932,9932,2026-08-25 10:35:18,AUTO_FINANCING,CLOSED,1,2026-09-08,2026-08-28 10:35:18,,LOW
9933,9933,2026-07-12 12:39:11,HIGH_YIELD_SAVINGS,CLOSED,4,2026-07-26,2026-07-17 12:39:11,,LOW
9934,9934,2025-10-05 02:30:08,PHILANTHROPY_ENDOWMENT_MANAGEMENT,CLOSED,4,2025-10-19,2025-10-09 02:30:08,,LOW
9935,9935,2026-02-17 01:48:54,RETAIL_EQUITY_BROKERAGE,CLOSED,3,2026-03-03,2026-02-22 01:48:54,,LOW
9936,9936,2026-01-07 19:42:37,TRADE_FINANCE_CREDIT_INSURANCE,CLOSED,1,2026-01-21,2026-01-10 19:42:37,,MEDIUM
9937,9937,2026-02-19 11:53:15,PHILANTHROPY_ENDOWMENT_MANAGEMENT,CLOSED,5,2026-03-05,2026-02-25 11:53:15,,LOW
9938,9938,2025-10-31 21:11:20,CORPORATE_ACCOUNT,CLOSED,4,2025-11-14,2025-11-01 21:11:20,Unverified or expired identity documents,LOW
9939,9939,2025-09-27 05:28:29,ESCROW_SERVICES,CLOSED,4,2025-10-11,2025-09-29 05:28:29,,LOW
9940,9940,2025-12-01 01:20:41,PERSONAL_LOAN,PENDING_DOCUMENTS,3,2025-12-15,,,LOW
9941,9941,2026-06-02 08:05:03,ASSET_PROTECTION_TRUSTS,CLOSED,4,2026-06-16,2026-06-06 08:05:03,Unverified or expired identity documents,HIGH
9942,9942,2026-04-22 04:40:38,CREDIT_CARD_ISSUANCE,CLOSED,3,2026-05-06,2026-04-25 04:40:38,,LOW
9943,9943,2026-03-25 20:34:47,POLITICAL_DONATION_PROCESSING,PENDING_DOCUMENTS,2,2026-04-08,,,MEDIUM
9944,9944,2026-02-03 09:42:48,AUTO_FINANCING,OPEN,,2026-02-17,,,LOW
9945,9945,2026-06-09 03:05:09,TERM_LIFE_INSURANCE,OPEN,5,2026-06-23,,,LOW
9946,9946,2026-06-22 14:17:46,BESPOKE_PORTFOLIO_MANAGEMENT,CLOSED,5,2026-07-06,2026-06-28 14:17:46,,LOW
9947,9947,2026-08-23 02:56:24,CORPORATE_CREDIT_CARD,IN_REVIEW,2,2026-09-06,,,HIGH
9948,9948,2026-08-03 04:17:53,CROSS_BORDER_REMITTANCE,CLOSED,4,2026-08-17,2026-08-05 04:17:53,,HIGH
9949,9949,2026-01-24 20:40:38,ESCROW_SERVICES,CLOSED,3,2026-02-07,2026-01-26 20:40:38,Unverified or expired identity documents,HIGH
9950,9950,2026-06-29 01:19:48,FX_HEDGING_SOLUTIONS,CLOSED,2,2026-07-13,2026-06-30 01:19:48,,LOW
9951,9951,2025-12-21 01:06:19,RETAIL_BANKING,CLOSED,1,2026-01-04,2025-12-25 01:06:19,,MEDIUM
9952,9952,2026-06-21 10:07:41,AUTO_FINANCING,CLOSED,4,2026-07-05,2026-06-23 10:07:41,,LOW
9953,9953,2026-01-07 13:26:05,ROBO_ADVISORY,IN_REVIEW,,2026-01-21,,,LOW
9954,9954,2026-02-21 08:17:41,HIGH_YIELD_SAVINGS,CLOSED,4,2026-03-07,2026-02-25 08:17:41,,MEDIUM
9955,9955,2026-07-02 20:40:46,SHORT_TERM_LIQUIDITY_MANAGEMENT,CLOSED,3,2026-07-16,2026-07-07 20:40:46,,LOW
9956,9956,2025-11-05 12:18:22,MORTGAGE_ORIGINATION,CLOSED,2,2025-11-19,2025-11-06 12:18:22,,LOW
9957,9957,2026-02-18 06:39:29,RETAIL_EQUITY_BROKERAGE,CLOSED,3,2026-03-04,2026-02-19 06:39:29,,LOW
9958,9958,2026-04-08 00:09:15,MORTGAGE_ORIGINATION,CLOSED,1,2026-04-22,2026-04-12 00:09:15,,LOW
9959,9959,2025-11-21 06:02:59,FX_HEDGING_SOLUTIONS,OPEN,5,2025-12-05,,,LOW
9960,9960,2025-12-10 02:32:55,BUY_NOW_PAY_LATER,CLOSED,4,2025-12-24,2025-12-13 02:32:55,Unverified or expired identity documents,LOW
9961,9961,2026-05-18 19:35:23,RETAIL_EQUITY_BROKERAGE,CLOSED,4,2026-06-01,2026-05-19 19:35:23,,LOW
9962,9962,2026-07-22 14:52:39,TREASURY_MANAGEMENT,CLOSED,2,2026-08-05,2026-07-25 14:52:39,,LOW
9963,9963,2026-06-15 10:47:48,PERSONAL_LOAN,CLOSED,3,2026-06-29,2026-06-18 10:47:48,,LOW
9964,9964,2026-01-01 19:43:19,PERSONAL_LOAN,CLOSED,3,2026-01-15,2026-01-02 19:43:19,Unverified or expired identity documents,HIGH
9965,9965,2026-04-02 16:35:54,AUTO_FINANCING,CLOSED,3,2026-04-16,2026-04-07 16:35:54,,LOW
9966,9966,2025-09-21 08:28:28,TERM_LIFE_INSURANCE,CLOSED,4,2025-10-05,2025-09-22 08:28:28,,LOW
9967,9967,2025-10-16 20:27:57,PERSONAL_LOAN,CLOSED,3,2025-10-30,2025-10-19 20:27:57,,LOW
9968,9968,2025-10-12 07:50:27,HIGH_YIELD_SAVINGS,CLOSED,2,2025-10-26,2025-10-13 07:50:27,,LOW
9969,9969,2026-08-02 23:48:18,TERM_LIFE_INSURANCE,CLOSED,3,2026-08-16,2026-08-06 23:48:18,,MEDIUM
9970,9970,2026-01-07 16:38:30,ROBO_ADVISORY,CLOSED,1,2026-01-21,2026-01-10 16:38:30,,MEDIUM
9971,9971,2026-01-16 18:26:52,RETAIL_BANKING,CLOSED,5,2026-01-30,2026-01-19 18:26:52,,LOW
9972,9972,2026-03-26 00:20:20,PAC_TREASURY_MANAGEMENT,IN_REVIEW,3,2026-04-09,,,MEDIUM
9973,9973,2025-12-07 15:23:46,HIGH_YIELD_SAVINGS,CLOSED,4,2025-12-21,2025-12-13 15:23:46,,LOW
9974,9974,2026-01-21 14:38:53,PERSONAL_LOAN,CLOSED,3,2026-02-04,2026-01-26 14:38:53,,LOW
9975,9975,2026-07-22 20:16:40,MORTGAGE_ORIGINATION,CLOSED,3,2026-08-05,2026-07-27 20:16:40,,LOW
9976,9976,2026-05-26 07:28:22,RETAIL_EQUITY_BROKERAGE,OPEN,,2026-06-09,,,LOW
9977,9977,2026-05-03 02:57:15,PAYROLL_SERVICES,CLOSED,4,2026-05-17,2026-05-05 02:57:15,,LOW
9978,9978,2026-03-16 16:38:03,BALLOT_INITIATIVE_ESCROW,CLOSED,1,2026-03-30,2026-03-21 16:38:03,Unverified or expired identity documents,LOW
9979,9979,2026-07-16 20:40:11,ESCROW_SERVICES,PENDING_DOCUMENTS,1,2026-07-30,,,LOW
9980,9980,2026-03-27 07:57:40,PAYROLL_SERVICES,CLOSED,1,2026-04-10,2026-04-01 07:57:40,,LOW
9981,9981,2026-06-26 12:09:04,ESCROW_SERVICES,CLOSED,3,2026-07-10,2026-07-02 12:09:04,,LOW
9982,9982,2025-09-08 21:15:03,TERM_LIFE_INSURANCE,CLOSED,2,2025-09-22,2025-09-09 21:15:03,,HIGH
9983,9983,2025-08-31 19:59:25,CROSS_BORDER_REMITTANCE,CLOSED,3,2025-09-14,2025-09-03 19:59:25,,LOW
9984,9984,2025-12-28 10:23:55,RETAIL_EQUITY_BROKERAGE,CLOSED,5,2026-01-11,2025-12-29 10:23:55,,LOW
9985,9985,2026-07-25 10:24:59,ROBO_ADVISORY,CLOSED,1,2026-08-08,2026-07-27 10:24:59,,LOW
9986,9986,2026-07-20 16:47:00,ESTATE_PLANNING_SERVICES,CLOSED,2,2026-08-03,2026-07-24 16:47:00,,LOW
9987,9987,2026-07-23 02:59:24,CRYPTO_BROKERAGE,OPEN,4,2026-08-06,,,MEDIUM
9988,9988,2026-04-11 09:22:45,ESCROW_SERVICES,OPEN,,2026-04-25,,,LOW
9989,9989,2026-04-28 11:55:21,AUTO_FINANCING,CLOSED,5,2026-05-12,2026-04-29 11:55:21,,LOW
9990,9990,2026-05-09 15:00:01,CREDIT_CARD_ISSUANCE,CLOSED,3,2026-05-23,2026-05-11 15:00:01,,LOW
9991,9991,2025-10-31 08:46:24,SYNDICATED_LOANS,CLOSED,3,2025-11-14,2025-11-05 08:46:24,Unverified or expired identity documents,HIGH
9992,9992,2026-05-13 21:32:20,PERSONAL_LOAN,CLOSED,2,2026-05-27,2026-05-16 21:32:20,,MEDIUM
9993,9993,2026-08-10 18:38:45,BUY_NOW_PAY_LATER,CLOSED,5,2026-08-24,2026-08-15 18:38:45,,LOW
9994,9994,2025-10-16 21:41:29,CROSS_BORDER_REMITTANCE,CLOSED,4,2025-10-30,2025-10-17 21:41:29,,MEDIUM
9995,9995,2026-08-21 03:11:00,AUTO_FINANCING,CLOSED,2,2026-09-04,2026-08-25 03:11:00,,MEDIUM
9996,9996,2026-07-22 23:38:37,FX_HEDGING_SOLUTIONS,CLOSED,1,2026-08-05,2026-07-25 23:38:37,,LOW
9997,9997,2025-09-03 13:54:09,HIGH_YIELD_SAVINGS,CLOSED,3,2025-09-17,2025-09-04 13:54:09,,LOW
9998,9998,2025-10-08 06:46:55,BUY_NOW_PAY_LATER,CLOSED,4,2025-10-22,2025-10-11 06:46:55,,LOW
9999,9999,2026-03-13 05:49:49,CREDIT_CARD_ISSUANCE,CLOSED,3,2026-03-27,2026-03-16 05:49:49,,LOW
10000,10000,2026-06-30 13:11:29,CORPORATE_CREDIT_CARD,CLOSED,4,2026-07-14,2026-07-02 13:11:29,,LOW
